source_record_id,observed_at,equipment_id,run_status,alarm_status,supply_air_temperature_c,return_air_temperature_c,supply_air_temperature_setpoint_c
src-ahu-0000-000,2026-01-15T08:00:00Z,ahu-a-f01-east,ON,NORMAL,13.96,24.65,14.00
src-ahu-0000-001,2026-01-15T08:00:00Z,ahu-a-f01-west,ON,NORMAL,14.09,24.83,14.00
src-ahu-0000-002,2026-01-15T08:00:00Z,ahu-a-f02-east,ON,NORMAL,14.19,25.12,14.00
src-ahu-0000-003,2026-01-15T08:00:00Z,ahu-a-f02-west,ON,NORMAL,14.12,25.30,14.00
src-ahu-0000-004,2026-01-15T08:00:00Z,ahu-a-f03-east,ON,NORMAL,14.18,25.66,14.00
src-ahu-0000-005,2026-01-15T08:00:00Z,ahu-a-f03-west,ON,NORMAL,14.30,25.64,14.00
src-ahu-0000-006,2026-01-15T08:00:00Z,ahu-a-f04-east,ON,NORMAL,14.24,26.01,14.00
src-ahu-0000-007,2026-01-15T08:00:00Z,ahu-a-f04-west,ON,NORMAL,14.22,25.93,14.00
src-ahu-0000-008,2026-01-15T08:00:00Z,ahu-b-f01-east,ON,NORMAL,14.40,25.31,14.00
src-ahu-0000-009,2026-01-15T08:00:00Z,ahu-b-f01-west,ON,NORMAL,14.46,25.33,14.00
src-ahu-0000-010,2026-01-15T08:00:00Z,ahu-b-f02-east,ON,NORMAL,14.38,25.38,14.00
src-ahu-0000-011,2026-01-15T08:00:00Z,ahu-b-f02-west,ON,NORMAL,14.34,25.25,14.00
src-ahu-0000-012,2026-01-15T08:00:00Z,ahu-b-f03-east,ON,NORMAL,14.31,25.34,14.00
src-ahu-0000-013,2026-01-15T08:00:00Z,ahu-b-f03-west,ON,NORMAL,14.33,25.10,14.00
src-ahu-0000-014,2026-01-15T08:00:00Z,ahu-b-f04-east,ON,NORMAL,14.26,25.12,14.00
src-ahu-0000-015,2026-01-15T08:00:00Z,ahu-b-f04-west,ON,NORMAL,14.27,24.91,14.00
src-ahu-0000-016,2026-01-15T08:00:00Z,ahu-c-f01-east,ON,NORMAL,14.10,24.64,14.00
src-ahu-0000-017,2026-01-15T08:00:00Z,ahu-c-f01-west,ON,NORMAL,14.05,24.34,14.00
src-ahu-0000-018,2026-01-15T08:00:00Z,ahu-c-f02-east,ON,NORMAL,14.01,24.40,14.00
src-ahu-0000-019,2026-01-15T08:00:00Z,ahu-c-f02-west,ON,NORMAL,13.87,24.36,14.00
src-ahu-0000-020,2026-01-15T08:00:00Z,ahu-c-f03-east,ON,NORMAL,13.88,24.48,14.00
src-ahu-0000-021,2026-01-15T08:00:00Z,ahu-c-f03-west,ON,NORMAL,13.87,24.43,14.00
src-ahu-0000-022,2026-01-15T08:00:00Z,ahu-c-f04-east,ON,NORMAL,13.92,24.55,14.00
src-ahu-0000-023,2026-01-15T08:00:00Z,ahu-c-f04-west,ON,NORMAL,13.81,24.68,14.00
src-ahu-0001-000,2026-01-15T08:01:00Z,ahu-a-f01-east,ON,NORMAL,14.12,24.66,14.00
src-ahu-0001-001,2026-01-15T08:01:00Z,ahu-a-f01-west,ON,NORMAL,14.08,24.77,14.00
src-ahu-0001-002,2026-01-15T08:01:00Z,ahu-a-f02-east,ON,NORMAL,14.15,25.19,14.00
src-ahu-0001-003,2026-01-15T08:01:00Z,ahu-a-f02-west,ON,NORMAL,14.31,25.29,14.00
src-ahu-0001-004,2026-01-15T08:01:00Z,ahu-a-f03-east,ON,NORMAL,14.30,25.63,14.00
src-ahu-0001-005,2026-01-15T08:01:00Z,ahu-a-f03-west,ON,NORMAL,14.34,25.72,14.00
src-ahu-0001-006,2026-01-15T08:01:00Z,ahu-a-f04-east,ON,NORMAL,14.30,25.98,14.00
src-ahu-0001-007,2026-01-15T08:01:00Z,ahu-a-f04-west,ON,NORMAL,14.40,26.07,14.00
src-ahu-0001-008,2026-01-15T08:01:00Z,ahu-b-f01-east,ON,NORMAL,14.39,25.36,14.00
src-ahu-0001-009,2026-01-15T08:01:00Z,ahu-b-f01-west,ON,NORMAL,14.43,25.28,14.00
src-ahu-0001-010,2026-01-15T08:01:00Z,ahu-b-f02-east,ON,NORMAL,14.39,25.48,14.00
src-ahu-0001-011,2026-01-15T08:01:00Z,ahu-b-f02-west,ON,NORMAL,14.37,25.16,14.00
src-ahu-0001-012,2026-01-15T08:01:00Z,ahu-b-f03-east,ON,NORMAL,14.34,25.18,14.00
src-ahu-0001-013,2026-01-15T08:01:00Z,ahu-b-f03-west,ON,NORMAL,14.21,25.08,14.00
src-ahu-0001-014,2026-01-15T08:01:00Z,ahu-b-f04-east,ON,NORMAL,14.25,25.05,14.00
src-ahu-0001-015,2026-01-15T08:01:00Z,ahu-b-f04-west,ON,NORMAL,14.06,24.87,14.00
src-ahu-0001-016,2026-01-15T08:01:00Z,ahu-c-f01-east,ON,NORMAL,14.18,24.49,14.00
src-ahu-0001-017,2026-01-15T08:01:00Z,ahu-c-f01-west,ON,NORMAL,14.14,24.30,14.00
src-ahu-0001-018,2026-01-15T08:01:00Z,ahu-c-f02-east,ON,NORMAL,14.09,24.41,14.00
src-ahu-0001-019,2026-01-15T08:01:00Z,ahu-c-f02-west,ON,NORMAL,13.90,24.33,14.00
src-ahu-0001-020,2026-01-15T08:01:00Z,ahu-c-f03-east,ON,NORMAL,13.81,24.51,14.00
src-ahu-0001-021,2026-01-15T08:01:00Z,ahu-c-f03-west,ON,NORMAL,13.74,24.40,14.00
src-ahu-0001-022,2026-01-15T08:01:00Z,ahu-c-f04-east,ON,NORMAL,13.68,24.60,14.00
src-ahu-0001-023,2026-01-15T08:01:00Z,ahu-c-f04-west,ON,NORMAL,13.64,24.61,14.00
src-ahu-0002-000,2026-01-15T08:02:00Z,ahu-a-f01-east,ON,NORMAL,13.95,24.67,14.00
src-ahu-0002-001,2026-01-15T08:02:00Z,ahu-a-f01-west,ON,NORMAL,14.05,24.86,14.00
src-ahu-0002-002,2026-01-15T08:02:00Z,ahu-a-f02-east,ON,NORMAL,14.27,25.26,14.00
src-ahu-0002-003,2026-01-15T08:02:00Z,ahu-a-f02-west,ON,NORMAL,14.16,25.35,14.00
src-ahu-0002-004,2026-01-15T08:02:00Z,ahu-a-f03-east,ON,NORMAL,14.15,25.67,14.00
src-ahu-0002-005,2026-01-15T08:02:00Z,ahu-a-f03-west,ON,NORMAL,14.35,25.77,14.00
src-ahu-0002-006,2026-01-15T08:02:00Z,ahu-a-f04-east,ON,NORMAL,14.23,25.96,14.00
src-ahu-0002-007,2026-01-15T08:02:00Z,ahu-a-f04-west,ON,NORMAL,14.33,25.99,14.00
src-ahu-0002-008,2026-01-15T08:02:00Z,ahu-b-f01-east,ON,NORMAL,14.36,25.36,14.00
src-ahu-0002-009,2026-01-15T08:02:00Z,ahu-b-f01-west,ON,NORMAL,14.26,25.27,14.00
src-ahu-0002-010,2026-01-15T08:02:00Z,ahu-b-f02-east,ON,NORMAL,14.32,25.38,14.00
src-ahu-0002-011,2026-01-15T08:02:00Z,ahu-b-f02-west,ON,NORMAL,14.40,25.30,14.00
src-ahu-0002-012,2026-01-15T08:02:00Z,ahu-b-f03-east,ON,NORMAL,14.31,25.22,14.00
src-ahu-0002-013,2026-01-15T08:02:00Z,ahu-b-f03-west,ON,NORMAL,14.29,25.02,14.00
src-ahu-0002-014,2026-01-15T08:02:00Z,ahu-b-f04-east,ON,NORMAL,14.20,25.08,14.00
src-ahu-0002-015,2026-01-15T08:02:00Z,ahu-b-f04-west,ON,NORMAL,14.20,24.87,14.00
src-ahu-0002-016,2026-01-15T08:02:00Z,ahu-c-f01-east,ON,NORMAL,14.12,24.49,14.00
src-ahu-0002-017,2026-01-15T08:02:00Z,ahu-c-f01-west,ON,NORMAL,14.06,24.23,14.00
src-ahu-0002-018,2026-01-15T08:02:00Z,ahu-c-f02-east,ON,NORMAL,14.08,24.46,14.00
src-ahu-0002-019,2026-01-15T08:02:00Z,ahu-c-f02-west,ON,NORMAL,13.80,24.29,14.00
src-ahu-0002-020,2026-01-15T08:02:00Z,ahu-c-f03-east,ON,NORMAL,13.83,24.37,14.00
src-ahu-0002-021,2026-01-15T08:02:00Z,ahu-c-f03-west,ON,NORMAL,13.88,24.31,14.00
src-ahu-0002-022,2026-01-15T08:02:00Z,ahu-c-f04-east,ON,NORMAL,13.88,24.60,14.00
src-ahu-0002-023,2026-01-15T08:02:00Z,ahu-c-f04-west,ON,NORMAL,13.71,24.63,14.00
src-ahu-0003-000,2026-01-15T08:03:00Z,ahu-a-f01-east,ON,NORMAL,14.08,24.69,14.00
src-ahu-0003-001,2026-01-15T08:03:00Z,ahu-a-f01-west,ON,NORMAL,14.16,24.98,14.00
src-ahu-0003-002,2026-01-15T08:03:00Z,ahu-a-f02-east,ON,NORMAL,14.08,25.22,14.00
src-ahu-0003-003,2026-01-15T08:03:00Z,ahu-a-f02-west,ON,NORMAL,14.31,25.45,14.00
src-ahu-0003-004,2026-01-15T08:03:00Z,ahu-a-f03-east,ON,NORMAL,14.17,25.65,14.00
src-ahu-0003-005,2026-01-15T08:03:00Z,ahu-a-f03-west,ON,NORMAL,14.19,25.70,14.00
src-ahu-0003-006,2026-01-15T08:03:00Z,ahu-a-f04-east,ON,NORMAL,14.33,25.91,14.00
src-ahu-0003-007,2026-01-15T08:03:00Z,ahu-a-f04-west,ON,NORMAL,14.37,25.97,14.00
src-ahu-0003-008,2026-01-15T08:03:00Z,ahu-b-f01-east,ON,NORMAL,14.41,25.34,14.00
src-ahu-0003-009,2026-01-15T08:03:00Z,ahu-b-f01-west,ON,NORMAL,14.34,25.23,14.00
src-ahu-0003-010,2026-01-15T08:03:00Z,ahu-b-f02-east,ON,NORMAL,14.25,25.23,14.00
src-ahu-0003-011,2026-01-15T08:03:00Z,ahu-b-f02-west,ON,NORMAL,14.33,25.15,14.00
src-ahu-0003-012,2026-01-15T08:03:00Z,ahu-b-f03-east,ON,NORMAL,14.33,25.14,14.00
src-ahu-0003-013,2026-01-15T08:03:00Z,ahu-b-f03-west,ON,NORMAL,14.13,24.97,14.00
src-ahu-0003-014,2026-01-15T08:03:00Z,ahu-b-f04-east,ON,NORMAL,14.15,24.96,14.00
src-ahu-0003-015,2026-01-15T08:03:00Z,ahu-b-f04-west,ON,NORMAL,14.11,24.77,14.00
src-ahu-0003-016,2026-01-15T08:03:00Z,ahu-c-f01-east,ON,NORMAL,14.14,24.44,14.00
src-ahu-0003-017,2026-01-15T08:03:00Z,ahu-c-f01-west,ON,NORMAL,13.91,24.33,14.00
src-ahu-0003-018,2026-01-15T08:03:00Z,ahu-c-f02-east,ON,NORMAL,13.87,24.43,14.00
src-ahu-0003-019,2026-01-15T08:03:00Z,ahu-c-f02-west,ON,NORMAL,13.80,24.21,14.00
src-ahu-0003-020,2026-01-15T08:03:00Z,ahu-c-f03-east,ON,NORMAL,13.95,24.37,14.00
src-ahu-0003-021,2026-01-15T08:03:00Z,ahu-c-f03-west,ON,NORMAL,13.70,24.42,14.00
src-ahu-0003-022,2026-01-15T08:03:00Z,ahu-c-f04-east,ON,NORMAL,13.63,24.60,14.00
src-ahu-0003-023,2026-01-15T08:03:00Z,ahu-c-f04-west,ON,NORMAL,13.66,24.77,14.00
src-ahu-0004-000,2026-01-15T08:04:00Z,ahu-a-f01-east,ON,NORMAL,14.18,24.68,14.00
src-ahu-0004-001,2026-01-15T08:04:00Z,ahu-a-f01-west,ON,NORMAL,14.27,24.91,14.00
src-ahu-0004-002,2026-01-15T08:04:00Z,ahu-a-f02-east,ON,NORMAL,14.20,25.21,14.00
src-ahu-0004-003,2026-01-15T08:04:00Z,ahu-a-f02-west,ON,NORMAL,14.19,25.38,14.00
src-ahu-0004-004,2026-01-15T08:04:00Z,ahu-a-f03-east,ON,NORMAL,14.35,25.64,14.00
src-ahu-0004-005,2026-01-15T08:04:00Z,ahu-a-f03-west,ON,NORMAL,14.30,25.71,14.00
src-ahu-0004-006,2026-01-15T08:04:00Z,ahu-a-f04-east,ON,NORMAL,14.22,25.97,14.00
src-ahu-0004-007,2026-01-15T08:04:00Z,ahu-a-f04-west,ON,NORMAL,14.39,25.99,14.00
src-ahu-0004-008,2026-01-15T08:04:00Z,ahu-b-f01-east,ON,NORMAL,14.33,25.33,14.00
src-ahu-0004-009,2026-01-15T08:04:00Z,ahu-b-f01-west,ON,NORMAL,14.43,25.27,14.00
src-ahu-0004-010,2026-01-15T08:04:00Z,ahu-b-f02-east,ON,NORMAL,14.36,25.34,14.00
src-ahu-0004-011,2026-01-15T08:04:00Z,ahu-b-f02-west,ON,NORMAL,14.31,25.11,14.00
src-ahu-0004-012,2026-01-15T08:04:00Z,ahu-b-f03-east,ON,NORMAL,14.14,25.27,14.00
src-ahu-0004-013,2026-01-15T08:04:00Z,ahu-b-f03-west,ON,NORMAL,14.17,25.04,14.00
src-ahu-0004-014,2026-01-15T08:04:00Z,ahu-b-f04-east,ON,NORMAL,14.21,25.01,14.00
src-ahu-0004-015,2026-01-15T08:04:00Z,ahu-b-f04-west,ON,NORMAL,14.02,24.73,14.00
src-ahu-0004-016,2026-01-15T08:04:00Z,ahu-c-f01-east,ON,NORMAL,14.10,24.43,14.00
src-ahu-0004-017,2026-01-15T08:04:00Z,ahu-c-f01-west,ON,NORMAL,14.04,24.30,14.00
src-ahu-0004-018,2026-01-15T08:04:00Z,ahu-c-f02-east,ON,NORMAL,13.96,24.35,14.00
src-ahu-0004-019,2026-01-15T08:04:00Z,ahu-c-f02-west,ON,NORMAL,13.93,24.21,14.00
src-ahu-0004-020,2026-01-15T08:04:00Z,ahu-c-f03-east,ON,NORMAL,13.84,24.43,14.00
src-ahu-0004-021,2026-01-15T08:04:00Z,ahu-c-f03-west,ON,NORMAL,13.82,24.46,14.00
src-ahu-0004-022,2026-01-15T08:04:00Z,ahu-c-f04-east,ON,NORMAL,13.81,24.59,14.00
src-ahu-0004-023,2026-01-15T08:04:00Z,ahu-c-f04-west,ON,NORMAL,13.66,24.66,14.00
src-ahu-0005-000,2026-01-15T08:05:00Z,ahu-a-f01-east,ON,NORMAL,14.07,24.70,14.00
src-ahu-0005-001,2026-01-15T08:05:00Z,ahu-a-f01-west,ON,NORMAL,14.18,24.83,14.00
src-ahu-0005-002,2026-01-15T08:05:00Z,ahu-a-f02-east,ON,NORMAL,14.19,25.25,14.00
src-ahu-0005-003,2026-01-15T08:05:00Z,ahu-a-f02-west,ON,NORMAL,14.26,25.38,14.00
src-ahu-0005-004,2026-01-15T08:05:00Z,ahu-a-f03-east,ON,NORMAL,14.21,25.66,14.00
src-ahu-0005-005,2026-01-15T08:05:00Z,ahu-a-f03-west,ON,NORMAL,14.43,25.80,14.00
src-ahu-0005-006,2026-01-15T08:05:00Z,ahu-a-f04-east,ON,NORMAL,14.36,25.87,14.00
src-ahu-0005-007,2026-01-15T08:05:00Z,ahu-a-f04-west,ON,NORMAL,14.40,25.92,14.00
src-ahu-0005-008,2026-01-15T08:05:00Z,ahu-b-f01-east,ON,NORMAL,14.38,25.27,14.00
src-ahu-0005-009,2026-01-15T08:05:00Z,ahu-b-f01-west,ON,NORMAL,14.42,25.23,14.00
src-ahu-0005-010,2026-01-15T08:05:00Z,ahu-b-f02-east,ON,NORMAL,14.41,25.23,14.00
src-ahu-0005-011,2026-01-15T08:05:00Z,ahu-b-f02-west,ON,NORMAL,14.23,25.20,14.00
src-ahu-0005-012,2026-01-15T08:05:00Z,ahu-b-f03-east,ON,NORMAL,14.24,25.25,14.00
src-ahu-0005-013,2026-01-15T08:05:00Z,ahu-b-f03-west,ON,NORMAL,14.26,24.91,14.00
src-ahu-0005-014,2026-01-15T08:05:00Z,ahu-b-f04-east,ON,NORMAL,14.20,24.98,14.00
src-ahu-0005-015,2026-01-15T08:05:00Z,ahu-b-f04-west,ON,NORMAL,14.04,24.76,14.00
src-ahu-0005-016,2026-01-15T08:05:00Z,ahu-c-f01-east,ON,NORMAL,13.92,24.43,14.00
src-ahu-0005-017,2026-01-15T08:05:00Z,ahu-c-f01-west,ON,NORMAL,14.01,24.36,14.00
src-ahu-0005-018,2026-01-15T08:05:00Z,ahu-c-f02-east,ON,NORMAL,13.78,24.42,14.00
src-ahu-0005-019,2026-01-15T08:05:00Z,ahu-c-f02-west,ON,NORMAL,13.85,24.27,14.00
src-ahu-0005-020,2026-01-15T08:05:00Z,ahu-c-f03-east,ON,NORMAL,13.78,24.31,14.00
src-ahu-0005-021,2026-01-15T08:05:00Z,ahu-c-f03-west,ON,NORMAL,13.70,24.42,14.00
src-ahu-0005-022,2026-01-15T08:05:00Z,ahu-c-f04-east,ON,NORMAL,13.70,24.61,14.00
src-ahu-0005-023,2026-01-15T08:05:00Z,ahu-c-f04-west,ON,NORMAL,13.75,24.73,14.00
src-ahu-0006-000,2026-01-15T08:06:00Z,ahu-a-f01-east,ON,NORMAL,14.20,24.80,14.00
src-ahu-0006-001,2026-01-15T08:06:00Z,ahu-a-f01-west,ON,NORMAL,14.18,25.01,14.00
src-ahu-0006-002,2026-01-15T08:06:00Z,ahu-a-f02-east,ON,NORMAL,14.20,25.23,14.00
src-ahu-0006-003,2026-01-15T08:06:00Z,ahu-a-f02-west,ON,NORMAL,14.30,25.38,14.00
src-ahu-0006-004,2026-01-15T08:06:00Z,ahu-a-f03-east,ON,NORMAL,14.27,25.68,14.00
src-ahu-0006-005,2026-01-15T08:06:00Z,ahu-a-f03-west,ON,NORMAL,14.26,25.83,14.00
src-ahu-0006-006,2026-01-15T08:06:00Z,ahu-a-f04-east,ON,NORMAL,14.31,25.95,14.00
src-ahu-0006-007,2026-01-15T08:06:00Z,ahu-a-f04-west,ON,NORMAL,14.40,25.95,14.00
src-ahu-0006-008,2026-01-15T08:06:00Z,ahu-b-f01-east,ON,NORMAL,14.40,25.30,14.00
src-ahu-0006-009,2026-01-15T08:06:00Z,ahu-b-f01-west,ON,NORMAL,14.43,25.26,14.00
src-ahu-0006-010,2026-01-15T08:06:00Z,ahu-b-f02-east,ON,NORMAL,14.38,25.25,14.00
src-ahu-0006-011,2026-01-15T08:06:00Z,ahu-b-f02-west,ON,NORMAL,14.28,25.11,14.00
src-ahu-0006-012,2026-01-15T08:06:00Z,ahu-b-f03-east,ON,NORMAL,14.33,25.08,14.00
src-ahu-0006-013,2026-01-15T08:06:00Z,ahu-b-f03-west,ON,NORMAL,14.06,24.84,14.00
src-ahu-0006-014,2026-01-15T08:06:00Z,ahu-b-f04-east,ON,NORMAL,13.99,24.90,14.00
src-ahu-0006-015,2026-01-15T08:06:00Z,ahu-b-f04-west,ON,NORMAL,14.08,24.69,14.00
src-ahu-0006-016,2026-01-15T08:06:00Z,ahu-c-f01-east,ON,NORMAL,13.96,24.38,14.00
src-ahu-0006-017,2026-01-15T08:06:00Z,ahu-c-f01-west,ON,NORMAL,13.81,24.22,14.00
src-ahu-0006-018,2026-01-15T08:06:00Z,ahu-c-f02-east,ON,NORMAL,13.93,24.27,14.00
src-ahu-0006-019,2026-01-15T08:06:00Z,ahu-c-f02-west,ON,NORMAL,13.91,24.30,14.00
src-ahu-0006-020,2026-01-15T08:06:00Z,ahu-c-f03-east,ON,NORMAL,13.79,24.38,14.00
src-ahu-0006-021,2026-01-15T08:06:00Z,ahu-c-f03-west,ON,NORMAL,13.74,24.47,14.00
src-ahu-0006-022,2026-01-15T08:06:00Z,ahu-c-f04-east,ON,NORMAL,13.79,24.66,14.00
src-ahu-0006-023,2026-01-15T08:06:00Z,ahu-c-f04-west,ON,NORMAL,13.65,24.70,14.00
src-ahu-0007-000,2026-01-15T08:07:00Z,ahu-a-f01-east,ON,NORMAL,14.25,24.73,14.00
src-ahu-0007-001,2026-01-15T08:07:00Z,ahu-a-f01-west,ON,NORMAL,14.20,24.92,14.00
src-ahu-0007-002,2026-01-15T08:07:00Z,ahu-a-f02-east,ON,NORMAL,14.20,25.33,14.00
src-ahu-0007-003,2026-01-15T08:07:00Z,ahu-a-f02-west,ON,NORMAL,14.32,25.42,14.00
src-ahu-0007-004,2026-01-15T08:07:00Z,ahu-a-f03-east,ON,NORMAL,14.39,25.70,14.00
src-ahu-0007-005,2026-01-15T08:07:00Z,ahu-a-f03-west,ON,NORMAL,14.33,25.74,14.00
src-ahu-0007-006,2026-01-15T08:07:00Z,ahu-a-f04-east,ON,NORMAL,14.47,25.96,14.00
src-ahu-0007-007,2026-01-15T08:07:00Z,ahu-a-f04-west,ON,NORMAL,14.29,25.98,14.00
src-ahu-0007-008,2026-01-15T08:07:00Z,ahu-b-f01-east,ON,NORMAL,14.29,25.21,14.00
src-ahu-0007-009,2026-01-15T08:07:00Z,ahu-b-f01-west,ON,NORMAL,14.38,25.20,14.00
src-ahu-0007-010,2026-01-15T08:07:00Z,ahu-b-f02-east,ON,NORMAL,14.28,25.33,14.00
src-ahu-0007-011,2026-01-15T08:07:00Z,ahu-b-f02-west,ON,NORMAL,14.20,25.03,14.00
src-ahu-0007-012,2026-01-15T08:07:00Z,ahu-b-f03-east,ON,NORMAL,14.13,25.08,14.00
src-ahu-0007-013,2026-01-15T08:07:00Z,ahu-b-f03-west,ON,NORMAL,14.04,24.95,14.00
src-ahu-0007-014,2026-01-15T08:07:00Z,ahu-b-f04-east,ON,NORMAL,13.99,24.92,14.00
src-ahu-0007-015,2026-01-15T08:07:00Z,ahu-b-f04-west,ON,NORMAL,14.02,24.61,14.00
src-ahu-0007-016,2026-01-15T08:07:00Z,ahu-c-f01-east,ON,NORMAL,14.00,24.39,14.00
src-ahu-0007-017,2026-01-15T08:07:00Z,ahu-c-f01-west,ON,NORMAL,13.99,24.24,14.00
src-ahu-0007-018,2026-01-15T08:07:00Z,ahu-c-f02-east,ON,NORMAL,13.92,24.32,14.00
src-ahu-0007-019,2026-01-15T08:07:00Z,ahu-c-f02-west,ON,NORMAL,13.68,24.23,14.00
src-ahu-0007-020,2026-01-15T08:07:00Z,ahu-c-f03-east,ON,NORMAL,13.80,24.33,14.00
src-ahu-0007-021,2026-01-15T08:07:00Z,ahu-c-f03-west,ON,NORMAL,13.63,24.43,14.00
src-ahu-0007-022,2026-01-15T08:07:00Z,ahu-c-f04-east,ON,NORMAL,13.78,24.69,14.00
src-ahu-0007-023,2026-01-15T08:07:00Z,ahu-c-f04-west,ON,NORMAL,13.74,24.66,14.00
src-ahu-0008-000,2026-01-15T08:08:00Z,ahu-a-f01-east,ON,NORMAL,14.09,24.89,14.00
src-ahu-0008-001,2026-01-15T08:08:00Z,ahu-a-f01-west,ON,NORMAL,14.30,24.99,14.00
src-ahu-0008-002,2026-01-15T08:08:00Z,ahu-a-f02-east,ON,NORMAL,14.23,25.44,14.00
src-ahu-0008-003,2026-01-15T08:08:00Z,ahu-a-f02-west,ON,NORMAL,14.28,25.51,14.00
src-ahu-0008-004,2026-01-15T08:08:00Z,ahu-a-f03-east,ON,NORMAL,14.32,25.73,14.00
src-ahu-0008-005,2026-01-15T08:08:00Z,ahu-a-f03-west,ON,NORMAL,14.34,25.83,14.00
src-ahu-0008-006,2026-01-15T08:08:00Z,ahu-a-f04-east,ON,NORMAL,14.37,25.91,14.00
src-ahu-0008-007,2026-01-15T08:08:00Z,ahu-a-f04-west,ON,NORMAL,14.43,25.92,14.00
src-ahu-0008-008,2026-01-15T08:08:00Z,ahu-b-f01-east,ON,NORMAL,14.37,25.38,14.00
src-ahu-0008-009,2026-01-15T08:08:00Z,ahu-b-f01-west,ON,NORMAL,14.27,25.15,14.00
src-ahu-0008-010,2026-01-15T08:08:00Z,ahu-b-f02-east,ON,NORMAL,14.31,25.26,14.00
src-ahu-0008-011,2026-01-15T08:08:00Z,ahu-b-f02-west,ON,NORMAL,14.24,24.95,14.00
src-ahu-0008-012,2026-01-15T08:08:00Z,ahu-b-f03-east,ON,NORMAL,14.06,25.05,14.00
src-ahu-0008-013,2026-01-15T08:08:00Z,ahu-b-f03-west,ON,NORMAL,14.20,24.88,14.00
src-ahu-0008-014,2026-01-15T08:08:00Z,ahu-b-f04-east,ON,NORMAL,13.97,24.82,14.00
src-ahu-0008-015,2026-01-15T08:08:00Z,ahu-b-f04-west,ON,NORMAL,13.96,24.66,14.00
src-ahu-0008-016,2026-01-15T08:08:00Z,ahu-c-f01-east,ON,NORMAL,13.98,24.34,14.00
src-ahu-0008-017,2026-01-15T08:08:00Z,ahu-c-f01-west,ON,NORMAL,13.97,24.25,14.00
src-ahu-0008-018,2026-01-15T08:08:00Z,ahu-c-f02-east,ON,NORMAL,13.92,24.26,14.00
src-ahu-0008-019,2026-01-15T08:08:00Z,ahu-c-f02-west,ON,NORMAL,13.66,24.20,14.00
src-ahu-0008-020,2026-01-15T08:08:00Z,ahu-c-f03-east,ON,NORMAL,13.81,24.30,14.00
src-ahu-0008-021,2026-01-15T08:08:00Z,ahu-c-f03-west,ON,NORMAL,13.68,24.40,14.00
src-ahu-0008-022,2026-01-15T08:08:00Z,ahu-c-f04-east,ON,NORMAL,13.65,24.68,14.00
src-ahu-0008-023,2026-01-15T08:08:00Z,ahu-c-f04-west,ON,NORMAL,13.72,24.68,14.00
src-ahu-0009-000,2026-01-15T08:09:00Z,ahu-a-f01-east,ON,NORMAL,14.22,24.83,14.00
src-ahu-0009-001,2026-01-15T08:09:00Z,ahu-a-f01-west,ON,NORMAL,14.35,25.03,14.00
src-ahu-0009-002,2026-01-15T08:09:00Z,ahu-a-f02-east,ON,NORMAL,14.42,25.43,14.00
src-ahu-0009-003,2026-01-15T08:09:00Z,ahu-a-f02-west,ON,NORMAL,14.28,25.52,14.00
src-ahu-0009-004,2026-01-15T08:09:00Z,ahu-a-f03-east,ON,NORMAL,14.44,25.80,14.00
src-ahu-0009-005,2026-01-15T08:09:00Z,ahu-a-f03-west,ON,NORMAL,14.25,25.80,14.00
src-ahu-0009-006,2026-01-15T08:09:00Z,ahu-a-f04-east,ON,NORMAL,14.26,25.90,14.00
src-ahu-0009-007,2026-01-15T08:09:00Z,ahu-a-f04-west,ON,NORMAL,14.29,25.89,14.00
src-ahu-0009-008,2026-01-15T08:09:00Z,ahu-b-f01-east,ON,NORMAL,14.24,25.34,14.00
src-ahu-0009-009,2026-01-15T08:09:00Z,ahu-b-f01-west,ON,NORMAL,14.19,25.16,14.00
src-ahu-0009-010,2026-01-15T08:09:00Z,ahu-b-f02-east,ON,NORMAL,14.25,25.28,14.00
src-ahu-0009-011,2026-01-15T08:09:00Z,ahu-b-f02-west,ON,NORMAL,14.25,24.93,14.00
src-ahu-0009-012,2026-01-15T08:09:00Z,ahu-b-f03-east,ON,NORMAL,14.18,25.09,14.00
src-ahu-0009-013,2026-01-15T08:09:00Z,ahu-b-f03-west,ON,NORMAL,14.04,24.87,14.00
src-ahu-0009-014,2026-01-15T08:09:00Z,ahu-b-f04-east,ON,NORMAL,14.00,24.80,14.00
src-ahu-0009-015,2026-01-15T08:09:00Z,ahu-b-f04-west,ON,NORMAL,13.96,24.71,14.00
src-ahu-0009-016,2026-01-15T08:09:00Z,ahu-c-f01-east,ON,NORMAL,13.95,24.26,14.00
src-ahu-0009-017,2026-01-15T08:09:00Z,ahu-c-f01-west,ON,NORMAL,13.78,24.18,14.00
src-ahu-0009-018,2026-01-15T08:09:00Z,ahu-c-f02-east,ON,NORMAL,13.74,24.29,14.00
src-ahu-0009-019,2026-01-15T08:09:00Z,ahu-c-f02-west,ON,NORMAL,13.85,24.16,14.00
src-ahu-0009-020,2026-01-15T08:09:00Z,ahu-c-f03-east,ON,NORMAL,13.66,24.45,14.00
src-ahu-0009-021,2026-01-15T08:09:00Z,ahu-c-f03-west,ON,NORMAL,13.79,24.44,14.00
src-ahu-0009-022,2026-01-15T08:09:00Z,ahu-c-f04-east,ON,NORMAL,13.61,24.66,14.00
src-ahu-0009-023,2026-01-15T08:09:00Z,ahu-c-f04-west,ON,NORMAL,13.71,24.82,14.00
src-ahu-0010-000,2026-01-15T08:10:00Z,ahu-a-f01-east,ON,NORMAL,14.20,24.92,14.00
src-ahu-0010-001,2026-01-15T08:10:00Z,ahu-a-f01-west,ON,NORMAL,14.19,25.11,14.00
src-ahu-0010-002,2026-01-15T08:10:00Z,ahu-a-f02-east,ON,NORMAL,14.43,25.32,14.00
src-ahu-0010-003,2026-01-15T08:10:00Z,ahu-a-f02-west,ON,NORMAL,14.37,25.49,14.00
src-ahu-0010-004,2026-01-15T08:10:00Z,ahu-a-f03-east,ON,NORMAL,14.44,25.66,14.00
src-ahu-0010-005,2026-01-15T08:10:00Z,ahu-a-f03-west,ON,NORMAL,14.46,25.73,14.00
src-ahu-0010-006,2026-01-15T08:10:00Z,ahu-a-f04-east,ON,NORMAL,14.32,26.02,14.00
src-ahu-0010-007,2026-01-15T08:10:00Z,ahu-a-f04-west,ON,NORMAL,14.33,25.94,14.00
src-ahu-0010-008,2026-01-15T08:10:00Z,ahu-b-f01-east,ON,NORMAL,14.19,25.21,14.00
src-ahu-0010-009,2026-01-15T08:10:00Z,ahu-b-f01-west,ON,NORMAL,14.34,25.16,14.00
src-ahu-0010-010,2026-01-15T08:10:00Z,ahu-b-f02-east,ON,NORMAL,14.31,25.17,14.00
src-ahu-0010-011,2026-01-15T08:10:00Z,ahu-b-f02-west,ON,NORMAL,14.23,25.05,14.00
src-ahu-0010-012,2026-01-15T08:10:00Z,ahu-b-f03-east,ON,NORMAL,14.19,25.02,14.00
src-ahu-0010-013,2026-01-15T08:10:00Z,ahu-b-f03-west,ON,NORMAL,14.04,24.79,14.00
src-ahu-0010-014,2026-01-15T08:10:00Z,ahu-b-f04-east,ON,NORMAL,13.93,24.79,14.00
src-ahu-0010-015,2026-01-15T08:10:00Z,ahu-b-f04-west,ON,NORMAL,13.96,24.65,14.00
src-ahu-0010-016,2026-01-15T08:10:00Z,ahu-c-f01-east,ON,NORMAL,13.97,24.18,14.00
src-ahu-0010-017,2026-01-15T08:10:00Z,ahu-c-f01-west,ON,NORMAL,13.92,24.19,14.00
src-ahu-0010-018,2026-01-15T08:10:00Z,ahu-c-f02-east,ON,NORMAL,13.79,24.20,14.00
src-ahu-0010-019,2026-01-15T08:10:00Z,ahu-c-f02-west,ON,NORMAL,13.76,24.26,14.00
src-ahu-0010-020,2026-01-15T08:10:00Z,ahu-c-f03-east,ON,NORMAL,13.63,24.34,14.00
src-ahu-0010-021,2026-01-15T08:10:00Z,ahu-c-f03-west,ON,NORMAL,13.73,24.47,14.00
src-ahu-0010-022,2026-01-15T08:10:00Z,ahu-c-f04-east,ON,NORMAL,13.59,24.69,14.00
src-ahu-0010-023,2026-01-15T08:10:00Z,ahu-c-f04-west,ON,NORMAL,13.69,24.80,14.00
src-ahu-0011-000,2026-01-15T08:11:00Z,ahu-a-f01-east,ON,NORMAL,14.16,24.90,14.00
src-ahu-0011-001,2026-01-15T08:11:00Z,ahu-a-f01-west,ON,NORMAL,14.36,25.08,14.00
src-ahu-0011-002,2026-01-15T08:11:00Z,ahu-a-f02-east,ON,NORMAL,14.41,25.45,14.00
src-ahu-0011-003,2026-01-15T08:11:00Z,ahu-a-f02-west,ON,NORMAL,14.23,25.52,14.00
src-ahu-0011-004,2026-01-15T08:11:00Z,ahu-a-f03-east,ON,NORMAL,14.36,25.75,14.00
src-ahu-0011-005,2026-01-15T08:11:00Z,ahu-a-f03-west,ON,NORMAL,14.38,25.78,14.00
src-ahu-0011-006,2026-01-15T08:11:00Z,ahu-a-f04-east,ON,NORMAL,14.35,25.98,14.00
src-ahu-0011-007,2026-01-15T08:11:00Z,ahu-a-f04-west,ON,NORMAL,14.25,25.97,14.00
src-ahu-0011-008,2026-01-15T08:11:00Z,ahu-b-f01-east,ON,NORMAL,14.20,25.23,14.00
src-ahu-0011-009,2026-01-15T08:11:00Z,ahu-b-f01-west,ON,NORMAL,14.29,25.15,14.00
src-ahu-0011-010,2026-01-15T08:11:00Z,ahu-b-f02-east,ON,NORMAL,14.08,25.09,14.00
src-ahu-0011-011,2026-01-15T08:11:00Z,ahu-b-f02-west,ON,NORMAL,14.21,24.91,14.00
src-ahu-0011-012,2026-01-15T08:11:00Z,ahu-b-f03-east,ON,NORMAL,14.13,24.88,14.00
src-ahu-0011-013,2026-01-15T08:11:00Z,ahu-b-f03-west,ON,NORMAL,14.11,24.75,14.00
src-ahu-0011-014,2026-01-15T08:11:00Z,ahu-b-f04-east,ON,NORMAL,13.92,24.78,14.00
src-ahu-0011-015,2026-01-15T08:11:00Z,ahu-b-f04-west,ON,NORMAL,13.89,24.57,14.00
src-ahu-0011-016,2026-01-15T08:11:00Z,ahu-c-f01-east,ON,NORMAL,13.86,24.34,14.00
src-ahu-0011-017,2026-01-15T08:11:00Z,ahu-c-f01-west,ON,NORMAL,13.79,24.11,14.00
src-ahu-0011-018,2026-01-15T08:11:00Z,ahu-c-f02-east,ON,NORMAL,13.75,24.20,14.00
src-ahu-0011-019,2026-01-15T08:11:00Z,ahu-c-f02-west,ON,NORMAL,13.73,24.23,14.00
src-ahu-0011-020,2026-01-15T08:11:00Z,ahu-c-f03-east,ON,NORMAL,13.73,24.36,14.00
src-ahu-0011-021,2026-01-15T08:11:00Z,ahu-c-f03-west,ON,NORMAL,13.76,24.48,14.00
src-ahu-0011-022,2026-01-15T08:11:00Z,ahu-c-f04-east,ON,NORMAL,13.70,24.69,14.00
src-ahu-0011-023,2026-01-15T08:11:00Z,ahu-c-f04-west,ON,NORMAL,13.63,24.91,14.00
src-ahu-0012-000,2026-01-15T08:12:00Z,ahu-a-f01-east,ON,NORMAL,14.35,24.96,14.00
src-ahu-0012-001,2026-01-15T08:12:00Z,ahu-a-f01-west,ON,NORMAL,14.24,25.19,14.00
src-ahu-0012-002,2026-01-15T08:12:00Z,ahu-a-f02-east,ON,NORMAL,14.26,25.37,14.00
src-ahu-0012-003,2026-01-15T08:12:00Z,ahu-a-f02-west,ON,NORMAL,14.41,25.59,14.00
src-ahu-0012-004,2026-01-15T08:12:00Z,ahu-a-f03-east,ON,NORMAL,14.38,25.84,14.00
src-ahu-0012-005,2026-01-15T08:12:00Z,ahu-a-f03-west,ON,NORMAL,14.40,25.73,14.00
src-ahu-0012-006,2026-01-15T08:12:00Z,ahu-a-f04-east,ON,NORMAL,14.36,25.98,14.00
src-ahu-0012-007,2026-01-15T08:12:00Z,ahu-a-f04-west,ON,NORMAL,14.39,25.90,14.00
src-ahu-0012-008,2026-01-15T08:12:00Z,ahu-b-f01-east,ON,NORMAL,14.22,25.29,14.00
src-ahu-0012-009,2026-01-15T08:12:00Z,ahu-b-f01-west,ON,NORMAL,14.11,25.14,14.00
src-ahu-0012-010,2026-01-15T08:12:00Z,ahu-b-f02-east,ON,NORMAL,14.27,25.06,14.00
src-ahu-0012-011,2026-01-15T08:12:00Z,ahu-b-f02-west,ON,NORMAL,14.09,24.94,14.00
src-ahu-0012-012,2026-01-15T08:12:00Z,ahu-b-f03-east,ON,NORMAL,13.97,24.86,14.00
src-ahu-0012-013,2026-01-15T08:12:00Z,ahu-b-f03-west,ON,NORMAL,13.91,24.62,14.00
src-ahu-0012-014,2026-01-15T08:12:00Z,ahu-b-f04-east,ON,NORMAL,14.01,24.64,14.00
src-ahu-0012-015,2026-01-15T08:12:00Z,ahu-b-f04-west,ON,NORMAL,13.84,24.57,14.00
src-ahu-0012-016,2026-01-15T08:12:00Z,ahu-c-f01-east,ON,NORMAL,13.82,24.34,14.00
src-ahu-0012-017,2026-01-15T08:12:00Z,ahu-c-f01-west,ON,NORMAL,13.67,24.17,14.00
src-ahu-0012-018,2026-01-15T08:12:00Z,ahu-c-f02-east,ON,NORMAL,13.66,24.29,14.00
src-ahu-0012-019,2026-01-15T08:12:00Z,ahu-c-f02-west,ON,NORMAL,13.59,24.16,14.00
src-ahu-0012-020,2026-01-15T08:12:00Z,ahu-c-f03-east,ON,NORMAL,13.72,24.38,14.00
src-ahu-0012-021,2026-01-15T08:12:00Z,ahu-c-f03-west,ON,NORMAL,13.70,24.45,14.00
src-ahu-0012-022,2026-01-15T08:12:00Z,ahu-c-f04-east,ON,NORMAL,13.66,24.69,14.00
src-ahu-0012-023,2026-01-15T08:12:00Z,ahu-c-f04-west,ON,NORMAL,13.59,24.82,14.00
src-ahu-0013-000,2026-01-15T08:13:00Z,ahu-a-f01-east,ON,NORMAL,14.25,24.99,14.00
src-ahu-0013-001,2026-01-15T08:13:00Z,ahu-a-f01-west,ON,NORMAL,14.20,25.22,14.00
src-ahu-0013-002,2026-01-15T08:13:00Z,ahu-a-f02-east,ON,NORMAL,14.44,25.53,14.00
src-ahu-0013-003,2026-01-15T08:13:00Z,ahu-a-f02-west,ON,NORMAL,14.42,25.61,14.00
src-ahu-0013-004,2026-01-15T08:13:00Z,ahu-a-f03-east,ON,NORMAL,14.39,25.75,14.00
src-ahu-0013-005,2026-01-15T08:13:00Z,ahu-a-f03-west,ON,NORMAL,14.31,25.81,14.00
src-ahu-0013-006,2026-01-15T08:13:00Z,ahu-a-f04-east,ON,NORMAL,14.30,25.87,14.00
src-ahu-0013-007,2026-01-15T08:13:00Z,ahu-a-f04-west,ON,NORMAL,14.37,25.87,14.00
src-ahu-0013-008,2026-01-15T08:13:00Z,ahu-b-f01-east,ON,NORMAL,14.21,25.25,14.00
src-ahu-0013-009,2026-01-15T08:13:00Z,ahu-b-f01-west,ON,NORMAL,14.24,25.07,14.00
src-ahu-0013-010,2026-01-15T08:13:00Z,ahu-b-f02-east,ON,NORMAL,14.17,25.11,14.00
src-ahu-0013-011,2026-01-15T08:13:00Z,ahu-b-f02-west,ON,NORMAL,14.13,24.90,14.00
src-ahu-0013-012,2026-01-15T08:13:00Z,ahu-b-f03-east,ON,NORMAL,14.00,24.84,14.00
src-ahu-0013-013,2026-01-15T08:13:00Z,ahu-b-f03-west,ON,NORMAL,13.91,24.62,14.00
src-ahu-0013-014,2026-01-15T08:13:00Z,ahu-b-f04-east,ON,NORMAL,13.96,24.63,14.00
src-ahu-0013-015,2026-01-15T08:13:00Z,ahu-b-f04-west,ON,NORMAL,13.89,24.57,14.00
src-ahu-0013-016,2026-01-15T08:13:00Z,ahu-c-f01-east,ON,NORMAL,13.69,24.26,14.00
src-ahu-0013-017,2026-01-15T08:13:00Z,ahu-c-f01-west,ON,NORMAL,13.68,24.08,14.00
src-ahu-0013-018,2026-01-15T08:13:00Z,ahu-c-f02-east,ON,NORMAL,13.74,24.21,14.00
src-ahu-0013-019,2026-01-15T08:13:00Z,ahu-c-f02-west,ON,NORMAL,13.80,24.26,14.00
src-ahu-0013-020,2026-01-15T08:13:00Z,ahu-c-f03-east,ON,NORMAL,13.72,24.32,14.00
src-ahu-0013-021,2026-01-15T08:13:00Z,ahu-c-f03-west,ON,NORMAL,13.67,24.51,14.00
src-ahu-0013-022,2026-01-15T08:13:00Z,ahu-c-f04-east,ON,NORMAL,13.74,24.73,14.00
src-ahu-0013-023,2026-01-15T08:13:00Z,ahu-c-f04-west,ON,NORMAL,13.71,24.91,14.00
src-ahu-0014-000,2026-01-15T08:14:00Z,ahu-a-f01-east,ON,NORMAL,14.34,25.08,14.00
src-ahu-0014-001,2026-01-15T08:14:00Z,ahu-a-f01-west,ON,NORMAL,14.44,25.25,14.00
src-ahu-0014-002,2026-01-15T08:14:00Z,ahu-a-f02-east,ON,NORMAL,14.37,25.55,14.00
src-ahu-0014-003,2026-01-15T08:14:00Z,ahu-a-f02-west,ON,NORMAL,14.32,25.52,14.00
src-ahu-0014-004,2026-01-15T08:14:00Z,ahu-a-f03-east,ON,NORMAL,14.30,25.78,14.00
src-ahu-0014-005,2026-01-15T08:14:00Z,ahu-a-f03-west,ON,NORMAL,14.29,25.75,14.00
src-ahu-0014-006,2026-01-15T08:14:00Z,ahu-a-f04-east,ON,NORMAL,14.31,25.95,14.00
src-ahu-0014-007,2026-01-15T08:14:00Z,ahu-a-f04-west,ON,NORMAL,14.31,25.94,14.00
src-ahu-0014-008,2026-01-15T08:14:00Z,ahu-b-f01-east,ON,NORMAL,14.24,25.30,14.00
src-ahu-0014-009,2026-01-15T08:14:00Z,ahu-b-f01-west,ON,NORMAL,14.24,25.14,14.00
src-ahu-0014-010,2026-01-15T08:14:00Z,ahu-b-f02-east,ON,NORMAL,14.11,25.03,14.00
src-ahu-0014-011,2026-01-15T08:14:00Z,ahu-b-f02-west,ON,NORMAL,14.10,24.92,14.00
src-ahu-0014-012,2026-01-15T08:14:00Z,ahu-b-f03-east,ON,NORMAL,14.02,24.84,14.00
src-ahu-0014-013,2026-01-15T08:14:00Z,ahu-b-f03-west,ON,NORMAL,13.85,24.62,14.00
src-ahu-0014-014,2026-01-15T08:14:00Z,ahu-b-f04-east,ON,NORMAL,14.00,24.62,14.00
src-ahu-0014-015,2026-01-15T08:14:00Z,ahu-b-f04-west,ON,NORMAL,13.94,24.47,14.00
src-ahu-0014-016,2026-01-15T08:14:00Z,ahu-c-f01-east,ON,NORMAL,13.70,24.18,14.00
src-ahu-0014-017,2026-01-15T08:14:00Z,ahu-c-f01-west,ON,NORMAL,13.84,24.11,14.00
src-ahu-0014-018,2026-01-15T08:14:00Z,ahu-c-f02-east,ON,NORMAL,13.62,24.12,14.00
src-ahu-0014-019,2026-01-15T08:14:00Z,ahu-c-f02-west,ON,NORMAL,13.61,24.24,14.00
src-ahu-0014-020,2026-01-15T08:14:00Z,ahu-c-f03-east,ON,NORMAL,13.65,24.48,14.00
src-ahu-0014-021,2026-01-15T08:14:00Z,ahu-c-f03-west,ON,NORMAL,13.58,24.41,14.00
src-ahu-0014-022,2026-01-15T08:14:00Z,ahu-c-f04-east,ON,NORMAL,13.67,24.70,14.00
src-ahu-0014-023,2026-01-15T08:14:00Z,ahu-c-f04-west,ON,NORMAL,13.77,24.92,14.00
src-ahu-0015-000,2026-01-15T08:15:00Z,ahu-a-f01-east,ON,NORMAL,14.33,25.04,14.00
src-ahu-0015-001,2026-01-15T08:15:00Z,ahu-a-f01-west,ON,NORMAL,14.40,25.07,14.00
src-ahu-0015-002,2026-01-15T08:15:00Z,ahu-a-f02-east,ON,NORMAL,14.39,25.48,14.00
src-ahu-0015-003,2026-01-15T08:15:00Z,ahu-a-f02-west,ON,NORMAL,14.42,25.56,14.00
src-ahu-0015-004,2026-01-15T08:15:00Z,ahu-a-f03-east,ON,NORMAL,14.40,25.78,14.00
src-ahu-0015-005,2026-01-15T08:15:00Z,ahu-a-f03-west,ON,NORMAL,14.24,25.76,14.00
src-ahu-0015-006,2026-01-15T08:15:00Z,ahu-a-f04-east,ON,NORMAL,14.34,25.91,14.00
src-ahu-0015-007,2026-01-15T08:15:00Z,ahu-a-f04-west,ON,NORMAL,14.15,25.91,14.00
src-ahu-0015-008,2026-01-15T08:15:00Z,ahu-b-f01-east,ON,NORMAL,14.13,25.16,14.00
src-ahu-0015-009,2026-01-15T08:15:00Z,ahu-b-f01-west,ON,NORMAL,14.12,24.93,14.00
src-ahu-0015-010,2026-01-15T08:15:00Z,ahu-b-f02-east,ON,NORMAL,14.02,25.12,14.00
src-ahu-0015-011,2026-01-15T08:15:00Z,ahu-b-f02-west,ON,NORMAL,14.14,24.81,14.00
src-ahu-0015-012,2026-01-15T08:15:00Z,ahu-b-f03-east,ON,NORMAL,14.03,24.83,14.00
src-ahu-0015-013,2026-01-15T08:15:00Z,ahu-b-f03-west,ON,NORMAL,13.94,24.66,14.00
src-ahu-0015-014,2026-01-15T08:15:00Z,ahu-b-f04-east,ON,NORMAL,13.82,24.55,14.00
src-ahu-0015-015,2026-01-15T08:15:00Z,ahu-b-f04-west,ON,NORMAL,13.90,24.45,14.00
src-ahu-0015-016,2026-01-15T08:15:00Z,ahu-c-f01-east,ON,NORMAL,13.87,24.25,14.00
src-ahu-0015-017,2026-01-15T08:15:00Z,ahu-c-f01-west,ON,NORMAL,13.62,24.12,14.00
src-ahu-0015-018,2026-01-15T08:15:00Z,ahu-c-f02-east,ON,NORMAL,13.79,24.20,14.00
src-ahu-0015-019,2026-01-15T08:15:00Z,ahu-c-f02-west,ON,NORMAL,13.59,24.20,14.00
src-ahu-0015-020,2026-01-15T08:15:00Z,ahu-c-f03-east,ON,NORMAL,13.56,24.44,14.00
src-ahu-0015-021,2026-01-15T08:15:00Z,ahu-c-f03-west,ON,NORMAL,13.71,24.55,14.00
src-ahu-0015-022,2026-01-15T08:15:00Z,ahu-c-f04-east,ON,NORMAL,13.65,24.82,14.00
src-ahu-0015-023,2026-01-15T08:15:00Z,ahu-c-f04-west,ON,NORMAL,13.66,24.98,14.00
src-ahu-0016-000,2026-01-15T08:16:00Z,ahu-a-f01-east,ON,NORMAL,14.29,24.96,14.00
src-ahu-0016-001,2026-01-15T08:16:00Z,ahu-a-f01-west,ON,NORMAL,14.31,25.29,14.00
src-ahu-0016-002,2026-01-15T08:16:00Z,ahu-a-f02-east,ON,NORMAL,14.25,25.52,14.00
src-ahu-0016-003,2026-01-15T08:16:00Z,ahu-a-f02-west,ON,NORMAL,14.44,25.59,14.00
src-ahu-0016-004,2026-01-15T08:16:00Z,ahu-a-f03-east,ON,NORMAL,14.28,25.72,14.00
src-ahu-0016-005,2026-01-15T08:16:00Z,ahu-a-f03-west,ON,NORMAL,14.39,25.76,14.00
src-ahu-0016-006,2026-01-15T08:16:00Z,ahu-a-f04-east,ON,NORMAL,14.21,25.90,14.00
src-ahu-0016-007,2026-01-15T08:16:00Z,ahu-a-f04-west,ON,NORMAL,14.14,25.92,14.00
src-ahu-0016-008,2026-01-15T08:16:00Z,ahu-b-f01-east,ON,NORMAL,14.22,25.17,14.00
src-ahu-0016-009,2026-01-15T08:16:00Z,ahu-b-f01-west,ON,NORMAL,14.22,24.91,14.00
src-ahu-0016-010,2026-01-15T08:16:00Z,ahu-b-f02-east,ON,NORMAL,13.97,25.07,14.00
src-ahu-0016-011,2026-01-15T08:16:00Z,ahu-b-f02-west,ON,NORMAL,14.01,24.75,14.00
src-ahu-0016-012,2026-01-15T08:16:00Z,ahu-b-f03-east,ON,NORMAL,13.93,24.87,14.00
src-ahu-0016-013,2026-01-15T08:16:00Z,ahu-b-f03-west,ON,NORMAL,13.98,24.66,14.00
src-ahu-0016-014,2026-01-15T08:16:00Z,ahu-b-f04-east,ON,NORMAL,13.85,24.59,14.00
src-ahu-0016-015,2026-01-15T08:16:00Z,ahu-b-f04-west,ON,NORMAL,13.72,24.42,14.00
src-ahu-0016-016,2026-01-15T08:16:00Z,ahu-c-f01-east,ON,NORMAL,13.70,24.15,14.00
src-ahu-0016-017,2026-01-15T08:16:00Z,ahu-c-f01-west,ON,NORMAL,13.66,24.10,14.00
src-ahu-0016-018,2026-01-15T08:16:00Z,ahu-c-f02-east,ON,NORMAL,13.74,24.23,14.00
src-ahu-0016-019,2026-01-15T08:16:00Z,ahu-c-f02-west,ON,NORMAL,13.58,24.16,14.00
src-ahu-0016-020,2026-01-15T08:16:00Z,ahu-c-f03-east,ON,NORMAL,13.59,24.39,14.00
src-ahu-0016-021,2026-01-15T08:16:00Z,ahu-c-f03-west,ON,NORMAL,13.71,24.53,14.00
src-ahu-0016-022,2026-01-15T08:16:00Z,ahu-c-f04-east,ON,NORMAL,13.55,24.84,14.00
src-ahu-0016-023,2026-01-15T08:16:00Z,ahu-c-f04-west,ON,NORMAL,13.66,24.98,14.00
src-ahu-0017-000,2026-01-15T08:17:00Z,ahu-a-f01-east,ON,NORMAL,14.36,25.08,14.00
src-ahu-0017-001,2026-01-15T08:17:00Z,ahu-a-f01-west,ON,NORMAL,14.40,25.27,14.00
src-ahu-0017-002,2026-01-15T08:17:00Z,ahu-a-f02-east,ON,NORMAL,14.24,25.45,14.00
src-ahu-0017-003,2026-01-15T08:17:00Z,ahu-a-f02-west,ON,NORMAL,14.27,25.64,14.00
src-ahu-0017-004,2026-01-15T08:17:00Z,ahu-a-f03-east,ON,NORMAL,14.32,25.80,14.00
src-ahu-0017-005,2026-01-15T08:17:00Z,ahu-a-f03-west,ON,NORMAL,14.36,25.85,14.00
src-ahu-0017-006,2026-01-15T08:17:00Z,ahu-a-f04-east,ON,NORMAL,14.34,25.94,14.00
src-ahu-0017-007,2026-01-15T08:17:00Z,ahu-a-f04-west,ON,NORMAL,14.12,25.77,14.00
src-ahu-0017-008,2026-01-15T08:17:00Z,ahu-b-f01-east,ON,NORMAL,14.26,25.14,14.00
src-ahu-0017-009,2026-01-15T08:17:00Z,ahu-b-f01-west,ON,NORMAL,14.18,24.95,14.00
src-ahu-0017-010,2026-01-15T08:17:00Z,ahu-b-f02-east,ON,NORMAL,14.00,24.88,14.00
src-ahu-0017-011,2026-01-15T08:17:00Z,ahu-b-f02-west,ON,NORMAL,14.03,24.72,14.00
src-ahu-0017-012,2026-01-15T08:17:00Z,ahu-b-f03-east,ON,NORMAL,13.86,24.72,14.00
src-ahu-0017-013,2026-01-15T08:17:00Z,ahu-b-f03-west,ON,NORMAL,13.75,24.50,14.00
src-ahu-0017-014,2026-01-15T08:17:00Z,ahu-b-f04-east,ON,NORMAL,13.78,24.59,14.00
src-ahu-0017-015,2026-01-15T08:17:00Z,ahu-b-f04-west,ON,NORMAL,13.87,24.42,14.00
src-ahu-0017-016,2026-01-15T08:17:00Z,ahu-c-f01-east,ON,NORMAL,13.80,24.12,14.00
src-ahu-0017-017,2026-01-15T08:17:00Z,ahu-c-f01-west,ON,NORMAL,13.68,24.08,14.00
src-ahu-0017-018,2026-01-15T08:17:00Z,ahu-c-f02-east,ON,NORMAL,13.59,24.22,14.00
src-ahu-0017-019,2026-01-15T08:17:00Z,ahu-c-f02-west,ON,NORMAL,13.74,24.22,14.00
src-ahu-0017-020,2026-01-15T08:17:00Z,ahu-c-f03-east,ON,NORMAL,13.68,24.40,14.00
src-ahu-0017-021,2026-01-15T08:17:00Z,ahu-c-f03-west,ON,NORMAL,13.75,24.49,14.00
src-ahu-0017-022,2026-01-15T08:17:00Z,ahu-c-f04-east,ON,NORMAL,13.75,24.79,14.00
src-ahu-0017-023,2026-01-15T08:17:00Z,ahu-c-f04-west,ON,NORMAL,13.64,25.02,14.00
src-ahu-0018-000,2026-01-15T08:18:00Z,ahu-a-f01-east,ON,NORMAL,14.28,25.05,14.00
src-ahu-0018-001,2026-01-15T08:18:00Z,ahu-a-f01-west,ON,NORMAL,14.35,25.24,14.00
src-ahu-0018-002,2026-01-15T08:18:00Z,ahu-a-f02-east,ON,NORMAL,14.30,25.46,14.00
src-ahu-0018-003,2026-01-15T08:18:00Z,ahu-a-f02-west,ON,NORMAL,14.30,25.58,14.00
src-ahu-0018-004,2026-01-15T08:18:00Z,ahu-a-f03-east,ON,NORMAL,14.37,25.83,14.00
src-ahu-0018-005,2026-01-15T08:18:00Z,ahu-a-f03-west,ON,NORMAL,14.38,25.73,14.00
src-ahu-0018-006,2026-01-15T08:18:00Z,ahu-a-f04-east,ON,NORMAL,14.30,25.97,14.00
src-ahu-0018-007,2026-01-15T08:18:00Z,ahu-a-f04-west,ON,NORMAL,14.25,25.83,14.00
src-ahu-0018-008,2026-01-15T08:18:00Z,ahu-b-f01-east,ON,NORMAL,14.07,25.17,14.00
src-ahu-0018-009,2026-01-15T08:18:00Z,ahu-b-f01-west,ON,NORMAL,14.06,24.91,14.00
src-ahu-0018-010,2026-01-15T08:18:00Z,ahu-b-f02-east,ON,NORMAL,14.03,24.99,14.00
src-ahu-0018-011,2026-01-15T08:18:00Z,ahu-b-f02-west,ON,NORMAL,13.85,24.76,14.00
src-ahu-0018-012,2026-01-15T08:18:00Z,ahu-b-f03-east,ON,NORMAL,13.81,24.76,14.00
src-ahu-0018-013,2026-01-15T08:18:00Z,ahu-b-f03-west,ON,NORMAL,13.87,24.56,14.00
src-ahu-0018-014,2026-01-15T08:18:00Z,ahu-b-f04-east,ON,NORMAL,13.87,24.60,14.00
src-ahu-0018-015,2026-01-15T08:18:00Z,ahu-b-f04-west,ON,NORMAL,13.77,24.40,14.00
src-ahu-0018-016,2026-01-15T08:18:00Z,ahu-c-f01-east,ON,NORMAL,13.80,24.16,14.00
src-ahu-0018-017,2026-01-15T08:18:00Z,ahu-c-f01-west,ON,NORMAL,13.74,24.02,14.00
src-ahu-0018-018,2026-01-15T08:18:00Z,ahu-c-f02-east,ON,NORMAL,13.69,24.27,14.00
src-ahu-0018-019,2026-01-15T08:18:00Z,ahu-c-f02-west,ON,NORMAL,13.55,24.25,14.00
src-ahu-0018-020,2026-01-15T08:18:00Z,ahu-c-f03-east,ON,NORMAL,13.55,24.40,14.00
src-ahu-0018-021,2026-01-15T08:18:00Z,ahu-c-f03-west,ON,NORMAL,13.55,24.57,14.00
src-ahu-0018-022,2026-01-15T08:18:00Z,ahu-c-f04-east,ON,NORMAL,13.64,24.82,14.00
src-ahu-0018-023,2026-01-15T08:18:00Z,ahu-c-f04-west,ON,NORMAL,13.78,24.98,14.00
src-ahu-0019-000,2026-01-15T08:19:00Z,ahu-a-f01-east,ON,NORMAL,14.43,25.01,14.00
src-ahu-0019-001,2026-01-15T08:19:00Z,ahu-a-f01-west,ON,NORMAL,14.35,25.26,14.00
src-ahu-0019-002,2026-01-15T08:19:00Z,ahu-a-f02-east,ON,NORMAL,14.36,25.52,14.00
src-ahu-0019-003,2026-01-15T08:19:00Z,ahu-a-f02-west,ON,NORMAL,14.20,25.55,14.00
src-ahu-0019-004,2026-01-15T08:19:00Z,ahu-a-f03-east,ON,NORMAL,14.36,25.80,14.00
src-ahu-0019-005,2026-01-15T08:19:00Z,ahu-a-f03-west,ON,NORMAL,14.24,25.77,14.00
src-ahu-0019-006,2026-01-15T08:19:00Z,ahu-a-f04-east,ON,NORMAL,14.26,25.92,14.00
src-ahu-0019-007,2026-01-15T08:19:00Z,ahu-a-f04-west,ON,NORMAL,14.12,25.80,14.00
src-ahu-0019-008,2026-01-15T08:19:00Z,ahu-b-f01-east,ON,NORMAL,14.04,25.11,14.00
src-ahu-0019-009,2026-01-15T08:19:00Z,ahu-b-f01-west,ON,NORMAL,13.95,24.95,14.00
src-ahu-0019-010,2026-01-15T08:19:00Z,ahu-b-f02-east,ON,NORMAL,14.00,24.84,14.00
src-ahu-0019-011,2026-01-15T08:19:00Z,ahu-b-f02-west,ON,NORMAL,13.87,24.73,14.00
src-ahu-0019-012,2026-01-15T08:19:00Z,ahu-b-f03-east,ON,NORMAL,13.93,24.77,14.00
src-ahu-0019-013,2026-01-15T08:19:00Z,ahu-b-f03-west,ON,NORMAL,13.86,24.49,14.00
src-ahu-0019-014,2026-01-15T08:19:00Z,ahu-b-f04-east,ON,NORMAL,13.78,24.55,14.00
src-ahu-0019-015,2026-01-15T08:19:00Z,ahu-b-f04-west,ON,NORMAL,13.85,24.34,14.00
src-ahu-0019-016,2026-01-15T08:19:00Z,ahu-c-f01-east,ON,NORMAL,13.75,24.06,14.00
src-ahu-0019-017,2026-01-15T08:19:00Z,ahu-c-f01-west,ON,NORMAL,13.62,24.05,14.00
src-ahu-0019-018,2026-01-15T08:19:00Z,ahu-c-f02-east,ON,NORMAL,13.72,24.20,14.00
src-ahu-0019-019,2026-01-15T08:19:00Z,ahu-c-f02-west,ON,NORMAL,13.68,24.20,14.00
src-ahu-0019-020,2026-01-15T08:19:00Z,ahu-c-f03-east,ON,NORMAL,13.75,24.54,14.00
src-ahu-0019-021,2026-01-15T08:19:00Z,ahu-c-f03-west,ON,NORMAL,13.55,24.55,14.00
src-ahu-0019-022,2026-01-15T08:19:00Z,ahu-c-f04-east,ON,NORMAL,13.71,24.90,14.00
src-ahu-0019-023,2026-01-15T08:19:00Z,ahu-c-f04-west,ON,NORMAL,13.66,25.12,14.00
src-ahu-0020-000,2026-01-15T08:20:00Z,ahu-a-f01-east,ON,NORMAL,14.38,25.15,14.00
src-ahu-0020-001,2026-01-15T08:20:00Z,ahu-a-f01-west,ON,NORMAL,14.30,25.31,14.00
src-ahu-0020-002,2026-01-15T08:20:00Z,ahu-a-f02-east,ON,NORMAL,14.40,25.47,14.00
src-ahu-0020-003,2026-01-15T08:20:00Z,ahu-a-f02-west,ON,NORMAL,14.22,25.55,14.00
src-ahu-0020-004,2026-01-15T08:20:00Z,ahu-a-f03-east,ON,NORMAL,14.21,25.75,14.00
src-ahu-0020-005,2026-01-15T08:20:00Z,ahu-a-f03-west,ON,NORMAL,14.24,25.68,14.00
src-ahu-0020-006,2026-01-15T08:20:00Z,ahu-a-f04-east,ON,NORMAL,14.21,25.90,14.00
src-ahu-0020-007,2026-01-15T08:20:00Z,ahu-a-f04-west,ON,NORMAL,14.18,25.77,14.00
src-ahu-0020-008,2026-01-15T08:20:00Z,ahu-b-f01-east,ON,NORMAL,14.13,25.09,14.00
src-ahu-0020-009,2026-01-15T08:20:00Z,ahu-b-f01-west,ON,NORMAL,14.06,24.82,14.00
src-ahu-0020-010,2026-01-15T08:20:00Z,ahu-b-f02-east,ON,NORMAL,13.95,24.88,14.00
src-ahu-0020-011,2026-01-15T08:20:00Z,ahu-b-f02-west,ON,NORMAL,13.79,24.62,14.00
src-ahu-0020-012,2026-01-15T08:20:00Z,ahu-b-f03-east,ON,NORMAL,13.78,24.61,14.00
src-ahu-0020-013,2026-01-15T08:20:00Z,ahu-b-f03-west,ON,NORMAL,13.71,24.50,14.00
src-ahu-0020-014,2026-01-15T08:20:00Z,ahu-b-f04-east,ON,NORMAL,13.84,24.48,14.00
src-ahu-0020-015,2026-01-15T08:20:00Z,ahu-b-f04-west,ON,NORMAL,13.72,24.40,14.00
src-ahu-0020-016,2026-01-15T08:20:00Z,ahu-c-f01-east,ON,NORMAL,13.78,24.05,14.00
src-ahu-0020-017,2026-01-15T08:20:00Z,ahu-c-f01-west,ON,NORMAL,13.62,24.15,14.00
src-ahu-0020-018,2026-01-15T08:20:00Z,ahu-c-f02-east,ON,NORMAL,13.72,24.20,14.00
src-ahu-0020-019,2026-01-15T08:20:00Z,ahu-c-f02-west,ON,NORMAL,13.77,24.23,14.00
src-ahu-0020-020,2026-01-15T08:20:00Z,ahu-c-f03-east,ON,NORMAL,13.64,24.51,14.00
src-ahu-0020-021,2026-01-15T08:20:00Z,ahu-c-f03-west,ON,NORMAL,13.60,24.55,14.00
src-ahu-0020-022,2026-01-15T08:20:00Z,ahu-c-f04-east,ON,NORMAL,13.70,24.91,14.00
src-ahu-0020-023,2026-01-15T08:20:00Z,ahu-c-f04-west,ON,NORMAL,13.76,25.09,14.00
src-ahu-0021-000,2026-01-15T08:21:00Z,ahu-a-f01-east,ON,NORMAL,14.26,25.11,14.00
src-ahu-0021-001,2026-01-15T08:21:00Z,ahu-a-f01-west,ON,NORMAL,14.44,25.36,14.00
src-ahu-0021-002,2026-01-15T08:21:00Z,ahu-a-f02-east,ON,NORMAL,14.43,25.60,14.00
src-ahu-0021-003,2026-01-15T08:21:00Z,ahu-a-f02-west,ON,NORMAL,14.37,25.62,14.00
src-ahu-0021-004,2026-01-15T08:21:00Z,ahu-a-f03-east,ON,NORMAL,14.26,25.78,14.00
src-ahu-0021-005,2026-01-15T08:21:00Z,ahu-a-f03-west,ON,NORMAL,14.16,25.79,14.00
src-ahu-0021-006,2026-01-15T08:21:00Z,ahu-a-f04-east,ON,NORMAL,14.16,25.82,14.00
src-ahu-0021-007,2026-01-15T08:21:00Z,ahu-a-f04-west,ON,NORMAL,14.21,25.74,14.00
src-ahu-0021-008,2026-01-15T08:21:00Z,ahu-b-f01-east,ON,NORMAL,14.17,25.10,14.00
src-ahu-0021-009,2026-01-15T08:21:00Z,ahu-b-f01-west,ON,NORMAL,14.05,24.96,14.00
src-ahu-0021-010,2026-01-15T08:21:00Z,ahu-b-f02-east,ON,NORMAL,13.88,24.91,14.00
src-ahu-0021-011,2026-01-15T08:21:00Z,ahu-b-f02-west,ON,NORMAL,13.87,24.58,14.00
src-ahu-0021-012,2026-01-15T08:21:00Z,ahu-b-f03-east,ON,NORMAL,13.85,24.67,14.00
src-ahu-0021-013,2026-01-15T08:21:00Z,ahu-b-f03-west,ON,NORMAL,13.76,24.41,14.00
src-ahu-0021-014,2026-01-15T08:21:00Z,ahu-b-f04-east,ON,NORMAL,13.80,24.51,14.00
src-ahu-0021-015,2026-01-15T08:21:00Z,ahu-b-f04-west,ON,NORMAL,13.76,24.28,14.00
src-ahu-0021-016,2026-01-15T08:21:00Z,ahu-c-f01-east,ON,NORMAL,13.74,24.09,14.00
src-ahu-0021-017,2026-01-15T08:21:00Z,ahu-c-f01-west,ON,NORMAL,13.71,23.98,14.00
src-ahu-0021-018,2026-01-15T08:21:00Z,ahu-c-f02-east,ON,NORMAL,13.73,24.19,14.00
src-ahu-0021-019,2026-01-15T08:21:00Z,ahu-c-f02-west,ON,NORMAL,13.56,24.27,14.00
src-ahu-0021-020,2026-01-15T08:21:00Z,ahu-c-f03-east,ON,NORMAL,13.57,24.43,14.00
src-ahu-0021-021,2026-01-15T08:21:00Z,ahu-c-f03-west,ON,NORMAL,13.59,24.62,14.00
src-ahu-0021-022,2026-01-15T08:21:00Z,ahu-c-f04-east,ON,NORMAL,13.74,25.03,14.00
src-ahu-0021-023,2026-01-15T08:21:00Z,ahu-c-f04-west,ON,NORMAL,13.87,25.00,14.00
src-ahu-0022-000,2026-01-15T08:22:00Z,ahu-a-f01-east,ON,NORMAL,14.45,25.19,14.00
src-ahu-0022-001,2026-01-15T08:22:00Z,ahu-a-f01-west,ON,NORMAL,14.40,25.38,14.00
src-ahu-0022-002,2026-01-15T08:22:00Z,ahu-a-f02-east,ON,NORMAL,14.21,25.60,14.00
src-ahu-0022-003,2026-01-15T08:22:00Z,ahu-a-f02-west,ON,NORMAL,14.37,25.55,14.00
src-ahu-0022-004,2026-01-15T08:22:00Z,ahu-a-f03-east,ON,NORMAL,14.15,25.81,14.00
src-ahu-0022-005,2026-01-15T08:22:00Z,ahu-a-f03-west,ON,NORMAL,14.14,25.84,14.00
src-ahu-0022-006,2026-01-15T08:22:00Z,ahu-a-f04-east,ON,NORMAL,14.11,25.87,14.00
src-ahu-0022-007,2026-01-15T08:22:00Z,ahu-a-f04-west,ON,NORMAL,14.00,25.71,14.00
src-ahu-0022-008,2026-01-15T08:22:00Z,ahu-b-f01-east,ON,NORMAL,14.11,25.06,14.00
src-ahu-0022-009,2026-01-15T08:22:00Z,ahu-b-f01-west,ON,NORMAL,13.92,24.83,14.00
src-ahu-0022-010,2026-01-15T08:22:00Z,ahu-b-f02-east,ON,NORMAL,13.99,24.73,14.00
src-ahu-0022-011,2026-01-15T08:22:00Z,ahu-b-f02-west,ON,NORMAL,13.76,24.71,14.00
src-ahu-0022-012,2026-01-15T08:22:00Z,ahu-b-f03-east,ON,NORMAL,13.78,24.69,14.00
src-ahu-0022-013,2026-01-15T08:22:00Z,ahu-b-f03-west,ON,NORMAL,13.74,24.45,14.00
src-ahu-0022-014,2026-01-15T08:22:00Z,ahu-b-f04-east,ON,NORMAL,13.75,24.48,14.00
src-ahu-0022-015,2026-01-15T08:22:00Z,ahu-b-f04-west,ON,NORMAL,13.69,24.35,14.00
src-ahu-0022-016,2026-01-15T08:22:00Z,ahu-c-f01-east,ON,NORMAL,13.70,24.13,14.00
src-ahu-0022-017,2026-01-15T08:22:00Z,ahu-c-f01-west,ON,NORMAL,13.66,24.08,14.00
src-ahu-0022-018,2026-01-15T08:22:00Z,ahu-c-f02-east,ON,NORMAL,13.75,24.10,14.00
src-ahu-0022-019,2026-01-15T08:22:00Z,ahu-c-f02-west,ON,NORMAL,13.54,24.30,14.00
src-ahu-0022-020,2026-01-15T08:22:00Z,ahu-c-f03-east,ON,NORMAL,13.59,24.51,14.00
src-ahu-0022-021,2026-01-15T08:22:00Z,ahu-c-f03-west,ON,NORMAL,13.79,24.53,14.00
src-ahu-0022-022,2026-01-15T08:22:00Z,ahu-c-f04-east,ON,NORMAL,13.76,24.97,14.00
src-ahu-0022-023,2026-01-15T08:22:00Z,ahu-c-f04-west,ON,NORMAL,13.70,25.06,14.00
src-ahu-0023-000,2026-01-15T08:23:00Z,ahu-a-f01-east,ON,NORMAL,14.36,25.15,14.00
src-ahu-0023-001,2026-01-15T08:23:00Z,ahu-a-f01-west,ON,NORMAL,14.35,25.28,14.00
src-ahu-0023-002,2026-01-15T08:23:00Z,ahu-a-f02-east,ON,NORMAL,14.39,25.64,14.00
src-ahu-0023-003,2026-01-15T08:23:00Z,ahu-a-f02-west,ON,NORMAL,14.25,25.54,14.00
src-ahu-0023-004,2026-01-15T08:23:00Z,ahu-a-f03-east,ON,NORMAL,14.31,25.77,14.00
src-ahu-0023-005,2026-01-15T08:23:00Z,ahu-a-f03-west,ON,NORMAL,14.10,25.68,14.00
src-ahu-0023-006,2026-01-15T08:23:00Z,ahu-a-f04-east,ON,NORMAL,14.12,25.73,14.00
src-ahu-0023-007,2026-01-15T08:23:00Z,ahu-a-f04-west,ON,NORMAL,14.09,25.67,14.00
src-ahu-0023-008,2026-01-15T08:23:00Z,ahu-b-f01-east,ON,NORMAL,13.97,24.93,14.00
src-ahu-0023-009,2026-01-15T08:23:00Z,ahu-b-f01-west,ON,NORMAL,13.89,24.76,14.00
src-ahu-0023-010,2026-01-15T08:23:00Z,ahu-b-f02-east,ON,NORMAL,13.83,24.80,14.00
src-ahu-0023-011,2026-01-15T08:23:00Z,ahu-b-f02-west,ON,NORMAL,13.83,24.57,14.00
src-ahu-0023-012,2026-01-15T08:23:00Z,ahu-b-f03-east,ON,NORMAL,13.72,24.62,14.00
src-ahu-0023-013,2026-01-15T08:23:00Z,ahu-b-f03-west,ON,NORMAL,13.68,24.47,14.00
src-ahu-0023-014,2026-01-15T08:23:00Z,ahu-b-f04-east,ON,NORMAL,13.76,24.36,14.00
src-ahu-0023-015,2026-01-15T08:23:00Z,ahu-b-f04-west,ON,NORMAL,13.60,24.28,14.00
src-ahu-0023-016,2026-01-15T08:23:00Z,ahu-c-f01-east,ON,NORMAL,13.57,24.16,14.00
src-ahu-0023-017,2026-01-15T08:23:00Z,ahu-c-f01-west,ON,NORMAL,13.56,24.05,14.00
src-ahu-0023-018,2026-01-15T08:23:00Z,ahu-c-f02-east,ON,NORMAL,13.68,24.23,14.00
src-ahu-0023-019,2026-01-15T08:23:00Z,ahu-c-f02-west,ON,NORMAL,13.55,24.29,14.00
src-ahu-0023-020,2026-01-15T08:23:00Z,ahu-c-f03-east,ON,NORMAL,13.70,24.55,14.00
src-ahu-0023-021,2026-01-15T08:23:00Z,ahu-c-f03-west,ON,NORMAL,13.65,24.68,14.00
src-ahu-0023-022,2026-01-15T08:23:00Z,ahu-c-f04-east,ON,NORMAL,13.77,25.04,14.00
src-ahu-0023-023,2026-01-15T08:23:00Z,ahu-c-f04-west,ON,NORMAL,13.92,25.15,14.00
src-ahu-0024-000,2026-01-15T08:24:00Z,ahu-a-f01-east,ON,NORMAL,14.40,25.22,14.00
src-ahu-0024-001,2026-01-15T08:24:00Z,ahu-a-f01-west,ON,NORMAL,14.23,25.32,14.00
src-ahu-0024-002,2026-01-15T08:24:00Z,ahu-a-f02-east,ON,NORMAL,14.17,25.52,14.00
src-ahu-0024-003,2026-01-15T08:24:00Z,ahu-a-f02-west,ON,NORMAL,14.35,25.62,14.00
src-ahu-0024-004,2026-01-15T08:24:00Z,ahu-a-f03-east,ON,NORMAL,14.13,25.78,14.00
src-ahu-0024-005,2026-01-15T08:24:00Z,ahu-a-f03-west,ON,NORMAL,14.21,25.72,14.00
src-ahu-0024-006,2026-01-15T08:24:00Z,ahu-a-f04-east,ON,NORMAL,14.07,25.80,14.00
src-ahu-0024-007,2026-01-15T08:24:00Z,ahu-a-f04-west,ON,NORMAL,14.01,25.67,14.00
src-ahu-0024-008,2026-01-15T08:24:00Z,ahu-b-f01-east,ON,NORMAL,14.03,24.90,14.00
src-ahu-0024-009,2026-01-15T08:24:00Z,ahu-b-f01-west,ON,NORMAL,13.94,24.67,14.00
src-ahu-0024-010,2026-01-15T08:24:00Z,ahu-b-f02-east,ON,NORMAL,13.77,24.82,14.00
src-ahu-0024-011,2026-01-15T08:24:00Z,ahu-b-f02-west,ON,NORMAL,13.83,24.62,14.00
src-ahu-0024-012,2026-01-15T08:24:00Z,ahu-b-f03-east,ON,NORMAL,13.67,24.55,14.00
src-ahu-0024-013,2026-01-15T08:24:00Z,ahu-b-f03-west,ON,NORMAL,13.63,24.36,14.00
src-ahu-0024-014,2026-01-15T08:24:00Z,ahu-b-f04-east,ON,NORMAL,13.73,24.43,14.00
src-ahu-0024-015,2026-01-15T08:24:00Z,ahu-b-f04-west,ON,NORMAL,13.70,24.34,14.00
src-ahu-0024-016,2026-01-15T08:24:00Z,ahu-c-f01-east,ON,NORMAL,13.69,24.07,14.00
src-ahu-0024-017,2026-01-15T08:24:00Z,ahu-c-f01-west,ON,NORMAL,13.59,23.97,14.00
src-ahu-0024-018,2026-01-15T08:24:00Z,ahu-c-f02-east,ON,NORMAL,13.77,24.16,14.00
src-ahu-0024-019,2026-01-15T08:24:00Z,ahu-c-f02-west,ON,NORMAL,13.71,24.28,14.00
src-ahu-0024-020,2026-01-15T08:24:00Z,ahu-c-f03-east,ON,NORMAL,13.67,24.51,14.00
src-ahu-0024-021,2026-01-15T08:24:00Z,ahu-c-f03-west,ON,NORMAL,13.84,24.73,14.00
src-ahu-0024-022,2026-01-15T08:24:00Z,ahu-c-f04-east,ON,NORMAL,13.69,25.04,14.00
src-ahu-0024-023,2026-01-15T08:24:00Z,ahu-c-f04-west,ON,NORMAL,13.82,25.14,14.00
src-ahu-0025-000,2026-01-15T08:25:00Z,ahu-a-f01-east,ON,NORMAL,14.44,25.26,14.00
src-ahu-0025-001,2026-01-15T08:25:00Z,ahu-a-f01-west,ON,NORMAL,14.34,25.39,14.00
src-ahu-0025-002,2026-01-15T08:25:00Z,ahu-a-f02-east,ON,NORMAL,14.32,25.54,14.00
src-ahu-0025-003,2026-01-15T08:25:00Z,ahu-a-f02-west,ON,NORMAL,14.30,25.64,14.00
src-ahu-0025-004,2026-01-15T08:25:00Z,ahu-a-f03-east,ON,NORMAL,14.22,25.66,14.00
src-ahu-0025-005,2026-01-15T08:25:00Z,ahu-a-f03-west,ON,NORMAL,14.11,25.62,14.00
src-ahu-0025-006,2026-01-15T08:25:00Z,ahu-a-f04-east,ON,NORMAL,13.97,25.77,14.00
src-ahu-0025-007,2026-01-15T08:25:00Z,ahu-a-f04-west,ON,NORMAL,13.90,25.61,14.00
src-ahu-0025-008,2026-01-15T08:25:00Z,ahu-b-f01-east,ON,NORMAL,13.93,24.98,14.00
src-ahu-0025-009,2026-01-15T08:25:00Z,ahu-b-f01-west,ON,NORMAL,13.86,24.77,14.00
src-ahu-0025-010,2026-01-15T08:25:00Z,ahu-b-f02-east,ON,NORMAL,13.82,24.69,14.00
src-ahu-0025-011,2026-01-15T08:25:00Z,ahu-b-f02-west,ON,NORMAL,13.83,24.59,14.00
src-ahu-0025-012,2026-01-15T08:25:00Z,ahu-b-f03-east,ON,NORMAL,13.79,24.54,14.00
src-ahu-0025-013,2026-01-15T08:25:00Z,ahu-b-f03-west,ON,NORMAL,13.73,24.30,14.00
src-ahu-0025-014,2026-01-15T08:25:00Z,ahu-b-f04-east,ON,NORMAL,13.62,24.34,14.00
src-ahu-0025-015,2026-01-15T08:25:00Z,ahu-b-f04-west,ON,NORMAL,13.77,24.20,14.00
src-ahu-0025-016,2026-01-15T08:25:00Z,ahu-c-f01-east,ON,NORMAL,13.69,24.05,14.00
src-ahu-0025-017,2026-01-15T08:25:00Z,ahu-c-f01-west,ON,NORMAL,13.73,24.04,14.00
src-ahu-0025-018,2026-01-15T08:25:00Z,ahu-c-f02-east,ON,NORMAL,13.71,24.24,14.00
src-ahu-0025-019,2026-01-15T08:25:00Z,ahu-c-f02-west,ON,NORMAL,13.58,24.21,14.00
src-ahu-0025-020,2026-01-15T08:25:00Z,ahu-c-f03-east,ON,NORMAL,13.81,24.65,14.00
src-ahu-0025-021,2026-01-15T08:25:00Z,ahu-c-f03-west,ON,NORMAL,13.80,24.69,14.00
src-ahu-0025-022,2026-01-15T08:25:00Z,ahu-c-f04-east,ON,NORMAL,13.82,25.00,14.00
src-ahu-0025-023,2026-01-15T08:25:00Z,ahu-c-f04-west,ON,NORMAL,13.74,25.23,14.00
src-ahu-0026-000,2026-01-15T08:26:00Z,ahu-a-f01-east,ON,NORMAL,14.37,25.33,14.00
src-ahu-0026-001,2026-01-15T08:26:00Z,ahu-a-f01-west,ON,NORMAL,14.38,25.45,14.00
src-ahu-0026-002,2026-01-15T08:26:00Z,ahu-a-f02-east,ON,NORMAL,14.32,25.57,14.00
src-ahu-0026-003,2026-01-15T08:26:00Z,ahu-a-f02-west,ON,NORMAL,14.17,25.55,14.00
src-ahu-0026-004,2026-01-15T08:26:00Z,ahu-a-f03-east,ON,NORMAL,14.26,25.68,14.00
src-ahu-0026-005,2026-01-15T08:26:00Z,ahu-a-f03-west,ON,NORMAL,14.21,25.70,14.00
src-ahu-0026-006,2026-01-15T08:26:00Z,ahu-a-f04-east,ON,NORMAL,14.06,25.80,14.00
src-ahu-0026-007,2026-01-15T08:26:00Z,ahu-a-f04-west,ON,NORMAL,13.97,25.64,14.00
src-ahu-0026-008,2026-01-15T08:26:00Z,ahu-b-f01-east,ON,NORMAL,13.81,24.91,14.00
src-ahu-0026-009,2026-01-15T08:26:00Z,ahu-b-f01-west,ON,NORMAL,13.90,24.73,14.00
src-ahu-0026-010,2026-01-15T08:26:00Z,ahu-b-f02-east,ON,NORMAL,13.89,24.78,14.00
src-ahu-0026-011,2026-01-15T08:26:00Z,ahu-b-f02-west,ON,NORMAL,13.78,24.42,14.00
src-ahu-0026-012,2026-01-15T08:26:00Z,ahu-b-f03-east,ON,NORMAL,13.84,24.49,14.00
src-ahu-0026-013,2026-01-15T08:26:00Z,ahu-b-f03-west,ON,NORMAL,13.80,24.34,14.00
src-ahu-0026-014,2026-01-15T08:26:00Z,ahu-b-f04-east,ON,NORMAL,13.62,24.36,14.00
src-ahu-0026-015,2026-01-15T08:26:00Z,ahu-b-f04-west,ON,NORMAL,13.77,24.28,14.00
src-ahu-0026-016,2026-01-15T08:26:00Z,ahu-c-f01-east,ON,NORMAL,13.77,24.09,14.00
src-ahu-0026-017,2026-01-15T08:26:00Z,ahu-c-f01-west,ON,NORMAL,13.71,24.01,14.00
src-ahu-0026-018,2026-01-15T08:26:00Z,ahu-c-f02-east,ON,NORMAL,13.68,24.26,14.00
src-ahu-0026-019,2026-01-15T08:26:00Z,ahu-c-f02-west,ON,NORMAL,13.69,24.31,14.00
src-ahu-0026-020,2026-01-15T08:26:00Z,ahu-c-f03-east,ON,NORMAL,13.64,24.55,14.00
src-ahu-0026-021,2026-01-15T08:26:00Z,ahu-c-f03-west,ON,NORMAL,13.70,24.71,14.00
src-ahu-0026-022,2026-01-15T08:26:00Z,ahu-c-f04-east,ON,NORMAL,13.76,25.09,14.00
src-ahu-0026-023,2026-01-15T08:26:00Z,ahu-c-f04-west,ON,NORMAL,13.98,25.23,14.00
src-ahu-0027-000,2026-01-15T08:27:00Z,ahu-a-f01-east,ON,NORMAL,14.23,25.30,14.00
src-ahu-0027-001,2026-01-15T08:27:00Z,ahu-a-f01-west,ON,NORMAL,14.19,25.39,14.00
src-ahu-0027-002,2026-01-15T08:27:00Z,ahu-a-f02-east,ON,NORMAL,14.26,25.72,14.00
src-ahu-0027-003,2026-01-15T08:27:00Z,ahu-a-f02-west,ON,NORMAL,14.30,25.60,14.00
src-ahu-0027-004,2026-01-15T08:27:00Z,ahu-a-f03-east,ON,NORMAL,14.06,25.82,14.00
src-ahu-0027-005,2026-01-15T08:27:00Z,ahu-a-f03-west,ON,NORMAL,14.02,25.70,14.00
src-ahu-0027-006,2026-01-15T08:27:00Z,ahu-a-f04-east,ON,NORMAL,14.03,25.71,14.00
src-ahu-0027-007,2026-01-15T08:27:00Z,ahu-a-f04-west,ON,NORMAL,13.98,25.54,14.00
src-ahu-0027-008,2026-01-15T08:27:00Z,ahu-b-f01-east,ON,NORMAL,13.79,24.84,14.00
src-ahu-0027-009,2026-01-15T08:27:00Z,ahu-b-f01-west,ON,NORMAL,13.74,24.71,14.00
src-ahu-0027-010,2026-01-15T08:27:00Z,ahu-b-f02-east,ON,NORMAL,13.86,24.57,14.00
src-ahu-0027-011,2026-01-15T08:27:00Z,ahu-b-f02-west,ON,NORMAL,13.71,24.46,14.00
src-ahu-0027-012,2026-01-15T08:27:00Z,ahu-b-f03-east,ON,NORMAL,13.73,24.52,14.00
src-ahu-0027-013,2026-01-15T08:27:00Z,ahu-b-f03-west,ON,NORMAL,13.70,24.28,14.00
src-ahu-0027-014,2026-01-15T08:27:00Z,ahu-b-f04-east,ON,NORMAL,13.64,24.42,14.00
src-ahu-0027-015,2026-01-15T08:27:00Z,ahu-b-f04-west,ON,NORMAL,13.56,24.36,14.00
src-ahu-0027-016,2026-01-15T08:27:00Z,ahu-c-f01-east,ON,NORMAL,13.59,23.98,14.00
src-ahu-0027-017,2026-01-15T08:27:00Z,ahu-c-f01-west,ON,NORMAL,13.56,23.96,14.00
src-ahu-0027-018,2026-01-15T08:27:00Z,ahu-c-f02-east,ON,NORMAL,13.61,24.20,14.00
src-ahu-0027-019,2026-01-15T08:27:00Z,ahu-c-f02-west,ON,NORMAL,13.82,24.35,14.00
src-ahu-0027-020,2026-01-15T08:27:00Z,ahu-c-f03-east,ON,NORMAL,13.77,24.61,14.00
src-ahu-0027-021,2026-01-15T08:27:00Z,ahu-c-f03-west,ON,NORMAL,13.78,24.72,14.00
src-ahu-0027-022,2026-01-15T08:27:00Z,ahu-c-f04-east,ON,NORMAL,13.77,25.09,14.00
src-ahu-0027-023,2026-01-15T08:27:00Z,ahu-c-f04-west,ON,NORMAL,13.82,25.21,14.00
src-ahu-0028-000,2026-01-15T08:28:00Z,ahu-a-f01-east,ON,NORMAL,14.18,25.39,14.00
src-ahu-0028-001,2026-01-15T08:28:00Z,ahu-a-f01-west,ON,NORMAL,14.17,25.46,14.00
src-ahu-0028-002,2026-01-15T08:28:00Z,ahu-a-f02-east,ON,NORMAL,14.18,25.66,14.00
src-ahu-0028-003,2026-01-15T08:28:00Z,ahu-a-f02-west,ON,NORMAL,14.09,25.61,14.00
src-ahu-0028-004,2026-01-15T08:28:00Z,ahu-a-f03-east,ON,NORMAL,14.07,25.69,14.00
src-ahu-0028-005,2026-01-15T08:28:00Z,ahu-a-f03-west,ON,NORMAL,14.12,25.76,14.00
src-ahu-0028-006,2026-01-15T08:28:00Z,ahu-a-f04-east,ON,NORMAL,13.91,25.81,14.00
src-ahu-0028-007,2026-01-15T08:28:00Z,ahu-a-f04-west,ON,NORMAL,13.97,25.55,14.00
src-ahu-0028-008,2026-01-15T08:28:00Z,ahu-b-f01-east,ON,NORMAL,13.82,24.91,14.00
src-ahu-0028-009,2026-01-15T08:28:00Z,ahu-b-f01-west,ON,NORMAL,13.88,24.60,14.00
src-ahu-0028-010,2026-01-15T08:28:00Z,ahu-b-f02-east,ON,NORMAL,13.84,24.66,14.00
src-ahu-0028-011,2026-01-15T08:28:00Z,ahu-b-f02-west,ON,NORMAL,13.62,24.40,14.00
src-ahu-0028-012,2026-01-15T08:28:00Z,ahu-b-f03-east,ON,NORMAL,13.69,24.47,14.00
src-ahu-0028-013,2026-01-15T08:28:00Z,ahu-b-f03-west,ON,NORMAL,13.56,24.26,14.00
src-ahu-0028-014,2026-01-15T08:28:00Z,ahu-b-f04-east,ON,NORMAL,13.54,24.33,14.00
src-ahu-0028-015,2026-01-15T08:28:00Z,ahu-b-f04-west,ON,NORMAL,13.69,24.30,14.00
src-ahu-0028-016,2026-01-15T08:28:00Z,ahu-c-f01-east,ON,NORMAL,13.60,24.02,14.00
src-ahu-0028-017,2026-01-15T08:28:00Z,ahu-c-f01-west,ON,NORMAL,13.78,24.04,14.00
src-ahu-0028-018,2026-01-15T08:28:00Z,ahu-c-f02-east,ON,NORMAL,13.71,24.32,14.00
src-ahu-0028-019,2026-01-15T08:28:00Z,ahu-c-f02-west,ON,NORMAL,13.82,24.30,14.00
src-ahu-0028-020,2026-01-15T08:28:00Z,ahu-c-f03-east,ON,NORMAL,13.75,24.61,14.00
src-ahu-0028-021,2026-01-15T08:28:00Z,ahu-c-f03-west,ON,NORMAL,13.72,24.81,14.00
src-ahu-0028-022,2026-01-15T08:28:00Z,ahu-c-f04-east,ON,NORMAL,13.76,25.21,14.00
src-ahu-0028-023,2026-01-15T08:28:00Z,ahu-c-f04-west,ON,NORMAL,13.87,25.29,14.00
src-ahu-0029-000,2026-01-15T08:29:00Z,ahu-a-f01-east,ON,NORMAL,14.22,25.34,14.00
src-ahu-0029-001,2026-01-15T08:29:00Z,ahu-a-f01-west,ON,NORMAL,14.23,25.38,14.00
src-ahu-0029-002,2026-01-15T08:29:00Z,ahu-a-f02-east,ON,NORMAL,14.14,25.64,14.00
src-ahu-0029-003,2026-01-15T08:29:00Z,ahu-a-f02-west,ON,NORMAL,14.14,25.67,14.00
src-ahu-0029-004,2026-01-15T08:29:00Z,ahu-a-f03-east,ON,NORMAL,14.12,25.67,14.00
src-ahu-0029-005,2026-01-15T08:29:00Z,ahu-a-f03-west,ON,NORMAL,14.07,25.69,14.00
src-ahu-0029-006,2026-01-15T08:29:00Z,ahu-a-f04-east,ON,NORMAL,13.93,25.68,14.00
src-ahu-0029-007,2026-01-15T08:29:00Z,ahu-a-f04-west,ON,NORMAL,13.87,25.59,14.00
src-ahu-0029-008,2026-01-15T08:29:00Z,ahu-b-f01-east,ON,NORMAL,13.91,24.75,14.00
src-ahu-0029-009,2026-01-15T08:29:00Z,ahu-b-f01-west,ON,NORMAL,13.80,24.63,14.00
src-ahu-0029-010,2026-01-15T08:29:00Z,ahu-b-f02-east,ON,NORMAL,13.80,24.51,14.00
src-ahu-0029-011,2026-01-15T08:29:00Z,ahu-b-f02-west,ON,NORMAL,13.60,24.36,14.00
src-ahu-0029-012,2026-01-15T08:29:00Z,ahu-b-f03-east,ON,NORMAL,13.66,24.47,14.00
src-ahu-0029-013,2026-01-15T08:29:00Z,ahu-b-f03-west,ON,NORMAL,13.74,24.30,14.00
src-ahu-0029-014,2026-01-15T08:29:00Z,ahu-b-f04-east,ON,NORMAL,13.72,24.28,14.00
src-ahu-0029-015,2026-01-15T08:29:00Z,ahu-b-f04-west,ON,NORMAL,13.65,24.23,14.00
src-ahu-0029-016,2026-01-15T08:29:00Z,ahu-c-f01-east,ON,NORMAL,13.69,24.02,14.00
src-ahu-0029-017,2026-01-15T08:29:00Z,ahu-c-f01-west,ON,NORMAL,13.71,24.00,14.00
src-ahu-0029-018,2026-01-15T08:29:00Z,ahu-c-f02-east,ON,NORMAL,13.81,24.33,14.00
src-ahu-0029-019,2026-01-15T08:29:00Z,ahu-c-f02-west,ON,NORMAL,13.74,24.39,14.00
src-ahu-0029-020,2026-01-15T08:29:00Z,ahu-c-f03-east,ON,NORMAL,13.90,24.66,14.00
src-ahu-0029-021,2026-01-15T08:29:00Z,ahu-c-f03-west,ON,NORMAL,13.86,24.73,14.00
src-ahu-0029-022,2026-01-15T08:29:00Z,ahu-c-f04-east,ON,NORMAL,13.95,25.17,14.00
src-ahu-0029-023,2026-01-15T08:29:00Z,ahu-c-f04-west,ON,NORMAL,13.93,25.40,14.00
src-ahu-0030-000,2026-01-15T08:30:00Z,ahu-a-f01-east,ON,NORMAL,14.15,25.33,14.00
src-ahu-0030-001,2026-01-15T08:30:00Z,ahu-a-f01-west,ON,NORMAL,14.14,25.38,14.00
src-ahu-0030-002,2026-01-15T08:30:00Z,ahu-a-f02-east,ON,NORMAL,14.14,25.61,14.00
src-ahu-0030-003,2026-01-15T08:30:00Z,ahu-a-f02-west,ON,NORMAL,14.18,25.61,14.00
src-ahu-0030-004,2026-01-15T08:30:00Z,ahu-a-f03-east,ON,NORMAL,14.05,25.66,14.00
src-ahu-0030-005,2026-01-15T08:30:00Z,ahu-a-f03-west,ON,NORMAL,13.92,25.59,14.00
src-ahu-0030-006,2026-01-15T08:30:00Z,ahu-a-f04-east,ON,NORMAL,14.01,25.64,14.00
src-ahu-0030-007,2026-01-15T08:30:00Z,ahu-a-f04-west,ON,NORMAL,13.77,25.48,14.00
src-ahu-0030-008,2026-01-15T08:30:00Z,ahu-b-f01-east,ON,NORMAL,13.83,24.78,14.00
src-ahu-0030-009,2026-01-15T08:30:00Z,ahu-b-f01-west,ON,NORMAL,13.74,24.50,14.00
src-ahu-0030-010,2026-01-15T08:30:00Z,ahu-b-f02-east,ON,NORMAL,13.62,24.67,14.00
src-ahu-0030-011,2026-01-15T08:30:00Z,ahu-b-f02-west,ON,NORMAL,13.59,24.39,14.00
src-ahu-0030-012,2026-01-15T08:30:00Z,ahu-b-f03-east,ON,NORMAL,13.77,24.39,14.00
src-ahu-0030-013,2026-01-15T08:30:00Z,ahu-b-f03-west,ON,NORMAL,13.66,24.15,14.00
src-ahu-0030-014,2026-01-15T08:30:00Z,ahu-b-f04-east,ON,NORMAL,13.70,24.41,14.00
src-ahu-0030-015,2026-01-15T08:30:00Z,ahu-b-f04-west,ON,NORMAL,13.63,24.20,14.00
src-ahu-0030-016,2026-01-15T08:30:00Z,ahu-c-f01-east,ON,NORMAL,13.68,24.07,14.00
src-ahu-0030-017,2026-01-15T08:30:00Z,ahu-c-f01-west,ON,NORMAL,13.75,24.01,14.00
src-ahu-0030-018,2026-01-15T08:30:00Z,ahu-c-f02-east,ON,NORMAL,13.77,24.31,14.00
src-ahu-0030-019,2026-01-15T08:30:00Z,ahu-c-f02-west,ON,NORMAL,13.83,24.35,14.00
src-ahu-0030-020,2026-01-15T08:30:00Z,ahu-c-f03-east,ON,NORMAL,13.74,24.61,14.00
src-ahu-0030-021,2026-01-15T08:30:00Z,ahu-c-f03-west,ON,NORMAL,13.94,24.78,14.00
src-ahu-0030-022,2026-01-15T08:30:00Z,ahu-c-f04-east,ON,NORMAL,13.81,25.18,14.00
src-ahu-0030-023,2026-01-15T08:30:00Z,ahu-c-f04-west,ON,NORMAL,14.09,25.36,14.00
src-ahu-0031-000,2026-01-15T08:31:00Z,ahu-a-f01-east,ON,NORMAL,14.26,25.30,14.00
src-ahu-0031-001,2026-01-15T08:31:00Z,ahu-a-f01-west,ON,NORMAL,14.29,25.41,14.00
src-ahu-0031-002,2026-01-15T08:31:00Z,ahu-a-f02-east,ON,NORMAL,14.07,25.60,14.00
src-ahu-0031-003,2026-01-15T08:31:00Z,ahu-a-f02-west,ON,NORMAL,14.04,25.54,14.00
src-ahu-0031-004,2026-01-15T08:31:00Z,ahu-a-f03-east,ON,NORMAL,13.92,25.65,14.00
src-ahu-0031-005,2026-01-15T08:31:00Z,ahu-a-f03-west,ON,NORMAL,13.90,25.59,14.00
src-ahu-0031-006,2026-01-15T08:31:00Z,ahu-a-f04-east,ON,NORMAL,13.90,25.62,14.00
src-ahu-0031-007,2026-01-15T08:31:00Z,ahu-a-f04-west,ON,NORMAL,13.74,25.50,14.00
src-ahu-0031-008,2026-01-15T08:31:00Z,ahu-b-f01-east,ON,NORMAL,13.88,24.79,14.00
src-ahu-0031-009,2026-01-15T08:31:00Z,ahu-b-f01-west,ON,NORMAL,13.69,24.52,14.00
src-ahu-0031-010,2026-01-15T08:31:00Z,ahu-b-f02-east,ON,NORMAL,13.76,24.44,14.00
src-ahu-0031-011,2026-01-15T08:31:00Z,ahu-b-f02-west,ON,NORMAL,13.79,24.40,14.00
src-ahu-0031-012,2026-01-15T08:31:00Z,ahu-b-f03-east,ON,NORMAL,13.75,24.30,14.00
src-ahu-0031-013,2026-01-15T08:31:00Z,ahu-b-f03-west,ON,NORMAL,13.71,24.22,14.00
src-ahu-0031-014,2026-01-15T08:31:00Z,ahu-b-f04-east,ON,NORMAL,13.67,24.25,14.00
src-ahu-0031-015,2026-01-15T08:31:00Z,ahu-b-f04-west,ON,NORMAL,13.61,24.26,14.00
src-ahu-0031-016,2026-01-15T08:31:00Z,ahu-c-f01-east,ON,NORMAL,13.56,23.98,14.00
src-ahu-0031-017,2026-01-15T08:31:00Z,ahu-c-f01-west,ON,NORMAL,13.75,24.07,14.00
src-ahu-0031-018,2026-01-15T08:31:00Z,ahu-c-f02-east,ON,NORMAL,13.86,24.23,14.00
src-ahu-0031-019,2026-01-15T08:31:00Z,ahu-c-f02-west,ON,NORMAL,13.83,24.35,14.00
src-ahu-0031-020,2026-01-15T08:31:00Z,ahu-c-f03-east,ON,NORMAL,13.74,24.68,14.00
src-ahu-0031-021,2026-01-15T08:31:00Z,ahu-c-f03-west,ON,NORMAL,13.95,24.90,14.00
src-ahu-0031-022,2026-01-15T08:31:00Z,ahu-c-f04-east,ON,NORMAL,13.98,25.25,14.00
src-ahu-0031-023,2026-01-15T08:31:00Z,ahu-c-f04-west,ON,NORMAL,14.09,25.34,14.00
src-ahu-0032-000,2026-01-15T08:32:00Z,ahu-a-f01-east,ON,NORMAL,14.11,25.31,14.00
src-ahu-0032-001,2026-01-15T08:32:00Z,ahu-a-f01-west,ON,NORMAL,14.12,25.34,14.00
src-ahu-0032-002,2026-01-15T08:32:00Z,ahu-a-f02-east,ON,NORMAL,14.22,25.52,14.00
src-ahu-0032-003,2026-01-15T08:32:00Z,ahu-a-f02-west,ON,NORMAL,14.17,25.61,14.00
src-ahu-0032-004,2026-01-15T08:32:00Z,ahu-a-f03-east,ON,NORMAL,13.91,25.61,14.00
src-ahu-0032-005,2026-01-15T08:32:00Z,ahu-a-f03-west,ON,NORMAL,13.85,25.51,14.00
src-ahu-0032-006,2026-01-15T08:32:00Z,ahu-a-f04-east,ON,NORMAL,13.99,25.52,14.00
src-ahu-0032-007,2026-01-15T08:32:00Z,ahu-a-f04-west,ON,NORMAL,13.72,25.43,14.00
src-ahu-0032-008,2026-01-15T08:32:00Z,ahu-b-f01-east,ON,NORMAL,13.87,24.77,14.00
src-ahu-0032-009,2026-01-15T08:32:00Z,ahu-b-f01-west,ON,NORMAL,13.64,24.47,14.00
src-ahu-0032-010,2026-01-15T08:32:00Z,ahu-b-f02-east,ON,NORMAL,13.75,24.53,14.00
src-ahu-0032-011,2026-01-15T08:32:00Z,ahu-b-f02-west,ON,NORMAL,13.67,24.28,14.00
src-ahu-0032-012,2026-01-15T08:32:00Z,ahu-b-f03-east,ON,NORMAL,13.73,24.39,14.00
src-ahu-0032-013,2026-01-15T08:32:00Z,ahu-b-f03-west,ON,NORMAL,13.72,24.16,14.00
src-ahu-0032-014,2026-01-15T08:32:00Z,ahu-b-f04-east,ON,NORMAL,13.55,24.18,14.00
src-ahu-0032-015,2026-01-15T08:32:00Z,ahu-b-f04-west,ON,NORMAL,13.71,24.19,14.00
src-ahu-0032-016,2026-01-15T08:32:00Z,ahu-c-f01-east,ON,NORMAL,13.79,23.98,14.00
src-ahu-0032-017,2026-01-15T08:32:00Z,ahu-c-f01-west,ON,NORMAL,13.84,24.05,14.00
src-ahu-0032-018,2026-01-15T08:32:00Z,ahu-c-f02-east,ON,NORMAL,13.66,24.35,14.00
src-ahu-0032-019,2026-01-15T08:32:00Z,ahu-c-f02-west,ON,NORMAL,13.88,24.34,14.00
src-ahu-0032-020,2026-01-15T08:32:00Z,ahu-c-f03-east,ON,NORMAL,13.90,24.72,14.00
src-ahu-0032-021,2026-01-15T08:32:00Z,ahu-c-f03-west,ON,NORMAL,13.80,24.81,14.00
src-ahu-0032-022,2026-01-15T08:32:00Z,ahu-c-f04-east,ON,NORMAL,13.85,25.18,14.00
src-ahu-0032-023,2026-01-15T08:32:00Z,ahu-c-f04-west,ON,NORMAL,14.06,25.51,14.00
src-ahu-0033-000,2026-01-15T08:33:00Z,ahu-a-f01-east,ON,NORMAL,14.31,25.38,14.00
src-ahu-0033-001,2026-01-15T08:33:00Z,ahu-a-f01-west,ON,NORMAL,14.06,25.41,14.00
src-ahu-0033-002,2026-01-15T08:33:00Z,ahu-a-f02-east,ON,NORMAL,14.04,25.69,14.00
src-ahu-0033-003,2026-01-15T08:33:00Z,ahu-a-f02-west,ON,NORMAL,14.00,25.54,14.00
src-ahu-0033-004,2026-01-15T08:33:00Z,ahu-a-f03-east,ON,NORMAL,13.92,25.59,14.00
src-ahu-0033-005,2026-01-15T08:33:00Z,ahu-a-f03-west,ON,NORMAL,13.82,25.55,14.00
src-ahu-0033-006,2026-01-15T08:33:00Z,ahu-a-f04-east,ON,NORMAL,13.94,25.55,14.00
src-ahu-0033-007,2026-01-15T08:33:00Z,ahu-a-f04-west,ON,NORMAL,13.71,25.50,14.00
src-ahu-0033-008,2026-01-15T08:33:00Z,ahu-b-f01-east,ON,NORMAL,13.75,24.62,14.00
src-ahu-0033-009,2026-01-15T08:33:00Z,ahu-b-f01-west,ON,NORMAL,13.66,24.45,14.00
src-ahu-0033-010,2026-01-15T08:33:00Z,ahu-b-f02-east,ON,NORMAL,13.57,24.48,14.00
src-ahu-0033-011,2026-01-15T08:33:00Z,ahu-b-f02-west,ON,NORMAL,13.67,24.26,14.00
src-ahu-0033-012,2026-01-15T08:33:00Z,ahu-b-f03-east,ON,NORMAL,13.70,24.26,14.00
src-ahu-0033-013,2026-01-15T08:33:00Z,ahu-b-f03-west,ON,NORMAL,13.65,24.10,14.00
src-ahu-0033-014,2026-01-15T08:33:00Z,ahu-b-f04-east,ON,NORMAL,13.73,24.23,14.00
src-ahu-0033-015,2026-01-15T08:33:00Z,ahu-b-f04-west,ON,NORMAL,13.64,24.27,14.00
src-ahu-0033-016,2026-01-15T08:33:00Z,ahu-c-f01-east,ON,NORMAL,13.70,24.10,14.00
src-ahu-0033-017,2026-01-15T08:33:00Z,ahu-c-f01-west,ON,NORMAL,13.68,24.04,14.00
src-ahu-0033-018,2026-01-15T08:33:00Z,ahu-c-f02-east,ON,NORMAL,13.84,24.24,14.00
src-ahu-0033-019,2026-01-15T08:33:00Z,ahu-c-f02-west,ON,NORMAL,13.81,24.45,14.00
src-ahu-0033-020,2026-01-15T08:33:00Z,ahu-c-f03-east,ON,NORMAL,13.92,24.71,14.00
src-ahu-0033-021,2026-01-15T08:33:00Z,ahu-c-f03-west,ON,NORMAL,13.95,24.90,14.00
src-ahu-0033-022,2026-01-15T08:33:00Z,ahu-c-f04-east,ON,NORMAL,14.03,25.27,14.00
src-ahu-0033-023,2026-01-15T08:33:00Z,ahu-c-f04-west,ON,NORMAL,14.08,25.45,14.00
src-ahu-0034-000,2026-01-15T08:34:00Z,ahu-a-f01-east,ON,NORMAL,14.26,25.38,14.00
src-ahu-0034-001,2026-01-15T08:34:00Z,ahu-a-f01-west,ON,NORMAL,14.11,25.42,14.00
src-ahu-0034-002,2026-01-15T08:34:00Z,ahu-a-f02-east,ON,NORMAL,14.00,25.62,14.00
src-ahu-0034-003,2026-01-15T08:34:00Z,ahu-a-f02-west,ON,NORMAL,13.93,25.48,14.00
src-ahu-0034-004,2026-01-15T08:34:00Z,ahu-a-f03-east,ON,NORMAL,13.84,25.60,14.00
src-ahu-0034-005,2026-01-15T08:34:00Z,ahu-a-f03-west,ON,NORMAL,13.98,25.55,14.00
src-ahu-0034-006,2026-01-15T08:34:00Z,ahu-a-f04-east,ON,NORMAL,13.87,25.52,14.00
src-ahu-0034-007,2026-01-15T08:34:00Z,ahu-a-f04-west,ON,NORMAL,13.74,25.47,14.00
src-ahu-0034-008,2026-01-15T08:34:00Z,ahu-b-f01-east,ON,NORMAL,13.68,24.60,14.00
src-ahu-0034-009,2026-01-15T08:34:00Z,ahu-b-f01-west,ON,NORMAL,13.70,24.54,14.00
src-ahu-0034-010,2026-01-15T08:34:00Z,ahu-b-f02-east,ON,NORMAL,13.80,24.42,14.00
src-ahu-0034-011,2026-01-15T08:34:00Z,ahu-b-f02-west,ON,NORMAL,13.73,24.23,14.00
src-ahu-0034-012,2026-01-15T08:34:00Z,ahu-b-f03-east,ON,NORMAL,13.59,24.29,14.00
src-ahu-0034-013,2026-01-15T08:34:00Z,ahu-b-f03-west,ON,NORMAL,13.70,24.05,14.00
src-ahu-0034-014,2026-01-15T08:34:00Z,ahu-b-f04-east,ON,NORMAL,13.60,24.26,14.00
src-ahu-0034-015,2026-01-15T08:34:00Z,ahu-b-f04-west,ON,NORMAL,13.71,24.15,14.00
src-ahu-0034-016,2026-01-15T08:34:00Z,ahu-c-f01-east,ON,NORMAL,13.66,23.96,14.00
src-ahu-0034-017,2026-01-15T08:34:00Z,ahu-c-f01-west,ON,NORMAL,13.67,24.03,14.00
src-ahu-0034-018,2026-01-15T08:34:00Z,ahu-c-f02-east,ON,NORMAL,13.69,24.33,14.00
src-ahu-0034-019,2026-01-15T08:34:00Z,ahu-c-f02-west,ON,NORMAL,13.78,24.48,14.00
src-ahu-0034-020,2026-01-15T08:34:00Z,ahu-c-f03-east,ON,NORMAL,13.84,24.71,14.00
src-ahu-0034-021,2026-01-15T08:34:00Z,ahu-c-f03-west,ON,NORMAL,13.97,24.87,14.00
src-ahu-0034-022,2026-01-15T08:34:00Z,ahu-c-f04-east,ON,NORMAL,14.10,25.30,14.00
src-ahu-0034-023,2026-01-15T08:34:00Z,ahu-c-f04-west,ON,NORMAL,14.10,25.43,14.00
src-ahu-0035-000,2026-01-15T08:35:00Z,ahu-a-f01-east,ON,NORMAL,14.24,25.48,14.00
src-ahu-0035-001,2026-01-15T08:35:00Z,ahu-a-f01-west,ON,NORMAL,13.98,25.43,14.00
src-ahu-0035-002,2026-01-15T08:35:00Z,ahu-a-f02-east,ON,NORMAL,13.93,25.66,14.00
src-ahu-0035-003,2026-01-15T08:35:00Z,ahu-a-f02-west,ON,NORMAL,13.87,25.57,14.00
src-ahu-0035-004,2026-01-15T08:35:00Z,ahu-a-f03-east,ON,NORMAL,13.94,25.58,14.00
src-ahu-0035-005,2026-01-15T08:35:00Z,ahu-a-f03-west,ON,NORMAL,13.84,25.49,14.00
src-ahu-0035-006,2026-01-15T08:35:00Z,ahu-a-f04-east,ON,NORMAL,13.87,25.57,14.00
src-ahu-0035-007,2026-01-15T08:35:00Z,ahu-a-f04-west,ON,NORMAL,13.68,25.30,14.00
src-ahu-0035-008,2026-01-15T08:35:00Z,ahu-b-f01-east,ON,NORMAL,13.72,24.60,14.00
src-ahu-0035-009,2026-01-15T08:35:00Z,ahu-b-f01-west,ON,NORMAL,13.72,24.47,14.00
src-ahu-0035-010,2026-01-15T08:35:00Z,ahu-b-f02-east,ON,NORMAL,13.74,24.44,14.00
src-ahu-0035-011,2026-01-15T08:35:00Z,ahu-b-f02-west,ON,NORMAL,13.70,24.19,14.00
src-ahu-0035-012,2026-01-15T08:35:00Z,ahu-b-f03-east,ON,NORMAL,13.55,24.24,14.00
src-ahu-0035-013,2026-01-15T08:35:00Z,ahu-b-f03-west,ON,NORMAL,13.58,24.20,14.00
src-ahu-0035-014,2026-01-15T08:35:00Z,ahu-b-f04-east,ON,NORMAL,13.77,24.30,14.00
src-ahu-0035-015,2026-01-15T08:35:00Z,ahu-b-f04-west,ON,NORMAL,13.77,24.23,14.00
src-ahu-0035-016,2026-01-15T08:35:00Z,ahu-c-f01-east,ON,NORMAL,13.82,24.01,14.00
src-ahu-0035-017,2026-01-15T08:35:00Z,ahu-c-f01-west,ON,NORMAL,13.75,24.11,14.00
src-ahu-0035-018,2026-01-15T08:35:00Z,ahu-c-f02-east,ON,NORMAL,13.77,24.36,14.00
src-ahu-0035-019,2026-01-15T08:35:00Z,ahu-c-f02-west,ON,NORMAL,13.93,24.36,14.00
src-ahu-0035-020,2026-01-15T08:35:00Z,ahu-c-f03-east,ON,NORMAL,13.86,24.78,14.00
src-ahu-0035-021,2026-01-15T08:35:00Z,ahu-c-f03-west,ON,NORMAL,13.98,24.93,14.00
src-ahu-0035-022,2026-01-15T08:35:00Z,ahu-c-f04-east,ON,NORMAL,13.96,25.34,14.00
src-ahu-0035-023,2026-01-15T08:35:00Z,ahu-c-f04-west,ON,NORMAL,14.06,25.53,14.00
src-ahu-0036-000,2026-01-15T08:36:00Z,ahu-a-f01-east,ON,NORMAL,14.10,25.38,14.00
src-ahu-0036-001,2026-01-15T08:36:00Z,ahu-a-f01-west,ON,NORMAL,14.16,25.44,14.00
src-ahu-0036-002,2026-01-15T08:36:00Z,ahu-a-f02-east,ON,NORMAL,13.95,25.70,14.00
src-ahu-0036-003,2026-01-15T08:36:00Z,ahu-a-f02-west,ON,NORMAL,14.04,25.53,14.00
src-ahu-0036-004,2026-01-15T08:36:00Z,ahu-a-f03-east,ON,NORMAL,13.87,25.58,14.00
src-ahu-0036-005,2026-01-15T08:36:00Z,ahu-a-f03-west,ON,NORMAL,13.90,25.54,14.00
src-ahu-0036-006,2026-01-15T08:36:00Z,ahu-a-f04-east,ON,NORMAL,13.90,25.45,14.00
src-ahu-0036-007,2026-01-15T08:36:00Z,ahu-a-f04-west,ON,NORMAL,13.81,25.29,14.00
src-ahu-0036-008,2026-01-15T08:36:00Z,ahu-b-f01-east,ON,NORMAL,13.68,24.64,14.00
src-ahu-0036-009,2026-01-15T08:36:00Z,ahu-b-f01-west,ON,NORMAL,13.72,24.30,14.00
src-ahu-0036-010,2026-01-15T08:36:00Z,ahu-b-f02-east,ON,NORMAL,13.75,24.33,14.00
src-ahu-0036-011,2026-01-15T08:36:00Z,ahu-b-f02-west,ON,NORMAL,13.73,24.19,14.00
src-ahu-0036-012,2026-01-15T08:36:00Z,ahu-b-f03-east,ON,NORMAL,13.74,24.25,14.00
src-ahu-0036-013,2026-01-15T08:36:00Z,ahu-b-f03-west,ON,NORMAL,13.69,24.16,14.00
src-ahu-0036-014,2026-01-15T08:36:00Z,ahu-b-f04-east,ON,NORMAL,13.77,24.27,14.00
src-ahu-0036-015,2026-01-15T08:36:00Z,ahu-b-f04-west,ON,NORMAL,13.67,24.18,14.00
src-ahu-0036-016,2026-01-15T08:36:00Z,ahu-c-f01-east,ON,NORMAL,13.83,24.06,14.00
src-ahu-0036-017,2026-01-15T08:36:00Z,ahu-c-f01-west,ON,NORMAL,13.76,24.13,14.00
src-ahu-0036-018,2026-01-15T08:36:00Z,ahu-c-f02-east,ON,NORMAL,13.94,24.36,14.00
src-ahu-0036-019,2026-01-15T08:36:00Z,ahu-c-f02-west,ON,NORMAL,13.92,24.46,14.00
src-ahu-0036-020,2026-01-15T08:36:00Z,ahu-c-f03-east,ON,NORMAL,14.07,24.91,14.00
src-ahu-0036-021,2026-01-15T08:36:00Z,ahu-c-f03-west,ON,NORMAL,14.01,24.98,14.00
src-ahu-0036-022,2026-01-15T08:36:00Z,ahu-c-f04-east,ON,NORMAL,14.05,25.30,14.00
src-ahu-0036-023,2026-01-15T08:36:00Z,ahu-c-f04-west,ON,NORMAL,14.14,25.58,14.00
src-ahu-0037-000,2026-01-15T08:37:00Z,ahu-a-f01-east,ON,NORMAL,13.99,25.42,14.00
src-ahu-0037-001,2026-01-15T08:37:00Z,ahu-a-f01-west,ON,NORMAL,13.94,25.47,14.00
src-ahu-0037-002,2026-01-15T08:37:00Z,ahu-a-f02-east,ON,NORMAL,13.91,25.65,14.00
src-ahu-0037-003,2026-01-15T08:37:00Z,ahu-a-f02-west,ON,NORMAL,13.98,25.51,14.00
src-ahu-0037-004,2026-01-15T08:37:00Z,ahu-a-f03-east,ON,NORMAL,13.82,25.60,14.00
src-ahu-0037-005,2026-01-15T08:37:00Z,ahu-a-f03-west,ON,NORMAL,13.88,25.40,14.00
src-ahu-0037-006,2026-01-15T08:37:00Z,ahu-a-f04-east,ON,NORMAL,13.81,25.58,14.00
src-ahu-0037-007,2026-01-15T08:37:00Z,ahu-a-f04-west,ON,NORMAL,13.66,25.28,14.00
src-ahu-0037-008,2026-01-15T08:37:00Z,ahu-b-f01-east,ON,NORMAL,13.68,24.59,14.00
src-ahu-0037-009,2026-01-15T08:37:00Z,ahu-b-f01-west,ON,NORMAL,13.67,24.39,14.00
src-ahu-0037-010,2026-01-15T08:37:00Z,ahu-b-f02-east,ON,NORMAL,13.61,24.44,14.00
src-ahu-0037-011,2026-01-15T08:37:00Z,ahu-b-f02-west,ON,NORMAL,13.62,24.20,14.00
src-ahu-0037-012,2026-01-15T08:37:00Z,ahu-b-f03-east,ON,NORMAL,13.61,24.19,14.00
src-ahu-0037-013,2026-01-15T08:37:00Z,ahu-b-f03-west,ON,NORMAL,13.64,24.06,14.00
src-ahu-0037-014,2026-01-15T08:37:00Z,ahu-b-f04-east,ON,NORMAL,13.60,24.18,14.00
src-ahu-0037-015,2026-01-15T08:37:00Z,ahu-b-f04-west,ON,NORMAL,13.63,24.26,14.00
src-ahu-0037-016,2026-01-15T08:37:00Z,ahu-c-f01-east,ON,NORMAL,13.75,24.00,14.00
src-ahu-0037-017,2026-01-15T08:37:00Z,ahu-c-f01-west,ON,NORMAL,13.78,24.10,14.00
src-ahu-0037-018,2026-01-15T08:37:00Z,ahu-c-f02-east,ON,NORMAL,13.92,24.42,14.00
src-ahu-0037-019,2026-01-15T08:37:00Z,ahu-c-f02-west,ON,NORMAL,13.96,24.53,14.00
src-ahu-0037-020,2026-01-15T08:37:00Z,ahu-c-f03-east,ON,NORMAL,13.91,24.89,14.00
src-ahu-0037-021,2026-01-15T08:37:00Z,ahu-c-f03-west,ON,NORMAL,13.94,25.02,14.00
src-ahu-0037-022,2026-01-15T08:37:00Z,ahu-c-f04-east,ON,NORMAL,14.20,25.40,14.00
src-ahu-0037-023,2026-01-15T08:37:00Z,ahu-c-f04-west,ON,NORMAL,14.14,25.54,14.00
src-ahu-0038-000,2026-01-15T08:38:00Z,ahu-a-f01-east,ON,NORMAL,14.03,25.33,14.00
src-ahu-0038-001,2026-01-15T08:38:00Z,ahu-a-f01-west,ON,NORMAL,13.94,25.51,14.00
src-ahu-0038-002,2026-01-15T08:38:00Z,ahu-a-f02-east,ON,NORMAL,14.03,25.61,14.00
src-ahu-0038-003,2026-01-15T08:38:00Z,ahu-a-f02-west,ON,NORMAL,13.88,25.49,14.00
src-ahu-0038-004,2026-01-15T08:38:00Z,ahu-a-f03-east,ON,NORMAL,13.80,25.52,14.00
src-ahu-0038-005,2026-01-15T08:38:00Z,ahu-a-f03-west,ON,NORMAL,13.85,25.54,14.00
src-ahu-0038-006,2026-01-15T08:38:00Z,ahu-a-f04-east,ON,NORMAL,13.82,25.38,14.00
src-ahu-0038-007,2026-01-15T08:38:00Z,ahu-a-f04-west,ON,NORMAL,13.65,25.29,14.00
src-ahu-0038-008,2026-01-15T08:38:00Z,ahu-b-f01-east,ON,NORMAL,13.71,24.46,14.00
src-ahu-0038-009,2026-01-15T08:38:00Z,ahu-b-f01-west,ON,NORMAL,13.77,24.32,14.00
src-ahu-0038-010,2026-01-15T08:38:00Z,ahu-b-f02-east,ON,NORMAL,13.75,24.37,14.00
src-ahu-0038-011,2026-01-15T08:38:00Z,ahu-b-f02-west,ON,NORMAL,13.70,24.11,14.00
src-ahu-0038-012,2026-01-15T08:38:00Z,ahu-b-f03-east,ON,NORMAL,13.66,24.23,14.00
src-ahu-0038-013,2026-01-15T08:38:00Z,ahu-b-f03-west,ON,NORMAL,13.63,24.08,14.00
src-ahu-0038-014,2026-01-15T08:38:00Z,ahu-b-f04-east,ON,NORMAL,13.77,24.28,14.00
src-ahu-0038-015,2026-01-15T08:38:00Z,ahu-b-f04-west,ON,NORMAL,13.82,24.09,14.00
src-ahu-0038-016,2026-01-15T08:38:00Z,ahu-c-f01-east,ON,NORMAL,13.82,24.01,14.00
src-ahu-0038-017,2026-01-15T08:38:00Z,ahu-c-f01-west,ON,NORMAL,13.74,24.01,14.00
src-ahu-0038-018,2026-01-15T08:38:00Z,ahu-c-f02-east,ON,NORMAL,13.97,24.46,14.00
src-ahu-0038-019,2026-01-15T08:38:00Z,ahu-c-f02-west,ON,NORMAL,13.93,24.52,14.00
src-ahu-0038-020,2026-01-15T08:38:00Z,ahu-c-f03-east,ON,NORMAL,14.02,24.79,14.00
src-ahu-0038-021,2026-01-15T08:38:00Z,ahu-c-f03-west,ON,NORMAL,14.16,25.01,14.00
src-ahu-0038-022,2026-01-15T08:38:00Z,ahu-c-f04-east,ON,NORMAL,14.07,25.36,14.00
src-ahu-0038-023,2026-01-15T08:38:00Z,ahu-c-f04-west,ON,NORMAL,14.18,25.71,14.00
src-ahu-0039-000,2026-01-15T08:39:00Z,ahu-a-f01-east,ON,NORMAL,13.99,25.47,14.00
src-ahu-0039-001,2026-01-15T08:39:00Z,ahu-a-f01-west,ON,NORMAL,13.99,25.44,14.00
src-ahu-0039-002,2026-01-15T08:39:00Z,ahu-a-f02-east,ON,NORMAL,13.83,25.60,14.00
src-ahu-0039-003,2026-01-15T08:39:00Z,ahu-a-f02-west,ON,NORMAL,13.90,25.60,14.00
src-ahu-0039-004,2026-01-15T08:39:00Z,ahu-a-f03-east,ON,NORMAL,13.85,25.62,14.00
src-ahu-0039-005,2026-01-15T08:39:00Z,ahu-a-f03-west,ON,NORMAL,13.77,25.41,14.00
src-ahu-0039-006,2026-01-15T08:39:00Z,ahu-a-f04-east,ON,NORMAL,13.81,25.45,14.00
src-ahu-0039-007,2026-01-15T08:39:00Z,ahu-a-f04-west,ON,NORMAL,13.81,25.32,14.00
src-ahu-0039-008,2026-01-15T08:39:00Z,ahu-b-f01-east,ON,NORMAL,13.72,24.42,14.00
src-ahu-0039-009,2026-01-15T08:39:00Z,ahu-b-f01-west,ON,NORMAL,13.72,24.28,14.00
src-ahu-0039-010,2026-01-15T08:39:00Z,ahu-b-f02-east,ON,NORMAL,13.68,24.24,14.00
src-ahu-0039-011,2026-01-15T08:39:00Z,ahu-b-f02-west,ON,NORMAL,13.55,24.14,14.00
src-ahu-0039-012,2026-01-15T08:39:00Z,ahu-b-f03-east,ON,NORMAL,13.75,24.11,14.00
src-ahu-0039-013,2026-01-15T08:39:00Z,ahu-b-f03-west,ON,NORMAL,13.69,24.02,14.00
src-ahu-0039-014,2026-01-15T08:39:00Z,ahu-b-f04-east,ON,NORMAL,13.82,24.12,14.00
src-ahu-0039-015,2026-01-15T08:39:00Z,ahu-b-f04-west,ON,NORMAL,13.79,24.18,14.00
src-ahu-0039-016,2026-01-15T08:39:00Z,ahu-c-f01-east,ON,NORMAL,13.75,24.00,14.00
src-ahu-0039-017,2026-01-15T08:39:00Z,ahu-c-f01-west,ON,NORMAL,13.75,24.22,14.00
src-ahu-0039-018,2026-01-15T08:39:00Z,ahu-c-f02-east,ON,NORMAL,14.03,24.38,14.00
src-ahu-0039-019,2026-01-15T08:39:00Z,ahu-c-f02-west,ON,NORMAL,14.05,24.60,14.00
src-ahu-0039-020,2026-01-15T08:39:00Z,ahu-c-f03-east,ON,NORMAL,14.00,24.89,14.00
src-ahu-0039-021,2026-01-15T08:39:00Z,ahu-c-f03-west,ON,NORMAL,14.03,25.14,14.00
src-ahu-0039-022,2026-01-15T08:39:00Z,ahu-c-f04-east,ON,NORMAL,14.13,25.43,14.00
src-ahu-0039-023,2026-01-15T08:39:00Z,ahu-c-f04-west,ON,NORMAL,14.30,25.62,14.00
src-ahu-0040-000,2026-01-15T08:40:00Z,ahu-a-f01-east,ON,NORMAL,13.94,25.47,14.00
src-ahu-0040-001,2026-01-15T08:40:00Z,ahu-a-f01-west,ON,NORMAL,13.99,25.44,14.00
src-ahu-0040-002,2026-01-15T08:40:00Z,ahu-a-f02-east,ON,NORMAL,13.85,25.54,14.00
src-ahu-0040-003,2026-01-15T08:40:00Z,ahu-a-f02-west,ON,NORMAL,13.96,25.55,14.00
src-ahu-0040-004,2026-01-15T08:40:00Z,ahu-a-f03-east,ON,NORMAL,13.86,25.58,14.00
src-ahu-0040-005,2026-01-15T08:40:00Z,ahu-a-f03-west,ON,NORMAL,13.68,25.46,14.00
src-ahu-0040-006,2026-01-15T08:40:00Z,ahu-a-f04-east,ON,NORMAL,13.75,25.47,14.00
src-ahu-0040-007,2026-01-15T08:40:00Z,ahu-a-f04-west,ON,NORMAL,13.76,25.30,14.00
src-ahu-0040-008,2026-01-15T08:40:00Z,ahu-b-f01-east,ON,NORMAL,13.59,24.52,14.00
src-ahu-0040-009,2026-01-15T08:40:00Z,ahu-b-f01-west,ON,NORMAL,13.58,24.32,14.00
src-ahu-0040-010,2026-01-15T08:40:00Z,ahu-b-f02-east,ON,NORMAL,13.68,24.24,14.00
src-ahu-0040-011,2026-01-15T08:40:00Z,ahu-b-f02-west,ON,NORMAL,13.69,24.04,14.00
src-ahu-0040-012,2026-01-15T08:40:00Z,ahu-b-f03-east,ON,NORMAL,13.58,24.17,14.00
src-ahu-0040-013,2026-01-15T08:40:00Z,ahu-b-f03-west,ON,NORMAL,13.74,24.05,14.00
src-ahu-0040-014,2026-01-15T08:40:00Z,ahu-b-f04-east,ON,NORMAL,13.85,24.18,14.00
src-ahu-0040-015,2026-01-15T08:40:00Z,ahu-b-f04-west,ON,NORMAL,13.86,24.20,14.00
src-ahu-0040-016,2026-01-15T08:40:00Z,ahu-c-f01-east,ON,NORMAL,13.79,24.04,14.00
src-ahu-0040-017,2026-01-15T08:40:00Z,ahu-c-f01-west,ON,NORMAL,13.95,24.08,14.00
src-ahu-0040-018,2026-01-15T08:40:00Z,ahu-c-f02-east,ON,NORMAL,14.01,24.46,14.00
src-ahu-0040-019,2026-01-15T08:40:00Z,ahu-c-f02-west,ON,NORMAL,14.04,24.53,14.00
src-ahu-0040-020,2026-01-15T08:40:00Z,ahu-c-f03-east,ON,NORMAL,14.02,24.80,14.00
src-ahu-0040-021,2026-01-15T08:40:00Z,ahu-c-f03-west,ON,NORMAL,14.10,25.18,14.00
src-ahu-0040-022,2026-01-15T08:40:00Z,ahu-c-f04-east,ON,NORMAL,14.25,25.54,14.00
src-ahu-0040-023,2026-01-15T08:40:00Z,ahu-c-f04-west,ON,NORMAL,14.15,25.65,14.00
src-ahu-0041-000,2026-01-15T08:41:00Z,ahu-a-f01-east,ON,NORMAL,14.00,25.43,14.00
src-ahu-0041-001,2026-01-15T08:41:00Z,ahu-a-f01-west,ON,NORMAL,13.91,25.37,14.00
src-ahu-0041-002,2026-01-15T08:41:00Z,ahu-a-f02-east,ON,NORMAL,13.96,25.54,14.00
src-ahu-0041-003,2026-01-15T08:41:00Z,ahu-a-f02-west,ON,NORMAL,13.86,25.45,14.00
src-ahu-0041-004,2026-01-15T08:41:00Z,ahu-a-f03-east,ON,NORMAL,13.85,25.48,14.00
src-ahu-0041-005,2026-01-15T08:41:00Z,ahu-a-f03-west,ON,NORMAL,13.65,25.46,14.00
src-ahu-0041-006,2026-01-15T08:41:00Z,ahu-a-f04-east,ON,NORMAL,13.68,25.44,14.00
src-ahu-0041-007,2026-01-15T08:41:00Z,ahu-a-f04-west,ON,NORMAL,13.59,25.19,14.00
src-ahu-0041-008,2026-01-15T08:41:00Z,ahu-b-f01-east,ON,NORMAL,13.61,24.52,14.00
src-ahu-0041-009,2026-01-15T08:41:00Z,ahu-b-f01-west,ON,NORMAL,13.74,24.28,14.00
src-ahu-0041-010,2026-01-15T08:41:00Z,ahu-b-f02-east,ON,NORMAL,13.66,24.25,14.00
src-ahu-0041-011,2026-01-15T08:41:00Z,ahu-b-f02-west,ON,NORMAL,13.73,24.05,14.00
src-ahu-0041-012,2026-01-15T08:41:00Z,ahu-b-f03-east,ON,NORMAL,13.76,24.25,14.00
src-ahu-0041-013,2026-01-15T08:41:00Z,ahu-b-f03-west,ON,NORMAL,13.61,24.00,14.00
src-ahu-0041-014,2026-01-15T08:41:00Z,ahu-b-f04-east,ON,NORMAL,13.83,24.25,14.00
src-ahu-0041-015,2026-01-15T08:41:00Z,ahu-b-f04-west,ON,NORMAL,13.86,24.20,14.00
src-ahu-0041-016,2026-01-15T08:41:00Z,ahu-c-f01-east,ON,NORMAL,13.82,24.09,14.00
src-ahu-0041-017,2026-01-15T08:41:00Z,ahu-c-f01-west,ON,NORMAL,13.86,24.22,14.00
src-ahu-0041-018,2026-01-15T08:41:00Z,ahu-c-f02-east,ON,NORMAL,13.86,24.43,14.00
src-ahu-0041-019,2026-01-15T08:41:00Z,ahu-c-f02-west,ON,NORMAL,13.92,24.52,14.00
src-ahu-0041-020,2026-01-15T08:41:00Z,ahu-c-f03-east,ON,NORMAL,14.01,24.91,14.00
src-ahu-0041-021,2026-01-15T08:41:00Z,ahu-c-f03-west,ON,NORMAL,14.07,25.22,14.00
src-ahu-0041-022,2026-01-15T08:41:00Z,ahu-c-f04-east,ON,NORMAL,14.12,25.53,14.00
src-ahu-0041-023,2026-01-15T08:41:00Z,ahu-c-f04-west,ON,NORMAL,14.19,25.67,14.00
src-ahu-0042-000,2026-01-15T08:42:00Z,ahu-a-f01-east,ON,NORMAL,13.92,25.48,14.00
src-ahu-0042-001,2026-01-15T08:42:00Z,ahu-a-f01-west,ON,NORMAL,13.79,25.48,14.00
src-ahu-0042-002,2026-01-15T08:42:00Z,ahu-a-f02-east,ON,NORMAL,13.85,25.48,14.00
src-ahu-0042-003,2026-01-15T08:42:00Z,ahu-a-f02-west,ON,NORMAL,13.92,25.45,14.00
src-ahu-0042-004,2026-01-15T08:42:00Z,ahu-a-f03-east,ON,NORMAL,13.70,25.50,14.00
src-ahu-0042-005,2026-01-15T08:42:00Z,ahu-a-f03-west,ON,NORMAL,13.74,25.27,14.00
src-ahu-0042-006,2026-01-15T08:42:00Z,ahu-a-f04-east,ON,NORMAL,13.79,25.28,14.00
src-ahu-0042-007,2026-01-15T08:42:00Z,ahu-a-f04-west,ON,NORMAL,13.63,25.12,14.00
src-ahu-0042-008,2026-01-15T08:42:00Z,ahu-b-f01-east,ON,NORMAL,13.58,24.35,14.00
src-ahu-0042-009,2026-01-15T08:42:00Z,ahu-b-f01-west,ON,NORMAL,13.63,24.28,14.00
src-ahu-0042-010,2026-01-15T08:42:00Z,ahu-b-f02-east,ON,NORMAL,13.63,24.24,14.00
src-ahu-0042-011,2026-01-15T08:42:00Z,ahu-b-f02-west,ON,NORMAL,13.74,24.01,14.00
src-ahu-0042-012,2026-01-15T08:42:00Z,ahu-b-f03-east,ON,NORMAL,13.62,24.05,14.00
src-ahu-0042-013,2026-01-15T08:42:00Z,ahu-b-f03-west,ON,NORMAL,13.65,24.08,14.00
src-ahu-0042-014,2026-01-15T08:42:00Z,ahu-b-f04-east,ON,NORMAL,13.72,24.19,14.00
src-ahu-0042-015,2026-01-15T08:42:00Z,ahu-b-f04-west,ON,NORMAL,13.82,24.23,14.00
src-ahu-0042-016,2026-01-15T08:42:00Z,ahu-c-f01-east,ON,NORMAL,13.96,24.04,14.00
src-ahu-0042-017,2026-01-15T08:42:00Z,ahu-c-f01-west,ON,NORMAL,14.04,24.10,14.00
src-ahu-0042-018,2026-01-15T08:42:00Z,ahu-c-f02-east,ON,NORMAL,13.96,24.45,14.00
src-ahu-0042-019,2026-01-15T08:42:00Z,ahu-c-f02-west,ON,NORMAL,14.06,24.62,14.00
src-ahu-0042-020,2026-01-15T08:42:00Z,ahu-c-f03-east,ON,NORMAL,14.02,24.89,14.00
src-ahu-0042-021,2026-01-15T08:42:00Z,ahu-c-f03-west,ON,NORMAL,14.27,25.12,14.00
src-ahu-0042-022,2026-01-15T08:42:00Z,ahu-c-f04-east,ON,NORMAL,14.13,25.61,14.00
src-ahu-0042-023,2026-01-15T08:42:00Z,ahu-c-f04-west,ON,NORMAL,14.24,25.75,14.00
src-ahu-0043-000,2026-01-15T08:43:00Z,ahu-a-f01-east,ON,NORMAL,14.05,25.45,14.00
src-ahu-0043-001,2026-01-15T08:43:00Z,ahu-a-f01-west,ON,NORMAL,13.89,25.35,14.00
src-ahu-0043-002,2026-01-15T08:43:00Z,ahu-a-f02-east,ON,NORMAL,13.78,25.56,14.00
src-ahu-0043-003,2026-01-15T08:43:00Z,ahu-a-f02-west,ON,NORMAL,13.68,25.36,14.00
src-ahu-0043-004,2026-01-15T08:43:00Z,ahu-a-f03-east,ON,NORMAL,13.82,25.50,14.00
src-ahu-0043-005,2026-01-15T08:43:00Z,ahu-a-f03-west,ON,NORMAL,13.71,25.34,14.00
src-ahu-0043-006,2026-01-15T08:43:00Z,ahu-a-f04-east,ON,NORMAL,13.70,25.19,14.00
src-ahu-0043-007,2026-01-15T08:43:00Z,ahu-a-f04-west,ON,NORMAL,13.74,25.14,14.00
src-ahu-0043-008,2026-01-15T08:43:00Z,ahu-b-f01-east,ON,NORMAL,13.70,24.33,14.00
src-ahu-0043-009,2026-01-15T08:43:00Z,ahu-b-f01-west,ON,NORMAL,13.65,24.15,14.00
src-ahu-0043-010,2026-01-15T08:43:00Z,ahu-b-f02-east,ON,NORMAL,13.78,24.19,14.00
src-ahu-0043-011,2026-01-15T08:43:00Z,ahu-b-f02-west,ON,NORMAL,13.58,24.11,14.00
src-ahu-0043-012,2026-01-15T08:43:00Z,ahu-b-f03-east,ON,NORMAL,13.78,24.13,14.00
src-ahu-0043-013,2026-01-15T08:43:00Z,ahu-b-f03-west,ON,NORMAL,13.87,24.12,14.00
src-ahu-0043-014,2026-01-15T08:43:00Z,ahu-b-f04-east,ON,NORMAL,13.72,24.14,14.00
src-ahu-0043-015,2026-01-15T08:43:00Z,ahu-b-f04-west,ON,NORMAL,13.92,24.20,14.00
src-ahu-0043-016,2026-01-15T08:43:00Z,ahu-c-f01-east,ON,NORMAL,13.93,24.05,14.00
src-ahu-0043-017,2026-01-15T08:43:00Z,ahu-c-f01-west,ON,NORMAL,13.94,24.16,14.00
src-ahu-0043-018,2026-01-15T08:43:00Z,ahu-c-f02-east,ON,NORMAL,14.01,24.55,14.00
src-ahu-0043-019,2026-01-15T08:43:00Z,ahu-c-f02-west,ON,NORMAL,14.03,24.61,14.00
src-ahu-0043-020,2026-01-15T08:43:00Z,ahu-c-f03-east,ON,NORMAL,14.06,25.00,14.00
src-ahu-0043-021,2026-01-15T08:43:00Z,ahu-c-f03-west,ON,NORMAL,14.29,25.12,14.00
src-ahu-0043-022,2026-01-15T08:43:00Z,ahu-c-f04-east,ON,NORMAL,14.32,25.51,14.00
src-ahu-0043-023,2026-01-15T08:43:00Z,ahu-c-f04-west,ON,NORMAL,14.35,25.80,14.00
src-ahu-0044-000,2026-01-15T08:44:00Z,ahu-a-f01-east,ON,NORMAL,13.96,25.40,14.00
src-ahu-0044-001,2026-01-15T08:44:00Z,ahu-a-f01-west,ON,NORMAL,13.91,25.37,14.00
src-ahu-0044-002,2026-01-15T08:44:00Z,ahu-a-f02-east,ON,NORMAL,13.87,25.54,14.00
src-ahu-0044-003,2026-01-15T08:44:00Z,ahu-a-f02-west,ON,NORMAL,13.80,25.31,14.00
src-ahu-0044-004,2026-01-15T08:44:00Z,ahu-a-f03-east,ON,NORMAL,13.72,25.56,14.00
src-ahu-0044-005,2026-01-15T08:44:00Z,ahu-a-f03-west,ON,NORMAL,13.71,25.24,14.00
src-ahu-0044-006,2026-01-15T08:44:00Z,ahu-a-f04-east,ON,NORMAL,13.60,25.28,14.00
src-ahu-0044-007,2026-01-15T08:44:00Z,ahu-a-f04-west,ON,NORMAL,13.54,25.08,14.00
src-ahu-0044-008,2026-01-15T08:44:00Z,ahu-b-f01-east,ON,NORMAL,13.55,24.43,14.00
src-ahu-0044-009,2026-01-15T08:44:00Z,ahu-b-f01-west,ON,NORMAL,13.69,24.10,14.00
src-ahu-0044-010,2026-01-15T08:44:00Z,ahu-b-f02-east,ON,NORMAL,13.74,24.15,14.00
src-ahu-0044-011,2026-01-15T08:44:00Z,ahu-b-f02-west,ON,NORMAL,13.61,24.05,14.00
src-ahu-0044-012,2026-01-15T08:44:00Z,ahu-b-f03-east,ON,NORMAL,13.81,24.12,14.00
src-ahu-0044-013,2026-01-15T08:44:00Z,ahu-b-f03-west,ON,NORMAL,13.89,24.05,14.00
src-ahu-0044-014,2026-01-15T08:44:00Z,ahu-b-f04-east,ON,NORMAL,13.73,24.14,14.00
src-ahu-0044-015,2026-01-15T08:44:00Z,ahu-b-f04-west,ON,NORMAL,13.82,24.18,14.00
src-ahu-0044-016,2026-01-15T08:44:00Z,ahu-c-f01-east,ON,NORMAL,13.99,24.07,14.00
src-ahu-0044-017,2026-01-15T08:44:00Z,ahu-c-f01-west,ON,NORMAL,13.94,24.15,14.00
src-ahu-0044-018,2026-01-15T08:44:00Z,ahu-c-f02-east,ON,NORMAL,13.97,24.57,14.00
src-ahu-0044-019,2026-01-15T08:44:00Z,ahu-c-f02-west,ON,NORMAL,14.00,24.72,14.00
src-ahu-0044-020,2026-01-15T08:44:00Z,ahu-c-f03-east,ON,NORMAL,14.12,25.15,14.00
src-ahu-0044-021,2026-01-15T08:44:00Z,ahu-c-f03-west,ON,NORMAL,14.23,25.26,14.00
src-ahu-0044-022,2026-01-15T08:44:00Z,ahu-c-f04-east,ON,NORMAL,14.22,25.66,14.00
src-ahu-0044-023,2026-01-15T08:44:00Z,ahu-c-f04-west,ON,NORMAL,14.29,25.84,14.00
src-ahu-0045-000,2026-01-15T08:45:00Z,ahu-a-f01-east,ON,NORMAL,13.77,25.47,14.00
src-ahu-0045-001,2026-01-15T08:45:00Z,ahu-a-f01-west,ON,NORMAL,13.90,25.39,14.00
src-ahu-0045-002,2026-01-15T08:45:00Z,ahu-a-f02-east,ON,NORMAL,13.77,25.41,14.00
src-ahu-0045-003,2026-01-15T08:45:00Z,ahu-a-f02-west,ON,NORMAL,13.80,25.37,14.00
src-ahu-0045-004,2026-01-15T08:45:00Z,ahu-a-f03-east,ON,NORMAL,13.63,25.39,14.00
src-ahu-0045-005,2026-01-15T08:45:00Z,ahu-a-f03-west,ON,NORMAL,13.58,25.13,14.00
src-ahu-0045-006,2026-01-15T08:45:00Z,ahu-a-f04-east,ON,NORMAL,13.57,25.27,14.00
src-ahu-0045-007,2026-01-15T08:45:00Z,ahu-a-f04-west,ON,NORMAL,13.72,25.13,14.00
src-ahu-0045-008,2026-01-15T08:45:00Z,ahu-b-f01-east,ON,NORMAL,13.65,24.33,14.00
src-ahu-0045-009,2026-01-15T08:45:00Z,ahu-b-f01-west,ON,NORMAL,13.60,24.16,14.00
src-ahu-0045-010,2026-01-15T08:45:00Z,ahu-b-f02-east,ON,NORMAL,13.72,24.16,14.00
src-ahu-0045-011,2026-01-15T08:45:00Z,ahu-b-f02-west,ON,NORMAL,13.72,23.90,14.00
src-ahu-0045-012,2026-01-15T08:45:00Z,ahu-b-f03-east,ON,NORMAL,13.76,24.15,14.00
src-ahu-0045-013,2026-01-15T08:45:00Z,ahu-b-f03-west,ON,NORMAL,13.72,24.12,14.00
src-ahu-0045-014,2026-01-15T08:45:00Z,ahu-b-f04-east,ON,NORMAL,13.80,24.16,14.00
src-ahu-0045-015,2026-01-15T08:45:00Z,ahu-b-f04-west,ON,NORMAL,13.87,24.11,14.00
src-ahu-0045-016,2026-01-15T08:45:00Z,ahu-c-f01-east,ON,NORMAL,13.99,24.09,14.00
src-ahu-0045-017,2026-01-15T08:45:00Z,ahu-c-f01-west,ON,NORMAL,13.96,24.15,14.00
src-ahu-0045-018,2026-01-15T08:45:00Z,ahu-c-f02-east,ON,NORMAL,14.12,24.62,14.00
src-ahu-0045-019,2026-01-15T08:45:00Z,ahu-c-f02-west,ON,NORMAL,14.11,24.70,14.00
src-ahu-0045-020,2026-01-15T08:45:00Z,ahu-c-f03-east,ON,NORMAL,14.12,24.96,14.00
src-ahu-0045-021,2026-01-15T08:45:00Z,ahu-c-f03-west,ON,NORMAL,14.13,25.27,14.00
src-ahu-0045-022,2026-01-15T08:45:00Z,ahu-c-f04-east,ON,NORMAL,14.36,25.61,14.00
src-ahu-0045-023,2026-01-15T08:45:00Z,ahu-c-f04-west,ON,NORMAL,14.37,25.75,14.00
src-ahu-0046-000,2026-01-15T08:46:00Z,ahu-a-f01-east,ON,NORMAL,13.77,25.48,14.00
src-ahu-0046-001,2026-01-15T08:46:00Z,ahu-a-f01-west,ON,NORMAL,13.77,25.36,14.00
src-ahu-0046-002,2026-01-15T08:46:00Z,ahu-a-f02-east,ON,NORMAL,13.74,25.48,14.00
src-ahu-0046-003,2026-01-15T08:46:00Z,ahu-a-f02-west,ON,NORMAL,13.72,25.36,14.00
src-ahu-0046-004,2026-01-15T08:46:00Z,ahu-a-f03-east,ON,NORMAL,13.75,25.41,14.00
src-ahu-0046-005,2026-01-15T08:46:00Z,ahu-a-f03-west,ON,NORMAL,13.65,25.20,14.00
src-ahu-0046-006,2026-01-15T08:46:00Z,ahu-a-f04-east,ON,NORMAL,13.57,25.25,14.00
src-ahu-0046-007,2026-01-15T08:46:00Z,ahu-a-f04-west,ON,NORMAL,13.60,24.99,14.00
src-ahu-0046-008,2026-01-15T08:46:00Z,ahu-b-f01-east,ON,NORMAL,13.71,24.26,14.00
src-ahu-0046-009,2026-01-15T08:46:00Z,ahu-b-f01-west,ON,NORMAL,13.59,24.08,14.00
src-ahu-0046-010,2026-01-15T08:46:00Z,ahu-b-f02-east,ON,NORMAL,13.79,24.12,14.00
src-ahu-0046-011,2026-01-15T08:46:00Z,ahu-b-f02-west,ON,NORMAL,13.73,23.97,14.00
src-ahu-0046-012,2026-01-15T08:46:00Z,ahu-b-f03-east,ON,NORMAL,13.68,24.12,14.00
src-ahu-0046-013,2026-01-15T08:46:00Z,ahu-b-f03-west,ON,NORMAL,13.94,23.97,14.00
src-ahu-0046-014,2026-01-15T08:46:00Z,ahu-b-f04-east,ON,NORMAL,13.80,24.23,14.00
src-ahu-0046-015,2026-01-15T08:46:00Z,ahu-b-f04-west,ON,NORMAL,13.88,24.12,14.00
src-ahu-0046-016,2026-01-15T08:46:00Z,ahu-c-f01-east,ON,NORMAL,13.87,24.16,14.00
src-ahu-0046-017,2026-01-15T08:46:00Z,ahu-c-f01-west,ON,NORMAL,13.98,24.24,14.00
src-ahu-0046-018,2026-01-15T08:46:00Z,ahu-c-f02-east,ON,NORMAL,14.09,24.55,14.00
src-ahu-0046-019,2026-01-15T08:46:00Z,ahu-c-f02-west,ON,NORMAL,14.27,24.80,14.00
src-ahu-0046-020,2026-01-15T08:46:00Z,ahu-c-f03-east,ON,NORMAL,14.25,25.18,14.00
src-ahu-0046-021,2026-01-15T08:46:00Z,ahu-c-f03-west,ON,NORMAL,14.28,25.25,14.00
src-ahu-0046-022,2026-01-15T08:46:00Z,ahu-c-f04-east,ON,NORMAL,14.21,25.78,14.00
src-ahu-0046-023,2026-01-15T08:46:00Z,ahu-c-f04-west,ON,NORMAL,14.34,25.82,14.00
src-ahu-0047-000,2026-01-15T08:47:00Z,ahu-a-f01-east,ON,NORMAL,13.85,25.40,14.00
src-ahu-0047-001,2026-01-15T08:47:00Z,ahu-a-f01-west,ON,NORMAL,13.75,25.43,14.00
src-ahu-0047-002,2026-01-15T08:47:00Z,ahu-a-f02-east,ON,NORMAL,13.66,25.57,14.00
src-ahu-0047-003,2026-01-15T08:47:00Z,ahu-a-f02-west,ON,NORMAL,13.82,25.39,14.00
src-ahu-0047-004,2026-01-15T08:47:00Z,ahu-a-f03-east,ON,NORMAL,13.61,25.44,14.00
src-ahu-0047-005,2026-01-15T08:47:00Z,ahu-a-f03-west,ON,NORMAL,13.72,25.20,14.00
src-ahu-0047-006,2026-01-15T08:47:00Z,ahu-a-f04-east,ON,NORMAL,13.62,25.26,14.00
src-ahu-0047-007,2026-01-15T08:47:00Z,ahu-a-f04-west,ON,NORMAL,13.75,25.03,14.00
src-ahu-0047-008,2026-01-15T08:47:00Z,ahu-b-f01-east,ON,NORMAL,13.72,24.18,14.00
src-ahu-0047-009,2026-01-15T08:47:00Z,ahu-b-f01-west,ON,NORMAL,13.61,24.09,14.00
src-ahu-0047-010,2026-01-15T08:47:00Z,ahu-b-f02-east,ON,NORMAL,13.76,24.09,14.00
src-ahu-0047-011,2026-01-15T08:47:00Z,ahu-b-f02-west,ON,NORMAL,13.72,23.95,14.00
src-ahu-0047-012,2026-01-15T08:47:00Z,ahu-b-f03-east,ON,NORMAL,13.77,23.97,14.00
src-ahu-0047-013,2026-01-15T08:47:00Z,ahu-b-f03-west,ON,NORMAL,13.92,24.06,14.00
src-ahu-0047-014,2026-01-15T08:47:00Z,ahu-b-f04-east,ON,NORMAL,13.95,24.18,14.00
src-ahu-0047-015,2026-01-15T08:47:00Z,ahu-b-f04-west,ON,NORMAL,13.97,24.22,14.00
src-ahu-0047-016,2026-01-15T08:47:00Z,ahu-c-f01-east,ON,NORMAL,14.08,24.16,14.00
src-ahu-0047-017,2026-01-15T08:47:00Z,ahu-c-f01-west,ON,NORMAL,14.03,24.30,14.00
src-ahu-0047-018,2026-01-15T08:47:00Z,ahu-c-f02-east,ON,NORMAL,14.25,24.66,14.00
src-ahu-0047-019,2026-01-15T08:47:00Z,ahu-c-f02-west,ON,NORMAL,14.24,24.80,14.00
src-ahu-0047-020,2026-01-15T08:47:00Z,ahu-c-f03-east,ON,NORMAL,14.17,25.16,14.00
src-ahu-0047-021,2026-01-15T08:47:00Z,ahu-c-f03-west,ON,NORMAL,14.35,25.34,14.00
src-ahu-0047-022,2026-01-15T08:47:00Z,ahu-c-f04-east,ON,NORMAL,14.24,25.60,14.00
src-ahu-0047-023,2026-01-15T08:47:00Z,ahu-c-f04-west,ON,NORMAL,14.31,25.85,14.00
src-ahu-0048-000,2026-01-15T08:48:00Z,ahu-a-f01-east,ON,NORMAL,13.86,25.46,14.00
src-ahu-0048-001,2026-01-15T08:48:00Z,ahu-a-f01-west,ON,NORMAL,13.76,25.40,14.00
src-ahu-0048-002,2026-01-15T08:48:00Z,ahu-a-f02-east,ON,NORMAL,13.72,25.55,14.00
src-ahu-0048-003,2026-01-15T08:48:00Z,ahu-a-f02-west,ON,NORMAL,13.66,25.31,14.00
src-ahu-0048-004,2026-01-15T08:48:00Z,ahu-a-f03-east,ON,NORMAL,13.58,25.29,14.00
src-ahu-0048-005,2026-01-15T08:48:00Z,ahu-a-f03-west,ON,NORMAL,13.62,25.17,14.00
src-ahu-0048-006,2026-01-15T08:48:00Z,ahu-a-f04-east,ON,NORMAL,13.66,25.16,14.00
src-ahu-0048-007,2026-01-15T08:48:00Z,ahu-a-f04-west,ON,NORMAL,13.73,25.04,14.00
src-ahu-0048-008,2026-01-15T08:48:00Z,ahu-b-f01-east,ON,NORMAL,13.72,24.12,14.00
src-ahu-0048-009,2026-01-15T08:48:00Z,ahu-b-f01-west,ON,NORMAL,13.74,24.08,14.00
src-ahu-0048-010,2026-01-15T08:48:00Z,ahu-b-f02-east,ON,NORMAL,13.83,24.06,14.00
src-ahu-0048-011,2026-01-15T08:48:00Z,ahu-b-f02-west,ON,NORMAL,13.79,23.88,14.00
src-ahu-0048-012,2026-01-15T08:48:00Z,ahu-b-f03-east,ON,NORMAL,13.87,24.05,14.00
src-ahu-0048-013,2026-01-15T08:48:00Z,ahu-b-f03-west,ON,NORMAL,13.90,23.91,14.00
src-ahu-0048-014,2026-01-15T08:48:00Z,ahu-b-f04-east,ON,NORMAL,13.87,24.10,14.00
src-ahu-0048-015,2026-01-15T08:48:00Z,ahu-b-f04-west,ON,NORMAL,13.88,24.12,14.00
src-ahu-0048-016,2026-01-15T08:48:00Z,ahu-c-f01-east,ON,NORMAL,14.15,24.16,14.00
src-ahu-0048-017,2026-01-15T08:48:00Z,ahu-c-f01-west,ON,NORMAL,14.07,24.31,14.00
src-ahu-0048-018,2026-01-15T08:48:00Z,ahu-c-f02-east,ON,NORMAL,14.09,24.60,14.00
src-ahu-0048-019,2026-01-15T08:48:00Z,ahu-c-f02-west,ON,NORMAL,14.11,24.80,14.00
src-ahu-0048-020,2026-01-15T08:48:00Z,ahu-c-f03-east,ON,NORMAL,14.33,25.18,14.00
src-ahu-0048-021,2026-01-15T08:48:00Z,ahu-c-f03-west,ON,NORMAL,14.24,25.33,14.00
src-ahu-0048-022,2026-01-15T08:48:00Z,ahu-c-f04-east,ON,NORMAL,14.42,25.77,14.00
src-ahu-0048-023,2026-01-15T08:48:00Z,ahu-c-f04-west,ON,NORMAL,14.30,25.90,14.00
src-ahu-0049-000,2026-01-15T08:49:00Z,ahu-a-f01-east,ON,NORMAL,13.70,25.36,14.00
src-ahu-0049-001,2026-01-15T08:49:00Z,ahu-a-f01-west,ON,NORMAL,13.66,25.40,14.00
src-ahu-0049-002,2026-01-15T08:49:00Z,ahu-a-f02-east,ON,NORMAL,13.79,25.48,14.00
src-ahu-0049-003,2026-01-15T08:49:00Z,ahu-a-f02-west,ON,NORMAL,13.59,25.31,14.00
src-ahu-0049-004,2026-01-15T08:49:00Z,ahu-a-f03-east,ON,NORMAL,13.68,25.38,14.00
src-ahu-0049-005,2026-01-15T08:49:00Z,ahu-a-f03-west,ON,NORMAL,13.58,25.12,14.00
src-ahu-0049-006,2026-01-15T08:49:00Z,ahu-a-f04-east,ON,NORMAL,13.53,25.14,14.00
src-ahu-0049-007,2026-01-15T08:49:00Z,ahu-a-f04-west,ON,NORMAL,13.60,24.98,14.00
src-ahu-0049-008,2026-01-15T08:49:00Z,ahu-b-f01-east,ON,NORMAL,13.69,24.23,14.00
src-ahu-0049-009,2026-01-15T08:49:00Z,ahu-b-f01-west,ON,NORMAL,13.61,24.01,14.00
src-ahu-0049-010,2026-01-15T08:49:00Z,ahu-b-f02-east,ON,NORMAL,13.65,24.10,14.00
src-ahu-0049-011,2026-01-15T08:49:00Z,ahu-b-f02-west,ON,NORMAL,13.68,23.89,14.00
src-ahu-0049-012,2026-01-15T08:49:00Z,ahu-b-f03-east,ON,NORMAL,13.91,24.05,14.00
src-ahu-0049-013,2026-01-15T08:49:00Z,ahu-b-f03-west,ON,NORMAL,13.87,24.00,14.00
src-ahu-0049-014,2026-01-15T08:49:00Z,ahu-b-f04-east,ON,NORMAL,13.86,24.16,14.00
src-ahu-0049-015,2026-01-15T08:49:00Z,ahu-b-f04-west,ON,NORMAL,14.13,24.27,14.00
src-ahu-0049-016,2026-01-15T08:49:00Z,ahu-c-f01-east,ON,NORMAL,13.97,24.16,14.00
src-ahu-0049-017,2026-01-15T08:49:00Z,ahu-c-f01-west,ON,NORMAL,14.22,24.36,14.00
src-ahu-0049-018,2026-01-15T08:49:00Z,ahu-c-f02-east,ON,NORMAL,14.25,24.65,14.00
src-ahu-0049-019,2026-01-15T08:49:00Z,ahu-c-f02-west,ON,NORMAL,14.34,24.77,14.00
src-ahu-0049-020,2026-01-15T08:49:00Z,ahu-c-f03-east,ON,NORMAL,14.35,25.15,14.00
src-ahu-0049-021,2026-01-15T08:49:00Z,ahu-c-f03-west,ON,NORMAL,14.39,25.45,14.00
src-ahu-0049-022,2026-01-15T08:49:00Z,ahu-c-f04-east,ON,NORMAL,14.33,25.76,14.00
src-ahu-0049-023,2026-01-15T08:49:00Z,ahu-c-f04-west,ON,NORMAL,14.40,25.88,14.00
src-ahu-0050-000,2026-01-15T08:50:00Z,ahu-a-f01-east,ON,NORMAL,13.88,25.39,14.00
src-ahu-0050-001,2026-01-15T08:50:00Z,ahu-a-f01-west,ON,NORMAL,13.65,25.33,14.00
src-ahu-0050-002,2026-01-15T08:50:00Z,ahu-a-f02-east,ON,NORMAL,13.73,25.38,14.00
src-ahu-0050-003,2026-01-15T08:50:00Z,ahu-a-f02-west,ON,NORMAL,13.67,25.28,14.00
src-ahu-0050-004,2026-01-15T08:50:00Z,ahu-a-f03-east,ON,NORMAL,13.58,25.31,14.00
src-ahu-0050-005,2026-01-15T08:50:00Z,ahu-a-f03-west,ON,NORMAL,13.66,25.15,14.00
src-ahu-0050-006,2026-01-15T08:50:00Z,ahu-a-f04-east,ON,NORMAL,13.60,25.05,14.00
src-ahu-0050-007,2026-01-15T08:50:00Z,ahu-a-f04-west,ON,NORMAL,13.71,24.94,14.00
src-ahu-0050-008,2026-01-15T08:50:00Z,ahu-b-f01-east,ON,NORMAL,13.70,24.05,14.00
src-ahu-0050-009,2026-01-15T08:50:00Z,ahu-b-f01-west,ON,NORMAL,13.80,23.91,14.00
src-ahu-0050-010,2026-01-15T08:50:00Z,ahu-b-f02-east,ON,NORMAL,13.73,24.09,14.00
src-ahu-0050-011,2026-01-15T08:50:00Z,ahu-b-f02-west,ON,NORMAL,13.74,23.86,14.00
src-ahu-0050-012,2026-01-15T08:50:00Z,ahu-b-f03-east,ON,NORMAL,13.94,24.05,14.00
src-ahu-0050-013,2026-01-15T08:50:00Z,ahu-b-f03-west,ON,NORMAL,13.97,23.95,14.00
src-ahu-0050-014,2026-01-15T08:50:00Z,ahu-b-f04-east,ON,NORMAL,14.03,24.23,14.00
src-ahu-0050-015,2026-01-15T08:50:00Z,ahu-b-f04-west,ON,NORMAL,14.15,24.22,14.00
src-ahu-0050-016,2026-01-15T08:50:00Z,ahu-c-f01-east,ON,NORMAL,14.18,24.19,14.00
src-ahu-0050-017,2026-01-15T08:50:00Z,ahu-c-f01-west,ON,NORMAL,14.09,24.27,14.00
src-ahu-0050-018,2026-01-15T08:50:00Z,ahu-c-f02-east,ON,NORMAL,14.28,24.66,14.00
src-ahu-0050-019,2026-01-15T08:50:00Z,ahu-c-f02-west,ON,NORMAL,14.23,24.77,14.00
src-ahu-0050-020,2026-01-15T08:50:00Z,ahu-c-f03-east,ON,NORMAL,14.28,25.14,14.00
src-ahu-0050-021,2026-01-15T08:50:00Z,ahu-c-f03-west,ON,NORMAL,14.32,25.33,14.00
src-ahu-0050-022,2026-01-15T08:50:00Z,ahu-c-f04-east,ON,NORMAL,14.29,25.73,14.00
src-ahu-0050-023,2026-01-15T08:50:00Z,ahu-c-f04-west,ON,NORMAL,14.28,25.93,14.00
src-ahu-0051-000,2026-01-15T08:51:00Z,ahu-a-f01-east,ON,NORMAL,13.71,25.33,14.00
src-ahu-0051-001,2026-01-15T08:51:00Z,ahu-a-f01-west,ON,NORMAL,13.83,25.25,14.00
src-ahu-0051-002,2026-01-15T08:51:00Z,ahu-a-f02-east,ON,NORMAL,13.66,25.32,14.00
src-ahu-0051-003,2026-01-15T08:51:00Z,ahu-a-f02-west,ON,NORMAL,13.69,25.27,14.00
src-ahu-0051-004,2026-01-15T08:51:00Z,ahu-a-f03-east,ON,NORMAL,13.77,25.19,14.00
src-ahu-0051-005,2026-01-15T08:51:00Z,ahu-a-f03-west,ON,NORMAL,13.75,25.16,14.00
src-ahu-0051-006,2026-01-15T08:51:00Z,ahu-a-f04-east,ON,NORMAL,13.75,25.02,14.00
src-ahu-0051-007,2026-01-15T08:51:00Z,ahu-a-f04-west,ON,NORMAL,13.63,24.91,14.00
src-ahu-0051-008,2026-01-15T08:51:00Z,ahu-b-f01-east,ON,NORMAL,13.79,24.12,14.00
src-ahu-0051-009,2026-01-15T08:51:00Z,ahu-b-f01-west,ON,NORMAL,13.71,24.03,14.00
src-ahu-0051-010,2026-01-15T08:51:00Z,ahu-b-f02-east,ON,NORMAL,13.74,24.01,14.00
src-ahu-0051-011,2026-01-15T08:51:00Z,ahu-b-f02-west,ON,NORMAL,13.72,23.94,14.00
src-ahu-0051-012,2026-01-15T08:51:00Z,ahu-b-f03-east,ON,NORMAL,13.83,23.94,14.00
src-ahu-0051-013,2026-01-15T08:51:00Z,ahu-b-f03-west,ON,NORMAL,13.86,24.07,14.00
src-ahu-0051-014,2026-01-15T08:51:00Z,ahu-b-f04-east,ON,NORMAL,14.09,24.21,14.00
src-ahu-0051-015,2026-01-15T08:51:00Z,ahu-b-f04-west,ON,NORMAL,14.10,24.33,14.00
src-ahu-0051-016,2026-01-15T08:51:00Z,ahu-c-f01-east,ON,NORMAL,14.19,24.25,14.00
src-ahu-0051-017,2026-01-15T08:51:00Z,ahu-c-f01-west,ON,NORMAL,14.07,24.33,14.00
src-ahu-0051-018,2026-01-15T08:51:00Z,ahu-c-f02-east,ON,NORMAL,14.28,24.62,14.00
src-ahu-0051-019,2026-01-15T08:51:00Z,ahu-c-f02-west,ON,NORMAL,14.34,24.80,14.00
src-ahu-0051-020,2026-01-15T08:51:00Z,ahu-c-f03-east,ON,NORMAL,14.22,25.34,14.00
src-ahu-0051-021,2026-01-15T08:51:00Z,ahu-c-f03-west,ON,NORMAL,14.33,25.44,14.00
src-ahu-0051-022,2026-01-15T08:51:00Z,ahu-c-f04-east,ON,NORMAL,14.38,25.87,14.00
src-ahu-0051-023,2026-01-15T08:51:00Z,ahu-c-f04-west,ON,NORMAL,14.24,26.04,14.00
src-ahu-0052-000,2026-01-15T08:52:00Z,ahu-a-f01-east,ON,NORMAL,13.66,25.43,14.00
src-ahu-0052-001,2026-01-15T08:52:00Z,ahu-a-f01-west,ON,NORMAL,13.66,25.40,14.00
src-ahu-0052-002,2026-01-15T08:52:00Z,ahu-a-f02-east,ON,NORMAL,13.69,25.41,14.00
src-ahu-0052-003,2026-01-15T08:52:00Z,ahu-a-f02-west,ON,NORMAL,13.62,25.18,14.00
src-ahu-0052-004,2026-01-15T08:52:00Z,ahu-a-f03-east,ON,NORMAL,13.55,25.34,14.00
src-ahu-0052-005,2026-01-15T08:52:00Z,ahu-a-f03-west,ON,NORMAL,13.71,25.05,14.00
src-ahu-0052-006,2026-01-15T08:52:00Z,ahu-a-f04-east,ON,NORMAL,13.66,25.13,14.00
src-ahu-0052-007,2026-01-15T08:52:00Z,ahu-a-f04-west,ON,NORMAL,13.68,24.88,14.00
src-ahu-0052-008,2026-01-15T08:52:00Z,ahu-b-f01-east,ON,NORMAL,13.75,24.06,14.00
src-ahu-0052-009,2026-01-15T08:52:00Z,ahu-b-f01-west,ON,NORMAL,13.65,23.91,14.00
src-ahu-0052-010,2026-01-15T08:52:00Z,ahu-b-f02-east,ON,NORMAL,13.80,24.05,14.00
src-ahu-0052-011,2026-01-15T08:52:00Z,ahu-b-f02-west,ON,NORMAL,13.90,23.90,14.00
src-ahu-0052-012,2026-01-15T08:52:00Z,ahu-b-f03-east,ON,NORMAL,13.86,24.03,14.00
src-ahu-0052-013,2026-01-15T08:52:00Z,ahu-b-f03-west,ON,NORMAL,14.07,23.95,14.00
src-ahu-0052-014,2026-01-15T08:52:00Z,ahu-b-f04-east,ON,NORMAL,13.99,24.18,14.00
src-ahu-0052-015,2026-01-15T08:52:00Z,ahu-b-f04-west,ON,NORMAL,14.13,24.24,14.00
src-ahu-0052-016,2026-01-15T08:52:00Z,ahu-c-f01-east,ON,NORMAL,14.21,24.29,14.00
src-ahu-0052-017,2026-01-15T08:52:00Z,ahu-c-f01-west,ON,NORMAL,14.15,24.39,14.00
src-ahu-0052-018,2026-01-15T08:52:00Z,ahu-c-f02-east,ON,NORMAL,14.23,24.73,14.00
src-ahu-0052-019,2026-01-15T08:52:00Z,ahu-c-f02-west,ON,NORMAL,14.36,24.89,14.00
src-ahu-0052-020,2026-01-15T08:52:00Z,ahu-c-f03-east,ON,NORMAL,14.27,25.27,14.00
src-ahu-0052-021,2026-01-15T08:52:00Z,ahu-c-f03-west,ON,NORMAL,14.30,25.51,14.00
src-ahu-0052-022,2026-01-15T08:52:00Z,ahu-c-f04-east,ON,NORMAL,14.39,25.91,14.00
src-ahu-0052-023,2026-01-15T08:52:00Z,ahu-c-f04-west,ON,NORMAL,14.47,25.90,14.00
src-ahu-0053-000,2026-01-15T08:53:00Z,ahu-a-f01-east,ON,NORMAL,13.84,25.33,14.00
src-ahu-0053-001,2026-01-15T08:53:00Z,ahu-a-f01-west,ON,NORMAL,13.68,25.38,14.00
src-ahu-0053-002,2026-01-15T08:53:00Z,ahu-a-f02-east,ON,NORMAL,13.70,25.35,14.00
src-ahu-0053-003,2026-01-15T08:53:00Z,ahu-a-f02-west,ON,NORMAL,13.66,25.12,14.00
src-ahu-0053-004,2026-01-15T08:53:00Z,ahu-a-f03-east,ON,NORMAL,13.63,25.23,14.00
src-ahu-0053-005,2026-01-15T08:53:00Z,ahu-a-f03-west,ON,NORMAL,13.77,25.01,14.00
src-ahu-0053-006,2026-01-15T08:53:00Z,ahu-a-f04-east,ON,NORMAL,13.61,25.02,14.00
src-ahu-0053-007,2026-01-15T08:53:00Z,ahu-a-f04-west,ON,NORMAL,13.66,24.78,14.00
src-ahu-0053-008,2026-01-15T08:53:00Z,ahu-b-f01-east,ON,NORMAL,13.64,24.12,14.00
src-ahu-0053-009,2026-01-15T08:53:00Z,ahu-b-f01-west,ON,NORMAL,13.67,23.94,14.00
src-ahu-0053-010,2026-01-15T08:53:00Z,ahu-b-f02-east,ON,NORMAL,13.90,23.94,14.00
src-ahu-0053-011,2026-01-15T08:53:00Z,ahu-b-f02-west,ON,NORMAL,13.88,23.85,14.00
src-ahu-0053-012,2026-01-15T08:53:00Z,ahu-b-f03-east,ON,NORMAL,13.92,24.04,14.00
src-ahu-0053-013,2026-01-15T08:53:00Z,ahu-b-f03-west,ON,NORMAL,13.92,24.01,14.00
src-ahu-0053-014,2026-01-15T08:53:00Z,ahu-b-f04-east,ON,NORMAL,14.06,24.19,14.00
src-ahu-0053-015,2026-01-15T08:53:00Z,ahu-b-f04-west,ON,NORMAL,14.17,24.36,14.00
src-ahu-0053-016,2026-01-15T08:53:00Z,ahu-c-f01-east,ON,NORMAL,14.29,24.23,14.00
src-ahu-0053-017,2026-01-15T08:53:00Z,ahu-c-f01-west,ON,NORMAL,14.17,24.41,14.00
src-ahu-0053-018,2026-01-15T08:53:00Z,ahu-c-f02-east,ON,NORMAL,14.24,24.73,14.00
src-ahu-0053-019,2026-01-15T08:53:00Z,ahu-c-f02-west,ON,NORMAL,14.35,24.94,14.00
src-ahu-0053-020,2026-01-15T08:53:00Z,ahu-c-f03-east,ON,NORMAL,14.40,25.31,14.00
src-ahu-0053-021,2026-01-15T08:53:00Z,ahu-c-f03-west,ON,NORMAL,14.38,25.51,14.00
src-ahu-0053-022,2026-01-15T08:53:00Z,ahu-c-f04-east,ON,NORMAL,14.40,25.88,14.00
src-ahu-0053-023,2026-01-15T08:53:00Z,ahu-c-f04-west,ON,NORMAL,14.38,26.09,14.00
src-ahu-0054-000,2026-01-15T08:54:00Z,ahu-a-f01-east,ON,NORMAL,13.65,25.41,14.00
src-ahu-0054-001,2026-01-15T08:54:00Z,ahu-a-f01-west,ON,NORMAL,13.76,25.26,14.00
src-ahu-0054-002,2026-01-15T08:54:00Z,ahu-a-f02-east,ON,NORMAL,13.66,25.28,14.00
src-ahu-0054-003,2026-01-15T08:54:00Z,ahu-a-f02-west,ON,NORMAL,13.54,25.21,14.00
src-ahu-0054-004,2026-01-15T08:54:00Z,ahu-a-f03-east,ON,NORMAL,13.56,25.26,14.00
src-ahu-0054-005,2026-01-15T08:54:00Z,ahu-a-f03-west,ON,NORMAL,13.77,25.04,14.00
src-ahu-0054-006,2026-01-15T08:54:00Z,ahu-a-f04-east,ON,NORMAL,13.80,24.95,14.00
src-ahu-0054-007,2026-01-15T08:54:00Z,ahu-a-f04-west,ON,NORMAL,13.77,24.73,14.00
src-ahu-0054-008,2026-01-15T08:54:00Z,ahu-b-f01-east,ON,NORMAL,13.71,24.00,14.00
src-ahu-0054-009,2026-01-15T08:54:00Z,ahu-b-f01-west,ON,NORMAL,13.87,23.87,14.00
src-ahu-0054-010,2026-01-15T08:54:00Z,ahu-b-f02-east,ON,NORMAL,13.86,23.95,14.00
src-ahu-0054-011,2026-01-15T08:54:00Z,ahu-b-f02-west,ON,NORMAL,13.91,23.94,14.00
src-ahu-0054-012,2026-01-15T08:54:00Z,ahu-b-f03-east,ON,NORMAL,14.00,24.06,14.00
src-ahu-0054-013,2026-01-15T08:54:00Z,ahu-b-f03-west,ON,NORMAL,14.05,24.05,14.00
src-ahu-0054-014,2026-01-15T08:54:00Z,ahu-b-f04-east,ON,NORMAL,14.12,24.16,14.00
src-ahu-0054-015,2026-01-15T08:54:00Z,ahu-b-f04-west,ON,NORMAL,14.11,24.22,14.00
src-ahu-0054-016,2026-01-15T08:54:00Z,ahu-c-f01-east,ON,NORMAL,14.18,24.23,14.00
src-ahu-0054-017,2026-01-15T08:54:00Z,ahu-c-f01-west,ON,NORMAL,14.34,24.45,14.00
src-ahu-0054-018,2026-01-15T08:54:00Z,ahu-c-f02-east,ON,NORMAL,14.37,24.84,14.00
src-ahu-0054-019,2026-01-15T08:54:00Z,ahu-c-f02-west,ON,NORMAL,14.39,24.94,14.00
src-ahu-0054-020,2026-01-15T08:54:00Z,ahu-c-f03-east,ON,NORMAL,14.39,25.36,14.00
src-ahu-0054-021,2026-01-15T08:54:00Z,ahu-c-f03-west,ON,NORMAL,14.42,25.54,14.00
src-ahu-0054-022,2026-01-15T08:54:00Z,ahu-c-f04-east,ON,NORMAL,14.24,25.93,14.00
src-ahu-0054-023,2026-01-15T08:54:00Z,ahu-c-f04-west,ON,NORMAL,14.33,25.98,14.00
src-ahu-0055-000,2026-01-15T08:55:00Z,ahu-a-f01-east,ON,NORMAL,13.68,25.34,14.00
src-ahu-0055-001,2026-01-15T08:55:00Z,ahu-a-f01-west,ON,NORMAL,13.77,25.33,14.00
src-ahu-0055-002,2026-01-15T08:55:00Z,ahu-a-f02-east,ON,NORMAL,13.72,25.30,14.00
src-ahu-0055-003,2026-01-15T08:55:00Z,ahu-a-f02-west,ON,NORMAL,13.56,25.18,14.00
src-ahu-0055-004,2026-01-15T08:55:00Z,ahu-a-f03-east,ON,NORMAL,13.56,25.21,14.00
src-ahu-0055-005,2026-01-15T08:55:00Z,ahu-a-f03-west,ON,NORMAL,13.67,24.90,14.00
src-ahu-0055-006,2026-01-15T08:55:00Z,ahu-a-f04-east,ON,NORMAL,13.79,24.91,14.00
src-ahu-0055-007,2026-01-15T08:55:00Z,ahu-a-f04-west,ON,NORMAL,13.72,24.83,14.00
src-ahu-0055-008,2026-01-15T08:55:00Z,ahu-b-f01-east,ON,NORMAL,13.72,24.01,14.00
src-ahu-0055-009,2026-01-15T08:55:00Z,ahu-b-f01-west,ON,NORMAL,13.72,23.85,14.00
src-ahu-0055-010,2026-01-15T08:55:00Z,ahu-b-f02-east,ON,NORMAL,13.82,24.01,14.00
src-ahu-0055-011,2026-01-15T08:55:00Z,ahu-b-f02-west,ON,NORMAL,14.03,23.79,14.00
src-ahu-0055-012,2026-01-15T08:55:00Z,ahu-b-f03-east,ON,NORMAL,14.04,24.01,14.00
src-ahu-0055-013,2026-01-15T08:55:00Z,ahu-b-f03-west,ON,NORMAL,14.04,23.95,14.00
src-ahu-0055-014,2026-01-15T08:55:00Z,ahu-b-f04-east,ON,NORMAL,14.22,24.29,14.00
src-ahu-0055-015,2026-01-15T08:55:00Z,ahu-b-f04-west,ON,NORMAL,14.23,24.25,14.00
src-ahu-0055-016,2026-01-15T08:55:00Z,ahu-c-f01-east,ON,NORMAL,14.29,24.32,14.00
src-ahu-0055-017,2026-01-15T08:55:00Z,ahu-c-f01-west,ON,NORMAL,14.38,24.47,14.00
src-ahu-0055-018,2026-01-15T08:55:00Z,ahu-c-f02-east,ON,NORMAL,14.40,24.73,14.00
src-ahu-0055-019,2026-01-15T08:55:00Z,ahu-c-f02-west,ON,NORMAL,14.36,24.96,14.00
src-ahu-0055-020,2026-01-15T08:55:00Z,ahu-c-f03-east,ON,NORMAL,14.41,25.42,14.00
src-ahu-0055-021,2026-01-15T08:55:00Z,ahu-c-f03-west,ON,NORMAL,14.33,25.52,14.00
src-ahu-0055-022,2026-01-15T08:55:00Z,ahu-c-f04-east,ON,NORMAL,14.24,25.95,14.00
src-ahu-0055-023,2026-01-15T08:55:00Z,ahu-c-f04-west,ON,NORMAL,14.35,26.03,14.00
src-ahu-0056-000,2026-01-15T08:56:00Z,ahu-a-f01-east,ON,NORMAL,13.58,25.39,14.00
src-ahu-0056-001,2026-01-15T08:56:00Z,ahu-a-f01-west,ON,NORMAL,13.61,25.29,14.00
src-ahu-0056-002,2026-01-15T08:56:00Z,ahu-a-f02-east,ON,NORMAL,13.70,25.23,14.00
src-ahu-0056-003,2026-01-15T08:56:00Z,ahu-a-f02-west,ON,NORMAL,13.69,25.15,14.00
src-ahu-0056-004,2026-01-15T08:56:00Z,ahu-a-f03-east,ON,NORMAL,13.62,25.12,14.00
src-ahu-0056-005,2026-01-15T08:56:00Z,ahu-a-f03-west,ON,NORMAL,13.61,24.94,14.00
src-ahu-0056-006,2026-01-15T08:56:00Z,ahu-a-f04-east,ON,NORMAL,13.81,24.93,14.00
src-ahu-0056-007,2026-01-15T08:56:00Z,ahu-a-f04-west,ON,NORMAL,13.65,24.64,14.00
src-ahu-0056-008,2026-01-15T08:56:00Z,ahu-b-f01-east,ON,NORMAL,13.82,24.05,14.00
src-ahu-0056-009,2026-01-15T08:56:00Z,ahu-b-f01-west,ON,NORMAL,13.95,23.95,14.00
src-ahu-0056-010,2026-01-15T08:56:00Z,ahu-b-f02-east,ON,NORMAL,13.92,23.99,14.00
src-ahu-0056-011,2026-01-15T08:56:00Z,ahu-b-f02-west,ON,NORMAL,14.01,23.84,14.00
src-ahu-0056-012,2026-01-15T08:56:00Z,ahu-b-f03-east,ON,NORMAL,14.07,23.99,14.00
src-ahu-0056-013,2026-01-15T08:56:00Z,ahu-b-f03-west,ON,NORMAL,13.99,23.92,14.00
src-ahu-0056-014,2026-01-15T08:56:00Z,ahu-b-f04-east,ON,NORMAL,14.10,24.24,14.00
src-ahu-0056-015,2026-01-15T08:56:00Z,ahu-b-f04-west,ON,NORMAL,14.29,24.34,14.00
src-ahu-0056-016,2026-01-15T08:56:00Z,ahu-c-f01-east,ON,NORMAL,14.19,24.41,14.00
src-ahu-0056-017,2026-01-15T08:56:00Z,ahu-c-f01-west,ON,NORMAL,14.25,24.51,14.00
src-ahu-0056-018,2026-01-15T08:56:00Z,ahu-c-f02-east,ON,NORMAL,14.19,24.85,14.00
src-ahu-0056-019,2026-01-15T08:56:00Z,ahu-c-f02-west,ON,NORMAL,14.24,25.04,14.00
src-ahu-0056-020,2026-01-15T08:56:00Z,ahu-c-f03-east,ON,NORMAL,14.30,25.36,14.00
src-ahu-0056-021,2026-01-15T08:56:00Z,ahu-c-f03-west,ON,NORMAL,14.38,25.61,14.00
src-ahu-0056-022,2026-01-15T08:56:00Z,ahu-c-f04-east,ON,NORMAL,14.32,25.91,14.00
src-ahu-0056-023,2026-01-15T08:56:00Z,ahu-c-f04-west,ON,NORMAL,14.41,26.18,14.00
src-ahu-0057-000,2026-01-15T08:57:00Z,ahu-a-f01-east,ON,NORMAL,13.68,25.36,14.00
src-ahu-0057-001,2026-01-15T08:57:00Z,ahu-a-f01-west,ON,NORMAL,13.75,25.22,14.00
src-ahu-0057-002,2026-01-15T08:57:00Z,ahu-a-f02-east,ON,NORMAL,13.64,25.36,14.00
src-ahu-0057-003,2026-01-15T08:57:00Z,ahu-a-f02-west,ON,NORMAL,13.70,25.08,14.00
src-ahu-0057-004,2026-01-15T08:57:00Z,ahu-a-f03-east,ON,NORMAL,13.70,25.11,14.00
src-ahu-0057-005,2026-01-15T08:57:00Z,ahu-a-f03-west,ON,NORMAL,13.73,24.94,14.00
src-ahu-0057-006,2026-01-15T08:57:00Z,ahu-a-f04-east,ON,NORMAL,13.71,24.83,14.00
src-ahu-0057-007,2026-01-15T08:57:00Z,ahu-a-f04-west,ON,NORMAL,13.85,24.73,14.00
src-ahu-0057-008,2026-01-15T08:57:00Z,ahu-b-f01-east,ON,NORMAL,13.82,23.97,14.00
src-ahu-0057-009,2026-01-15T08:57:00Z,ahu-b-f01-west,ON,NORMAL,13.82,23.74,14.00
src-ahu-0057-010,2026-01-15T08:57:00Z,ahu-b-f02-east,ON,NORMAL,13.99,23.95,14.00
src-ahu-0057-011,2026-01-15T08:57:00Z,ahu-b-f02-west,ON,NORMAL,13.97,23.79,14.00
src-ahu-0057-012,2026-01-15T08:57:00Z,ahu-b-f03-east,ON,NORMAL,14.14,24.00,14.00
src-ahu-0057-013,2026-01-15T08:57:00Z,ahu-b-f03-west,ON,NORMAL,14.13,24.06,14.00
src-ahu-0057-014,2026-01-15T08:57:00Z,ahu-b-f04-east,ON,NORMAL,14.13,24.26,14.00
src-ahu-0057-015,2026-01-15T08:57:00Z,ahu-b-f04-west,ON,NORMAL,14.19,24.32,14.00
src-ahu-0057-016,2026-01-15T08:57:00Z,ahu-c-f01-east,ON,NORMAL,14.28,24.38,14.00
src-ahu-0057-017,2026-01-15T08:57:00Z,ahu-c-f01-west,ON,NORMAL,14.33,24.50,14.00
src-ahu-0057-018,2026-01-15T08:57:00Z,ahu-c-f02-east,ON,NORMAL,14.29,24.82,14.00
src-ahu-0057-019,2026-01-15T08:57:00Z,ahu-c-f02-west,ON,NORMAL,14.32,24.98,14.00
src-ahu-0057-020,2026-01-15T08:57:00Z,ahu-c-f03-east,ON,NORMAL,14.40,25.37,14.00
src-ahu-0057-021,2026-01-15T08:57:00Z,ahu-c-f03-west,ON,NORMAL,14.42,25.69,14.00
src-ahu-0057-022,2026-01-15T08:57:00Z,ahu-c-f04-east,ON,NORMAL,14.37,25.93,14.00
src-ahu-0057-023,2026-01-15T08:57:00Z,ahu-c-f04-west,ON,NORMAL,14.40,26.16,14.00
src-ahu-0058-000,2026-01-15T08:58:00Z,ahu-a-f01-east,ON,NORMAL,13.62,25.39,14.00
src-ahu-0058-001,2026-01-15T08:58:00Z,ahu-a-f01-west,ON,NORMAL,13.72,25.20,14.00
src-ahu-0058-002,2026-01-15T08:58:00Z,ahu-a-f02-east,ON,NORMAL,13.72,25.28,14.00
src-ahu-0058-003,2026-01-15T08:58:00Z,ahu-a-f02-west,ON,NORMAL,13.58,25.10,14.00
src-ahu-0058-004,2026-01-15T08:58:00Z,ahu-a-f03-east,ON,NORMAL,13.60,25.03,14.00
src-ahu-0058-005,2026-01-15T08:58:00Z,ahu-a-f03-west,ON,NORMAL,13.61,24.86,14.00
src-ahu-0058-006,2026-01-15T08:58:00Z,ahu-a-f04-east,ON,NORMAL,13.83,24.80,14.00
src-ahu-0058-007,2026-01-15T08:58:00Z,ahu-a-f04-west,ON,NORMAL,13.86,24.64,14.00
src-ahu-0058-008,2026-01-15T08:58:00Z,ahu-b-f01-east,ON,NORMAL,13.76,24.00,14.00
src-ahu-0058-009,2026-01-15T08:58:00Z,ahu-b-f01-west,ON,NORMAL,13.91,23.73,14.00
src-ahu-0058-010,2026-01-15T08:58:00Z,ahu-b-f02-east,ON,NORMAL,13.91,23.91,14.00
src-ahu-0058-011,2026-01-15T08:58:00Z,ahu-b-f02-west,ON,NORMAL,13.93,23.76,14.00
src-ahu-0058-012,2026-01-15T08:58:00Z,ahu-b-f03-east,ON,NORMAL,14.05,23.95,14.00
src-ahu-0058-013,2026-01-15T08:58:00Z,ahu-b-f03-west,ON,NORMAL,14.14,24.07,14.00
src-ahu-0058-014,2026-01-15T08:58:00Z,ahu-b-f04-east,ON,NORMAL,14.28,24.25,14.00
src-ahu-0058-015,2026-01-15T08:58:00Z,ahu-b-f04-west,ON,NORMAL,14.15,24.45,14.00
src-ahu-0058-016,2026-01-15T08:58:00Z,ahu-c-f01-east,ON,NORMAL,14.37,24.34,14.00
src-ahu-0058-017,2026-01-15T08:58:00Z,ahu-c-f01-west,ON,NORMAL,14.41,24.52,14.00
src-ahu-0058-018,2026-01-15T08:58:00Z,ahu-c-f02-east,ON,NORMAL,14.27,24.89,14.00
src-ahu-0058-019,2026-01-15T08:58:00Z,ahu-c-f02-west,ON,NORMAL,14.36,25.14,14.00
src-ahu-0058-020,2026-01-15T08:58:00Z,ahu-c-f03-east,ON,NORMAL,14.44,25.55,14.00
src-ahu-0058-021,2026-01-15T08:58:00Z,ahu-c-f03-west,ON,NORMAL,14.46,25.64,14.00
src-ahu-0058-022,2026-01-15T08:58:00Z,ahu-c-f04-east,ON,NORMAL,14.30,26.05,14.00
src-ahu-0058-023,2026-01-15T08:58:00Z,ahu-c-f04-west,ON,NORMAL,14.32,26.12,14.00
src-ahu-0059-000,2026-01-15T08:59:00Z,ahu-a-f01-east,ON,NORMAL,13.56,25.25,14.00
src-ahu-0059-001,2026-01-15T08:59:00Z,ahu-a-f01-west,ON,NORMAL,13.64,25.29,14.00
src-ahu-0059-002,2026-01-15T08:59:00Z,ahu-a-f02-east,ON,NORMAL,13.57,25.31,14.00
src-ahu-0059-003,2026-01-15T08:59:00Z,ahu-a-f02-west,ON,NORMAL,13.65,24.97,14.00
src-ahu-0059-004,2026-01-15T08:59:00Z,ahu-a-f03-east,ON,NORMAL,13.74,25.09,14.00
src-ahu-0059-005,2026-01-15T08:59:00Z,ahu-a-f03-west,ON,NORMAL,13.84,24.79,14.00
src-ahu-0059-006,2026-01-15T08:59:00Z,ahu-a-f04-east,ON,NORMAL,13.66,24.92,14.00
src-ahu-0059-007,2026-01-15T08:59:00Z,ahu-a-f04-west,ON,NORMAL,13.91,24.69,14.00
src-ahu-0059-008,2026-01-15T08:59:00Z,ahu-b-f01-east,ON,NORMAL,13.90,23.97,14.00
src-ahu-0059-009,2026-01-15T08:59:00Z,ahu-b-f01-west,ON,NORMAL,13.87,23.82,14.00
src-ahu-0059-010,2026-01-15T08:59:00Z,ahu-b-f02-east,ON,NORMAL,13.98,23.82,14.00
src-ahu-0059-011,2026-01-15T08:59:00Z,ahu-b-f02-west,ON,NORMAL,14.07,23.92,14.00
src-ahu-0059-012,2026-01-15T08:59:00Z,ahu-b-f03-east,ON,NORMAL,14.03,24.04,14.00
src-ahu-0059-013,2026-01-15T08:59:00Z,ahu-b-f03-west,ON,NORMAL,14.17,24.07,14.00
src-ahu-0059-014,2026-01-15T08:59:00Z,ahu-b-f04-east,ON,NORMAL,14.32,24.31,14.00
src-ahu-0059-015,2026-01-15T08:59:00Z,ahu-b-f04-west,ON,NORMAL,14.16,24.30,14.00
src-ahu-0059-016,2026-01-15T08:59:00Z,ahu-c-f01-east,ON,NORMAL,14.32,24.38,14.00
src-ahu-0059-017,2026-01-15T08:59:00Z,ahu-c-f01-west,ON,NORMAL,14.24,24.60,14.00
src-ahu-0059-018,2026-01-15T08:59:00Z,ahu-c-f02-east,ON,NORMAL,14.24,24.92,14.00
src-ahu-0059-019,2026-01-15T08:59:00Z,ahu-c-f02-west,ON,NORMAL,14.36,25.15,14.00
src-ahu-0059-020,2026-01-15T08:59:00Z,ahu-c-f03-east,ON,NORMAL,14.40,25.49,14.00
src-ahu-0059-021,2026-01-15T08:59:00Z,ahu-c-f03-west,ON,NORMAL,14.41,25.73,14.00
src-ahu-0059-022,2026-01-15T08:59:00Z,ahu-c-f04-east,ON,NORMAL,14.26,26.03,14.00
src-ahu-0059-023,2026-01-15T08:59:00Z,ahu-c-f04-west,ON,NORMAL,14.32,26.19,14.00
src-ahu-0060-000,2026-01-15T09:00:00Z,ahu-a-f01-east,ON,NORMAL,13.74,25.27,14.00
src-ahu-0060-001,2026-01-15T09:00:00Z,ahu-a-f01-west,ON,NORMAL,13.69,25.09,14.00
src-ahu-0060-002,2026-01-15T09:00:00Z,ahu-a-f02-east,ON,NORMAL,13.58,25.11,14.00
src-ahu-0060-003,2026-01-15T09:00:00Z,ahu-a-f02-west,ON,NORMAL,13.74,25.07,14.00
src-ahu-0060-004,2026-01-15T09:00:00Z,ahu-a-f03-east,ON,NORMAL,13.62,24.97,14.00
src-ahu-0060-005,2026-01-15T09:00:00Z,ahu-a-f03-west,ON,NORMAL,18.10,24.87,14.00
src-ahu-0060-006,2026-01-15T09:00:00Z,ahu-a-f04-east,ON,NORMAL,13.76,24.71,14.00
src-ahu-0060-007,2026-01-15T09:00:00Z,ahu-a-f04-west,ON,NORMAL,13.82,24.64,14.00
src-ahu-0060-008,2026-01-15T09:00:00Z,ahu-b-f01-east,ON,NORMAL,13.88,23.89,14.00
src-ahu-0060-009,2026-01-15T09:00:00Z,ahu-b-f01-west,ON,NORMAL,13.90,23.77,14.00
src-ahu-0060-010,2026-01-15T09:00:00Z,ahu-b-f02-east,ON,NORMAL,13.93,23.84,14.00
src-ahu-0060-011,2026-01-15T09:00:00Z,ahu-b-f02-west,ON,NORMAL,14.16,23.82,14.00
src-ahu-0060-012,2026-01-15T09:00:00Z,ahu-b-f03-east,ON,NORMAL,14.04,23.92,14.00
src-ahu-0060-013,2026-01-15T09:00:00Z,ahu-b-f03-west,ON,NORMAL,14.26,24.05,14.00
src-ahu-0060-014,2026-01-15T09:00:00Z,ahu-b-f04-east,ON,NORMAL,14.23,24.30,14.00
src-ahu-0060-015,2026-01-15T09:00:00Z,ahu-b-f04-west,ON,NORMAL,14.23,24.43,14.00
src-ahu-0060-016,2026-01-15T09:00:00Z,ahu-c-f01-east,ON,NORMAL,14.37,24.45,14.00
src-ahu-0060-017,2026-01-15T09:00:00Z,ahu-c-f01-west,ON,NORMAL,14.41,24.50,14.00
src-ahu-0060-018,2026-01-15T09:00:00Z,ahu-c-f02-east,ON,NORMAL,14.27,25.02,14.00
src-ahu-0060-019,2026-01-15T09:00:00Z,ahu-c-f02-west,ON,NORMAL,14.39,25.21,14.00
src-ahu-0060-020,2026-01-15T09:00:00Z,ahu-c-f03-east,ON,NORMAL,14.43,25.51,14.00
src-ahu-0060-021,2026-01-15T09:00:00Z,ahu-c-f03-west,ON,NORMAL,14.28,25.71,14.00
src-ahu-0060-022,2026-01-15T09:00:00Z,ahu-c-f04-east,ON,NORMAL,14.37,26.09,14.00
src-ahu-0060-023,2026-01-15T09:00:00Z,ahu-c-f04-west,ON,NORMAL,14.18,26.15,14.00
src-ahu-0061-000,2026-01-15T09:01:00Z,ahu-a-f01-east,ON,NORMAL,13.55,25.30,14.00
src-ahu-0061-001,2026-01-15T09:01:00Z,ahu-a-f01-west,ON,NORMAL,13.58,25.11,14.00
src-ahu-0061-002,2026-01-15T09:01:00Z,ahu-a-f02-east,ON,NORMAL,13.77,25.16,14.00
src-ahu-0061-003,2026-01-15T09:01:00Z,ahu-a-f02-west,ON,NORMAL,13.73,25.05,14.00
src-ahu-0061-004,2026-01-15T09:01:00Z,ahu-a-f03-east,ON,NORMAL,13.61,24.93,14.00
src-ahu-0061-005,2026-01-15T09:01:00Z,ahu-a-f03-west,ON,NORMAL,18.10,24.66,14.00
src-ahu-0061-006,2026-01-15T09:01:00Z,ahu-a-f04-east,ON,NORMAL,13.76,24.79,14.00
src-ahu-0061-007,2026-01-15T09:01:00Z,ahu-a-f04-west,ON,NORMAL,13.80,24.48,14.00
src-ahu-0061-008,2026-01-15T09:01:00Z,ahu-b-f01-east,ON,NORMAL,13.88,23.91,14.00
src-ahu-0061-009,2026-01-15T09:01:00Z,ahu-b-f01-west,ON,NORMAL,14.06,23.81,14.00
src-ahu-0061-010,2026-01-15T09:01:00Z,ahu-b-f02-east,ON,NORMAL,14.12,23.83,14.00
src-ahu-0061-011,2026-01-15T09:01:00Z,ahu-b-f02-west,ON,NORMAL,14.10,23.88,14.00
src-ahu-0061-012,2026-01-15T09:01:00Z,ahu-b-f03-east,ON,NORMAL,14.16,24.02,14.00
src-ahu-0061-013,2026-01-15T09:01:00Z,ahu-b-f03-west,ON,NORMAL,14.27,24.04,14.00
src-ahu-0061-014,2026-01-15T09:01:00Z,ahu-b-f04-east,ON,NORMAL,14.35,24.30,14.00
src-ahu-0061-015,2026-01-15T09:01:00Z,ahu-b-f04-west,ON,NORMAL,14.36,24.39,14.00
src-ahu-0061-016,2026-01-15T09:01:00Z,ahu-c-f01-east,ON,NORMAL,14.43,24.53,14.00
src-ahu-0061-017,2026-01-15T09:01:00Z,ahu-c-f01-west,ON,NORMAL,14.29,24.66,14.00
src-ahu-0061-018,2026-01-15T09:01:00Z,ahu-c-f02-east,ON,NORMAL,14.33,25.07,14.00
src-ahu-0061-019,2026-01-15T09:01:00Z,ahu-c-f02-west,ON,NORMAL,14.26,25.19,14.00
src-ahu-0061-020,2026-01-15T09:01:00Z,ahu-c-f03-east,ON,NORMAL,14.32,25.65,14.00
src-ahu-0061-021,2026-01-15T09:01:00Z,ahu-c-f03-west,ON,NORMAL,14.26,25.72,14.00
src-ahu-0061-022,2026-01-15T09:01:00Z,ahu-c-f04-east,ON,NORMAL,14.37,26.13,14.00
src-ahu-0061-023,2026-01-15T09:01:00Z,ahu-c-f04-west,ON,NORMAL,14.23,26.18,14.00
src-ahu-0062-000,2026-01-15T09:02:00Z,ahu-a-f01-east,ON,NORMAL,13.61,25.22,14.00
src-ahu-0062-001,2026-01-15T09:02:00Z,ahu-a-f01-west,ON,NORMAL,13.59,25.05,14.00
src-ahu-0062-002,2026-01-15T09:02:00Z,ahu-a-f02-east,ON,NORMAL,13.65,25.16,14.00
src-ahu-0062-003,2026-01-15T09:02:00Z,ahu-a-f02-west,ON,NORMAL,13.79,24.96,14.00
src-ahu-0062-004,2026-01-15T09:02:00Z,ahu-a-f03-east,ON,NORMAL,13.86,24.99,14.00
src-ahu-0062-005,2026-01-15T09:02:00Z,ahu-a-f03-west,ON,NORMAL,18.10,24.69,14.00
src-ahu-0062-006,2026-01-15T09:02:00Z,ahu-a-f04-east,ON,NORMAL,13.77,24.79,14.00
src-ahu-0062-007,2026-01-15T09:02:00Z,ahu-a-f04-west,ON,NORMAL,14.00,24.52,14.00
src-ahu-0062-008,2026-01-15T09:02:00Z,ahu-b-f01-east,ON,NORMAL,13.88,23.86,14.00
src-ahu-0062-009,2026-01-15T09:02:00Z,ahu-b-f01-west,ON,NORMAL,13.92,23.69,14.00
src-ahu-0062-010,2026-01-15T09:02:00Z,ahu-b-f02-east,ON,NORMAL,14.00,23.82,14.00
src-ahu-0062-011,2026-01-15T09:02:00Z,ahu-b-f02-west,ON,NORMAL,14.07,23.82,14.00
src-ahu-0062-012,2026-01-15T09:02:00Z,ahu-b-f03-east,ON,NORMAL,14.14,23.98,14.00
src-ahu-0062-013,2026-01-15T09:02:00Z,ahu-b-f03-west,ON,NORMAL,14.20,24.01,14.00
src-ahu-0062-014,2026-01-15T09:02:00Z,ahu-b-f04-east,ON,NORMAL,14.31,24.23,14.00
src-ahu-0062-015,2026-01-15T09:02:00Z,ahu-b-f04-west,ON,NORMAL,14.28,24.43,14.00
src-ahu-0062-016,2026-01-15T09:02:00Z,ahu-c-f01-east,ON,NORMAL,14.24,24.42,14.00
src-ahu-0062-017,2026-01-15T09:02:00Z,ahu-c-f01-west,ON,NORMAL,14.23,24.64,14.00
src-ahu-0062-018,2026-01-15T09:02:00Z,ahu-c-f02-east,ON,NORMAL,14.31,25.10,14.00
src-ahu-0062-019,2026-01-15T09:02:00Z,ahu-c-f02-west,ON,NORMAL,14.24,25.28,14.00
src-ahu-0062-020,2026-01-15T09:02:00Z,ahu-c-f03-east,ON,NORMAL,14.39,25.55,14.00
src-ahu-0062-021,2026-01-15T09:02:00Z,ahu-c-f03-west,ON,NORMAL,14.37,25.70,14.00
src-ahu-0062-022,2026-01-15T09:02:00Z,ahu-c-f04-east,ON,NORMAL,14.26,26.03,14.00
src-ahu-0062-023,2026-01-15T09:02:00Z,ahu-c-f04-west,ON,NORMAL,14.15,26.12,14.00
src-ahu-0063-000,2026-01-15T09:03:00Z,ahu-a-f01-east,ON,NORMAL,13.75,25.27,14.00
src-ahu-0063-001,2026-01-15T09:03:00Z,ahu-a-f01-west,ON,NORMAL,13.69,25.12,14.00
src-ahu-0063-002,2026-01-15T09:03:00Z,ahu-a-f02-east,ON,NORMAL,13.66,25.15,14.00
src-ahu-0063-003,2026-01-15T09:03:00Z,ahu-a-f02-west,ON,NORMAL,13.60,24.83,14.00
src-ahu-0063-004,2026-01-15T09:03:00Z,ahu-a-f03-east,ON,NORMAL,13.70,24.91,14.00
src-ahu-0063-005,2026-01-15T09:03:00Z,ahu-a-f03-west,ON,NORMAL,18.10,24.62,14.00
src-ahu-0063-006,2026-01-15T09:03:00Z,ahu-a-f04-east,ON,NORMAL,13.82,24.71,14.00
src-ahu-0063-007,2026-01-15T09:03:00Z,ahu-a-f04-west,ON,NORMAL,13.93,24.52,14.00
src-ahu-0063-008,2026-01-15T09:03:00Z,ahu-b-f01-east,ON,NORMAL,14.06,23.84,14.00
src-ahu-0063-009,2026-01-15T09:03:00Z,ahu-b-f01-west,ON,NORMAL,14.04,23.66,14.00
src-ahu-0063-010,2026-01-15T09:03:00Z,ahu-b-f02-east,ON,NORMAL,14.13,23.80,14.00
src-ahu-0063-011,2026-01-15T09:03:00Z,ahu-b-f02-west,ON,NORMAL,14.07,23.90,14.00
src-ahu-0063-012,2026-01-15T09:03:00Z,ahu-b-f03-east,ON,NORMAL,14.26,24.00,14.00
src-ahu-0063-013,2026-01-15T09:03:00Z,ahu-b-f03-west,ON,NORMAL,14.19,23.97,14.00
src-ahu-0063-014,2026-01-15T09:03:00Z,ahu-b-f04-east,ON,NORMAL,14.22,24.40,14.00
src-ahu-0063-015,2026-01-15T09:03:00Z,ahu-b-f04-west,ON,NORMAL,14.23,24.41,14.00
src-ahu-0063-016,2026-01-15T09:03:00Z,ahu-c-f01-east,ON,NORMAL,14.36,24.53,14.00
src-ahu-0063-017,2026-01-15T09:03:00Z,ahu-c-f01-west,ON,NORMAL,14.25,24.59,14.00
src-ahu-0063-018,2026-01-15T09:03:00Z,ahu-c-f02-east,ON,NORMAL,14.41,25.05,14.00
src-ahu-0063-019,2026-01-15T09:03:00Z,ahu-c-f02-west,ON,NORMAL,14.42,25.28,14.00
src-ahu-0063-020,2026-01-15T09:03:00Z,ahu-c-f03-east,ON,NORMAL,14.33,25.68,14.00
src-ahu-0063-021,2026-01-15T09:03:00Z,ahu-c-f03-west,ON,NORMAL,14.23,25.87,14.00
src-ahu-0063-022,2026-01-15T09:03:00Z,ahu-c-f04-east,ON,NORMAL,14.35,26.05,14.00
src-ahu-0063-023,2026-01-15T09:03:00Z,ahu-c-f04-west,ON,NORMAL,14.29,26.16,14.00
src-ahu-0064-000,2026-01-15T09:04:00Z,ahu-a-f01-east,ON,NORMAL,13.70,25.19,14.00
src-ahu-0064-001,2026-01-15T09:04:00Z,ahu-a-f01-west,ON,NORMAL,13.65,25.07,14.00
src-ahu-0064-002,2026-01-15T09:04:00Z,ahu-a-f02-east,ON,NORMAL,13.71,25.00,14.00
src-ahu-0064-003,2026-01-15T09:04:00Z,ahu-a-f02-west,ON,NORMAL,13.63,24.96,14.00
src-ahu-0064-004,2026-01-15T09:04:00Z,ahu-a-f03-east,ON,NORMAL,13.76,24.91,14.00
src-ahu-0064-005,2026-01-15T09:04:00Z,ahu-a-f03-west,ON,NORMAL,18.10,24.67,14.00
src-ahu-0064-006,2026-01-15T09:04:00Z,ahu-a-f04-east,ON,NORMAL,13.80,24.68,14.00
src-ahu-0064-007,2026-01-15T09:04:00Z,ahu-a-f04-west,ON,NORMAL,13.95,24.50,14.00
src-ahu-0064-008,2026-01-15T09:04:00Z,ahu-b-f01-east,ON,NORMAL,13.95,23.84,14.00
src-ahu-0064-009,2026-01-15T09:04:00Z,ahu-b-f01-west,ON,NORMAL,13.98,23.70,14.00
src-ahu-0064-010,2026-01-15T09:04:00Z,ahu-b-f02-east,ON,NORMAL,14.17,23.83,14.00
src-ahu-0064-011,2026-01-15T09:04:00Z,ahu-b-f02-west,ON,NORMAL,14.09,23.76,14.00
src-ahu-0064-012,2026-01-15T09:04:00Z,ahu-b-f03-east,ON,NORMAL,14.31,23.95,14.00
src-ahu-0064-013,2026-01-15T09:04:00Z,ahu-b-f03-west,ON,NORMAL,14.24,24.09,14.00
src-ahu-0064-014,2026-01-15T09:04:00Z,ahu-b-f04-east,ON,NORMAL,14.33,24.37,14.00
src-ahu-0064-015,2026-01-15T09:04:00Z,ahu-b-f04-west,ON,NORMAL,14.25,24.44,14.00
src-ahu-0064-016,2026-01-15T09:04:00Z,ahu-c-f01-east,ON,NORMAL,14.42,24.51,14.00
src-ahu-0064-017,2026-01-15T09:04:00Z,ahu-c-f01-west,ON,NORMAL,14.33,24.61,14.00
src-ahu-0064-018,2026-01-15T09:04:00Z,ahu-c-f02-east,ON,NORMAL,14.45,25.09,14.00
src-ahu-0064-019,2026-01-15T09:04:00Z,ahu-c-f02-west,ON,NORMAL,14.40,25.25,14.00
src-ahu-0064-020,2026-01-15T09:04:00Z,ahu-c-f03-east,ON,NORMAL,14.28,25.64,14.00
src-ahu-0064-021,2026-01-15T09:04:00Z,ahu-c-f03-west,ON,NORMAL,14.35,25.76,14.00
src-ahu-0064-022,2026-01-15T09:04:00Z,ahu-c-f04-east,ON,NORMAL,14.18,26.22,14.00
src-ahu-0064-023,2026-01-15T09:04:00Z,ahu-c-f04-west,ON,NORMAL,14.28,26.21,14.00
src-ahu-0065-000,2026-01-15T09:05:00Z,ahu-a-f01-east,ON,NORMAL,13.69,25.20,14.00
src-ahu-0065-001,2026-01-15T09:05:00Z,ahu-a-f01-west,ON,NORMAL,13.60,25.13,14.00
src-ahu-0065-002,2026-01-15T09:05:00Z,ahu-a-f02-east,ON,NORMAL,13.73,24.97,14.00
src-ahu-0065-003,2026-01-15T09:05:00Z,ahu-a-f02-west,ON,NORMAL,13.64,24.77,14.00
src-ahu-0065-004,2026-01-15T09:05:00Z,ahu-a-f03-east,ON,NORMAL,13.80,24.93,14.00
src-ahu-0065-005,2026-01-15T09:05:00Z,ahu-a-f03-west,ON,NORMAL,18.10,24.73,14.00
src-ahu-0065-006,2026-01-15T09:05:00Z,ahu-a-f04-east,ON,NORMAL,13.88,24.58,14.00
src-ahu-0065-007,2026-01-15T09:05:00Z,ahu-a-f04-west,ON,NORMAL,13.98,24.46,14.00
src-ahu-0065-008,2026-01-15T09:05:00Z,ahu-b-f01-east,ON,NORMAL,14.13,23.85,14.00
src-ahu-0065-009,2026-01-15T09:05:00Z,ahu-b-f01-west,ON,NORMAL,14.17,23.77,14.00
src-ahu-0065-010,2026-01-15T09:05:00Z,ahu-b-f02-east,ON,NORMAL,14.12,23.87,14.00
src-ahu-0065-011,2026-01-15T09:05:00Z,ahu-b-f02-west,ON,NORMAL,14.21,23.74,14.00
src-ahu-0065-012,2026-01-15T09:05:00Z,ahu-b-f03-east,ON,NORMAL,14.13,24.10,14.00
src-ahu-0065-013,2026-01-15T09:05:00Z,ahu-b-f03-west,ON,NORMAL,14.40,24.10,14.00
src-ahu-0065-014,2026-01-15T09:05:00Z,ahu-b-f04-east,ON,NORMAL,14.22,24.31,14.00
src-ahu-0065-015,2026-01-15T09:05:00Z,ahu-b-f04-west,ON,NORMAL,14.31,24.54,14.00
src-ahu-0065-016,2026-01-15T09:05:00Z,ahu-c-f01-east,ON,NORMAL,14.40,24.58,14.00
src-ahu-0065-017,2026-01-15T09:05:00Z,ahu-c-f01-west,ON,NORMAL,14.30,24.66,14.00
src-ahu-0065-018,2026-01-15T09:05:00Z,ahu-c-f02-east,ON,NORMAL,14.27,25.09,14.00
src-ahu-0065-019,2026-01-15T09:05:00Z,ahu-c-f02-west,ON,NORMAL,14.39,25.30,14.00
src-ahu-0065-020,2026-01-15T09:05:00Z,ahu-c-f03-east,ON,NORMAL,14.19,25.73,14.00
src-ahu-0065-021,2026-01-15T09:05:00Z,ahu-c-f03-west,ON,NORMAL,14.22,25.78,14.00
src-ahu-0065-022,2026-01-15T09:05:00Z,ahu-c-f04-east,ON,NORMAL,14.30,26.19,14.00
src-ahu-0065-023,2026-01-15T09:05:00Z,ahu-c-f04-west,ON,NORMAL,14.22,26.26,14.00
src-ahu-0066-000,2026-01-15T09:06:00Z,ahu-a-f01-east,ON,NORMAL,13.79,25.07,14.00
src-ahu-0066-001,2026-01-15T09:06:00Z,ahu-a-f01-west,ON,NORMAL,13.68,25.02,14.00
src-ahu-0066-002,2026-01-15T09:06:00Z,ahu-a-f02-east,ON,NORMAL,13.68,25.02,14.00
src-ahu-0066-003,2026-01-15T09:06:00Z,ahu-a-f02-west,ON,NORMAL,13.88,24.82,14.00
src-ahu-0066-004,2026-01-15T09:06:00Z,ahu-a-f03-east,ON,NORMAL,13.77,24.75,14.00
src-ahu-0066-005,2026-01-15T09:06:00Z,ahu-a-f03-west,ON,NORMAL,18.10,24.68,14.00
src-ahu-0066-006,2026-01-15T09:06:00Z,ahu-a-f04-east,ON,NORMAL,13.85,24.66,14.00
src-ahu-0066-007,2026-01-15T09:06:00Z,ahu-a-f04-west,ON,NORMAL,14.00,24.46,14.00
src-ahu-0066-008,2026-01-15T09:06:00Z,ahu-b-f01-east,ON,NORMAL,13.99,23.76,14.00
src-ahu-0066-009,2026-01-15T09:06:00Z,ahu-b-f01-west,ON,NORMAL,14.17,23.67,14.00
src-ahu-0066-010,2026-01-15T09:06:00Z,ahu-b-f02-east,ON,NORMAL,14.08,23.90,14.00
src-ahu-0066-011,2026-01-15T09:06:00Z,ahu-b-f02-west,ON,NORMAL,14.12,23.87,14.00
src-ahu-0066-012,2026-01-15T09:06:00Z,ahu-b-f03-east,ON,NORMAL,14.30,23.95,14.00
src-ahu-0066-013,2026-01-15T09:06:00Z,ahu-b-f03-west,ON,NORMAL,14.20,24.10,14.00
src-ahu-0066-014,2026-01-15T09:06:00Z,ahu-b-f04-east,ON,NORMAL,14.34,24.36,14.00
src-ahu-0066-015,2026-01-15T09:06:00Z,ahu-b-f04-west,ON,NORMAL,14.44,24.65,14.00
src-ahu-0066-016,2026-01-15T09:06:00Z,ahu-c-f01-east,ON,NORMAL,14.46,24.48,14.00
src-ahu-0066-017,2026-01-15T09:06:00Z,ahu-c-f01-west,ON,NORMAL,14.32,24.80,14.00
src-ahu-0066-018,2026-01-15T09:06:00Z,ahu-c-f02-east,ON,NORMAL,14.30,25.20,14.00
src-ahu-0066-019,2026-01-15T09:06:00Z,ahu-c-f02-west,ON,NORMAL,14.30,25.39,14.00
src-ahu-0066-020,2026-01-15T09:06:00Z,ahu-c-f03-east,ON,NORMAL,14.40,25.71,14.00
src-ahu-0066-021,2026-01-15T09:06:00Z,ahu-c-f03-west,ON,NORMAL,14.31,25.87,14.00
src-ahu-0066-022,2026-01-15T09:06:00Z,ahu-c-f04-east,ON,NORMAL,14.23,26.10,14.00
src-ahu-0066-023,2026-01-15T09:06:00Z,ahu-c-f04-west,ON,NORMAL,14.17,26.21,14.00
src-ahu-0067-000,2026-01-15T09:07:00Z,ahu-a-f01-east,ON,NORMAL,13.74,25.09,14.00
src-ahu-0067-001,2026-01-15T09:07:00Z,ahu-a-f01-west,ON,NORMAL,13.66,24.99,14.00
src-ahu-0067-002,2026-01-15T09:07:00Z,ahu-a-f02-east,ON,NORMAL,13.68,25.07,14.00
src-ahu-0067-003,2026-01-15T09:07:00Z,ahu-a-f02-west,ON,NORMAL,13.81,24.73,14.00
src-ahu-0067-004,2026-01-15T09:07:00Z,ahu-a-f03-east,ON,NORMAL,13.84,24.77,14.00
src-ahu-0067-005,2026-01-15T09:07:00Z,ahu-a-f03-west,ON,NORMAL,18.10,24.61,14.00
src-ahu-0067-006,2026-01-15T09:07:00Z,ahu-a-f04-east,ON,NORMAL,13.96,24.64,14.00
src-ahu-0067-007,2026-01-15T09:07:00Z,ahu-a-f04-west,ON,NORMAL,14.06,24.44,14.00
src-ahu-0067-008,2026-01-15T09:07:00Z,ahu-b-f01-east,ON,NORMAL,14.16,23.71,14.00
src-ahu-0067-009,2026-01-15T09:07:00Z,ahu-b-f01-west,ON,NORMAL,14.17,23.70,14.00
src-ahu-0067-010,2026-01-15T09:07:00Z,ahu-b-f02-east,ON,NORMAL,14.18,23.84,14.00
src-ahu-0067-011,2026-01-15T09:07:00Z,ahu-b-f02-west,ON,NORMAL,14.30,23.74,14.00
src-ahu-0067-012,2026-01-15T09:07:00Z,ahu-b-f03-east,ON,NORMAL,14.20,24.02,14.00
src-ahu-0067-013,2026-01-15T09:07:00Z,ahu-b-f03-west,ON,NORMAL,14.29,24.16,14.00
src-ahu-0067-014,2026-01-15T09:07:00Z,ahu-b-f04-east,ON,NORMAL,14.26,24.43,14.00
src-ahu-0067-015,2026-01-15T09:07:00Z,ahu-b-f04-west,ON,NORMAL,14.23,24.64,14.00
src-ahu-0067-016,2026-01-15T09:07:00Z,ahu-c-f01-east,ON,NORMAL,14.43,24.62,14.00
src-ahu-0067-017,2026-01-15T09:07:00Z,ahu-c-f01-west,ON,NORMAL,14.33,24.83,14.00
src-ahu-0067-018,2026-01-15T09:07:00Z,ahu-c-f02-east,ON,NORMAL,14.35,25.10,14.00
src-ahu-0067-019,2026-01-15T09:07:00Z,ahu-c-f02-west,ON,NORMAL,14.34,25.39,14.00
src-ahu-0067-020,2026-01-15T09:07:00Z,ahu-c-f03-east,ON,NORMAL,14.35,25.72,14.00
src-ahu-0067-021,2026-01-15T09:07:00Z,ahu-c-f03-west,ON,NORMAL,14.28,25.86,14.00
src-ahu-0067-022,2026-01-15T09:07:00Z,ahu-c-f04-east,ON,NORMAL,14.26,26.15,14.00
src-ahu-0067-023,2026-01-15T09:07:00Z,ahu-c-f04-west,ON,NORMAL,14.03,26.36,14.00
src-ahu-0068-000,2026-01-15T09:08:00Z,ahu-a-f01-east,ON,NORMAL,13.74,25.18,14.00
src-ahu-0068-001,2026-01-15T09:08:00Z,ahu-a-f01-west,ON,NORMAL,13.64,24.94,14.00
src-ahu-0068-002,2026-01-15T09:08:00Z,ahu-a-f02-east,ON,NORMAL,13.66,24.98,14.00
src-ahu-0068-003,2026-01-15T09:08:00Z,ahu-a-f02-west,ON,NORMAL,13.89,24.72,14.00
src-ahu-0068-004,2026-01-15T09:08:00Z,ahu-a-f03-east,ON,NORMAL,13.94,24.76,14.00
src-ahu-0068-005,2026-01-15T09:08:00Z,ahu-a-f03-west,ON,NORMAL,18.10,24.55,14.00
src-ahu-0068-006,2026-01-15T09:08:00Z,ahu-a-f04-east,ON,NORMAL,13.89,24.60,14.00
src-ahu-0068-007,2026-01-15T09:08:00Z,ahu-a-f04-west,ON,NORMAL,14.00,24.34,14.00
src-ahu-0068-008,2026-01-15T09:08:00Z,ahu-b-f01-east,ON,NORMAL,14.04,23.69,14.00
src-ahu-0068-009,2026-01-15T09:08:00Z,ahu-b-f01-west,ON,NORMAL,14.14,23.67,14.00
src-ahu-0068-010,2026-01-15T09:08:00Z,ahu-b-f02-east,ON,NORMAL,14.24,23.83,14.00
src-ahu-0068-011,2026-01-15T09:08:00Z,ahu-b-f02-west,ON,NORMAL,14.34,23.80,14.00
src-ahu-0068-012,2026-01-15T09:08:00Z,ahu-b-f03-east,ON,NORMAL,14.32,23.95,14.00
src-ahu-0068-013,2026-01-15T09:08:00Z,ahu-b-f03-west,ON,NORMAL,14.34,24.24,14.00
src-ahu-0068-014,2026-01-15T09:08:00Z,ahu-b-f04-east,ON,NORMAL,14.44,24.42,14.00
src-ahu-0068-015,2026-01-15T09:08:00Z,ahu-b-f04-west,ON,NORMAL,14.33,24.66,14.00
src-ahu-0068-016,2026-01-15T09:08:00Z,ahu-c-f01-east,ON,NORMAL,14.29,24.64,14.00
src-ahu-0068-017,2026-01-15T09:08:00Z,ahu-c-f01-west,ON,NORMAL,14.42,24.80,14.00
src-ahu-0068-018,2026-01-15T09:08:00Z,ahu-c-f02-east,ON,NORMAL,14.26,25.17,14.00
src-ahu-0068-019,2026-01-15T09:08:00Z,ahu-c-f02-west,ON,NORMAL,14.20,25.30,14.00
src-ahu-0068-020,2026-01-15T09:08:00Z,ahu-c-f03-east,ON,NORMAL,14.28,25.76,14.00
src-ahu-0068-021,2026-01-15T09:08:00Z,ahu-c-f03-west,ON,NORMAL,14.24,25.90,14.00
src-ahu-0068-022,2026-01-15T09:08:00Z,ahu-c-f04-east,ON,NORMAL,14.11,26.12,14.00
src-ahu-0068-023,2026-01-15T09:08:00Z,ahu-c-f04-west,ON,NORMAL,14.17,26.40,14.00
src-ahu-0069-000,2026-01-15T09:09:00Z,ahu-a-f01-east,ON,NORMAL,13.73,25.03,14.00
src-ahu-0069-001,2026-01-15T09:09:00Z,ahu-a-f01-west,ON,NORMAL,13.84,24.94,14.00
src-ahu-0069-002,2026-01-15T09:09:00Z,ahu-a-f02-east,ON,NORMAL,13.73,24.93,14.00
src-ahu-0069-003,2026-01-15T09:09:00Z,ahu-a-f02-west,ON,NORMAL,13.89,24.69,14.00
src-ahu-0069-004,2026-01-15T09:09:00Z,ahu-a-f03-east,ON,NORMAL,13.91,24.66,14.00
src-ahu-0069-005,2026-01-15T09:09:00Z,ahu-a-f03-west,ON,NORMAL,18.10,24.45,14.00
src-ahu-0069-006,2026-01-15T09:09:00Z,ahu-a-f04-east,ON,NORMAL,13.98,24.61,14.00
src-ahu-0069-007,2026-01-15T09:09:00Z,ahu-a-f04-west,ON,NORMAL,13.97,24.39,14.00
src-ahu-0069-008,2026-01-15T09:09:00Z,ahu-b-f01-east,ON,NORMAL,14.11,23.72,14.00
src-ahu-0069-009,2026-01-15T09:09:00Z,ahu-b-f01-west,ON,NORMAL,14.24,23.70,14.00
src-ahu-0069-010,2026-01-15T09:09:00Z,ahu-b-f02-east,ON,NORMAL,14.28,23.77,14.00
src-ahu-0069-011,2026-01-15T09:09:00Z,ahu-b-f02-west,ON,NORMAL,14.37,23.91,14.00
src-ahu-0069-012,2026-01-15T09:09:00Z,ahu-b-f03-east,ON,NORMAL,14.33,24.02,14.00
src-ahu-0069-013,2026-01-15T09:09:00Z,ahu-b-f03-west,ON,NORMAL,14.22,24.16,14.00
src-ahu-0069-014,2026-01-15T09:09:00Z,ahu-b-f04-east,ON,NORMAL,14.23,24.44,14.00
src-ahu-0069-015,2026-01-15T09:09:00Z,ahu-b-f04-west,ON,NORMAL,14.33,24.61,14.00
src-ahu-0069-016,2026-01-15T09:09:00Z,ahu-c-f01-east,ON,NORMAL,14.38,24.67,14.00
src-ahu-0069-017,2026-01-15T09:09:00Z,ahu-c-f01-west,ON,NORMAL,14.23,24.85,14.00
src-ahu-0069-018,2026-01-15T09:09:00Z,ahu-c-f02-east,ON,NORMAL,14.28,25.30,14.00
src-ahu-0069-019,2026-01-15T09:09:00Z,ahu-c-f02-west,ON,NORMAL,14.18,25.35,14.00
src-ahu-0069-020,2026-01-15T09:09:00Z,ahu-c-f03-east,ON,NORMAL,14.13,25.79,14.00
src-ahu-0069-021,2026-01-15T09:09:00Z,ahu-c-f03-west,ON,NORMAL,14.10,25.95,14.00
src-ahu-0069-022,2026-01-15T09:09:00Z,ahu-c-f04-east,ON,NORMAL,14.12,26.29,14.00
src-ahu-0069-023,2026-01-15T09:09:00Z,ahu-c-f04-west,ON,NORMAL,14.10,26.30,14.00
src-ahu-0070-001,2026-01-15T09:10:00Z,ahu-a-f01-west,ON,NORMAL,13.66,24.87,14.00
src-ahu-0070-002,2026-01-15T09:10:00Z,ahu-a-f02-east,ON,NORMAL,13.73,24.91,14.00
src-ahu-0070-003,2026-01-15T09:10:00Z,ahu-a-f02-west,ON,NORMAL,13.87,24.75,14.00
src-ahu-0070-004,2026-01-15T09:10:00Z,ahu-a-f03-east,ON,NORMAL,13.95,24.62,14.00
src-ahu-0070-005,2026-01-15T09:10:00Z,ahu-a-f03-west,ON,NORMAL,18.10,24.53,14.00
src-ahu-0070-006,2026-01-15T09:10:00Z,ahu-a-f04-east,ON,NORMAL,14.03,24.39,14.00
src-ahu-0070-007,2026-01-15T09:10:00Z,ahu-a-f04-west,ON,NORMAL,14.15,24.32,14.00
src-ahu-0070-008,2026-01-15T09:10:00Z,ahu-b-f01-east,ON,NORMAL,14.16,23.72,14.00
src-ahu-0070-009,2026-01-15T09:10:00Z,ahu-b-f01-west,ON,NORMAL,14.26,23.64,14.00
src-ahu-0070-010,2026-01-15T09:10:00Z,ahu-b-f02-east,ON,NORMAL,14.23,23.73,14.00
src-ahu-0070-011,2026-01-15T09:10:00Z,ahu-b-f02-west,ON,NORMAL,14.39,23.88,14.00
src-ahu-0070-012,2026-01-15T09:10:00Z,ahu-b-f03-east,ON,NORMAL,14.34,24.10,14.00
src-ahu-0070-013,2026-01-15T09:10:00Z,ahu-b-f03-west,ON,NORMAL,14.32,24.16,14.00
src-ahu-0070-014,2026-01-15T09:10:00Z,ahu-b-f04-east,ON,NORMAL,14.25,24.47,14.00
src-ahu-0070-015,2026-01-15T09:10:00Z,ahu-b-f04-west,ON,NORMAL,14.43,24.66,14.00
src-ahu-0070-016,2026-01-15T09:10:00Z,ahu-c-f01-east,ON,NORMAL,14.23,24.65,14.00
src-ahu-0070-017,2026-01-15T09:10:00Z,ahu-c-f01-west,ON,NORMAL,14.33,24.90,14.00
src-ahu-0070-018,2026-01-15T09:10:00Z,ahu-c-f02-east,ON,NORMAL,14.30,25.26,14.00
src-ahu-0070-019,2026-01-15T09:10:00Z,ahu-c-f02-west,ON,NORMAL,14.17,25.44,14.00
src-ahu-0070-020,2026-01-15T09:10:00Z,ahu-c-f03-east,ON,NORMAL,14.16,25.82,14.00
src-ahu-0070-021,2026-01-15T09:10:00Z,ahu-c-f03-west,ON,NORMAL,14.07,25.94,14.00
src-ahu-0070-022,2026-01-15T09:10:00Z,ahu-c-f04-east,ON,NORMAL,14.08,26.23,14.00
src-ahu-0070-023,2026-01-15T09:10:00Z,ahu-c-f04-west,ON,NORMAL,14.01,26.36,14.00
src-ahu-0071-000,2026-01-15T09:11:00Z,ahu-a-f01-east,ON,NORMAL,13.75,25.05,14.00
src-ahu-0071-001,2026-01-15T09:11:00Z,ahu-a-f01-west,ON,NORMAL,13.70,24.90,14.00
src-ahu-0071-002,2026-01-15T09:11:00Z,ahu-a-f02-east,ON,NORMAL,13.76,24.95,14.00
src-ahu-0071-003,2026-01-15T09:11:00Z,ahu-a-f02-west,ON,NORMAL,13.97,24.67,14.00
src-ahu-0071-004,2026-01-15T09:11:00Z,ahu-a-f03-east,ON,NORMAL,13.89,24.54,14.00
src-ahu-0071-005,2026-01-15T09:11:00Z,ahu-a-f03-west,ON,NORMAL,18.10,24.57,14.00
src-ahu-0071-006,2026-01-15T09:11:00Z,ahu-a-f04-east,ON,NORMAL,14.10,24.45,14.00
src-ahu-0071-007,2026-01-15T09:11:00Z,ahu-a-f04-west,ON,NORMAL,14.13,24.39,14.00
src-ahu-0071-008,2026-01-15T09:11:00Z,ahu-b-f01-east,ON,NORMAL,14.18,23.76,14.00
src-ahu-0071-009,2026-01-15T09:11:00Z,ahu-b-f01-west,ON,NORMAL,14.34,23.58,14.00
src-ahu-0071-010,2026-01-15T09:11:00Z,ahu-b-f02-east,ON,NORMAL,14.19,23.76,14.00
src-ahu-0071-011,2026-01-15T09:11:00Z,ahu-b-f02-west,ON,NORMAL,14.26,23.82,14.00
src-ahu-0071-012,2026-01-15T09:11:00Z,ahu-b-f03-east,ON,NORMAL,14.35,24.15,14.00
src-ahu-0071-013,2026-01-15T09:11:00Z,ahu-b-f03-west,ON,NORMAL,14.35,24.22,14.00
src-ahu-0071-014,2026-01-15T09:11:00Z,ahu-b-f04-east,ON,NORMAL,14.41,24.48,14.00
src-ahu-0071-015,2026-01-15T09:11:00Z,ahu-b-f04-west,ON,NORMAL,14.23,24.73,14.00
src-ahu-0071-016,2026-01-15T09:11:00Z,ahu-c-f01-east,ON,NORMAL,14.27,24.69,14.00
src-ahu-0071-017,2026-01-15T09:11:00Z,ahu-c-f01-west,ON,NORMAL,14.23,24.93,14.00
src-ahu-0071-018,2026-01-15T09:11:00Z,ahu-c-f02-east,ON,NORMAL,14.29,25.28,14.00
src-ahu-0071-019,2026-01-15T09:11:00Z,ahu-c-f02-west,ON,NORMAL,14.13,25.45,14.00
src-ahu-0071-020,2026-01-15T09:11:00Z,ahu-c-f03-east,ON,NORMAL,14.19,25.91,14.00
src-ahu-0071-021,2026-01-15T09:11:00Z,ahu-c-f03-west,ON,NORMAL,14.20,25.98,14.00
src-ahu-0071-022,2026-01-15T09:11:00Z,ahu-c-f04-east,ON,NORMAL,14.06,26.33,14.00
src-ahu-0071-023,2026-01-15T09:11:00Z,ahu-c-f04-west,ON,NORMAL,13.91,26.30,14.00
src-ahu-0072-000,2026-01-15T09:12:00Z,ahu-a-f01-east,ON,NORMAL,13.67,25.04,14.00
src-ahu-0072-001,2026-01-15T09:12:00Z,ahu-a-f01-west,ON,NORMAL,13.89,24.86,14.00
src-ahu-0072-002,2026-01-15T09:12:00Z,ahu-a-f02-east,ON,NORMAL,13.95,24.88,14.00
src-ahu-0072-003,2026-01-15T09:12:00Z,ahu-a-f02-west,ON,NORMAL,14.03,24.58,14.00
src-ahu-0072-004,2026-01-15T09:12:00Z,ahu-a-f03-east,ON,NORMAL,13.87,24.63,14.00
src-ahu-0072-005,2026-01-15T09:12:00Z,ahu-a-f03-west,ON,NORMAL,18.10,24.41,14.00
src-ahu-0072-006,2026-01-15T09:12:00Z,ahu-a-f04-east,ON,NORMAL,14.20,24.44,14.00
src-ahu-0072-007,2026-01-15T09:12:00Z,ahu-a-f04-west,ON,NORMAL,14.07,24.36,14.00
src-ahu-0072-008,2026-01-15T09:12:00Z,ahu-b-f01-east,ON,NORMAL,14.16,23.66,14.00
src-ahu-0072-009,2026-01-15T09:12:00Z,ahu-b-f01-west,ON,NORMAL,14.25,23.66,14.00
src-ahu-0072-010,2026-01-15T09:12:00Z,ahu-b-f02-east,ON,NORMAL,14.32,23.87,14.00
src-ahu-0072-011,2026-01-15T09:12:00Z,ahu-b-f02-west,ON,NORMAL,14.32,23.83,14.00
src-ahu-0072-012,2026-01-15T09:12:00Z,ahu-b-f03-east,ON,NORMAL,14.28,24.06,14.00
src-ahu-0072-013,2026-01-15T09:12:00Z,ahu-b-f03-west,ON,NORMAL,14.38,24.24,14.00
src-ahu-0072-014,2026-01-15T09:12:00Z,ahu-b-f04-east,ON,NORMAL,14.33,24.53,14.00
src-ahu-0072-015,2026-01-15T09:12:00Z,ahu-b-f04-west,ON,NORMAL,14.39,24.70,14.00
src-ahu-0072-016,2026-01-15T09:12:00Z,ahu-c-f01-east,ON,NORMAL,14.32,24.86,14.00
src-ahu-0072-017,2026-01-15T09:12:00Z,ahu-c-f01-west,ON,NORMAL,14.29,24.92,14.00
src-ahu-0072-018,2026-01-15T09:12:00Z,ahu-c-f02-east,ON,NORMAL,14.31,25.37,14.00
src-ahu-0072-019,2026-01-15T09:12:00Z,ahu-c-f02-west,ON,NORMAL,14.15,25.51,14.00
src-ahu-0072-020,2026-01-15T09:12:00Z,ahu-c-f03-east,ON,NORMAL,14.15,25.88,14.00
src-ahu-0072-021,2026-01-15T09:12:00Z,ahu-c-f03-west,ON,NORMAL,14.20,26.09,14.00
src-ahu-0072-022,2026-01-15T09:12:00Z,ahu-c-f04-east,ON,NORMAL,14.14,26.27,14.00
src-ahu-0072-023,2026-01-15T09:12:00Z,ahu-c-f04-west,ON,NORMAL,14.02,26.41,14.00
src-ahu-0073-000,2026-01-15T09:13:00Z,ahu-a-f01-east,ON,NORMAL,13.73,24.91,14.00
src-ahu-0073-001,2026-01-15T09:13:00Z,ahu-a-f01-west,ON,NORMAL,13.84,24.83,14.00
src-ahu-0073-002,2026-01-15T09:13:00Z,ahu-a-f02-east,ON,NORMAL,13.99,24.82,14.00
src-ahu-0073-003,2026-01-15T09:13:00Z,ahu-a-f02-west,ON,NORMAL,14.06,24.62,14.00
src-ahu-0073-004,2026-01-15T09:13:00Z,ahu-a-f03-east,ON,NORMAL,13.89,24.68,14.00
src-ahu-0073-005,2026-01-15T09:13:00Z,ahu-a-f03-west,ON,NORMAL,18.10,24.44,14.00
src-ahu-0073-006,2026-01-15T09:13:00Z,ahu-a-f04-east,ON,NORMAL,14.23,24.40,14.00
src-ahu-0073-007,2026-01-15T09:13:00Z,ahu-a-f04-west,ON,NORMAL,14.09,24.33,14.00
src-ahu-0073-008,2026-01-15T09:13:00Z,ahu-b-f01-east,ON,NORMAL,14.26,23.72,14.00
src-ahu-0073-009,2026-01-15T09:13:00Z,ahu-b-f01-west,ON,NORMAL,14.34,23.57,14.00
src-ahu-0073-010,2026-01-15T09:13:00Z,ahu-b-f02-east,ON,NORMAL,14.41,23.73,14.00
src-ahu-0073-011,2026-01-15T09:13:00Z,ahu-b-f02-west,ON,NORMAL,14.24,23.78,14.00
src-ahu-0073-012,2026-01-15T09:13:00Z,ahu-b-f03-east,ON,NORMAL,14.26,24.11,14.00
src-ahu-0073-013,2026-01-15T09:13:00Z,ahu-b-f03-west,ON,NORMAL,14.45,24.18,14.00
src-ahu-0073-014,2026-01-15T09:13:00Z,ahu-b-f04-east,ON,NORMAL,14.29,24.51,14.00
src-ahu-0073-015,2026-01-15T09:13:00Z,ahu-b-f04-west,ON,NORMAL,14.42,24.80,14.00
src-ahu-0073-016,2026-01-15T09:13:00Z,ahu-c-f01-east,ON,NORMAL,14.35,24.85,14.00
src-ahu-0073-017,2026-01-15T09:13:00Z,ahu-c-f01-west,ON,NORMAL,14.39,24.91,14.00
src-ahu-0073-018,2026-01-15T09:13:00Z,ahu-c-f02-east,ON,NORMAL,14.19,25.43,14.00
src-ahu-0073-019,2026-01-15T09:13:00Z,ahu-c-f02-west,ON,NORMAL,14.11,25.44,14.00
src-ahu-0073-020,2026-01-15T09:13:00Z,ahu-c-f03-east,ON,NORMAL,14.22,25.90,14.00
src-ahu-0073-021,2026-01-15T09:13:00Z,ahu-c-f03-west,ON,NORMAL,13.97,26.02,14.00
src-ahu-0073-022,2026-01-15T09:13:00Z,ahu-c-f04-east,ON,NORMAL,13.97,26.30,14.00
src-ahu-0073-023,2026-01-15T09:13:00Z,ahu-c-f04-west,ON,NORMAL,14.03,26.43,14.00
src-ahu-0074-000,2026-01-15T09:14:00Z,ahu-a-f01-east,ON,NORMAL,13.79,24.97,14.00
src-ahu-0074-001,2026-01-15T09:14:00Z,ahu-a-f01-west,ON,NORMAL,13.94,24.87,14.00
src-ahu-0074-002,2026-01-15T09:14:00Z,ahu-a-f02-east,ON,NORMAL,13.92,24.73,14.00
src-ahu-0074-003,2026-01-15T09:14:00Z,ahu-a-f02-west,ON,NORMAL,13.92,24.54,14.00
src-ahu-0074-004,2026-01-15T09:14:00Z,ahu-a-f03-east,ON,NORMAL,14.14,24.53,14.00
src-ahu-0074-005,2026-01-15T09:14:00Z,ahu-a-f03-west,ON,NORMAL,14.09,24.36,14.00
src-ahu-0074-006,2026-01-15T09:14:00Z,ahu-a-f04-east,ON,NORMAL,14.07,24.36,14.00
src-ahu-0074-007,2026-01-15T09:14:00Z,ahu-a-f04-west,ON,NORMAL,14.12,24.24,14.00
src-ahu-0074-008,2026-01-15T09:14:00Z,ahu-b-f01-east,ON,NORMAL,14.29,23.66,14.00
src-ahu-0074-009,2026-01-15T09:14:00Z,ahu-b-f01-west,ON,NORMAL,14.24,23.58,14.00
src-ahu-0074-010,2026-01-15T09:14:00Z,ahu-b-f02-east,ON,NORMAL,14.39,23.79,14.00
src-ahu-0074-011,2026-01-15T09:14:00Z,ahu-b-f02-west,ON,NORMAL,14.26,23.82,14.00
src-ahu-0074-012,2026-01-15T09:14:00Z,ahu-b-f03-east,ON,NORMAL,14.44,24.15,14.00
src-ahu-0074-013,2026-01-15T09:14:00Z,ahu-b-f03-west,ON,NORMAL,14.29,24.28,14.00
src-ahu-0074-014,2026-01-15T09:14:00Z,ahu-b-f04-east,ON,NORMAL,14.38,24.64,14.00
src-ahu-0074-015,2026-01-15T09:14:00Z,ahu-b-f04-west,ON,NORMAL,14.41,24.72,14.00
src-ahu-0074-016,2026-01-15T09:14:00Z,ahu-c-f01-east,ON,NORMAL,14.33,24.83,14.00
src-ahu-0074-017,2026-01-15T09:14:00Z,ahu-c-f01-west,ON,NORMAL,14.22,25.00,14.00
src-ahu-0074-018,2026-01-15T09:14:00Z,ahu-c-f02-east,ON,NORMAL,14.24,25.39,14.00
src-ahu-0074-019,2026-01-15T09:14:00Z,ahu-c-f02-west,ON,NORMAL,14.18,25.59,14.00
src-ahu-0074-020,2026-01-15T09:14:00Z,ahu-c-f03-east,ON,NORMAL,14.04,25.95,14.00
src-ahu-0074-021,2026-01-15T09:14:00Z,ahu-c-f03-west,ON,NORMAL,14.14,26.11,14.00
src-ahu-0074-022,2026-01-15T09:14:00Z,ahu-c-f04-east,ON,NORMAL,13.90,26.28,14.00
src-ahu-0074-023,2026-01-15T09:14:00Z,ahu-c-f04-west,ON,NORMAL,14.04,26.38,14.00
src-ahu-0075-000,2026-01-15T09:15:00Z,ahu-a-f01-east,ON,NORMAL,13.79,24.84,14.00
src-ahu-0075-001,2026-01-15T09:15:00Z,ahu-a-f01-west,ON,NORMAL,13.95,24.69,14.00
src-ahu-0075-002,2026-01-15T09:15:00Z,ahu-a-f02-east,ON,NORMAL,13.96,24.73,14.00
src-ahu-0075-003,2026-01-15T09:15:00Z,ahu-a-f02-west,ON,NORMAL,13.98,24.55,14.00
src-ahu-0075-004,2026-01-15T09:15:00Z,ahu-a-f03-east,ON,NORMAL,14.11,24.46,14.00
src-ahu-0075-005,2026-01-15T09:15:00Z,ahu-a-f03-west,ON,NORMAL,14.10,24.33,14.00
src-ahu-0075-006,2026-01-15T09:15:00Z,ahu-a-f04-east,ON,NORMAL,14.19,24.39,14.00
src-ahu-0075-007,2026-01-15T09:15:00Z,ahu-a-f04-west,ON,NORMAL,14.34,24.29,14.00
src-ahu-0075-008,2026-01-15T09:15:00Z,ahu-b-f01-east,ON,NORMAL,14.35,23.68,14.00
src-ahu-0075-009,2026-01-15T09:15:00Z,ahu-b-f01-west,ON,NORMAL,14.28,23.61,14.00
src-ahu-0075-010,2026-01-15T09:15:00Z,ahu-b-f02-east,ON,NORMAL,14.24,23.80,14.00
src-ahu-0075-011,2026-01-15T09:15:00Z,ahu-b-f02-west,ON,NORMAL,14.24,23.86,14.00
src-ahu-0075-012,2026-01-15T09:15:00Z,ahu-b-f03-east,ON,NORMAL,14.43,24.20,14.00
src-ahu-0075-013,2026-01-15T09:15:00Z,ahu-b-f03-west,ON,NORMAL,14.43,24.28,14.00
src-ahu-0075-014,2026-01-15T09:15:00Z,ahu-b-f04-east,ON,NORMAL,14.37,24.55,14.00
src-ahu-0075-015,2026-01-15T09:15:00Z,ahu-b-f04-west,ON,NORMAL,14.26,24.81,14.00
src-ahu-0075-016,2026-01-15T09:15:00Z,ahu-c-f01-east,ON,NORMAL,14.39,24.76,14.00
src-ahu-0075-017,2026-01-15T09:15:00Z,ahu-c-f01-west,ON,NORMAL,14.21,25.05,14.00
src-ahu-0075-018,2026-01-15T09:15:00Z,ahu-c-f02-east,ON,NORMAL,14.19,25.48,14.00
src-ahu-0075-019,2026-01-15T09:15:00Z,ahu-c-f02-west,ON,NORMAL,14.06,25.59,14.00
src-ahu-0075-020,2026-01-15T09:15:00Z,ahu-c-f03-east,ON,NORMAL,13.98,25.94,14.00
src-ahu-0075-021,2026-01-15T09:15:00Z,ahu-c-f03-west,ON,NORMAL,14.07,26.09,14.00
src-ahu-0075-022,2026-01-15T09:15:00Z,ahu-c-f04-east,ON,NORMAL,14.03,26.27,14.00
src-ahu-0075-023,2026-01-15T09:15:00Z,ahu-c-f04-west,ON,NORMAL,13.83,26.41,14.00
src-ahu-0076-000,2026-01-15T09:16:00Z,ahu-a-f01-east,ON,NORMAL,13.80,24.86,14.00
src-ahu-0076-001,2026-01-15T09:16:00Z,ahu-a-f01-west,ON,NORMAL,13.90,24.75,14.00
src-ahu-0076-002,2026-01-15T09:16:00Z,ahu-a-f02-east,ON,NORMAL,14.09,24.73,14.00
src-ahu-0076-003,2026-01-15T09:16:00Z,ahu-a-f02-west,ON,NORMAL,14.13,24.43,14.00
src-ahu-0076-004,2026-01-15T09:16:00Z,ahu-a-f03-east,ON,NORMAL,14.16,24.52,14.00
src-ahu-0076-005,2026-01-15T09:16:00Z,ahu-a-f03-west,ON,NORMAL,14.19,24.38,14.00
src-ahu-0076-006,2026-01-15T09:16:00Z,ahu-a-f04-east,ON,NORMAL,14.12,24.37,14.00
src-ahu-0076-007,2026-01-15T09:16:00Z,ahu-a-f04-west,ON,NORMAL,14.25,24.33,14.00
src-ahu-0076-008,2026-01-15T09:16:00Z,ahu-b-f01-east,ON,NORMAL,14.24,23.65,14.00
src-ahu-0076-009,2026-01-15T09:16:00Z,ahu-b-f01-west,ON,NORMAL,14.25,23.64,14.00
src-ahu-0076-010,2026-01-15T09:16:00Z,ahu-b-f02-east,ON,NORMAL,14.25,23.84,14.00
src-ahu-0076-011,2026-01-15T09:16:00Z,ahu-b-f02-west,ON,NORMAL,14.31,23.84,14.00
src-ahu-0076-012,2026-01-15T09:16:00Z,ahu-b-f03-east,ON,NORMAL,14.36,24.15,14.00
src-ahu-0076-013,2026-01-15T09:16:00Z,ahu-b-f03-west,ON,NORMAL,14.46,24.27,14.00
src-ahu-0076-014,2026-01-15T09:16:00Z,ahu-b-f04-east,ON,NORMAL,14.28,24.64,14.00
src-ahu-0076-015,2026-01-15T09:16:00Z,ahu-b-f04-west,ON,NORMAL,14.28,24.83,14.00
src-ahu-0076-016,2026-01-15T09:16:00Z,ahu-c-f01-east,ON,NORMAL,14.17,24.87,14.00
src-ahu-0076-017,2026-01-15T09:16:00Z,ahu-c-f01-west,ON,NORMAL,14.25,25.05,14.00
src-ahu-0076-018,2026-01-15T09:16:00Z,ahu-c-f02-east,ON,NORMAL,14.29,25.52,14.00
src-ahu-0076-019,2026-01-15T09:16:00Z,ahu-c-f02-west,ON,NORMAL,14.23,25.59,14.00
src-ahu-0076-020,2026-01-15T09:16:00Z,ahu-c-f03-east,ON,NORMAL,13.97,25.95,14.00
src-ahu-0076-021,2026-01-15T09:16:00Z,ahu-c-f03-west,ON,NORMAL,14.10,26.07,14.00
src-ahu-0076-022,2026-01-15T09:16:00Z,ahu-c-f04-east,ON,NORMAL,13.88,26.34,14.00
src-ahu-0076-023,2026-01-15T09:16:00Z,ahu-c-f04-west,ON,NORMAL,13.80,26.36,14.00
src-ahu-0077-000,2026-01-15T09:17:00Z,ahu-a-f01-east,ON,NORMAL,13.77,24.92,14.00
src-ahu-0077-001,2026-01-15T09:17:00Z,ahu-a-f01-west,ON,NORMAL,13.97,24.73,14.00
src-ahu-0077-002,2026-01-15T09:17:00Z,ahu-a-f02-east,ON,NORMAL,14.09,24.75,14.00
src-ahu-0077-003,2026-01-15T09:17:00Z,ahu-a-f02-west,ON,NORMAL,14.14,24.49,14.00
src-ahu-0077-004,2026-01-15T09:17:00Z,ahu-a-f03-east,ON,NORMAL,14.20,24.46,14.00
src-ahu-0077-005,2026-01-15T09:17:00Z,ahu-a-f03-west,ON,NORMAL,14.07,24.30,14.00
src-ahu-0077-006,2026-01-15T09:17:00Z,ahu-a-f04-east,ON,NORMAL,14.30,24.45,14.00
src-ahu-0077-007,2026-01-15T09:17:00Z,ahu-a-f04-west,ON,NORMAL,14.15,24.28,14.00
src-ahu-0077-008,2026-01-15T09:17:00Z,ahu-b-f01-east,ON,NORMAL,14.26,23.58,14.00
src-ahu-0077-009,2026-01-15T09:17:00Z,ahu-b-f01-west,ON,NORMAL,14.23,23.54,14.00
src-ahu-0077-010,2026-01-15T09:17:00Z,ahu-b-f02-east,ON,NORMAL,14.38,23.77,14.00
src-ahu-0077-011,2026-01-15T09:17:00Z,ahu-b-f02-west,ON,NORMAL,14.35,23.87,14.00
src-ahu-0077-012,2026-01-15T09:17:00Z,ahu-b-f03-east,ON,NORMAL,14.40,24.27,14.00
src-ahu-0077-013,2026-01-15T09:17:00Z,ahu-b-f03-west,ON,NORMAL,14.42,24.38,14.00
src-ahu-0077-014,2026-01-15T09:17:00Z,ahu-b-f04-east,ON,NORMAL,14.23,24.74,14.00
src-ahu-0077-015,2026-01-15T09:17:00Z,ahu-b-f04-west,ON,NORMAL,14.38,24.97,14.00
src-ahu-0077-016,2026-01-15T09:17:00Z,ahu-c-f01-east,ON,NORMAL,14.15,24.95,14.00
src-ahu-0077-017,2026-01-15T09:17:00Z,ahu-c-f01-west,ON,NORMAL,14.18,25.15,14.00
src-ahu-0077-018,2026-01-15T09:17:00Z,ahu-c-f02-east,ON,NORMAL,14.09,25.48,14.00
src-ahu-0077-019,2026-01-15T09:17:00Z,ahu-c-f02-west,ON,NORMAL,14.00,25.62,14.00
src-ahu-0077-020,2026-01-15T09:17:00Z,ahu-c-f03-east,ON,NORMAL,13.93,25.98,14.00
src-ahu-0077-021,2026-01-15T09:17:00Z,ahu-c-f03-west,ON,NORMAL,14.08,26.00,14.00
src-ahu-0077-022,2026-01-15T09:17:00Z,ahu-c-f04-east,ON,NORMAL,13.80,26.27,14.00
src-ahu-0077-023,2026-01-15T09:17:00Z,ahu-c-f04-west,ON,NORMAL,13.87,26.38,14.00
src-ahu-0078-000,2026-01-15T09:18:00Z,ahu-a-f01-east,ON,NORMAL,14.00,24.83,14.00
src-ahu-0078-001,2026-01-15T09:18:00Z,ahu-a-f01-west,ON,NORMAL,14.00,24.66,14.00
src-ahu-0078-002,2026-01-15T09:18:00Z,ahu-a-f02-east,ON,NORMAL,13.96,24.68,14.00
src-ahu-0078-003,2026-01-15T09:18:00Z,ahu-a-f02-west,ON,NORMAL,14.01,24.48,14.00
src-ahu-0078-004,2026-01-15T09:18:00Z,ahu-a-f03-east,ON,NORMAL,14.10,24.38,14.00
src-ahu-0078-005,2026-01-15T09:18:00Z,ahu-a-f03-west,ON,NORMAL,14.14,24.33,14.00
src-ahu-0078-006,2026-01-15T09:18:00Z,ahu-a-f04-east,ON,NORMAL,14.24,24.39,14.00
src-ahu-0078-007,2026-01-15T09:18:00Z,ahu-a-f04-west,ON,NORMAL,14.34,24.20,14.00
src-ahu-0078-008,2026-01-15T09:18:00Z,ahu-b-f01-east,ON,NORMAL,14.36,23.67,14.00
src-ahu-0078-009,2026-01-15T09:18:00Z,ahu-b-f01-west,ON,NORMAL,14.36,23.59,14.00
src-ahu-0078-010,2026-01-15T09:18:00Z,ahu-b-f02-east,ON,NORMAL,14.36,23.90,14.00
src-ahu-0078-011,2026-01-15T09:18:00Z,ahu-b-f02-west,ON,NORMAL,14.33,23.84,14.00
src-ahu-0078-012,2026-01-15T09:18:00Z,ahu-b-f03-east,ON,NORMAL,14.41,24.11,14.00
src-ahu-0078-013,2026-01-15T09:18:00Z,ahu-b-f03-west,ON,NORMAL,14.41,24.26,14.00
src-ahu-0078-014,2026-01-15T09:18:00Z,ahu-b-f04-east,ON,NORMAL,14.29,24.70,14.00
src-ahu-0078-015,2026-01-15T09:18:00Z,ahu-b-f04-west,ON,NORMAL,14.26,24.89,14.00
src-ahu-0078-016,2026-01-15T09:18:00Z,ahu-c-f01-east,ON,NORMAL,14.31,24.88,14.00
src-ahu-0078-017,2026-01-15T09:18:00Z,ahu-c-f01-west,ON,NORMAL,14.12,25.15,14.00
src-ahu-0078-018,2026-01-15T09:18:00Z,ahu-c-f02-east,ON,NORMAL,14.11,25.47,14.00
src-ahu-0078-019,2026-01-15T09:18:00Z,ahu-c-f02-west,ON,NORMAL,14.09,25.59,14.00
src-ahu-0078-020,2026-01-15T09:18:00Z,ahu-c-f03-east,ON,NORMAL,14.04,25.90,14.00
src-ahu-0078-021,2026-01-15T09:18:00Z,ahu-c-f03-west,ON,NORMAL,14.06,26.07,14.00
src-ahu-0078-022,2026-01-15T09:18:00Z,ahu-c-f04-east,ON,NORMAL,13.94,26.36,14.00
src-ahu-0078-023,2026-01-15T09:18:00Z,ahu-c-f04-west,ON,NORMAL,13.83,26.30,14.00
src-ahu-0079-000,2026-01-15T09:19:00Z,ahu-a-f01-east,ON,NORMAL,13.99,24.86,14.00
src-ahu-0079-001,2026-01-15T09:19:00Z,ahu-a-f01-west,ON,NORMAL,13.90,24.63,14.00
src-ahu-0079-002,2026-01-15T09:19:00Z,ahu-a-f02-east,ON,NORMAL,14.06,24.57,14.00
src-ahu-0079-003,2026-01-15T09:19:00Z,ahu-a-f02-west,ON,NORMAL,14.14,24.44,14.00
src-ahu-0079-004,2026-01-15T09:19:00Z,ahu-a-f03-east,ON,NORMAL,14.05,24.34,14.00
src-ahu-0079-005,2026-01-15T09:19:00Z,ahu-a-f03-west,ON,NORMAL,14.32,24.24,14.00
src-ahu-0079-006,2026-01-15T09:19:00Z,ahu-a-f04-east,ON,NORMAL,14.29,24.30,14.00
src-ahu-0079-007,2026-01-15T09:19:00Z,ahu-a-f04-west,ON,NORMAL,14.32,24.18,14.00
src-ahu-0079-008,2026-01-15T09:19:00Z,ahu-b-f01-east,ON,NORMAL,14.28,23.68,14.00
src-ahu-0079-009,2026-01-15T09:19:00Z,ahu-b-f01-west,ON,NORMAL,14.39,23.58,14.00
src-ahu-0079-010,2026-01-15T09:19:00Z,ahu-b-f02-east,ON,NORMAL,14.44,23.89,14.00
src-ahu-0079-011,2026-01-15T09:19:00Z,ahu-b-f02-west,ON,NORMAL,14.43,23.95,14.00
src-ahu-0079-012,2026-01-15T09:19:00Z,ahu-b-f03-east,ON,NORMAL,14.32,24.22,14.00
src-ahu-0079-013,2026-01-15T09:19:00Z,ahu-b-f03-west,ON,NORMAL,14.22,24.35,14.00
src-ahu-0079-014,2026-01-15T09:19:00Z,ahu-b-f04-east,ON,NORMAL,14.23,24.77,14.00
src-ahu-0079-015,2026-01-15T09:19:00Z,ahu-b-f04-west,ON,NORMAL,14.36,24.93,14.00
src-ahu-0079-016,2026-01-15T09:19:00Z,ahu-c-f01-east,ON,NORMAL,14.09,24.93,14.00
src-ahu-0079-017,2026-01-15T09:19:00Z,ahu-c-f01-west,ON,NORMAL,14.22,25.15,14.00
src-ahu-0079-018,2026-01-15T09:19:00Z,ahu-c-f02-east,ON,NORMAL,14.03,25.46,14.00
src-ahu-0079-019,2026-01-15T09:19:00Z,ahu-c-f02-west,ON,NORMAL,14.12,25.70,14.00
src-ahu-0079-020,2026-01-15T09:19:00Z,ahu-c-f03-east,ON,NORMAL,13.94,26.05,14.00
src-ahu-0079-021,2026-01-15T09:19:00Z,ahu-c-f03-west,ON,NORMAL,13.98,26.01,14.00
src-ahu-0079-022,2026-01-15T09:19:00Z,ahu-c-f04-east,ON,NORMAL,13.81,26.27,14.00
src-ahu-0079-023,2026-01-15T09:19:00Z,ahu-c-f04-west,ON,NORMAL,13.92,26.34,14.00
src-ahu-0080-000,2026-01-15T09:20:00Z,ahu-a-f01-east,ON,NORMAL,13.86,24.79,14.00
src-ahu-0080-001,2026-01-15T09:20:00Z,ahu-a-f01-west,ON,NORMAL,13.99,24.57,14.00
src-ahu-0080-002,2026-01-15T09:20:00Z,ahu-a-f02-east,ON,NORMAL,14.14,24.59,14.00
src-ahu-0080-003,2026-01-15T09:20:00Z,ahu-a-f02-west,ON,NORMAL,14.04,24.37,14.00
src-ahu-0080-004,2026-01-15T09:20:00Z,ahu-a-f03-east,ON,NORMAL,14.27,24.37,14.00
src-ahu-0080-005,2026-01-15T09:20:00Z,ahu-a-f03-west,ON,NORMAL,14.32,24.22,14.00
src-ahu-0080-006,2026-01-15T09:20:00Z,ahu-a-f04-east,ON,NORMAL,14.28,24.33,14.00
src-ahu-0080-007,2026-01-15T09:20:00Z,ahu-a-f04-west,ON,NORMAL,14.32,24.14,14.00
src-ahu-0080-008,2026-01-15T09:20:00Z,ahu-b-f01-east,ON,NORMAL,14.44,23.58,14.00
src-ahu-0080-009,2026-01-15T09:20:00Z,ahu-b-f01-west,ON,NORMAL,14.37,23.61,14.00
src-ahu-0080-010,2026-01-15T09:20:00Z,ahu-b-f02-east,ON,NORMAL,14.32,23.87,14.00
src-ahu-0080-011,2026-01-15T09:20:00Z,ahu-b-f02-west,ON,NORMAL,14.28,23.96,14.00
src-ahu-0080-012,2026-01-15T09:20:00Z,ahu-b-f03-east,ON,NORMAL,14.23,24.28,14.00
src-ahu-0080-013,2026-01-15T09:20:00Z,ahu-b-f03-west,ON,NORMAL,14.23,24.47,14.00
src-ahu-0080-014,2026-01-15T09:20:00Z,ahu-b-f04-east,ON,NORMAL,14.38,24.79,14.00
src-ahu-0080-015,2026-01-15T09:20:00Z,ahu-b-f04-west,ON,NORMAL,14.32,24.90,14.00
src-ahu-0080-016,2026-01-15T09:20:00Z,ahu-c-f01-east,ON,NORMAL,14.15,25.00,14.00
src-ahu-0080-017,2026-01-15T09:20:00Z,ahu-c-f01-west,ON,NORMAL,14.21,25.20,14.00
src-ahu-0080-018,2026-01-15T09:20:00Z,ahu-c-f02-east,ON,NORMAL,14.15,25.58,14.00
src-ahu-0080-019,2026-01-15T09:20:00Z,ahu-c-f02-west,ON,NORMAL,13.90,25.69,14.00
src-ahu-0080-020,2026-01-15T09:20:00Z,ahu-c-f03-east,ON,NORMAL,14.02,25.99,14.00
src-ahu-0080-021,2026-01-15T09:20:00Z,ahu-c-f03-west,ON,NORMAL,13.99,26.19,14.00
src-ahu-0080-022,2026-01-15T09:20:00Z,ahu-c-f04-east,ON,NORMAL,13.94,26.39,14.00
src-ahu-0080-023,2026-01-15T09:20:00Z,ahu-c-f04-west,ON,NORMAL,13.72,26.38,14.00
src-ahu-0081-000,2026-01-15T09:21:00Z,ahu-a-f01-east,ON,NORMAL,14.10,24.83,14.00
src-ahu-0081-001,2026-01-15T09:21:00Z,ahu-a-f01-west,ON,NORMAL,13.98,24.52,14.00
src-ahu-0081-002,2026-01-15T09:21:00Z,ahu-a-f02-east,ON,NORMAL,14.09,24.55,14.00
src-ahu-0081-003,2026-01-15T09:21:00Z,ahu-a-f02-west,ON,NORMAL,14.06,24.44,14.00
src-ahu-0081-004,2026-01-15T09:21:00Z,ahu-a-f03-east,ON,NORMAL,14.26,24.45,14.00
src-ahu-0081-005,2026-01-15T09:21:00Z,ahu-a-f03-west,ON,NORMAL,14.23,24.22,14.00
src-ahu-0081-006,2026-01-15T09:21:00Z,ahu-a-f04-east,ON,NORMAL,14.18,24.30,14.00
src-ahu-0081-007,2026-01-15T09:21:00Z,ahu-a-f04-west,ON,NORMAL,14.27,24.22,14.00
src-ahu-0081-008,2026-01-15T09:21:00Z,ahu-b-f01-east,ON,NORMAL,14.41,23.62,14.00
src-ahu-0081-009,2026-01-15T09:21:00Z,ahu-b-f01-west,ON,NORMAL,14.33,23.63,14.00
src-ahu-0081-010,2026-01-15T09:21:00Z,ahu-b-f02-east,ON,NORMAL,14.26,23.76,14.00
src-ahu-0081-011,2026-01-15T09:21:00Z,ahu-b-f02-west,ON,NORMAL,14.44,23.94,14.00
src-ahu-0081-012,2026-01-15T09:21:00Z,ahu-b-f03-east,ON,NORMAL,14.30,24.29,14.00
src-ahu-0081-013,2026-01-15T09:21:00Z,ahu-b-f03-west,ON,NORMAL,14.19,24.45,14.00
src-ahu-0081-014,2026-01-15T09:21:00Z,ahu-b-f04-east,ON,NORMAL,14.37,24.80,14.00
src-ahu-0081-015,2026-01-15T09:21:00Z,ahu-b-f04-west,ON,NORMAL,14.32,24.98,14.00
src-ahu-0081-016,2026-01-15T09:21:00Z,ahu-c-f01-east,ON,NORMAL,14.15,24.98,14.00
src-ahu-0081-017,2026-01-15T09:21:00Z,ahu-c-f01-west,ON,NORMAL,14.13,25.27,14.00
src-ahu-0081-018,2026-01-15T09:21:00Z,ahu-c-f02-east,ON,NORMAL,14.06,25.51,14.00
src-ahu-0081-019,2026-01-15T09:21:00Z,ahu-c-f02-west,ON,NORMAL,14.05,25.75,14.00
src-ahu-0081-020,2026-01-15T09:21:00Z,ahu-c-f03-east,ON,NORMAL,13.88,26.08,14.00
src-ahu-0081-021,2026-01-15T09:21:00Z,ahu-c-f03-west,ON,NORMAL,13.91,26.15,14.00
src-ahu-0081-022,2026-01-15T09:21:00Z,ahu-c-f04-east,ON,NORMAL,13.93,26.45,14.00
src-ahu-0081-023,2026-01-15T09:21:00Z,ahu-c-f04-west,ON,NORMAL,13.87,26.40,14.00
src-ahu-0082-000,2026-01-15T09:22:00Z,ahu-a-f01-east,ON,NORMAL,13.98,24.68,14.00
src-ahu-0082-001,2026-01-15T09:22:00Z,ahu-a-f01-west,ON,NORMAL,14.18,24.59,14.00
src-ahu-0082-002,2026-01-15T09:22:00Z,ahu-a-f02-east,ON,NORMAL,14.23,24.49,14.00
src-ahu-0082-003,2026-01-15T09:22:00Z,ahu-a-f02-west,ON,NORMAL,14.22,24.37,14.00
src-ahu-0082-004,2026-01-15T09:22:00Z,ahu-a-f03-east,ON,NORMAL,14.32,24.27,14.00
src-ahu-0082-005,2026-01-15T09:22:00Z,ahu-a-f03-west,ON,NORMAL,14.29,24.21,14.00
src-ahu-0082-006,2026-01-15T09:22:00Z,ahu-a-f04-east,ON,NORMAL,14.37,24.30,14.00
src-ahu-0082-007,2026-01-15T09:22:00Z,ahu-a-f04-west,ON,NORMAL,14.37,24.12,14.00
src-ahu-0082-008,2026-01-15T09:22:00Z,ahu-b-f01-east,ON,NORMAL,14.39,23.61,14.00
src-ahu-0082-009,2026-01-15T09:22:00Z,ahu-b-f01-west,ON,NORMAL,14.31,23.66,14.00
src-ahu-0082-010,2026-01-15T09:22:00Z,ahu-b-f02-east,ON,NORMAL,14.33,23.86,14.00
src-ahu-0082-011,2026-01-15T09:22:00Z,ahu-b-f02-west,ON,NORMAL,14.30,24.02,14.00
src-ahu-0082-012,2026-01-15T09:22:00Z,ahu-b-f03-east,ON,NORMAL,14.42,24.26,14.00
src-ahu-0082-013,2026-01-15T09:22:00Z,ahu-b-f03-west,ON,NORMAL,14.26,24.47,14.00
src-ahu-0082-014,2026-01-15T09:22:00Z,ahu-b-f04-east,ON,NORMAL,14.15,24.78,14.00
src-ahu-0082-015,2026-01-15T09:22:00Z,ahu-b-f04-west,ON,NORMAL,14.30,24.92,14.00
src-ahu-0082-016,2026-01-15T09:22:00Z,ahu-c-f01-east,ON,NORMAL,14.09,24.97,14.00
src-ahu-0082-017,2026-01-15T09:22:00Z,ahu-c-f01-west,ON,NORMAL,14.03,25.20,14.00
src-ahu-0082-018,2026-01-15T09:22:00Z,ahu-c-f02-east,ON,NORMAL,14.00,25.61,14.00
src-ahu-0082-019,2026-01-15T09:22:00Z,ahu-c-f02-west,ON,NORMAL,14.07,25.71,14.00
src-ahu-0082-020,2026-01-15T09:22:00Z,ahu-c-f03-east,ON,NORMAL,13.97,26.11,14.00
src-ahu-0082-021,2026-01-15T09:22:00Z,ahu-c-f03-west,ON,NORMAL,13.94,26.14,14.00
src-ahu-0082-022,2026-01-15T09:22:00Z,ahu-c-f04-east,ON,NORMAL,13.90,26.39,14.00
src-ahu-0082-023,2026-01-15T09:22:00Z,ahu-c-f04-west,ON,NORMAL,13.74,26.29,14.00
src-ahu-0083-000,2026-01-15T09:23:00Z,ahu-a-f01-east,ON,NORMAL,14.03,24.65,14.00
src-ahu-0083-001,2026-01-15T09:23:00Z,ahu-a-f01-west,ON,NORMAL,14.08,24.52,14.00
src-ahu-0083-002,2026-01-15T09:23:00Z,ahu-a-f02-east,ON,NORMAL,14.18,24.53,14.00
src-ahu-0083-003,2026-01-15T09:23:00Z,ahu-a-f02-west,ON,NORMAL,14.31,24.33,14.00
src-ahu-0083-004,2026-01-15T09:23:00Z,ahu-a-f03-east,ON,NORMAL,14.30,24.35,14.00
src-ahu-0083-005,2026-01-15T09:23:00Z,ahu-a-f03-west,ON,NORMAL,14.33,24.10,14.00
src-ahu-0083-006,2026-01-15T09:23:00Z,ahu-a-f04-east,ON,NORMAL,14.42,24.22,14.00
src-ahu-0083-007,2026-01-15T09:23:00Z,ahu-a-f04-west,ON,NORMAL,14.28,24.18,14.00
src-ahu-0083-008,2026-01-15T09:23:00Z,ahu-b-f01-east,ON,NORMAL,14.25,23.67,14.00
src-ahu-0083-009,2026-01-15T09:23:00Z,ahu-b-f01-west,ON,NORMAL,14.45,23.62,14.00
src-ahu-0083-010,2026-01-15T09:23:00Z,ahu-b-f02-east,ON,NORMAL,14.45,23.91,14.00
src-ahu-0083-011,2026-01-15T09:23:00Z,ahu-b-f02-west,ON,NORMAL,14.31,23.98,14.00
src-ahu-0083-012,2026-01-15T09:23:00Z,ahu-b-f03-east,ON,NORMAL,14.24,24.34,14.00
src-ahu-0083-013,2026-01-15T09:23:00Z,ahu-b-f03-west,ON,NORMAL,14.35,24.52,14.00
src-ahu-0083-014,2026-01-15T09:23:00Z,ahu-b-f04-east,ON,NORMAL,14.23,24.80,14.00
src-ahu-0083-015,2026-01-15T09:23:00Z,ahu-b-f04-west,ON,NORMAL,14.21,25.10,14.00
src-ahu-0083-016,2026-01-15T09:23:00Z,ahu-c-f01-east,ON,NORMAL,14.05,25.08,14.00
src-ahu-0083-017,2026-01-15T09:23:00Z,ahu-c-f01-west,ON,NORMAL,13.94,25.36,14.00
src-ahu-0083-018,2026-01-15T09:23:00Z,ahu-c-f02-east,ON,NORMAL,14.04,25.63,14.00
src-ahu-0083-019,2026-01-15T09:23:00Z,ahu-c-f02-west,ON,NORMAL,14.00,25.70,14.00
src-ahu-0083-020,2026-01-15T09:23:00Z,ahu-c-f03-east,ON,NORMAL,13.89,26.16,14.00
src-ahu-0083-021,2026-01-15T09:23:00Z,ahu-c-f03-west,ON,NORMAL,13.72,26.11,14.00
src-ahu-0083-022,2026-01-15T09:23:00Z,ahu-c-f04-east,ON,NORMAL,13.84,26.34,14.00
src-ahu-0083-023,2026-01-15T09:23:00Z,ahu-c-f04-west,ON,NORMAL,13.85,26.29,14.00
src-ahu-0084-000,2026-01-15T09:24:00Z,ahu-a-f01-east,ON,NORMAL,14.05,24.66,14.00
src-ahu-0084-001,2026-01-15T09:24:00Z,ahu-a-f01-west,ON,NORMAL,14.04,24.54,14.00
src-ahu-0084-002,2026-01-15T09:24:00Z,ahu-a-f02-east,ON,NORMAL,14.26,24.40,14.00
src-ahu-0084-003,2026-01-15T09:24:00Z,ahu-a-f02-west,ON,NORMAL,14.34,24.28,14.00
src-ahu-0084-004,2026-01-15T09:24:00Z,ahu-a-f03-east,ON,NORMAL,14.21,24.37,14.00
src-ahu-0084-005,2026-01-15T09:24:00Z,ahu-a-f03-west,ON,NORMAL,14.41,24.21,14.00
src-ahu-0084-006,2026-01-15T09:24:00Z,ahu-a-f04-east,ON,NORMAL,14.39,24.26,14.00
src-ahu-0084-007,2026-01-15T09:24:00Z,ahu-a-f04-west,ON,NORMAL,14.45,24.20,14.00
src-ahu-0084-008,2026-01-15T09:24:00Z,ahu-b-f01-east,ON,NORMAL,14.28,23.69,14.00
src-ahu-0084-009,2026-01-15T09:24:00Z,ahu-b-f01-west,ON,NORMAL,14.33,23.62,14.00
src-ahu-0084-010,2026-01-15T09:24:00Z,ahu-b-f02-east,ON,NORMAL,14.26,23.91,14.00
src-ahu-0084-011,2026-01-15T09:24:00Z,ahu-b-f02-west,ON,NORMAL,14.22,23.99,14.00
src-ahu-0084-012,2026-01-15T09:24:00Z,ahu-b-f03-east,ON,NORMAL,14.18,24.34,14.00
src-ahu-0084-013,2026-01-15T09:24:00Z,ahu-b-f03-west,ON,NORMAL,14.27,24.48,14.00
src-ahu-0084-014,2026-01-15T09:24:00Z,ahu-b-f04-east,ON,NORMAL,14.10,24.89,14.00
src-ahu-0084-015,2026-01-15T09:24:00Z,ahu-b-f04-west,ON,NORMAL,14.11,25.09,14.00
src-ahu-0084-016,2026-01-15T09:24:00Z,ahu-c-f01-east,ON,NORMAL,14.01,25.11,14.00
src-ahu-0084-017,2026-01-15T09:24:00Z,ahu-c-f01-west,ON,NORMAL,14.08,25.30,14.00
src-ahu-0084-018,2026-01-15T09:24:00Z,ahu-c-f02-east,ON,NORMAL,14.04,25.62,14.00
src-ahu-0084-019,2026-01-15T09:24:00Z,ahu-c-f02-west,ON,NORMAL,13.85,25.84,14.00
src-ahu-0084-020,2026-01-15T09:24:00Z,ahu-c-f03-east,ON,NORMAL,13.87,26.00,14.00
src-ahu-0084-021,2026-01-15T09:24:00Z,ahu-c-f03-west,ON,NORMAL,13.87,26.09,14.00
src-ahu-0084-022,2026-01-15T09:24:00Z,ahu-c-f04-east,ON,NORMAL,13.75,26.35,14.00
src-ahu-0084-023,2026-01-15T09:24:00Z,ahu-c-f04-west,ON,NORMAL,13.77,26.38,14.00
src-ahu-0085-000,2026-01-15T09:25:00Z,ahu-a-f01-east,ON,NORMAL,14.11,24.62,14.00
src-ahu-0085-001,2026-01-15T09:25:00Z,ahu-a-f01-west,ON,NORMAL,14.11,24.45,14.00
src-ahu-0085-002,2026-01-15T09:25:00Z,ahu-a-f02-east,ON,NORMAL,14.31,24.39,14.00
src-ahu-0085-003,2026-01-15T09:25:00Z,ahu-a-f02-west,ON,NORMAL,14.29,24.30,14.00
src-ahu-0085-004,2026-01-15T09:25:00Z,ahu-a-f03-east,ON,NORMAL,14.40,24.19,14.00
src-ahu-0085-005,2026-01-15T09:25:00Z,ahu-a-f03-west,ON,NORMAL,14.33,24.21,14.00
src-ahu-0085-006,2026-01-15T09:25:00Z,ahu-a-f04-east,ON,NORMAL,14.30,24.26,14.00
src-ahu-0085-007,2026-01-15T09:25:00Z,ahu-a-f04-west,ON,NORMAL,14.30,24.26,14.00
src-ahu-0085-008,2026-01-15T09:25:00Z,ahu-b-f01-east,ON,NORMAL,14.30,23.58,14.00
src-ahu-0085-009,2026-01-15T09:25:00Z,ahu-b-f01-west,ON,NORMAL,14.27,23.64,14.00
src-ahu-0085-010,2026-01-15T09:25:00Z,ahu-b-f02-east,ON,NORMAL,14.41,23.91,14.00
src-ahu-0085-011,2026-01-15T09:25:00Z,ahu-b-f02-west,ON,NORMAL,14.41,24.11,14.00
src-ahu-0085-012,2026-01-15T09:25:00Z,ahu-b-f03-east,ON,NORMAL,14.29,24.36,14.00
src-ahu-0085-013,2026-01-15T09:25:00Z,ahu-b-f03-west,ON,NORMAL,14.16,24.55,14.00
src-ahu-0085-014,2026-01-15T09:25:00Z,ahu-b-f04-east,ON,NORMAL,14.15,24.95,14.00
src-ahu-0085-015,2026-01-15T09:25:00Z,ahu-b-f04-west,ON,NORMAL,14.23,25.12,14.00
src-ahu-0085-016,2026-01-15T09:25:00Z,ahu-c-f01-east,ON,NORMAL,14.11,25.12,14.00
src-ahu-0085-017,2026-01-15T09:25:00Z,ahu-c-f01-west,ON,NORMAL,14.02,25.28,14.00
src-ahu-0085-018,2026-01-15T09:25:00Z,ahu-c-f02-east,ON,NORMAL,13.95,25.75,14.00
src-ahu-0085-019,2026-01-15T09:25:00Z,ahu-c-f02-west,ON,NORMAL,13.79,25.79,14.00
src-ahu-0085-020,2026-01-15T09:25:00Z,ahu-c-f03-east,ON,NORMAL,13.75,26.11,14.00
src-ahu-0085-021,2026-01-15T09:25:00Z,ahu-c-f03-west,ON,NORMAL,13.79,26.09,14.00
src-ahu-0085-022,2026-01-15T09:25:00Z,ahu-c-f04-east,ON,NORMAL,13.69,26.33,14.00
src-ahu-0085-023,2026-01-15T09:25:00Z,ahu-c-f04-west,ON,NORMAL,13.75,26.27,14.00
src-ahu-0086-000,2026-01-15T09:26:00Z,ahu-a-f01-east,ON,NORMAL,14.04,24.62,14.00
src-ahu-0086-001,2026-01-15T09:26:00Z,ahu-a-f01-west,ON,NORMAL,14.10,24.40,14.00
src-ahu-0086-002,2026-01-15T09:26:00Z,ahu-a-f02-east,ON,NORMAL,14.13,24.43,14.00
src-ahu-0086-003,2026-01-15T09:26:00Z,ahu-a-f02-west,ON,NORMAL,14.18,24.25,14.00
src-ahu-0086-004,2026-01-15T09:26:00Z,ahu-a-f03-east,ON,NORMAL,14.20,24.29,14.00
src-ahu-0086-005,2026-01-15T09:26:00Z,ahu-a-f03-west,ON,NORMAL,14.40,24.10,14.00
src-ahu-0086-006,2026-01-15T09:26:00Z,ahu-a-f04-east,ON,NORMAL,14.40,24.19,14.00
src-ahu-0086-007,2026-01-15T09:26:00Z,ahu-a-f04-west,ON,NORMAL,14.35,24.22,14.00
src-ahu-0086-008,2026-01-15T09:26:00Z,ahu-b-f01-east,ON,NORMAL,14.43,23.73,14.00
src-ahu-0086-009,2026-01-15T09:26:00Z,ahu-b-f01-west,ON,NORMAL,14.24,23.75,14.00
src-ahu-0086-010,2026-01-15T09:26:00Z,ahu-b-f02-east,ON,NORMAL,14.38,23.94,14.00
src-ahu-0086-011,2026-01-15T09:26:00Z,ahu-b-f02-west,ON,NORMAL,14.34,24.03,14.00
src-ahu-0086-012,2026-01-15T09:26:00Z,ahu-b-f03-east,ON,NORMAL,14.24,24.35,14.00
src-ahu-0086-013,2026-01-15T09:26:00Z,ahu-b-f03-west,ON,NORMAL,14.27,24.52,14.00
src-ahu-0086-014,2026-01-15T09:26:00Z,ahu-b-f04-east,ON,NORMAL,14.20,24.98,14.00
src-ahu-0086-015,2026-01-15T09:26:00Z,ahu-b-f04-west,ON,NORMAL,14.00,25.16,14.00
src-ahu-0086-016,2026-01-15T09:26:00Z,ahu-c-f01-east,ON,NORMAL,14.03,25.15,14.00
src-ahu-0086-017,2026-01-15T09:26:00Z,ahu-c-f01-west,ON,NORMAL,14.02,25.30,14.00
src-ahu-0086-018,2026-01-15T09:26:00Z,ahu-c-f02-east,ON,NORMAL,13.98,25.66,14.00
src-ahu-0086-019,2026-01-15T09:26:00Z,ahu-c-f02-west,ON,NORMAL,13.85,25.91,14.00
src-ahu-0086-020,2026-01-15T09:26:00Z,ahu-c-f03-east,ON,NORMAL,13.89,26.22,14.00
src-ahu-0086-021,2026-01-15T09:26:00Z,ahu-c-f03-west,ON,NORMAL,13.87,26.23,14.00
src-ahu-0086-022,2026-01-15T09:26:00Z,ahu-c-f04-east,ON,NORMAL,13.66,26.40,14.00
src-ahu-0086-023,2026-01-15T09:26:00Z,ahu-c-f04-west,ON,NORMAL,13.72,26.33,14.00
src-ahu-0087-000,2026-01-15T09:27:00Z,ahu-a-f01-east,ON,NORMAL,14.23,24.58,14.00
src-ahu-0087-001,2026-01-15T09:27:00Z,ahu-a-f01-west,ON,NORMAL,14.24,24.38,14.00
src-ahu-0087-002,2026-01-15T09:27:00Z,ahu-a-f02-east,ON,NORMAL,14.34,24.27,14.00
src-ahu-0087-003,2026-01-15T09:27:00Z,ahu-a-f02-west,ON,NORMAL,14.18,24.21,14.00
src-ahu-0087-004,2026-01-15T09:27:00Z,ahu-a-f03-east,ON,NORMAL,14.32,24.26,14.00
src-ahu-0087-005,2026-01-15T09:27:00Z,ahu-a-f03-west,ON,NORMAL,14.24,24.16,14.00
src-ahu-0087-006,2026-01-15T09:27:00Z,ahu-a-f04-east,ON,NORMAL,14.42,24.19,14.00
src-ahu-0087-007,2026-01-15T09:27:00Z,ahu-a-f04-west,ON,NORMAL,14.41,24.16,14.00
src-ahu-0087-008,2026-01-15T09:27:00Z,ahu-b-f01-east,ON,NORMAL,14.41,23.62,14.00
src-ahu-0087-009,2026-01-15T09:27:00Z,ahu-b-f01-west,ON,NORMAL,14.37,23.64,14.00
src-ahu-0087-010,2026-01-15T09:27:00Z,ahu-b-f02-east,ON,NORMAL,14.25,23.98,14.00
src-ahu-0087-011,2026-01-15T09:27:00Z,ahu-b-f02-west,ON,NORMAL,14.15,24.11,14.00
src-ahu-0087-012,2026-01-15T09:27:00Z,ahu-b-f03-east,ON,NORMAL,14.29,24.39,14.00
src-ahu-0087-013,2026-01-15T09:27:00Z,ahu-b-f03-west,ON,NORMAL,14.12,24.66,14.00
src-ahu-0087-014,2026-01-15T09:27:00Z,ahu-b-f04-east,ON,NORMAL,14.05,25.03,14.00
src-ahu-0087-015,2026-01-15T09:27:00Z,ahu-b-f04-west,ON,NORMAL,14.17,25.16,14.00
src-ahu-0087-016,2026-01-15T09:27:00Z,ahu-c-f01-east,ON,NORMAL,13.93,25.16,14.00
src-ahu-0087-017,2026-01-15T09:27:00Z,ahu-c-f01-west,ON,NORMAL,13.95,25.38,14.00
src-ahu-0087-018,2026-01-15T09:27:00Z,ahu-c-f02-east,ON,NORMAL,13.95,25.75,14.00
src-ahu-0087-019,2026-01-15T09:27:00Z,ahu-c-f02-west,ON,NORMAL,13.76,25.87,14.00
src-ahu-0087-020,2026-01-15T09:27:00Z,ahu-c-f03-east,ON,NORMAL,13.87,26.19,14.00
src-ahu-0087-021,2026-01-15T09:27:00Z,ahu-c-f03-west,ON,NORMAL,13.80,26.22,14.00
src-ahu-0087-022,2026-01-15T09:27:00Z,ahu-c-f04-east,ON,NORMAL,13.65,26.36,14.00
src-ahu-0087-023,2026-01-15T09:27:00Z,ahu-c-f04-west,ON,NORMAL,13.77,26.39,14.00
src-ahu-0088-000,2026-01-15T09:28:00Z,ahu-a-f01-east,ON,NORMAL,14.11,24.53,14.00
src-ahu-0088-001,2026-01-15T09:28:00Z,ahu-a-f01-west,ON,NORMAL,14.23,24.34,14.00
src-ahu-0088-002,2026-01-15T09:28:00Z,ahu-a-f02-east,ON,NORMAL,14.37,24.41,14.00
src-ahu-0088-003,2026-01-15T09:28:00Z,ahu-a-f02-west,ON,NORMAL,14.30,24.16,14.00
src-ahu-0088-004,2026-01-15T09:28:00Z,ahu-a-f03-east,ON,NORMAL,14.39,24.17,14.00
src-ahu-0088-005,2026-01-15T09:28:00Z,ahu-a-f03-west,ON,NORMAL,14.41,24.02,14.00
src-ahu-0088-006,2026-01-15T09:28:00Z,ahu-a-f04-east,ON,NORMAL,14.37,24.17,14.00
src-ahu-0088-007,2026-01-15T09:28:00Z,ahu-a-f04-west,ON,NORMAL,14.34,24.19,14.00
src-ahu-0088-008,2026-01-15T09:28:00Z,ahu-b-f01-east,ON,NORMAL,14.45,23.58,14.00
src-ahu-0088-009,2026-01-15T09:28:00Z,ahu-b-f01-west,ON,NORMAL,14.25,23.70,14.00
src-ahu-0088-010,2026-01-15T09:28:00Z,ahu-b-f02-east,ON,NORMAL,14.29,24.00,14.00
src-ahu-0088-011,2026-01-15T09:28:00Z,ahu-b-f02-west,ON,NORMAL,14.32,24.10,14.00
src-ahu-0088-012,2026-01-15T09:28:00Z,ahu-b-f03-east,ON,NORMAL,14.19,24.39,14.00
src-ahu-0088-013,2026-01-15T09:28:00Z,ahu-b-f03-west,ON,NORMAL,14.13,24.59,14.00
src-ahu-0088-014,2026-01-15T09:28:00Z,ahu-b-f04-east,ON,NORMAL,14.20,25.09,14.00
src-ahu-0088-015,2026-01-15T09:28:00Z,ahu-b-f04-west,ON,NORMAL,13.95,25.29,14.00
src-ahu-0088-016,2026-01-15T09:28:00Z,ahu-c-f01-east,ON,NORMAL,13.99,25.29,14.00
src-ahu-0088-017,2026-01-15T09:28:00Z,ahu-c-f01-west,ON,NORMAL,13.97,25.45,14.00
src-ahu-0088-018,2026-01-15T09:28:00Z,ahu-c-f02-east,ON,NORMAL,13.88,25.78,14.00
src-ahu-0088-019,2026-01-15T09:28:00Z,ahu-c-f02-west,ON,NORMAL,13.93,25.80,14.00
src-ahu-0088-020,2026-01-15T09:28:00Z,ahu-c-f03-east,ON,NORMAL,13.71,26.21,14.00
src-ahu-0088-021,2026-01-15T09:28:00Z,ahu-c-f03-west,ON,NORMAL,13.65,26.18,14.00
src-ahu-0088-022,2026-01-15T09:28:00Z,ahu-c-f04-east,ON,NORMAL,13.57,26.38,14.00
src-ahu-0088-023,2026-01-15T09:28:00Z,ahu-c-f04-west,ON,NORMAL,13.71,26.30,14.00
src-ahu-0089-000,2026-01-15T09:29:00Z,ahu-a-f01-east,ON,NORMAL,14.22,24.53,14.00
src-ahu-0089-001,2026-01-15T09:29:00Z,ahu-a-f01-west,ON,NORMAL,14.14,24.29,14.00
src-ahu-0089-002,2026-01-15T09:29:00Z,ahu-a-f02-east,ON,NORMAL,14.17,24.40,14.00
src-ahu-0089-003,2026-01-15T09:29:00Z,ahu-a-f02-west,ON,NORMAL,14.39,24.18,14.00
src-ahu-0089-004,2026-01-15T09:29:00Z,ahu-a-f03-east,ON,NORMAL,14.23,24.14,14.00
src-ahu-0089-005,2026-01-15T09:29:00Z,ahu-a-f03-west,ON,NORMAL,14.35,24.03,14.00
src-ahu-0089-006,2026-01-15T09:29:00Z,ahu-a-f04-east,ON,NORMAL,14.34,24.15,14.00
src-ahu-0089-007,2026-01-15T09:29:00Z,ahu-a-f04-west,ON,NORMAL,14.26,24.07,14.00
src-ahu-0089-008,2026-01-15T09:29:00Z,ahu-b-f01-east,ON,NORMAL,14.31,23.62,14.00
src-ahu-0089-009,2026-01-15T09:29:00Z,ahu-b-f01-west,ON,NORMAL,14.18,23.77,14.00
src-ahu-0089-010,2026-01-15T09:29:00Z,ahu-b-f02-east,ON,NORMAL,14.24,24.07,14.00
src-ahu-0089-011,2026-01-15T09:29:00Z,ahu-b-f02-west,ON,NORMAL,14.11,24.23,14.00
src-ahu-0089-012,2026-01-15T09:29:00Z,ahu-b-f03-east,ON,NORMAL,14.09,24.45,14.00
src-ahu-0089-013,2026-01-15T09:29:00Z,ahu-b-f03-west,ON,NORMAL,14.18,24.68,14.00
src-ahu-0089-014,2026-01-15T09:29:00Z,ahu-b-f04-east,ON,NORMAL,14.18,25.05,14.00
src-ahu-0089-015,2026-01-15T09:29:00Z,ahu-b-f04-west,ON,NORMAL,13.90,25.23,14.00
src-ahu-0089-016,2026-01-15T09:29:00Z,ahu-c-f01-east,ON,NORMAL,13.86,25.29,14.00
src-ahu-0089-017,2026-01-15T09:29:00Z,ahu-c-f01-west,ON,NORMAL,13.78,25.44,14.00
src-ahu-0089-018,2026-01-15T09:29:00Z,ahu-c-f02-east,ON,NORMAL,13.87,25.71,14.00
src-ahu-0089-019,2026-01-15T09:29:00Z,ahu-c-f02-west,ON,NORMAL,13.87,25.86,14.00
src-ahu-0089-020,2026-01-15T09:29:00Z,ahu-c-f03-east,ON,NORMAL,13.76,26.16,14.00
src-ahu-0089-021,2026-01-15T09:29:00Z,ahu-c-f03-west,ON,NORMAL,13.81,26.20,14.00
src-ahu-0089-022,2026-01-15T09:29:00Z,ahu-c-f04-east,ON,NORMAL,13.62,26.26,14.00
src-ahu-0089-023,2026-01-15T09:29:00Z,ahu-c-f04-west,ON,NORMAL,13.72,26.29,14.00
src-ahu-0090-000,2026-01-15T09:30:00Z,ahu-a-f01-east,ON,NORMAL,14.22,24.43,14.00
src-ahu-0090-001,2026-01-15T09:30:00Z,ahu-a-f01-west,ON,NORMAL,14.30,24.30,14.00
src-ahu-0090-002,2026-01-15T09:30:00Z,ahu-a-f02-east,ON,NORMAL,14.19,24.25,14.00
src-ahu-0090-003,2026-01-15T09:30:00Z,ahu-a-f02-west,ON,NORMAL,14.36,24.12,14.00
src-ahu-0090-004,2026-01-15T09:30:00Z,ahu-a-f03-east,ON,NORMAL,14.44,24.22,14.00
src-ahu-0090-005,2026-01-15T09:30:00Z,ahu-a-f03-west,ON,NORMAL,14.41,24.09,14.00
src-ahu-0090-006,2026-01-15T09:30:00Z,ahu-a-f04-east,ON,NORMAL,14.23,24.16,14.00
src-ahu-0090-007,2026-01-15T09:30:00Z,ahu-a-f04-west,ON,NORMAL,14.29,24.23,14.00
src-ahu-0090-008,2026-01-15T09:30:00Z,ahu-b-f01-east,ON,NORMAL,14.37,23.62,14.00
src-ahu-0090-009,2026-01-15T09:30:00Z,ahu-b-f01-west,ON,NORMAL,14.19,23.79,14.00
src-ahu-0090-010,2026-01-15T09:30:00Z,ahu-b-f02-east,ON,NORMAL,14.37,24.01,14.00
src-ahu-0090-011,2026-01-15T09:30:00Z,ahu-b-f02-west,ON,NORMAL,14.16,24.09,14.00
src-ahu-0090-012,2026-01-15T09:30:00Z,ahu-b-f03-east,ON,NORMAL,14.11,24.46,14.00
src-ahu-0090-013,2026-01-15T09:30:00Z,ahu-b-f03-west,ON,NORMAL,13.99,24.63,14.00
src-ahu-0090-014,2026-01-15T09:30:00Z,ahu-b-f04-east,ON,NORMAL,14.06,25.05,14.00
src-ahu-0090-015,2026-01-15T09:30:00Z,ahu-b-f04-west,ON,NORMAL,14.01,25.26,14.00
src-ahu-0090-016,2026-01-15T09:30:00Z,ahu-c-f01-east,ON,NORMAL,14.02,25.23,14.00
src-ahu-0090-017,2026-01-15T09:30:00Z,ahu-c-f01-west,ON,NORMAL,13.91,25.37,14.00
src-ahu-0090-018,2026-01-15T09:30:00Z,ahu-c-f02-east,ON,NORMAL,13.89,25.74,14.00
src-ahu-0090-019,2026-01-15T09:30:00Z,ahu-c-f02-west,ON,NORMAL,13.87,25.96,14.00
src-ahu-0090-020,2026-01-15T09:30:00Z,ahu-c-f03-east,ON,NORMAL,13.64,26.19,14.00
src-ahu-0090-021,2026-01-15T09:30:00Z,ahu-c-f03-west,ON,NORMAL,13.60,26.21,14.00
src-ahu-0090-022,2026-01-15T09:30:00Z,ahu-c-f04-east,ON,NORMAL,13.61,26.26,14.00
src-ahu-0090-023,2026-01-15T09:30:00Z,ahu-c-f04-west,ON,NORMAL,13.55,26.28,14.00
src-ahu-0091-000,2026-01-15T09:31:00Z,ahu-a-f01-east,ON,NORMAL,14.26,24.43,14.00
src-ahu-0091-001,2026-01-15T09:31:00Z,ahu-a-f01-west,ON,NORMAL,14.21,24.28,14.00
src-ahu-0091-002,2026-01-15T09:31:00Z,ahu-a-f02-east,ON,NORMAL,14.24,24.21,14.00
src-ahu-0091-003,2026-01-15T09:31:00Z,ahu-a-f02-west,ON,NORMAL,14.34,24.16,14.00
src-ahu-0091-004,2026-01-15T09:31:00Z,ahu-a-f03-east,ON,NORMAL,14.40,24.13,14.00
src-ahu-0091-005,2026-01-15T09:31:00Z,ahu-a-f03-west,ON,NORMAL,14.25,23.97,14.00
src-ahu-0091-006,2026-01-15T09:31:00Z,ahu-a-f04-east,ON,NORMAL,14.33,24.13,14.00
src-ahu-0091-007,2026-01-15T09:31:00Z,ahu-a-f04-west,ON,NORMAL,14.41,24.19,14.00
src-ahu-0091-008,2026-01-15T09:31:00Z,ahu-b-f01-east,ON,NORMAL,14.40,23.73,14.00
src-ahu-0091-009,2026-01-15T09:31:00Z,ahu-b-f01-west,ON,NORMAL,14.18,23.73,14.00
src-ahu-0091-010,2026-01-15T09:31:00Z,ahu-b-f02-east,ON,NORMAL,14.27,24.09,14.00
src-ahu-0091-011,2026-01-15T09:31:00Z,ahu-b-f02-west,ON,NORMAL,14.19,24.16,14.00
src-ahu-0091-012,2026-01-15T09:31:00Z,ahu-b-f03-east,ON,NORMAL,14.11,24.47,14.00
src-ahu-0091-013,2026-01-15T09:31:00Z,ahu-b-f03-west,ON,NORMAL,13.97,24.65,14.00
src-ahu-0091-014,2026-01-15T09:31:00Z,ahu-b-f04-east,ON,NORMAL,13.92,25.08,14.00
src-ahu-0091-015,2026-01-15T09:31:00Z,ahu-b-f04-west,ON,NORMAL,13.98,25.27,14.00
src-ahu-0091-016,2026-01-15T09:31:00Z,ahu-c-f01-east,ON,NORMAL,13.97,25.36,14.00
src-ahu-0091-017,2026-01-15T09:31:00Z,ahu-c-f01-west,ON,NORMAL,13.81,25.48,14.00
src-ahu-0091-018,2026-01-15T09:31:00Z,ahu-c-f02-east,ON,NORMAL,13.77,25.86,14.00
src-ahu-0091-019,2026-01-15T09:31:00Z,ahu-c-f02-west,ON,NORMAL,13.74,25.98,14.00
src-ahu-0091-020,2026-01-15T09:31:00Z,ahu-c-f03-east,ON,NORMAL,13.83,26.14,14.00
src-ahu-0091-021,2026-01-15T09:31:00Z,ahu-c-f03-west,ON,NORMAL,13.66,26.18,14.00
src-ahu-0091-022,2026-01-15T09:31:00Z,ahu-c-f04-east,ON,NORMAL,13.68,26.34,14.00
src-ahu-0091-023,2026-01-15T09:31:00Z,ahu-c-f04-west,ON,NORMAL,13.57,26.27,14.00
src-ahu-0092-000,2026-01-15T09:32:00Z,ahu-a-f01-east,ON,NORMAL,14.32,24.46,14.00
src-ahu-0092-001,2026-01-15T09:32:00Z,ahu-a-f01-west,ON,NORMAL,14.30,24.26,14.00
src-ahu-0092-002,2026-01-15T09:32:00Z,ahu-a-f02-east,ON,NORMAL,14.27,24.23,14.00
src-ahu-0092-003,2026-01-15T09:32:00Z,ahu-a-f02-west,ON,NORMAL,14.29,24.16,14.00
src-ahu-0092-004,2026-01-15T09:32:00Z,ahu-a-f03-east,ON,NORMAL,14.43,24.12,14.00
src-ahu-0092-005,2026-01-15T09:32:00Z,ahu-a-f03-west,ON,NORMAL,14.47,23.99,14.00
src-ahu-0092-006,2026-01-15T09:32:00Z,ahu-a-f04-east,ON,NORMAL,14.36,24.19,14.00
src-ahu-0092-007,2026-01-15T09:32:00Z,ahu-a-f04-west,ON,NORMAL,14.28,24.23,14.00
src-ahu-0092-008,2026-01-15T09:32:00Z,ahu-b-f01-east,ON,NORMAL,14.32,23.74,14.00
src-ahu-0092-009,2026-01-15T09:32:00Z,ahu-b-f01-west,ON,NORMAL,14.14,23.81,14.00
src-ahu-0092-010,2026-01-15T09:32:00Z,ahu-b-f02-east,ON,NORMAL,14.22,24.10,14.00
src-ahu-0092-011,2026-01-15T09:32:00Z,ahu-b-f02-west,ON,NORMAL,14.27,24.26,14.00
src-ahu-0092-012,2026-01-15T09:32:00Z,ahu-b-f03-east,ON,NORMAL,14.07,24.63,14.00
src-ahu-0092-013,2026-01-15T09:32:00Z,ahu-b-f03-west,ON,NORMAL,14.00,24.65,14.00
src-ahu-0092-014,2026-01-15T09:32:00Z,ahu-b-f04-east,ON,NORMAL,13.91,25.23,14.00
src-ahu-0092-015,2026-01-15T09:32:00Z,ahu-b-f04-west,ON,NORMAL,14.02,25.26,14.00
src-ahu-0092-016,2026-01-15T09:32:00Z,ahu-c-f01-east,ON,NORMAL,13.97,25.33,14.00
src-ahu-0092-017,2026-01-15T09:32:00Z,ahu-c-f01-west,ON,NORMAL,13.88,25.52,14.00
src-ahu-0092-018,2026-01-15T09:32:00Z,ahu-c-f02-east,ON,NORMAL,13.75,25.91,14.00
src-ahu-0092-019,2026-01-15T09:32:00Z,ahu-c-f02-west,ON,NORMAL,13.70,25.92,14.00
src-ahu-0092-020,2026-01-15T09:32:00Z,ahu-c-f03-east,ON,NORMAL,13.60,26.25,14.00
src-ahu-0092-021,2026-01-15T09:32:00Z,ahu-c-f03-west,ON,NORMAL,13.63,26.15,14.00
src-ahu-0092-022,2026-01-15T09:32:00Z,ahu-c-f04-east,ON,NORMAL,13.57,26.46,14.00
src-ahu-0092-023,2026-01-15T09:32:00Z,ahu-c-f04-west,ON,NORMAL,13.75,26.22,14.00
src-ahu-0093-000,2026-01-15T09:33:00Z,ahu-a-f01-east,ON,NORMAL,14.19,24.43,14.00
src-ahu-0093-001,2026-01-15T09:33:00Z,ahu-a-f01-west,ON,NORMAL,14.37,24.20,14.00
src-ahu-0093-002,2026-01-15T09:33:00Z,ahu-a-f02-east,ON,NORMAL,14.27,24.15,14.00
src-ahu-0093-003,2026-01-15T09:33:00Z,ahu-a-f02-west,ON,NORMAL,14.37,24.02,14.00
src-ahu-0093-004,2026-01-15T09:33:00Z,ahu-a-f03-east,ON,NORMAL,14.42,24.18,14.00
src-ahu-0093-005,2026-01-15T09:33:00Z,ahu-a-f03-west,ON,NORMAL,14.32,24.09,14.00
src-ahu-0093-006,2026-01-15T09:33:00Z,ahu-a-f04-east,ON,NORMAL,14.43,24.24,14.00
src-ahu-0093-007,2026-01-15T09:33:00Z,ahu-a-f04-west,ON,NORMAL,14.23,24.18,14.00
src-ahu-0093-008,2026-01-15T09:33:00Z,ahu-b-f01-east,ON,NORMAL,14.35,23.71,14.00
src-ahu-0093-009,2026-01-15T09:33:00Z,ahu-b-f01-west,ON,NORMAL,14.31,23.75,14.00
src-ahu-0093-010,2026-01-15T09:33:00Z,ahu-b-f02-east,ON,NORMAL,14.15,24.13,14.00
src-ahu-0093-011,2026-01-15T09:33:00Z,ahu-b-f02-west,ON,NORMAL,14.07,24.28,14.00
src-ahu-0093-012,2026-01-15T09:33:00Z,ahu-b-f03-east,ON,NORMAL,14.11,24.52,14.00
src-ahu-0093-013,2026-01-15T09:33:00Z,ahu-b-f03-west,ON,NORMAL,14.05,24.76,14.00
src-ahu-0093-014,2026-01-15T09:33:00Z,ahu-b-f04-east,ON,NORMAL,14.00,25.17,14.00
src-ahu-0093-015,2026-01-15T09:33:00Z,ahu-b-f04-west,ON,NORMAL,13.81,25.40,14.00
src-ahu-0093-016,2026-01-15T09:33:00Z,ahu-c-f01-east,ON,NORMAL,13.87,25.34,14.00
src-ahu-0093-017,2026-01-15T09:33:00Z,ahu-c-f01-west,ON,NORMAL,13.73,25.59,14.00
src-ahu-0093-018,2026-01-15T09:33:00Z,ahu-c-f02-east,ON,NORMAL,13.67,25.81,14.00
src-ahu-0093-019,2026-01-15T09:33:00Z,ahu-c-f02-west,ON,NORMAL,13.77,25.84,14.00
src-ahu-0093-020,2026-01-15T09:33:00Z,ahu-c-f03-east,ON,NORMAL,13.65,26.22,14.00
src-ahu-0093-021,2026-01-15T09:33:00Z,ahu-c-f03-west,ON,NORMAL,13.55,26.16,14.00
src-ahu-0093-022,2026-01-15T09:33:00Z,ahu-c-f04-east,ON,NORMAL,13.74,26.32,14.00
src-ahu-0093-023,2026-01-15T09:33:00Z,ahu-c-f04-west,ON,NORMAL,13.67,26.16,14.00
src-ahu-0094-000,2026-01-15T09:34:00Z,ahu-a-f01-east,ON,NORMAL,14.31,24.39,14.00
src-ahu-0094-001,2026-01-15T09:34:00Z,ahu-a-f01-west,ON,NORMAL,14.29,24.19,14.00
src-ahu-0094-002,2026-01-15T09:34:00Z,ahu-a-f02-east,ON,NORMAL,14.24,24.23,14.00
src-ahu-0094-003,2026-01-15T09:34:00Z,ahu-a-f02-west,ON,NORMAL,14.39,24.02,14.00
src-ahu-0094-004,2026-01-15T09:34:00Z,ahu-a-f03-east,ON,NORMAL,14.35,24.08,14.00
src-ahu-0094-005,2026-01-15T09:34:00Z,ahu-a-f03-west,ON,NORMAL,14.36,23.94,14.00
src-ahu-0094-006,2026-01-15T09:34:00Z,ahu-a-f04-east,ON,NORMAL,14.28,24.25,14.00
src-ahu-0094-007,2026-01-15T09:34:00Z,ahu-a-f04-west,ON,NORMAL,14.31,24.21,14.00
src-ahu-0094-008,2026-01-15T09:34:00Z,ahu-b-f01-east,ON,NORMAL,14.30,23.75,14.00
src-ahu-0094-009,2026-01-15T09:34:00Z,ahu-b-f01-west,ON,NORMAL,14.28,23.76,14.00
src-ahu-0094-010,2026-01-15T09:34:00Z,ahu-b-f02-east,ON,NORMAL,14.12,24.12,14.00
src-ahu-0094-011,2026-01-15T09:34:00Z,ahu-b-f02-west,ON,NORMAL,14.04,24.25,14.00
src-ahu-0094-012,2026-01-15T09:34:00Z,ahu-b-f03-east,ON,NORMAL,14.14,24.52,14.00
src-ahu-0094-013,2026-01-15T09:34:00Z,ahu-b-f03-west,ON,NORMAL,14.04,24.82,14.00
src-ahu-0094-014,2026-01-15T09:34:00Z,ahu-b-f04-east,ON,NORMAL,13.94,25.21,14.00
src-ahu-0094-015,2026-01-15T09:34:00Z,ahu-b-f04-west,ON,NORMAL,13.87,25.43,14.00
src-ahu-0094-016,2026-01-15T09:34:00Z,ahu-c-f01-east,ON,NORMAL,13.85,25.39,14.00
src-ahu-0094-017,2026-01-15T09:34:00Z,ahu-c-f01-west,ON,NORMAL,13.70,25.64,14.00
src-ahu-0094-018,2026-01-15T09:34:00Z,ahu-c-f02-east,ON,NORMAL,13.74,25.86,14.00
src-ahu-0094-019,2026-01-15T09:34:00Z,ahu-c-f02-west,ON,NORMAL,13.75,25.93,14.00
src-ahu-0094-020,2026-01-15T09:34:00Z,ahu-c-f03-east,ON,NORMAL,13.71,26.18,14.00
src-ahu-0094-021,2026-01-15T09:34:00Z,ahu-c-f03-west,ON,NORMAL,13.59,26.19,14.00
src-ahu-0094-022,2026-01-15T09:34:00Z,ahu-c-f04-east,ON,NORMAL,13.58,26.30,14.00
src-ahu-0094-023,2026-01-15T09:34:00Z,ahu-c-f04-west,ON,NORMAL,13.72,26.22,14.00
src-ahu-0095-000,2026-01-15T09:35:00Z,ahu-a-f01-east,ON,NORMAL,14.34,24.30,14.00
src-ahu-0095-001,2026-01-15T09:35:00Z,ahu-a-f01-west,ON,NORMAL,14.42,24.16,14.00
src-ahu-0095-002,2026-01-15T09:35:00Z,ahu-a-f02-east,ON,NORMAL,14.44,24.11,14.00
src-ahu-0095-003,2026-01-15T09:35:00Z,ahu-a-f02-west,ON,NORMAL,14.44,24.01,14.00
src-ahu-0095-004,2026-01-15T09:35:00Z,ahu-a-f03-east,ON,NORMAL,14.29,24.12,14.00
src-ahu-0095-005,2026-01-15T09:35:00Z,ahu-a-f03-west,ON,NORMAL,14.42,24.00,14.00
src-ahu-0095-006,2026-01-15T09:35:00Z,ahu-a-f04-east,ON,NORMAL,14.29,24.16,14.00
src-ahu-0095-007,2026-01-15T09:35:00Z,ahu-a-f04-west,ON,NORMAL,14.30,24.22,14.00
src-ahu-0095-008,2026-01-15T09:35:00Z,ahu-b-f01-east,ON,NORMAL,14.30,23.66,14.00
src-ahu-0095-009,2026-01-15T09:35:00Z,ahu-b-f01-west,ON,NORMAL,14.26,23.82,14.00
src-ahu-0095-010,2026-01-15T09:35:00Z,ahu-b-f02-east,ON,NORMAL,14.07,24.11,14.00
src-ahu-0095-011,2026-01-15T09:35:00Z,ahu-b-f02-west,ON,NORMAL,14.07,24.26,14.00
src-ahu-0095-012,2026-01-15T09:35:00Z,ahu-b-f03-east,ON,NORMAL,13.97,24.74,14.00
src-ahu-0095-013,2026-01-15T09:35:00Z,ahu-b-f03-west,ON,NORMAL,13.86,24.90,14.00
src-ahu-0095-014,2026-01-15T09:35:00Z,ahu-b-f04-east,ON,NORMAL,13.98,25.26,14.00
src-ahu-0095-015,2026-01-15T09:35:00Z,ahu-b-f04-west,ON,NORMAL,13.87,25.42,14.00
src-ahu-0095-016,2026-01-15T09:35:00Z,ahu-c-f01-east,ON,NORMAL,13.89,25.40,14.00
src-ahu-0095-017,2026-01-15T09:35:00Z,ahu-c-f01-west,ON,NORMAL,13.73,25.61,14.00
src-ahu-0095-018,2026-01-15T09:35:00Z,ahu-c-f02-east,ON,NORMAL,13.70,25.87,14.00
src-ahu-0095-019,2026-01-15T09:35:00Z,ahu-c-f02-west,ON,NORMAL,13.71,26.03,14.00
src-ahu-0095-020,2026-01-15T09:35:00Z,ahu-c-f03-east,ON,NORMAL,13.55,26.09,14.00
src-ahu-0095-021,2026-01-15T09:35:00Z,ahu-c-f03-west,ON,NORMAL,13.73,26.16,14.00
src-ahu-0095-022,2026-01-15T09:35:00Z,ahu-c-f04-east,ON,NORMAL,13.55,26.23,14.00
src-ahu-0095-023,2026-01-15T09:35:00Z,ahu-c-f04-west,ON,NORMAL,13.58,26.13,14.00
src-ahu-0096-000,2026-01-15T09:36:00Z,ahu-a-f01-east,ON,NORMAL,14.23,24.32,14.00
src-ahu-0096-001,2026-01-15T09:36:00Z,ahu-a-f01-west,ON,NORMAL,14.45,24.12,14.00
src-ahu-0096-002,2026-01-15T09:36:00Z,ahu-a-f02-east,ON,NORMAL,14.31,24.09,14.00
src-ahu-0096-003,2026-01-15T09:36:00Z,ahu-a-f02-west,ON,NORMAL,14.30,24.04,14.00
src-ahu-0096-004,2026-01-15T09:36:00Z,ahu-a-f03-east,ON,NORMAL,14.45,24.03,14.00
src-ahu-0096-005,2026-01-15T09:36:00Z,ahu-a-f03-west,ON,NORMAL,14.42,23.95,14.00
src-ahu-0096-006,2026-01-15T09:36:00Z,ahu-a-f04-east,ON,NORMAL,14.33,24.23,14.00
src-ahu-0096-007,2026-01-15T09:36:00Z,ahu-a-f04-west,ON,NORMAL,14.18,24.23,14.00
src-ahu-0096-008,2026-01-15T09:36:00Z,ahu-b-f01-east,ON,NORMAL,14.23,23.71,14.00
src-ahu-0096-009,2026-01-15T09:36:00Z,ahu-b-f01-west,ON,NORMAL,14.26,23.86,14.00
src-ahu-0096-010,2026-01-15T09:36:00Z,ahu-b-f02-east,ON,NORMAL,14.13,24.18,14.00
src-ahu-0096-011,2026-01-15T09:36:00Z,ahu-b-f02-west,ON,NORMAL,13.95,24.34,14.00
src-ahu-0096-012,2026-01-15T09:36:00Z,ahu-b-f03-east,ON,NORMAL,13.95,24.73,14.00
src-ahu-0096-013,2026-01-15T09:36:00Z,ahu-b-f03-west,ON,NORMAL,13.90,24.95,14.00
src-ahu-0096-014,2026-01-15T09:36:00Z,ahu-b-f04-east,ON,NORMAL,13.78,25.22,14.00
src-ahu-0096-015,2026-01-15T09:36:00Z,ahu-b-f04-west,ON,NORMAL,13.84,25.38,14.00
src-ahu-0096-016,2026-01-15T09:36:00Z,ahu-c-f01-east,ON,NORMAL,13.77,25.55,14.00
src-ahu-0096-017,2026-01-15T09:36:00Z,ahu-c-f01-west,ON,NORMAL,13.65,25.63,14.00
src-ahu-0096-018,2026-01-15T09:36:00Z,ahu-c-f02-east,ON,NORMAL,13.74,25.87,14.00
src-ahu-0096-019,2026-01-15T09:36:00Z,ahu-c-f02-west,ON,NORMAL,13.70,25.87,14.00
src-ahu-0096-020,2026-01-15T09:36:00Z,ahu-c-f03-east,ON,NORMAL,13.65,26.20,14.00
src-ahu-0096-021,2026-01-15T09:36:00Z,ahu-c-f03-west,ON,NORMAL,13.61,26.25,14.00
src-ahu-0096-022,2026-01-15T09:36:00Z,ahu-c-f04-east,ON,NORMAL,13.72,26.37,14.00
src-ahu-0096-023,2026-01-15T09:36:00Z,ahu-c-f04-west,ON,NORMAL,13.66,26.25,14.00
src-ahu-0097-000,2026-01-15T09:37:00Z,ahu-a-f01-east,ON,NORMAL,14.41,24.24,14.00
src-ahu-0097-001,2026-01-15T09:37:00Z,ahu-a-f01-west,ON,NORMAL,14.26,24.17,14.00
src-ahu-0097-002,2026-01-15T09:37:00Z,ahu-a-f02-east,ON,NORMAL,14.23,24.11,14.00
src-ahu-0097-003,2026-01-15T09:37:00Z,ahu-a-f02-west,ON,NORMAL,14.41,24.00,14.00
src-ahu-0097-004,2026-01-15T09:37:00Z,ahu-a-f03-east,ON,NORMAL,14.39,24.04,14.00
src-ahu-0097-005,2026-01-15T09:37:00Z,ahu-a-f03-west,ON,NORMAL,14.38,23.94,14.00
src-ahu-0097-006,2026-01-15T09:37:00Z,ahu-a-f04-east,ON,NORMAL,14.33,24.20,14.00
src-ahu-0097-007,2026-01-15T09:37:00Z,ahu-a-f04-west,ON,NORMAL,14.33,24.23,14.00
src-ahu-0097-008,2026-01-15T09:37:00Z,ahu-b-f01-east,ON,NORMAL,14.23,23.71,14.00
src-ahu-0097-009,2026-01-15T09:37:00Z,ahu-b-f01-west,ON,NORMAL,14.06,23.86,14.00
src-ahu-0097-010,2026-01-15T09:37:00Z,ahu-b-f02-east,ON,NORMAL,14.20,24.17,14.00
src-ahu-0097-011,2026-01-15T09:37:00Z,ahu-b-f02-west,ON,NORMAL,14.14,24.36,14.00
src-ahu-0097-012,2026-01-15T09:37:00Z,ahu-b-f03-east,ON,NORMAL,14.05,24.82,14.00
src-ahu-0097-013,2026-01-15T09:37:00Z,ahu-b-f03-west,ON,NORMAL,13.92,24.93,14.00
src-ahu-0097-014,2026-01-15T09:37:00Z,ahu-b-f04-east,ON,NORMAL,13.94,25.28,14.00
src-ahu-0097-015,2026-01-15T09:37:00Z,ahu-b-f04-west,ON,NORMAL,13.77,25.49,14.00
src-ahu-0097-016,2026-01-15T09:37:00Z,ahu-c-f01-east,ON,NORMAL,13.83,25.47,14.00
src-ahu-0097-017,2026-01-15T09:37:00Z,ahu-c-f01-west,ON,NORMAL,13.68,25.61,14.00
src-ahu-0097-018,2026-01-15T09:37:00Z,ahu-c-f02-east,ON,NORMAL,13.61,25.92,14.00
src-ahu-0097-019,2026-01-15T09:37:00Z,ahu-c-f02-west,ON,NORMAL,13.59,25.89,14.00
src-ahu-0097-020,2026-01-15T09:37:00Z,ahu-c-f03-east,ON,NORMAL,13.68,26.16,14.00
src-ahu-0097-021,2026-01-15T09:37:00Z,ahu-c-f03-west,ON,NORMAL,13.77,26.23,14.00
src-ahu-0097-022,2026-01-15T09:37:00Z,ahu-c-f04-east,ON,NORMAL,13.57,26.37,14.00
src-ahu-0097-023,2026-01-15T09:37:00Z,ahu-c-f04-west,ON,NORMAL,13.66,26.19,14.00
src-ahu-0098-000,2026-01-15T09:38:00Z,ahu-a-f01-east,ON,NORMAL,14.44,24.28,14.00
src-ahu-0098-001,2026-01-15T09:38:00Z,ahu-a-f01-west,ON,NORMAL,14.37,24.09,14.00
src-ahu-0098-002,2026-01-15T09:38:00Z,ahu-a-f02-east,ON,NORMAL,14.42,24.12,14.00
src-ahu-0098-003,2026-01-15T09:38:00Z,ahu-a-f02-west,ON,NORMAL,14.25,23.95,14.00
src-ahu-0098-004,2026-01-15T09:38:00Z,ahu-a-f03-east,ON,NORMAL,14.29,24.12,14.00
src-ahu-0098-005,2026-01-15T09:38:00Z,ahu-a-f03-west,ON,NORMAL,14.30,24.03,14.00
src-ahu-0098-006,2026-01-15T09:38:00Z,ahu-a-f04-east,ON,NORMAL,14.27,24.18,14.00
src-ahu-0098-007,2026-01-15T09:38:00Z,ahu-a-f04-west,ON,NORMAL,14.24,24.21,14.00
src-ahu-0098-008,2026-01-15T09:38:00Z,ahu-b-f01-east,ON,NORMAL,14.18,23.71,14.00
src-ahu-0098-009,2026-01-15T09:38:00Z,ahu-b-f01-west,ON,NORMAL,14.14,23.88,14.00
src-ahu-0098-010,2026-01-15T09:38:00Z,ahu-b-f02-east,ON,NORMAL,14.12,24.23,14.00
src-ahu-0098-011,2026-01-15T09:38:00Z,ahu-b-f02-west,ON,NORMAL,14.09,24.38,14.00
src-ahu-0098-012,2026-01-15T09:38:00Z,ahu-b-f03-east,ON,NORMAL,13.94,24.77,14.00
src-ahu-0098-013,2026-01-15T09:38:00Z,ahu-b-f03-west,ON,NORMAL,13.80,24.92,14.00
src-ahu-0098-014,2026-01-15T09:38:00Z,ahu-b-f04-east,ON,NORMAL,13.80,25.33,14.00
src-ahu-0098-015,2026-01-15T09:38:00Z,ahu-b-f04-west,ON,NORMAL,13.88,25.57,14.00
src-ahu-0098-016,2026-01-15T09:38:00Z,ahu-c-f01-east,ON,NORMAL,13.86,25.60,14.00
src-ahu-0098-017,2026-01-15T09:38:00Z,ahu-c-f01-west,ON,NORMAL,13.61,25.59,14.00
src-ahu-0098-018,2026-01-15T09:38:00Z,ahu-c-f02-east,ON,NORMAL,13.76,25.91,14.00
src-ahu-0098-019,2026-01-15T09:38:00Z,ahu-c-f02-west,ON,NORMAL,13.67,26.05,14.00
src-ahu-0098-020,2026-01-15T09:38:00Z,ahu-c-f03-east,ON,NORMAL,13.56,26.17,14.00
src-ahu-0098-021,2026-01-15T09:38:00Z,ahu-c-f03-west,ON,NORMAL,13.56,26.14,14.00
src-ahu-0098-022,2026-01-15T09:38:00Z,ahu-c-f04-east,ON,NORMAL,13.77,26.28,14.00
src-ahu-0098-023,2026-01-15T09:38:00Z,ahu-c-f04-west,ON,NORMAL,13.76,26.23,14.00
src-ahu-0099-000,2026-01-15T09:39:00Z,ahu-a-f01-east,ON,NORMAL,14.37,24.21,14.00
src-ahu-0099-001,2026-01-15T09:39:00Z,ahu-a-f01-west,ON,NORMAL,14.31,24.07,14.00
src-ahu-0099-002,2026-01-15T09:39:00Z,ahu-a-f02-east,ON,NORMAL,14.34,24.14,14.00
src-ahu-0099-003,2026-01-15T09:39:00Z,ahu-a-f02-west,ON,NORMAL,14.23,23.91,14.00
src-ahu-0099-004,2026-01-15T09:39:00Z,ahu-a-f03-east,ON,NORMAL,14.35,24.08,14.00
src-ahu-0099-005,2026-01-15T09:39:00Z,ahu-a-f03-west,ON,NORMAL,14.27,24.06,14.00
src-ahu-0099-006,2026-01-15T09:39:00Z,ahu-a-f04-east,ON,NORMAL,14.34,24.26,14.00
src-ahu-0099-007,2026-01-15T09:39:00Z,ahu-a-f04-west,ON,NORMAL,14.27,24.22,14.00
src-ahu-0099-008,2026-01-15T09:39:00Z,ahu-b-f01-east,ON,NORMAL,14.16,23.75,14.00
src-ahu-0099-009,2026-01-15T09:39:00Z,ahu-b-f01-west,ON,NORMAL,13.98,23.90,14.00
src-ahu-0099-010,2026-01-15T09:39:00Z,ahu-b-f02-east,ON,NORMAL,14.04,24.19,14.00
src-ahu-0099-011,2026-01-15T09:39:00Z,ahu-b-f02-west,ON,NORMAL,13.88,24.41,14.00
src-ahu-0099-012,2026-01-15T09:39:00Z,ahu-b-f03-east,ON,NORMAL,14.02,24.77,14.00
src-ahu-0099-013,2026-01-15T09:39:00Z,ahu-b-f03-west,ON,NORMAL,13.90,24.96,14.00
src-ahu-0099-014,2026-01-15T09:39:00Z,ahu-b-f04-east,ON,NORMAL,13.83,25.34,14.00
src-ahu-0099-015,2026-01-15T09:39:00Z,ahu-b-f04-west,ON,NORMAL,13.85,25.54,14.00
src-ahu-0099-016,2026-01-15T09:39:00Z,ahu-c-f01-east,ON,NORMAL,13.69,25.50,14.00
src-ahu-0099-017,2026-01-15T09:39:00Z,ahu-c-f01-west,ON,NORMAL,13.58,25.69,14.00
src-ahu-0099-018,2026-01-15T09:39:00Z,ahu-c-f02-east,ON,NORMAL,13.71,26.05,14.00
src-ahu-0099-019,2026-01-15T09:39:00Z,ahu-c-f02-west,ON,NORMAL,13.75,25.95,14.00
src-ahu-0099-020,2026-01-15T09:39:00Z,ahu-c-f03-east,ON,NORMAL,13.55,26.20,14.00
src-ahu-0099-021,2026-01-15T09:39:00Z,ahu-c-f03-west,ON,NORMAL,13.70,26.20,14.00
src-ahu-0099-022,2026-01-15T09:39:00Z,ahu-c-f04-east,ON,NORMAL,13.68,26.23,14.00
src-ahu-0099-023,2026-01-15T09:39:00Z,ahu-c-f04-west,ON,NORMAL,13.80,26.17,14.00
src-ahu-0100-000,2026-01-15T09:40:00Z,ahu-a-f01-east,ON,NORMAL,14.23,24.10,14.00
src-ahu-0100-001,2026-01-15T09:40:00Z,ahu-a-f01-west,ON,NORMAL,14.29,24.00,14.00
src-ahu-0100-001,2026-01-15T09:40:00Z,ahu-a-f01-west,ON,NORMAL,14.29,24.00,14.00
src-ahu-0100-002,2026-01-15T09:40:00Z,ahu-a-f02-east,ON,NORMAL,14.28,24.00,14.00
src-ahu-0100-003,2026-01-15T09:40:00Z,ahu-a-f02-west,ON,NORMAL,14.26,23.83,14.00
src-ahu-0100-004,2026-01-15T09:40:00Z,ahu-a-f03-east,ON,NORMAL,14.28,24.04,14.00
src-ahu-0100-005,2026-01-15T09:40:00Z,ahu-a-f03-west,ON,NORMAL,14.39,23.96,14.00
src-ahu-0100-006,2026-01-15T09:40:00Z,ahu-a-f04-east,ON,NORMAL,14.33,24.14,14.00
src-ahu-0100-007,2026-01-15T09:40:00Z,ahu-a-f04-west,ON,NORMAL,14.14,24.23,14.00
src-ahu-0100-008,2026-01-15T09:40:00Z,ahu-b-f01-east,ON,NORMAL,14.09,23.81,14.00
src-ahu-0100-009,2026-01-15T09:40:00Z,ahu-b-f01-west,ON,NORMAL,14.18,23.92,14.00
src-ahu-0100-010,2026-01-15T09:40:00Z,ahu-b-f02-east,ON,NORMAL,13.97,24.27,14.00
src-ahu-0100-011,2026-01-15T09:40:00Z,ahu-b-f02-west,ON,NORMAL,13.99,24.48,14.00
src-ahu-0100-012,2026-01-15T09:40:00Z,ahu-b-f03-east,ON,NORMAL,13.85,24.76,14.00
src-ahu-0100-013,2026-01-15T09:40:00Z,ahu-b-f03-west,ON,NORMAL,13.83,25.00,14.00
src-ahu-0100-014,2026-01-15T09:40:00Z,ahu-b-f04-east,ON,NORMAL,13.83,25.38,14.00
src-ahu-0100-015,2026-01-15T09:40:00Z,ahu-b-f04-west,ON,NORMAL,13.65,25.58,14.00
src-ahu-0100-016,2026-01-15T09:40:00Z,ahu-c-f01-east,ON,NORMAL,13.74,25.58,14.00
src-ahu-0100-017,2026-01-15T09:40:00Z,ahu-c-f01-west,ON,NORMAL,13.64,25.69,14.00
src-ahu-0100-018,2026-01-15T09:40:00Z,ahu-c-f02-east,ON,NORMAL,13.65,25.96,14.00
src-ahu-0100-019,2026-01-15T09:40:00Z,ahu-c-f02-west,ON,NORMAL,13.73,26.00,14.00
src-ahu-0100-020,2026-01-15T09:40:00Z,ahu-c-f03-east,ON,NORMAL,13.53,26.14,14.00
src-ahu-0100-021,2026-01-15T09:40:00Z,ahu-c-f03-west,ON,NORMAL,13.78,26.19,14.00
src-ahu-0100-022,2026-01-15T09:40:00Z,ahu-c-f04-east,ON,NORMAL,13.65,26.25,14.00
src-ahu-0100-023,2026-01-15T09:40:00Z,ahu-c-f04-west,ON,NORMAL,13.79,26.15,14.00
src-ahu-0101-000,2026-01-15T09:41:00Z,ahu-a-f01-east,ON,NORMAL,14.32,24.12,14.00
src-ahu-0101-001,2026-01-15T09:41:00Z,ahu-a-f01-west,ON,NORMAL,14.28,23.96,14.00
src-ahu-0101-002,2026-01-15T09:41:00Z,ahu-a-f02-east,ON,NORMAL,14.35,24.03,14.00
src-ahu-0101-003,2026-01-15T09:41:00Z,ahu-a-f02-west,ON,NORMAL,14.24,24.01,14.00
src-ahu-0101-004,2026-01-15T09:41:00Z,ahu-a-f03-east,ON,NORMAL,14.20,24.08,14.00
src-ahu-0101-005,2026-01-15T09:41:00Z,ahu-a-f03-west,ON,NORMAL,14.18,23.98,14.00
src-ahu-0101-006,2026-01-15T09:41:00Z,ahu-a-f04-east,ON,NORMAL,14.22,24.23,14.00
src-ahu-0101-007,2026-01-15T09:41:00Z,ahu-a-f04-west,ON,NORMAL,14.23,24.27,14.00
src-ahu-0101-008,2026-01-15T09:41:00Z,ahu-b-f01-east,ON,NORMAL,14.11,23.79,14.00
src-ahu-0101-009,2026-01-15T09:41:00Z,ahu-b-f01-west,ON,NORMAL,14.12,23.96,14.00
src-ahu-0101-010,2026-01-15T09:41:00Z,ahu-b-f02-east,ON,NORMAL,13.89,24.29,14.00
src-ahu-0101-011,2026-01-15T09:41:00Z,ahu-b-f02-west,ON,NORMAL,14.04,24.40,14.00
src-ahu-0101-012,2026-01-15T09:41:00Z,ahu-b-f03-east,ON,NORMAL,13.97,24.85,14.00
src-ahu-0101-013,2026-01-15T09:41:00Z,ahu-b-f03-west,ON,NORMAL,13.72,25.03,14.00
src-ahu-0101-014,2026-01-15T09:41:00Z,ahu-b-f04-east,ON,NORMAL,13.69,25.38,14.00
src-ahu-0101-015,2026-01-15T09:41:00Z,ahu-b-f04-west,ON,NORMAL,13.74,25.59,14.00
src-ahu-0101-016,2026-01-15T09:41:00Z,ahu-c-f01-east,ON,NORMAL,13.73,25.61,14.00
src-ahu-0101-017,2026-01-15T09:41:00Z,ahu-c-f01-west,ON,NORMAL,13.73,25.77,14.00
src-ahu-0101-018,2026-01-15T09:41:00Z,ahu-c-f02-east,ON,NORMAL,13.71,26.02,14.00
src-ahu-0101-019,2026-01-15T09:41:00Z,ahu-c-f02-west,ON,NORMAL,13.67,26.02,14.00
src-ahu-0101-020,2026-01-15T09:41:00Z,ahu-c-f03-east,ON,NORMAL,13.75,26.22,14.00
src-ahu-0101-021,2026-01-15T09:41:00Z,ahu-c-f03-west,ON,NORMAL,13.59,26.15,14.00
src-ahu-0101-022,2026-01-15T09:41:00Z,ahu-c-f04-east,ON,NORMAL,13.75,26.21,14.00
src-ahu-0101-023,2026-01-15T09:41:00Z,ahu-c-f04-west,ON,NORMAL,13.65,26.21,14.00
src-ahu-0102-000,2026-01-15T09:42:00Z,ahu-a-f01-east,ON,NORMAL,14.26,24.15,14.00
src-ahu-0102-001,2026-01-15T09:42:00Z,ahu-a-f01-west,ON,NORMAL,14.44,23.99,14.00
src-ahu-0102-002,2026-01-15T09:42:00Z,ahu-a-f02-east,ON,NORMAL,14.27,23.96,14.00
src-ahu-0102-003,2026-01-15T09:42:00Z,ahu-a-f02-west,ON,NORMAL,14.38,23.90,14.00
src-ahu-0102-004,2026-01-15T09:42:00Z,ahu-a-f03-east,ON,NORMAL,14.24,24.00,14.00
src-ahu-0102-005,2026-01-15T09:42:00Z,ahu-a-f03-west,ON,NORMAL,14.15,24.00,14.00
src-ahu-0102-006,2026-01-15T09:42:00Z,ahu-a-f04-east,ON,NORMAL,14.24,24.24,14.00
src-ahu-0102-007,2026-01-15T09:42:00Z,ahu-a-f04-west,ON,NORMAL,14.17,24.26,14.00
src-ahu-0102-008,2026-01-15T09:42:00Z,ahu-b-f01-east,ON,NORMAL,14.18,23.80,14.00
src-ahu-0102-009,2026-01-15T09:42:00Z,ahu-b-f01-west,ON,NORMAL,13.96,23.96,14.00
src-ahu-0102-010,2026-01-15T09:42:00Z,ahu-b-f02-east,ON,NORMAL,13.98,24.31,14.00
src-ahu-0102-011,2026-01-15T09:42:00Z,ahu-b-f02-west,ON,NORMAL,13.99,24.48,14.00
src-ahu-0102-012,2026-01-15T09:42:00Z,ahu-b-f03-east,ON,NORMAL,13.90,24.88,14.00
src-ahu-0102-013,2026-01-15T09:42:00Z,ahu-b-f03-west,ON,NORMAL,13.69,24.97,14.00
src-ahu-0102-014,2026-01-15T09:42:00Z,ahu-b-f04-east,ON,NORMAL,13.87,25.50,14.00
src-ahu-0102-015,2026-01-15T09:42:00Z,ahu-b-f04-west,ON,NORMAL,13.82,25.57,14.00
src-ahu-0102-016,2026-01-15T09:42:00Z,ahu-c-f01-east,ON,NORMAL,13.70,25.67,14.00
src-ahu-0102-017,2026-01-15T09:42:00Z,ahu-c-f01-west,ON,NORMAL,13.58,25.70,14.00
src-ahu-0102-018,2026-01-15T09:42:00Z,ahu-c-f02-east,ON,NORMAL,13.65,26.03,14.00
src-ahu-0102-019,2026-01-15T09:42:00Z,ahu-c-f02-west,ON,NORMAL,13.56,26.02,14.00
src-ahu-0102-020,2026-01-15T09:42:00Z,ahu-c-f03-east,ON,NORMAL,13.61,26.23,14.00
src-ahu-0102-021,2026-01-15T09:42:00Z,ahu-c-f03-west,ON,NORMAL,13.80,26.15,14.00
src-ahu-0102-022,2026-01-15T09:42:00Z,ahu-c-f04-east,ON,NORMAL,13.79,26.20,14.00
src-ahu-0102-023,2026-01-15T09:42:00Z,ahu-c-f04-west,ON,NORMAL,13.70,26.08,14.00
src-ahu-0103-000,2026-01-15T09:43:00Z,ahu-a-f01-east,ON,NORMAL,14.27,24.10,14.00
src-ahu-0103-001,2026-01-15T09:43:00Z,ahu-a-f01-west,ON,NORMAL,14.26,23.88,14.00
src-ahu-0103-002,2026-01-15T09:43:00Z,ahu-a-f02-east,ON,NORMAL,14.26,23.96,14.00
src-ahu-0103-003,2026-01-15T09:43:00Z,ahu-a-f02-west,ON,NORMAL,14.25,23.80,14.00
src-ahu-0103-004,2026-01-15T09:43:00Z,ahu-a-f03-east,ON,NORMAL,14.28,24.08,14.00
src-ahu-0103-005,2026-01-15T09:43:00Z,ahu-a-f03-west,ON,NORMAL,14.18,24.01,14.00
src-ahu-0103-006,2026-01-15T09:43:00Z,ahu-a-f04-east,ON,NORMAL,14.18,24.22,14.00
src-ahu-0103-007,2026-01-15T09:43:00Z,ahu-a-f04-west,ON,NORMAL,14.14,24.34,14.00
src-ahu-0103-008,2026-01-15T09:43:00Z,ahu-b-f01-east,ON,NORMAL,14.11,23.86,14.00
src-ahu-0103-009,2026-01-15T09:43:00Z,ahu-b-f01-west,ON,NORMAL,13.94,23.97,14.00
src-ahu-0103-010,2026-01-15T09:43:00Z,ahu-b-f02-east,ON,NORMAL,13.89,24.43,14.00
src-ahu-0103-011,2026-01-15T09:43:00Z,ahu-b-f02-west,ON,NORMAL,13.90,24.54,14.00
src-ahu-0103-012,2026-01-15T09:43:00Z,ahu-b-f03-east,ON,NORMAL,13.88,24.80,14.00
src-ahu-0103-013,2026-01-15T09:43:00Z,ahu-b-f03-west,ON,NORMAL,13.89,25.05,14.00
src-ahu-0103-014,2026-01-15T09:43:00Z,ahu-b-f04-east,ON,NORMAL,13.65,25.46,14.00
src-ahu-0103-015,2026-01-15T09:43:00Z,ahu-b-f04-west,ON,NORMAL,13.76,25.61,14.00
src-ahu-0103-016,2026-01-15T09:43:00Z,ahu-c-f01-east,ON,NORMAL,13.62,25.64,14.00
src-ahu-0103-017,2026-01-15T09:43:00Z,ahu-c-f01-west,ON,NORMAL,13.56,25.82,14.00
src-ahu-0103-018,2026-01-15T09:43:00Z,ahu-c-f02-east,ON,NORMAL,13.74,26.07,14.00
src-ahu-0103-019,2026-01-15T09:43:00Z,ahu-c-f02-west,ON,NORMAL,13.54,26.01,14.00
src-ahu-0103-020,2026-01-15T09:43:00Z,ahu-c-f03-east,ON,NORMAL,13.71,26.23,14.00
src-ahu-0103-021,2026-01-15T09:43:00Z,ahu-c-f03-west,ON,NORMAL,13.81,26.18,14.00
src-ahu-0103-022,2026-01-15T09:43:00Z,ahu-c-f04-east,ON,NORMAL,13.70,26.27,14.00
src-ahu-0103-023,2026-01-15T09:43:00Z,ahu-c-f04-west,ON,NORMAL,13.71,26.02,14.00
src-ahu-0104-000,2026-01-15T09:44:00Z,ahu-a-f01-east,ON,NORMAL,14.37,24.08,14.00
src-ahu-0104-001,2026-01-15T09:44:00Z,ahu-a-f01-west,ON,NORMAL,14.23,23.94,14.00
src-ahu-0104-002,2026-01-15T09:44:00Z,ahu-a-f02-east,ON,NORMAL,14.19,23.98,14.00
src-ahu-0104-003,2026-01-15T09:44:00Z,ahu-a-f02-west,ON,NORMAL,14.19,23.89,14.00
src-ahu-0104-004,2026-01-15T09:44:00Z,ahu-a-f03-east,ON,NORMAL,14.24,24.10,14.00
src-ahu-0104-005,2026-01-15T09:44:00Z,ahu-a-f03-west,ON,NORMAL,14.27,23.93,14.00
src-ahu-0104-006,2026-01-15T09:44:00Z,ahu-a-f04-east,ON,NORMAL,14.22,24.28,14.00
src-ahu-0104-007,2026-01-15T09:44:00Z,ahu-a-f04-west,ON,NORMAL,14.05,24.33,14.00
src-ahu-0104-008,2026-01-15T09:44:00Z,ahu-b-f01-east,ON,NORMAL,14.06,23.79,14.00
src-ahu-0104-009,2026-01-15T09:44:00Z,ahu-b-f01-west,ON,NORMAL,13.96,23.92,14.00
src-ahu-0104-010,2026-01-15T09:44:00Z,ahu-b-f02-east,ON,NORMAL,13.96,24.37,14.00
src-ahu-0104-011,2026-01-15T09:44:00Z,ahu-b-f02-west,ON,NORMAL,13.85,24.45,14.00
src-ahu-0104-012,2026-01-15T09:44:00Z,ahu-b-f03-east,ON,NORMAL,13.72,25.03,14.00
src-ahu-0104-013,2026-01-15T09:44:00Z,ahu-b-f03-west,ON,NORMAL,13.75,25.15,14.00
src-ahu-0104-014,2026-01-15T09:44:00Z,ahu-b-f04-east,ON,NORMAL,13.65,25.51,14.00
src-ahu-0104-015,2026-01-15T09:44:00Z,ahu-b-f04-west,ON,NORMAL,13.70,25.68,14.00
src-ahu-0104-016,2026-01-15T09:44:00Z,ahu-c-f01-east,ON,NORMAL,13.62,25.62,14.00
src-ahu-0104-017,2026-01-15T09:44:00Z,ahu-c-f01-west,ON,NORMAL,13.57,25.76,14.00
src-ahu-0104-018,2026-01-15T09:44:00Z,ahu-c-f02-east,ON,NORMAL,13.70,26.03,14.00
src-ahu-0104-019,2026-01-15T09:44:00Z,ahu-c-f02-west,ON,NORMAL,13.61,26.02,14.00
src-ahu-0104-020,2026-01-15T09:44:00Z,ahu-c-f03-east,ON,NORMAL,13.73,26.18,14.00
src-ahu-0104-021,2026-01-15T09:44:00Z,ahu-c-f03-west,ON,NORMAL,13.71,26.09,14.00
src-ahu-0104-022,2026-01-15T09:44:00Z,ahu-c-f04-east,ON,NORMAL,13.71,26.21,14.00
src-ahu-0104-023,2026-01-15T09:44:00Z,ahu-c-f04-west,ON,NORMAL,13.82,26.05,14.00
src-ahu-0105-000,2026-01-15T09:45:00Z,ahu-a-f01-east,ON,NORMAL,14.44,23.98,14.00
src-ahu-0105-001,2026-01-15T09:45:00Z,ahu-a-f01-west,ON,NORMAL,14.28,23.81,14.00
src-ahu-0105-002,2026-01-15T09:45:00Z,ahu-a-f02-east,ON,NORMAL,14.28,24.02,14.00
src-ahu-0105-003,2026-01-15T09:45:00Z,ahu-a-f02-west,ON,NORMAL,14.27,23.87,14.00
src-ahu-0105-004,2026-01-15T09:45:00Z,ahu-a-f03-east,ON,NORMAL,14.16,24.06,14.00
src-ahu-0105-005,2026-01-15T09:45:00Z,ahu-a-f03-west,ON,NORMAL,14.26,24.07,14.00
src-ahu-0105-006,2026-01-15T09:45:00Z,ahu-a-f04-east,ON,NORMAL,14.01,24.25,14.00
src-ahu-0105-007,2026-01-15T09:45:00Z,ahu-a-f04-west,ON,NORMAL,13.96,24.29,14.00
src-ahu-0105-008,2026-01-15T09:45:00Z,ahu-b-f01-east,ON,NORMAL,13.98,23.90,14.00
src-ahu-0105-009,2026-01-15T09:45:00Z,ahu-b-f01-west,ON,NORMAL,13.85,23.97,14.00
src-ahu-0105-010,2026-01-15T09:45:00Z,ahu-b-f02-east,ON,NORMAL,13.88,24.43,14.00
src-ahu-0105-011,2026-01-15T09:45:00Z,ahu-b-f02-west,ON,NORMAL,13.92,24.51,14.00
src-ahu-0105-012,2026-01-15T09:45:00Z,ahu-b-f03-east,ON,NORMAL,13.74,25.02,14.00
src-ahu-0105-013,2026-01-15T09:45:00Z,ahu-b-f03-west,ON,NORMAL,13.80,25.10,14.00
src-ahu-0105-014,2026-01-15T09:45:00Z,ahu-b-f04-east,ON,NORMAL,13.68,25.54,14.00
src-ahu-0105-015,2026-01-15T09:45:00Z,ahu-b-f04-west,ON,NORMAL,13.78,25.69,14.00
src-ahu-0105-016,2026-01-15T09:45:00Z,ahu-c-f01-east,ON,NORMAL,13.58,25.61,14.00
src-ahu-0105-017,2026-01-15T09:45:00Z,ahu-c-f01-west,ON,NORMAL,13.66,25.82,14.00
src-ahu-0105-018,2026-01-15T09:45:00Z,ahu-c-f02-east,ON,NORMAL,13.73,25.94,14.00
src-ahu-0105-019,2026-01-15T09:45:00Z,ahu-c-f02-west,ON,NORMAL,13.68,26.02,14.00
src-ahu-0105-020,2026-01-15T09:45:00Z,ahu-c-f03-east,ON,NORMAL,13.65,26.22,14.00
src-ahu-0105-021,2026-01-15T09:45:00Z,ahu-c-f03-west,ON,NORMAL,13.67,26.15,14.00
src-ahu-0105-022,2026-01-15T09:45:00Z,ahu-c-f04-east,ON,NORMAL,13.83,26.22,14.00
src-ahu-0105-023,2026-01-15T09:45:00Z,ahu-c-f04-west,ON,NORMAL,13.80,26.03,14.00
src-ahu-0106-000,2026-01-15T09:46:00Z,ahu-a-f01-east,ON,NORMAL,14.26,24.02,14.00
src-ahu-0106-001,2026-01-15T09:46:00Z,ahu-a-f01-west,ON,NORMAL,14.25,23.95,14.00
src-ahu-0106-002,2026-01-15T09:46:00Z,ahu-a-f02-east,ON,NORMAL,14.31,24.02,14.00
src-ahu-0106-003,2026-01-15T09:46:00Z,ahu-a-f02-west,ON,NORMAL,14.16,23.79,14.00
src-ahu-0106-004,2026-01-15T09:46:00Z,ahu-a-f03-east,ON,NORMAL,14.21,23.95,14.00
src-ahu-0106-005,2026-01-15T09:46:00Z,ahu-a-f03-west,ON,NORMAL,14.08,24.04,14.00
src-ahu-0106-006,2026-01-15T09:46:00Z,ahu-a-f04-east,ON,NORMAL,14.17,24.23,14.00
src-ahu-0106-007,2026-01-15T09:46:00Z,ahu-a-f04-west,ON,NORMAL,14.04,24.37,14.00
src-ahu-0106-008,2026-01-15T09:46:00Z,ahu-b-f01-east,ON,NORMAL,13.86,23.84,14.00
src-ahu-0106-009,2026-01-15T09:46:00Z,ahu-b-f01-west,ON,NORMAL,14.02,24.00,14.00
src-ahu-0106-010,2026-01-15T09:46:00Z,ahu-b-f02-east,ON,NORMAL,13.97,24.38,14.00
src-ahu-0106-011,2026-01-15T09:46:00Z,ahu-b-f02-west,ON,NORMAL,13.72,24.60,14.00
src-ahu-0106-012,2026-01-15T09:46:00Z,ahu-b-f03-east,ON,NORMAL,13.72,24.96,14.00
src-ahu-0106-013,2026-01-15T09:46:00Z,ahu-b-f03-west,ON,NORMAL,13.65,25.19,14.00
src-ahu-0106-014,2026-01-15T09:46:00Z,ahu-b-f04-east,ON,NORMAL,13.65,25.54,14.00
src-ahu-0106-015,2026-01-15T09:46:00Z,ahu-b-f04-west,ON,NORMAL,13.67,25.68,14.00
src-ahu-0106-016,2026-01-15T09:46:00Z,ahu-c-f01-east,ON,NORMAL,13.66,25.68,14.00
src-ahu-0106-017,2026-01-15T09:46:00Z,ahu-c-f01-west,ON,NORMAL,13.64,25.69,14.00
src-ahu-0106-018,2026-01-15T09:46:00Z,ahu-c-f02-east,ON,NORMAL,13.74,25.96,14.00
src-ahu-0106-019,2026-01-15T09:46:00Z,ahu-c-f02-west,ON,NORMAL,13.59,25.94,14.00
src-ahu-0106-020,2026-01-15T09:46:00Z,ahu-c-f03-east,ON,NORMAL,13.63,26.18,14.00
src-ahu-0106-021,2026-01-15T09:46:00Z,ahu-c-f03-west,ON,NORMAL,13.77,26.14,14.00
src-ahu-0106-022,2026-01-15T09:46:00Z,ahu-c-f04-east,ON,NORMAL,13.71,26.11,14.00
src-ahu-0106-023,2026-01-15T09:46:00Z,ahu-c-f04-west,ON,NORMAL,13.92,26.03,14.00
src-ahu-0107-000,2026-01-15T09:47:00Z,ahu-a-f01-east,ON,NORMAL,14.39,24.01,14.00
src-ahu-0107-001,2026-01-15T09:47:00Z,ahu-a-f01-west,ON,NORMAL,14.20,23.89,14.00
src-ahu-0107-002,2026-01-15T09:47:00Z,ahu-a-f02-east,ON,NORMAL,14.20,23.90,14.00
src-ahu-0107-003,2026-01-15T09:47:00Z,ahu-a-f02-west,ON,NORMAL,14.16,23.84,14.00
src-ahu-0107-004,2026-01-15T09:47:00Z,ahu-a-f03-east,ON,NORMAL,14.28,23.97,14.00
src-ahu-0107-005,2026-01-15T09:47:00Z,ahu-a-f03-west,ON,NORMAL,14.04,24.06,14.00
src-ahu-0107-006,2026-01-15T09:47:00Z,ahu-a-f04-east,ON,NORMAL,14.08,24.27,14.00
src-ahu-0107-007,2026-01-15T09:47:00Z,ahu-a-f04-west,ON,NORMAL,13.97,24.34,14.00
src-ahu-0107-008,2026-01-15T09:47:00Z,ahu-b-f01-east,ON,NORMAL,13.97,23.90,14.00
src-ahu-0107-009,2026-01-15T09:47:00Z,ahu-b-f01-west,ON,NORMAL,13.84,24.03,14.00
src-ahu-0107-010,2026-01-15T09:47:00Z,ahu-b-f02-east,ON,NORMAL,13.74,24.45,14.00
src-ahu-0107-011,2026-01-15T09:47:00Z,ahu-b-f02-west,ON,NORMAL,13.70,24.59,14.00
src-ahu-0107-012,2026-01-15T09:47:00Z,ahu-b-f03-east,ON,NORMAL,13.73,25.01,14.00
src-ahu-0107-013,2026-01-15T09:47:00Z,ahu-b-f03-west,ON,NORMAL,13.73,25.14,14.00
src-ahu-0107-014,2026-01-15T09:47:00Z,ahu-b-f04-east,ON,NORMAL,13.58,25.53,14.00
src-ahu-0107-015,2026-01-15T09:47:00Z,ahu-b-f04-west,ON,NORMAL,13.75,25.67,14.00
src-ahu-0107-016,2026-01-15T09:47:00Z,ahu-c-f01-east,ON,NORMAL,13.57,25.66,14.00
src-ahu-0107-017,2026-01-15T09:47:00Z,ahu-c-f01-west,ON,NORMAL,13.58,25.80,14.00
src-ahu-0107-018,2026-01-15T09:47:00Z,ahu-c-f02-east,ON,NORMAL,13.74,25.94,14.00
src-ahu-0107-019,2026-01-15T09:47:00Z,ahu-c-f02-west,ON,NORMAL,13.76,26.01,14.00
src-ahu-0107-020,2026-01-15T09:47:00Z,ahu-c-f03-east,ON,NORMAL,13.80,26.07,14.00
src-ahu-0107-021,2026-01-15T09:47:00Z,ahu-c-f03-west,ON,NORMAL,13.70,26.16,14.00
src-ahu-0107-022,2026-01-15T09:47:00Z,ahu-c-f04-east,ON,NORMAL,13.87,26.07,14.00
src-ahu-0107-023,2026-01-15T09:47:00Z,ahu-c-f04-west,ON,NORMAL,13.79,25.98,14.00
src-ahu-0108-000,2026-01-15T09:48:00Z,ahu-a-f01-east,ON,NORMAL,14.38,24.01,14.00
src-ahu-0108-001,2026-01-15T09:48:00Z,ahu-a-f01-west,ON,NORMAL,14.26,23.77,14.00
src-ahu-0108-002,2026-01-15T09:48:00Z,ahu-a-f02-east,ON,NORMAL,14.30,23.82,14.00
src-ahu-0108-003,2026-01-15T09:48:00Z,ahu-a-f02-west,ON,NORMAL,14.20,23.79,14.00
src-ahu-0108-004,2026-01-15T09:48:00Z,ahu-a-f03-east,ON,NORMAL,14.15,24.03,14.00
src-ahu-0108-005,2026-01-15T09:48:00Z,ahu-a-f03-west,ON,NORMAL,14.12,23.98,14.00
src-ahu-0108-006,2026-01-15T09:48:00Z,ahu-a-f04-east,ON,NORMAL,13.92,24.23,14.00
src-ahu-0108-007,2026-01-15T09:48:00Z,ahu-a-f04-west,ON,NORMAL,13.85,24.39,14.00
src-ahu-0108-008,2026-01-15T09:48:00Z,ahu-b-f01-east,ON,NORMAL,13.84,24.02,14.00
src-ahu-0108-009,2026-01-15T09:48:00Z,ahu-b-f01-west,ON,NORMAL,13.82,24.04,14.00
src-ahu-0108-010,2026-01-15T09:48:00Z,ahu-b-f02-east,ON,NORMAL,13.83,24.50,14.00
src-ahu-0108-011,2026-01-15T09:48:00Z,ahu-b-f02-west,ON,NORMAL,13.88,24.69,14.00
src-ahu-0108-012,2026-01-15T09:48:00Z,ahu-b-f03-east,ON,NORMAL,13.63,25.02,14.00
src-ahu-0108-013,2026-01-15T09:48:00Z,ahu-b-f03-west,ON,NORMAL,13.73,25.30,14.00
src-ahu-0108-014,2026-01-15T09:48:00Z,ahu-b-f04-east,ON,NORMAL,13.58,25.62,14.00
src-ahu-0108-015,2026-01-15T09:48:00Z,ahu-b-f04-west,ON,NORMAL,13.67,25.66,14.00
src-ahu-0108-016,2026-01-15T09:48:00Z,ahu-c-f01-east,ON,NORMAL,13.63,25.64,14.00
src-ahu-0108-017,2026-01-15T09:48:00Z,ahu-c-f01-west,ON,NORMAL,13.72,25.78,14.00
src-ahu-0108-018,2026-01-15T09:48:00Z,ahu-c-f02-east,ON,NORMAL,13.71,26.04,14.00
src-ahu-0108-019,2026-01-15T09:48:00Z,ahu-c-f02-west,ON,NORMAL,13.82,25.98,14.00
src-ahu-0108-020,2026-01-15T09:48:00Z,ahu-c-f03-east,ON,NORMAL,13.79,26.12,14.00
src-ahu-0108-021,2026-01-15T09:48:00Z,ahu-c-f03-west,ON,NORMAL,13.89,25.96,14.00
src-ahu-0108-022,2026-01-15T09:48:00Z,ahu-c-f04-east,ON,NORMAL,13.74,26.10,14.00
src-ahu-0108-023,2026-01-15T09:48:00Z,ahu-c-f04-west,ON,NORMAL,13.83,25.91,14.00
src-ahu-0109-000,2026-01-15T09:49:00Z,ahu-a-f01-east,ON,NORMAL,14.40,23.89,14.00
src-ahu-0109-001,2026-01-15T09:49:00Z,ahu-a-f01-west,ON,NORMAL,14.23,23.82,14.00
src-ahu-0109-002,2026-01-15T09:49:00Z,ahu-a-f02-east,ON,NORMAL,14.28,23.84,14.00
src-ahu-0109-003,2026-01-15T09:49:00Z,ahu-a-f02-west,ON,NORMAL,14.10,23.77,14.00
src-ahu-0109-004,2026-01-15T09:49:00Z,ahu-a-f03-east,ON,NORMAL,14.14,23.97,14.00
src-ahu-0109-005,2026-01-15T09:49:00Z,ahu-a-f03-west,ON,NORMAL,13.99,24.03,14.00
src-ahu-0109-006,2026-01-15T09:49:00Z,ahu-a-f04-east,ON,NORMAL,14.04,24.27,14.00
src-ahu-0109-007,2026-01-15T09:49:00Z,ahu-a-f04-west,ON,NORMAL,13.90,24.37,14.00
src-ahu-0109-008,2026-01-15T09:49:00Z,ahu-b-f01-east,ON,NORMAL,13.98,23.96,14.00
src-ahu-0109-009,2026-01-15T09:49:00Z,ahu-b-f01-west,ON,NORMAL,13.95,24.14,14.00
src-ahu-0109-010,2026-01-15T09:49:00Z,ahu-b-f02-east,ON,NORMAL,13.74,24.55,14.00
src-ahu-0109-011,2026-01-15T09:49:00Z,ahu-b-f02-west,ON,NORMAL,13.69,24.71,14.00
src-ahu-0109-012,2026-01-15T09:49:00Z,ahu-b-f03-east,ON,NORMAL,13.59,25.09,14.00
src-ahu-0109-013,2026-01-15T09:49:00Z,ahu-b-f03-west,ON,NORMAL,13.59,25.28,14.00
src-ahu-0109-014,2026-01-15T09:49:00Z,ahu-b-f04-east,ON,NORMAL,13.72,25.54,14.00
src-ahu-0109-015,2026-01-15T09:49:00Z,ahu-b-f04-west,ON,NORMAL,13.67,25.73,14.00
src-ahu-0109-016,2026-01-15T09:49:00Z,ahu-c-f01-east,ON,NORMAL,13.67,25.78,14.00
src-ahu-0109-017,2026-01-15T09:49:00Z,ahu-c-f01-west,ON,NORMAL,13.61,25.73,14.00
src-ahu-0109-018,2026-01-15T09:49:00Z,ahu-c-f02-east,ON,NORMAL,13.76,26.05,14.00
src-ahu-0109-019,2026-01-15T09:49:00Z,ahu-c-f02-west,ON,NORMAL,13.79,25.94,14.00
src-ahu-0109-020,2026-01-15T09:49:00Z,ahu-c-f03-east,ON,NORMAL,13.82,26.05,14.00
src-ahu-0109-021,2026-01-15T09:49:00Z,ahu-c-f03-west,ON,NORMAL,13.73,26.06,14.00
src-ahu-0109-022,2026-01-15T09:49:00Z,ahu-c-f04-east,ON,NORMAL,13.80,26.05,14.00
src-ahu-0109-023,2026-01-15T09:49:00Z,ahu-c-f04-west,ON,NORMAL,13.85,25.82,14.00
src-ahu-0110-000,2026-01-15T09:50:00Z,ahu-a-f01-east,ON,NORMAL,14.27,23.97,14.00
src-ahu-0110-001,2026-01-15T09:50:00Z,ahu-a-f01-west,ON,NORMAL,14.29,23.72,14.00
src-ahu-0110-002,2026-01-15T09:50:00Z,ahu-a-f02-east,ON,NORMAL,14.20,23.90,14.00
src-ahu-0110-003,2026-01-15T09:50:00Z,ahu-a-f02-west,ON,NORMAL,14.21,23.79,14.00
src-ahu-0110-004,2026-01-15T09:50:00Z,ahu-a-f03-east,ON,NORMAL,14.01,23.97,14.00
src-ahu-0110-005,2026-01-15T09:50:00Z,ahu-a-f03-west,ON,NORMAL,13.95,24.01,14.00
src-ahu-0110-006,2026-01-15T09:50:00Z,ahu-a-f04-east,ON,NORMAL,14.00,24.25,14.00
src-ahu-0110-007,2026-01-15T09:50:00Z,ahu-a-f04-west,ON,NORMAL,13.86,24.39,14.00
src-ahu-0110-008,2026-01-15T09:50:00Z,ahu-b-f01-east,ON,NORMAL,13.76,23.90,14.00
src-ahu-0110-009,2026-01-15T09:50:00Z,ahu-b-f01-west,ON,NORMAL,13.85,24.14,14.00
src-ahu-0110-010,2026-01-15T09:50:00Z,ahu-b-f02-east,ON,NORMAL,13.81,24.64,14.00
src-ahu-0110-011,2026-01-15T09:50:00Z,ahu-b-f02-west,ON,NORMAL,13.62,24.79,14.00
src-ahu-0110-012,2026-01-15T09:50:00Z,ahu-b-f03-east,ON,NORMAL,13.72,25.18,14.00
src-ahu-0110-013,2026-01-15T09:50:00Z,ahu-b-f03-west,ON,NORMAL,13.67,25.30,14.00
src-ahu-0110-014,2026-01-15T09:50:00Z,ahu-b-f04-east,ON,NORMAL,13.67,25.57,14.00
src-ahu-0110-015,2026-01-15T09:50:00Z,ahu-b-f04-west,ON,NORMAL,13.58,25.78,14.00
src-ahu-0110-016,2026-01-15T09:50:00Z,ahu-c-f01-east,ON,NORMAL,13.62,25.66,14.00
src-ahu-0110-017,2026-01-15T09:50:00Z,ahu-c-f01-west,ON,NORMAL,13.65,25.79,14.00
src-ahu-0110-018,2026-01-15T09:50:00Z,ahu-c-f02-east,ON,NORMAL,13.75,25.99,14.00
src-ahu-0110-019,2026-01-15T09:50:00Z,ahu-c-f02-west,ON,NORMAL,13.63,26.04,14.00
src-ahu-0110-020,2026-01-15T09:50:00Z,ahu-c-f03-east,ON,NORMAL,13.86,26.16,14.00
src-ahu-0110-021,2026-01-15T09:50:00Z,ahu-c-f03-west,ON,NORMAL,13.88,26.03,14.00
src-ahu-0110-022,2026-01-15T09:50:00Z,ahu-c-f04-east,ON,NORMAL,13.93,26.02,14.00
src-ahu-0110-023,2026-01-15T09:50:00Z,ahu-c-f04-west,ON,NORMAL,13.87,25.85,14.00
src-ahu-0111-000,2026-01-15T09:51:00Z,ahu-a-f01-east,ON,NORMAL,14.26,23.88,14.00
src-ahu-0111-001,2026-01-15T09:51:00Z,ahu-a-f01-west,ON,NORMAL,14.25,23.76,14.00
src-ahu-0111-002,2026-01-15T09:51:00Z,ahu-a-f02-east,ON,NORMAL,14.29,23.85,14.00
src-ahu-0111-003,2026-01-15T09:51:00Z,ahu-a-f02-west,ON,NORMAL,14.21,23.79,14.00
src-ahu-0111-004,2026-01-15T09:51:00Z,ahu-a-f03-east,ON,NORMAL,14.01,23.98,14.00
src-ahu-0111-005,2026-01-15T09:51:00Z,ahu-a-f03-west,ON,NORMAL,14.11,24.08,14.00
src-ahu-0111-006,2026-01-15T09:51:00Z,ahu-a-f04-east,ON,NORMAL,13.84,24.30,14.00
src-ahu-0111-007,2026-01-15T09:51:00Z,ahu-a-f04-west,ON,NORMAL,13.89,24.38,14.00
src-ahu-0111-008,2026-01-15T09:51:00Z,ahu-b-f01-east,ON,NORMAL,13.73,24.08,14.00
src-ahu-0111-009,2026-01-15T09:51:00Z,ahu-b-f01-west,ON,NORMAL,13.82,24.27,14.00
src-ahu-0111-010,2026-01-15T09:51:00Z,ahu-b-f02-east,ON,NORMAL,13.69,24.63,14.00
src-ahu-0111-011,2026-01-15T09:51:00Z,ahu-b-f02-west,ON,NORMAL,13.82,24.75,14.00
src-ahu-0111-012,2026-01-15T09:51:00Z,ahu-b-f03-east,ON,NORMAL,13.65,25.20,14.00
src-ahu-0111-013,2026-01-15T09:51:00Z,ahu-b-f03-west,ON,NORMAL,13.59,25.27,14.00
src-ahu-0111-014,2026-01-15T09:51:00Z,ahu-b-f04-east,ON,NORMAL,13.65,25.69,14.00
src-ahu-0111-015,2026-01-15T09:51:00Z,ahu-b-f04-west,ON,NORMAL,13.58,25.83,14.00
src-ahu-0111-016,2026-01-15T09:51:00Z,ahu-c-f01-east,ON,NORMAL,13.73,25.73,14.00
src-ahu-0111-017,2026-01-15T09:51:00Z,ahu-c-f01-west,ON,NORMAL,13.61,25.82,14.00
src-ahu-0111-018,2026-01-15T09:51:00Z,ahu-c-f02-east,ON,NORMAL,13.67,26.05,14.00
src-ahu-0111-019,2026-01-15T09:51:00Z,ahu-c-f02-west,ON,NORMAL,13.65,25.92,14.00
src-ahu-0111-020,2026-01-15T09:51:00Z,ahu-c-f03-east,ON,NORMAL,13.73,26.12,14.00
src-ahu-0111-021,2026-01-15T09:51:00Z,ahu-c-f03-west,ON,NORMAL,13.90,25.98,14.00
src-ahu-0111-022,2026-01-15T09:51:00Z,ahu-c-f04-east,ON,NORMAL,13.91,26.11,14.00
src-ahu-0111-023,2026-01-15T09:51:00Z,ahu-c-f04-west,ON,NORMAL,14.00,25.79,14.00
src-ahu-0112-000,2026-01-15T09:52:00Z,ahu-a-f01-east,ON,NORMAL,14.14,23.83,14.00
src-ahu-0112-001,2026-01-15T09:52:00Z,ahu-a-f01-west,ON,NORMAL,14.16,23.75,14.00
src-ahu-0112-002,2026-01-15T09:52:00Z,ahu-a-f02-east,ON,NORMAL,14.26,23.82,14.00
src-ahu-0112-003,2026-01-15T09:52:00Z,ahu-a-f02-west,ON,NORMAL,14.07,23.78,14.00
src-ahu-0112-004,2026-01-15T09:52:00Z,ahu-a-f03-east,ON,NORMAL,14.15,24.04,14.00
src-ahu-0112-005,2026-01-15T09:52:00Z,ahu-a-f03-west,ON,NORMAL,14.02,24.15,14.00
src-ahu-0112-006,2026-01-15T09:52:00Z,ahu-a-f04-east,ON,NORMAL,13.91,24.28,14.00
src-ahu-0112-007,2026-01-15T09:52:00Z,ahu-a-f04-west,ON,NORMAL,13.83,24.40,14.00
src-ahu-0112-008,2026-01-15T09:52:00Z,ahu-b-f01-east,ON,NORMAL,13.89,23.96,14.00
src-ahu-0112-009,2026-01-15T09:52:00Z,ahu-b-f01-west,ON,NORMAL,13.68,24.30,14.00
src-ahu-0112-010,2026-01-15T09:52:00Z,ahu-b-f02-east,ON,NORMAL,13.72,24.52,14.00
src-ahu-0112-011,2026-01-15T09:52:00Z,ahu-b-f02-west,ON,NORMAL,13.67,24.82,14.00
src-ahu-0112-012,2026-01-15T09:52:00Z,ahu-b-f03-east,ON,NORMAL,13.72,25.16,14.00
src-ahu-0112-013,2026-01-15T09:52:00Z,ahu-b-f03-west,ON,NORMAL,13.76,25.41,14.00
src-ahu-0112-014,2026-01-15T09:52:00Z,ahu-b-f04-east,ON,NORMAL,13.57,25.70,14.00
src-ahu-0112-015,2026-01-15T09:52:00Z,ahu-b-f04-west,ON,NORMAL,13.65,25.91,14.00
src-ahu-0112-016,2026-01-15T09:52:00Z,ahu-c-f01-east,ON,NORMAL,13.67,25.85,14.00
src-ahu-0112-017,2026-01-15T09:52:00Z,ahu-c-f01-west,ON,NORMAL,13.79,25.75,14.00
src-ahu-0112-018,2026-01-15T09:52:00Z,ahu-c-f02-east,ON,NORMAL,13.84,25.98,14.00
src-ahu-0112-019,2026-01-15T09:52:00Z,ahu-c-f02-west,ON,NORMAL,13.85,25.92,14.00
src-ahu-0112-020,2026-01-15T09:52:00Z,ahu-c-f03-east,ON,NORMAL,13.70,26.05,14.00
src-ahu-0112-021,2026-01-15T09:52:00Z,ahu-c-f03-west,ON,NORMAL,13.85,25.92,14.00
src-ahu-0112-022,2026-01-15T09:52:00Z,ahu-c-f04-east,ON,NORMAL,13.95,26.00,14.00
src-ahu-0112-023,2026-01-15T09:52:00Z,ahu-c-f04-west,ON,NORMAL,13.87,25.88,14.00
src-ahu-0113-000,2026-01-15T09:53:00Z,ahu-a-f01-east,ON,NORMAL,14.23,23.86,14.00
src-ahu-0113-001,2026-01-15T09:53:00Z,ahu-a-f01-west,ON,NORMAL,14.26,23.70,14.00
src-ahu-0113-002,2026-01-15T09:53:00Z,ahu-a-f02-east,ON,NORMAL,14.07,23.86,14.00
src-ahu-0113-003,2026-01-15T09:53:00Z,ahu-a-f02-west,ON,NORMAL,14.10,23.79,14.00
src-ahu-0113-004,2026-01-15T09:53:00Z,ahu-a-f03-east,ON,NORMAL,13.99,24.04,14.00
src-ahu-0113-005,2026-01-15T09:53:00Z,ahu-a-f03-west,ON,NORMAL,14.06,23.98,14.00
src-ahu-0113-006,2026-01-15T09:53:00Z,ahu-a-f04-east,ON,NORMAL,13.83,24.34,14.00
src-ahu-0113-007,2026-01-15T09:53:00Z,ahu-a-f04-west,ON,NORMAL,13.94,24.41,14.00
src-ahu-0113-008,2026-01-15T09:53:00Z,ahu-b-f01-east,ON,NORMAL,13.82,24.08,14.00
src-ahu-0113-009,2026-01-15T09:53:00Z,ahu-b-f01-west,ON,NORMAL,13.83,24.26,14.00
src-ahu-0113-010,2026-01-15T09:53:00Z,ahu-b-f02-east,ON,NORMAL,13.83,24.64,14.00
src-ahu-0113-011,2026-01-15T09:53:00Z,ahu-b-f02-west,ON,NORMAL,13.72,24.87,14.00
src-ahu-0113-012,2026-01-15T09:53:00Z,ahu-b-f03-east,ON,NORMAL,13.72,25.20,14.00
src-ahu-0113-013,2026-01-15T09:53:00Z,ahu-b-f03-west,ON,NORMAL,13.68,25.33,14.00
src-ahu-0113-014,2026-01-15T09:53:00Z,ahu-b-f04-east,ON,NORMAL,13.68,25.76,14.00
src-ahu-0113-015,2026-01-15T09:53:00Z,ahu-b-f04-west,ON,NORMAL,13.74,25.76,14.00
src-ahu-0113-016,2026-01-15T09:53:00Z,ahu-c-f01-east,ON,NORMAL,13.70,25.73,14.00
src-ahu-0113-017,2026-01-15T09:53:00Z,ahu-c-f01-west,ON,NORMAL,13.59,25.88,14.00
src-ahu-0113-018,2026-01-15T09:53:00Z,ahu-c-f02-east,ON,NORMAL,13.69,25.95,14.00
src-ahu-0113-019,2026-01-15T09:53:00Z,ahu-c-f02-west,ON,NORMAL,13.71,25.87,14.00
src-ahu-0113-020,2026-01-15T09:53:00Z,ahu-c-f03-east,ON,NORMAL,13.75,25.95,14.00
src-ahu-0113-021,2026-01-15T09:53:00Z,ahu-c-f03-west,ON,NORMAL,13.86,25.89,14.00
src-ahu-0113-022,2026-01-15T09:53:00Z,ahu-c-f04-east,ON,NORMAL,14.06,25.98,14.00
src-ahu-0113-023,2026-01-15T09:53:00Z,ahu-c-f04-west,ON,NORMAL,13.97,25.73,14.00
src-ahu-0114-000,2026-01-15T09:54:00Z,ahu-a-f01-east,ON,NORMAL,14.32,23.84,14.00
src-ahu-0114-001,2026-01-15T09:54:00Z,ahu-a-f01-west,ON,NORMAL,14.08,23.68,14.00
src-ahu-0114-002,2026-01-15T09:54:00Z,ahu-a-f02-east,ON,NORMAL,14.14,23.88,14.00
src-ahu-0114-003,2026-01-15T09:54:00Z,ahu-a-f02-west,ON,NORMAL,14.02,23.80,14.00
src-ahu-0114-004,2026-01-15T09:54:00Z,ahu-a-f03-east,ON,NORMAL,14.09,23.95,14.00
src-ahu-0114-005,2026-01-15T09:54:00Z,ahu-a-f03-west,ON,NORMAL,13.89,24.12,14.00
src-ahu-0114-006,2026-01-15T09:54:00Z,ahu-a-f04-east,ON,NORMAL,13.84,24.35,14.00
src-ahu-0114-007,2026-01-15T09:54:00Z,ahu-a-f04-west,ON,NORMAL,13.80,24.59,14.00
src-ahu-0114-008,2026-01-15T09:54:00Z,ahu-b-f01-east,ON,NORMAL,13.67,24.08,14.00
src-ahu-0114-009,2026-01-15T09:54:00Z,ahu-b-f01-west,ON,NORMAL,13.68,24.23,14.00
src-ahu-0114-010,2026-01-15T09:54:00Z,ahu-b-f02-east,ON,NORMAL,13.76,24.71,14.00
src-ahu-0114-011,2026-01-15T09:54:00Z,ahu-b-f02-west,ON,NORMAL,13.67,24.75,14.00
src-ahu-0114-012,2026-01-15T09:54:00Z,ahu-b-f03-east,ON,NORMAL,13.67,25.32,14.00
src-ahu-0114-013,2026-01-15T09:54:00Z,ahu-b-f03-west,ON,NORMAL,13.71,25.38,14.00
src-ahu-0114-014,2026-01-15T09:54:00Z,ahu-b-f04-east,ON,NORMAL,13.68,25.68,14.00
src-ahu-0114-015,2026-01-15T09:54:00Z,ahu-b-f04-west,ON,NORMAL,13.70,25.90,14.00
src-ahu-0114-016,2026-01-15T09:54:00Z,ahu-c-f01-east,ON,NORMAL,13.74,25.80,14.00
src-ahu-0114-017,2026-01-15T09:54:00Z,ahu-c-f01-west,ON,NORMAL,13.62,25.79,14.00
src-ahu-0114-018,2026-01-15T09:54:00Z,ahu-c-f02-east,ON,NORMAL,13.85,26.04,14.00
src-ahu-0114-019,2026-01-15T09:54:00Z,ahu-c-f02-west,ON,NORMAL,13.77,25.86,14.00
src-ahu-0114-020,2026-01-15T09:54:00Z,ahu-c-f03-east,ON,NORMAL,13.85,26.09,14.00
src-ahu-0114-021,2026-01-15T09:54:00Z,ahu-c-f03-west,ON,NORMAL,13.81,25.92,14.00
src-ahu-0114-022,2026-01-15T09:54:00Z,ahu-c-f04-east,ON,NORMAL,14.07,25.98,14.00
src-ahu-0114-023,2026-01-15T09:54:00Z,ahu-c-f04-west,ON,NORMAL,13.97,25.70,14.00
src-ahu-0115-000,2026-01-15T09:55:00Z,ahu-a-f01-east,ON,NORMAL,14.27,23.78,14.00
src-ahu-0115-001,2026-01-15T09:55:00Z,ahu-a-f01-west,ON,NORMAL,14.07,23.69,14.00
src-ahu-0115-002,2026-01-15T09:55:00Z,ahu-a-f02-east,ON,NORMAL,14.08,23.88,14.00
src-ahu-0115-003,2026-01-15T09:55:00Z,ahu-a-f02-west,ON,NORMAL,14.04,23.80,14.00
src-ahu-0115-004,2026-01-15T09:55:00Z,ahu-a-f03-east,ON,NORMAL,14.08,23.98,14.00
src-ahu-0115-005,2026-01-15T09:55:00Z,ahu-a-f03-west,ON,NORMAL,13.96,24.18,14.00
src-ahu-0115-006,2026-01-15T09:55:00Z,ahu-a-f04-east,ON,NORMAL,13.81,24.38,14.00
src-ahu-0115-007,2026-01-15T09:55:00Z,ahu-a-f04-west,ON,NORMAL,13.72,24.46,14.00
src-ahu-0115-008,2026-01-15T09:55:00Z,ahu-b-f01-east,ON,NORMAL,13.68,24.05,14.00
src-ahu-0115-009,2026-01-15T09:55:00Z,ahu-b-f01-west,ON,NORMAL,13.75,24.28,14.00
src-ahu-0115-010,2026-01-15T09:55:00Z,ahu-b-f02-east,ON,NORMAL,13.73,24.74,14.00
src-ahu-0115-011,2026-01-15T09:55:00Z,ahu-b-f02-west,ON,NORMAL,13.66,24.86,14.00
src-ahu-0115-012,2026-01-15T09:55:00Z,ahu-b-f03-east,ON,NORMAL,13.57,25.25,14.00
src-ahu-0115-013,2026-01-15T09:55:00Z,ahu-b-f03-west,ON,NORMAL,13.70,25.47,14.00
src-ahu-0115-014,2026-01-15T09:55:00Z,ahu-b-f04-east,ON,NORMAL,13.56,25.66,14.00
src-ahu-0115-015,2026-01-15T09:55:00Z,ahu-b-f04-west,ON,NORMAL,13.58,25.91,14.00
src-ahu-0115-016,2026-01-15T09:55:00Z,ahu-c-f01-east,ON,NORMAL,13.73,25.77,14.00
src-ahu-0115-017,2026-01-15T09:55:00Z,ahu-c-f01-west,ON,NORMAL,13.72,25.84,14.00
src-ahu-0115-018,2026-01-15T09:55:00Z,ahu-c-f02-east,ON,NORMAL,13.89,25.98,14.00
src-ahu-0115-019,2026-01-15T09:55:00Z,ahu-c-f02-west,ON,NORMAL,13.91,25.97,14.00
src-ahu-0115-020,2026-01-15T09:55:00Z,ahu-c-f03-east,ON,NORMAL,13.84,26.05,14.00
src-ahu-0115-021,2026-01-15T09:55:00Z,ahu-c-f03-west,ON,NORMAL,14.04,25.90,14.00
src-ahu-0115-022,2026-01-15T09:55:00Z,ahu-c-f04-east,ON,NORMAL,13.98,25.86,14.00
src-ahu-0115-023,2026-01-15T09:55:00Z,ahu-c-f04-west,ON,NORMAL,14.18,25.76,14.00
src-ahu-0116-000,2026-01-15T09:56:00Z,ahu-a-f01-east,ON,NORMAL,14.12,23.84,14.00
src-ahu-0116-001,2026-01-15T09:56:00Z,ahu-a-f01-west,ON,NORMAL,14.15,23.71,14.00
src-ahu-0116-002,2026-01-15T09:56:00Z,ahu-a-f02-east,ON,NORMAL,14.00,23.90,14.00
src-ahu-0116-003,2026-01-15T09:56:00Z,ahu-a-f02-west,ON,NORMAL,14.09,23.90,14.00
src-ahu-0116-004,2026-01-15T09:56:00Z,ahu-a-f03-east,ON,NORMAL,13.97,24.01,14.00
src-ahu-0116-005,2026-01-15T09:56:00Z,ahu-a-f03-west,ON,NORMAL,13.79,24.01,14.00
src-ahu-0116-006,2026-01-15T09:56:00Z,ahu-a-f04-east,ON,NORMAL,13.76,24.45,14.00
src-ahu-0116-007,2026-01-15T09:56:00Z,ahu-a-f04-west,ON,NORMAL,13.71,24.56,14.00
src-ahu-0116-008,2026-01-15T09:56:00Z,ahu-b-f01-east,ON,NORMAL,13.78,24.21,14.00
src-ahu-0116-009,2026-01-15T09:56:00Z,ahu-b-f01-west,ON,NORMAL,13.78,24.33,14.00
src-ahu-0116-010,2026-01-15T09:56:00Z,ahu-b-f02-east,ON,NORMAL,13.63,24.80,14.00
src-ahu-0116-011,2026-01-15T09:56:00Z,ahu-b-f02-west,ON,NORMAL,13.73,24.98,14.00
src-ahu-0116-012,2026-01-15T09:56:00Z,ahu-b-f03-east,ON,NORMAL,13.69,25.30,14.00
src-ahu-0116-013,2026-01-15T09:56:00Z,ahu-b-f03-west,ON,NORMAL,13.72,25.46,14.00
src-ahu-0116-014,2026-01-15T09:56:00Z,ahu-b-f04-east,ON,NORMAL,13.73,25.76,14.00
src-ahu-0116-015,2026-01-15T09:56:00Z,ahu-b-f04-west,ON,NORMAL,13.66,25.94,14.00
src-ahu-0116-016,2026-01-15T09:56:00Z,ahu-c-f01-east,ON,NORMAL,13.63,25.82,14.00
src-ahu-0116-017,2026-01-15T09:56:00Z,ahu-c-f01-west,ON,NORMAL,13.84,25.83,14.00
src-ahu-0116-018,2026-01-15T09:56:00Z,ahu-c-f02-east,ON,NORMAL,13.77,26.04,14.00
src-ahu-0116-019,2026-01-15T09:56:00Z,ahu-c-f02-west,ON,NORMAL,13.90,26.03,14.00
src-ahu-0116-020,2026-01-15T09:56:00Z,ahu-c-f03-east,ON,NORMAL,14.04,25.98,14.00
src-ahu-0116-021,2026-01-15T09:56:00Z,ahu-c-f03-west,ON,NORMAL,13.94,25.81,14.00
src-ahu-0116-022,2026-01-15T09:56:00Z,ahu-c-f04-east,ON,NORMAL,13.95,25.93,14.00
src-ahu-0116-023,2026-01-15T09:56:00Z,ahu-c-f04-west,ON,NORMAL,14.14,25.65,14.00
src-ahu-0117-000,2026-01-15T09:57:00Z,ahu-a-f01-east,ON,NORMAL,14.04,23.76,14.00
src-ahu-0117-001,2026-01-15T09:57:00Z,ahu-a-f01-west,ON,NORMAL,14.09,23.69,14.00
src-ahu-0117-002,2026-01-15T09:57:00Z,ahu-a-f02-east,ON,NORMAL,14.11,23.84,14.00
src-ahu-0117-003,2026-01-15T09:57:00Z,ahu-a-f02-west,ON,NORMAL,13.89,23.84,14.00
src-ahu-0117-004,2026-01-15T09:57:00Z,ahu-a-f03-east,ON,NORMAL,13.99,23.98,14.00
src-ahu-0117-005,2026-01-15T09:57:00Z,ahu-a-f03-west,ON,NORMAL,13.84,24.18,14.00
src-ahu-0117-006,2026-01-15T09:57:00Z,ahu-a-f04-east,ON,NORMAL,13.88,24.40,14.00
src-ahu-0117-007,2026-01-15T09:57:00Z,ahu-a-f04-west,ON,NORMAL,13.66,24.59,14.00
src-ahu-0117-008,2026-01-15T09:57:00Z,ahu-b-f01-east,ON,NORMAL,13.62,24.28,14.00
src-ahu-0117-009,2026-01-15T09:57:00Z,ahu-b-f01-west,ON,NORMAL,13.62,24.38,14.00
src-ahu-0117-010,2026-01-15T09:57:00Z,ahu-b-f02-east,ON,NORMAL,13.64,24.85,14.00
src-ahu-0117-011,2026-01-15T09:57:00Z,ahu-b-f02-west,ON,NORMAL,13.56,25.05,14.00
src-ahu-0117-012,2026-01-15T09:57:00Z,ahu-b-f03-east,ON,NORMAL,13.56,25.36,14.00
src-ahu-0117-013,2026-01-15T09:57:00Z,ahu-b-f03-west,ON,NORMAL,13.64,25.49,14.00
src-ahu-0117-014,2026-01-15T09:57:00Z,ahu-b-f04-east,ON,NORMAL,13.70,25.71,14.00
src-ahu-0117-015,2026-01-15T09:57:00Z,ahu-b-f04-west,ON,NORMAL,13.66,25.98,14.00
src-ahu-0117-016,2026-01-15T09:57:00Z,ahu-c-f01-east,ON,NORMAL,13.68,25.79,14.00
src-ahu-0117-017,2026-01-15T09:57:00Z,ahu-c-f01-west,ON,NORMAL,13.88,25.88,14.00
src-ahu-0117-018,2026-01-15T09:57:00Z,ahu-c-f02-east,ON,NORMAL,13.73,25.94,14.00
src-ahu-0117-019,2026-01-15T09:57:00Z,ahu-c-f02-west,ON,NORMAL,13.93,25.94,14.00
src-ahu-0117-020,2026-01-15T09:57:00Z,ahu-c-f03-east,ON,NORMAL,13.83,26.08,14.00
src-ahu-0117-021,2026-01-15T09:57:00Z,ahu-c-f03-west,ON,NORMAL,14.00,25.84,14.00
src-ahu-0117-022,2026-01-15T09:57:00Z,ahu-c-f04-east,ON,NORMAL,13.98,25.87,14.00
src-ahu-0117-023,2026-01-15T09:57:00Z,ahu-c-f04-west,ON,NORMAL,14.15,25.68,14.00
src-ahu-0118-000,2026-01-15T09:58:00Z,ahu-a-f01-east,ON,NORMAL,14.07,23.73,14.00
src-ahu-0118-001,2026-01-15T09:58:00Z,ahu-a-f01-west,ON,NORMAL,13.97,23.73,14.00
src-ahu-0118-002,2026-01-15T09:58:00Z,ahu-a-f02-east,ON,NORMAL,14.09,23.89,14.00
src-ahu-0118-003,2026-01-15T09:58:00Z,ahu-a-f02-west,ON,NORMAL,13.92,23.82,14.00
src-ahu-0118-004,2026-01-15T09:58:00Z,ahu-a-f03-east,ON,NORMAL,13.94,24.04,14.00
src-ahu-0118-005,2026-01-15T09:58:00Z,ahu-a-f03-west,ON,NORMAL,13.92,24.16,14.00
src-ahu-0118-006,2026-01-15T09:58:00Z,ahu-a-f04-east,ON,NORMAL,13.72,24.54,14.00
src-ahu-0118-007,2026-01-15T09:58:00Z,ahu-a-f04-west,ON,NORMAL,13.65,24.54,14.00
src-ahu-0118-008,2026-01-15T09:58:00Z,ahu-b-f01-east,ON,NORMAL,13.65,24.29,14.00
src-ahu-0118-009,2026-01-15T09:58:00Z,ahu-b-f01-west,ON,NORMAL,13.74,24.41,14.00
src-ahu-0118-010,2026-01-15T09:58:00Z,ahu-b-f02-east,ON,NORMAL,13.76,24.84,14.00
src-ahu-0118-011,2026-01-15T09:58:00Z,ahu-b-f02-west,ON,NORMAL,13.54,24.95,14.00
src-ahu-0118-012,2026-01-15T09:58:00Z,ahu-b-f03-east,ON,NORMAL,13.55,25.27,14.00
src-ahu-0118-013,2026-01-15T09:58:00Z,ahu-b-f03-west,ON,NORMAL,13.72,25.52,14.00
src-ahu-0118-014,2026-01-15T09:58:00Z,ahu-b-f04-east,ON,NORMAL,13.79,25.82,14.00
src-ahu-0118-015,2026-01-15T09:58:00Z,ahu-b-f04-west,ON,NORMAL,13.66,25.88,14.00
src-ahu-0118-016,2026-01-15T09:58:00Z,ahu-c-f01-east,ON,NORMAL,13.85,25.82,14.00
src-ahu-0118-017,2026-01-15T09:58:00Z,ahu-c-f01-west,ON,NORMAL,13.81,25.85,14.00
src-ahu-0118-018,2026-01-15T09:58:00Z,ahu-c-f02-east,ON,NORMAL,13.90,25.99,14.00
src-ahu-0118-019,2026-01-15T09:58:00Z,ahu-c-f02-west,ON,NORMAL,13.92,25.87,14.00
src-ahu-0118-020,2026-01-15T09:58:00Z,ahu-c-f03-east,ON,NORMAL,13.90,25.98,14.00
src-ahu-0118-021,2026-01-15T09:58:00Z,ahu-c-f03-west,ON,NORMAL,14.12,25.86,14.00
src-ahu-0118-022,2026-01-15T09:58:00Z,ahu-c-f04-east,ON,NORMAL,14.12,25.86,14.00
src-ahu-0118-023,2026-01-15T09:58:00Z,ahu-c-f04-west,ON,NORMAL,14.09,25.68,14.00
src-ahu-0119-000,2026-01-15T09:59:00Z,ahu-a-f01-east,ON,NORMAL,13.98,23.78,14.00
src-ahu-0119-001,2026-01-15T09:59:00Z,ahu-a-f01-west,ON,NORMAL,14.00,23.65,14.00
src-ahu-0119-002,2026-01-15T09:59:00Z,ahu-a-f02-east,ON,NORMAL,13.88,23.76,14.00
src-ahu-0119-003,2026-01-15T09:59:00Z,ahu-a-f02-west,ON,NORMAL,13.82,23.83,14.00
src-ahu-0119-004,2026-01-15T09:59:00Z,ahu-a-f03-east,ON,NORMAL,13.78,24.13,14.00
src-ahu-0119-005,2026-01-15T09:59:00Z,ahu-a-f03-west,ON,NORMAL,13.81,24.20,14.00
src-ahu-0119-006,2026-01-15T09:59:00Z,ahu-a-f04-east,ON,NORMAL,13.79,24.38,14.00
src-ahu-0119-007,2026-01-15T09:59:00Z,ahu-a-f04-west,ON,NORMAL,13.75,24.70,14.00
src-ahu-0119-008,2026-01-15T09:59:00Z,ahu-b-f01-east,ON,NORMAL,13.63,24.23,14.00
src-ahu-0119-009,2026-01-15T09:59:00Z,ahu-b-f01-west,ON,NORMAL,13.78,24.47,14.00
src-ahu-0119-010,2026-01-15T09:59:00Z,ahu-b-f02-east,ON,NORMAL,13.70,24.82,14.00
src-ahu-0119-011,2026-01-15T09:59:00Z,ahu-b-f02-west,ON,NORMAL,13.62,25.01,14.00
src-ahu-0119-012,2026-01-15T09:59:00Z,ahu-b-f03-east,ON,NORMAL,13.54,25.42,14.00
src-ahu-0119-013,2026-01-15T09:59:00Z,ahu-b-f03-west,ON,NORMAL,13.66,25.55,14.00
src-ahu-0119-014,2026-01-15T09:59:00Z,ahu-b-f04-east,ON,NORMAL,13.65,25.82,14.00
src-ahu-0119-015,2026-01-15T09:59:00Z,ahu-b-f04-west,ON,NORMAL,13.73,25.85,14.00
src-ahu-0119-016,2026-01-15T09:59:00Z,ahu-c-f01-east,ON,NORMAL,13.87,25.77,14.00
src-ahu-0119-017,2026-01-15T09:59:00Z,ahu-c-f01-west,ON,NORMAL,13.85,25.77,14.00
src-ahu-0119-018,2026-01-15T09:59:00Z,ahu-c-f02-east,ON,NORMAL,13.76,25.96,14.00
src-ahu-0119-019,2026-01-15T09:59:00Z,ahu-c-f02-west,ON,NORMAL,13.82,25.78,14.00
src-ahu-0119-020,2026-01-15T09:59:00Z,ahu-c-f03-east,ON,NORMAL,14.04,26.02,14.00
src-ahu-0119-021,2026-01-15T09:59:00Z,ahu-c-f03-west,ON,NORMAL,13.95,25.85,14.00
src-ahu-0119-022,2026-01-15T09:59:00Z,ahu-c-f04-east,ON,NORMAL,14.13,25.80,14.00
src-ahu-0119-023,2026-01-15T09:59:00Z,ahu-c-f04-west,ON,NORMAL,14.28,25.61,14.00
src-ahu-0120-000,2026-01-15T10:00:00Z,ahu-a-f01-east,ON,NORMAL,14.08,23.81,14.00
src-ahu-0120-001,2026-01-15T10:00:00Z,ahu-a-f01-west,ON,NORMAL,13.91,23.62,14.00
src-ahu-0120-002,2026-01-15T10:00:00Z,ahu-a-f02-east,ON,NORMAL,18.40,23.75,14.00
src-ahu-0120-003,2026-01-15T10:00:00Z,ahu-a-f02-west,ON,NORMAL,13.79,23.74,14.00
src-ahu-0120-004,2026-01-15T10:00:00Z,ahu-a-f03-east,ON,NORMAL,13.82,24.07,14.00
src-ahu-0120-005,2026-01-15T10:00:00Z,ahu-a-f03-west,ON,NORMAL,13.71,24.27,14.00
src-ahu-0120-006,2026-01-15T10:00:00Z,ahu-a-f04-east,ON,NORMAL,13.76,24.51,14.00
src-ahu-0120-007,2026-01-15T10:00:00Z,ahu-a-f04-west,ON,NORMAL,13.68,24.66,14.00
src-ahu-0120-008,2026-01-15T10:00:00Z,ahu-b-f01-east,ON,NORMAL,13.79,24.24,14.00
src-ahu-0120-009,2026-01-15T10:00:00Z,ahu-b-f01-west,ON,NORMAL,13.74,24.49,14.00
src-ahu-0120-010,2026-01-15T10:00:00Z,ahu-b-f02-east,ON,NORMAL,13.73,24.92,14.00
src-ahu-0120-011,2026-01-15T10:00:00Z,ahu-b-f02-west,ON,NORMAL,13.55,24.99,14.00
src-ahu-0120-012,2026-01-15T10:00:00Z,ahu-b-f03-east,ON,NORMAL,13.55,25.44,14.00
src-ahu-0120-013,2026-01-15T10:00:00Z,ahu-b-f03-west,ON,NORMAL,13.60,25.55,14.00
src-ahu-0120-014,2026-01-15T10:00:00Z,ahu-b-f04-east,ON,NORMAL,13.82,25.85,14.00
src-ahu-0120-015,2026-01-15T10:00:00Z,ahu-b-f04-west,ON,NORMAL,13.86,25.86,14.00
src-ahu-0120-016,2026-01-15T10:00:00Z,ahu-c-f01-east,ON,NORMAL,13.84,25.82,14.00
src-ahu-0120-017,2026-01-15T10:00:00Z,ahu-c-f01-west,ON,NORMAL,13.78,25.87,14.00
src-ahu-0120-018,2026-01-15T10:00:00Z,ahu-c-f02-east,ON,NORMAL,14.00,26.01,14.00
src-ahu-0120-019,2026-01-15T10:00:00Z,ahu-c-f02-west,ON,NORMAL,13.91,25.95,14.00
src-ahu-0120-020,2026-01-15T10:00:00Z,ahu-c-f03-east,ON,NORMAL,14.14,26.00,14.00
src-ahu-0120-021,2026-01-15T10:00:00Z,ahu-c-f03-west,ON,NORMAL,14.08,25.70,14.00
src-ahu-0120-022,2026-01-15T10:00:00Z,ahu-c-f04-east,ON,NORMAL,14.13,25.79,14.00
src-ahu-0120-023,2026-01-15T10:00:00Z,ahu-c-f04-west,ON,NORMAL,14.25,25.62,14.00
src-ahu-0121-000,2026-01-15T10:01:00Z,ahu-a-f01-east,ON,NORMAL,14.12,23.67,14.00
src-ahu-0121-001,2026-01-15T10:01:00Z,ahu-a-f01-west,ON,NORMAL,13.97,23.71,14.00
src-ahu-0121-002,2026-01-15T10:01:00Z,ahu-a-f02-east,ON,NORMAL,18.40,23.80,14.00
src-ahu-0121-003,2026-01-15T10:01:00Z,ahu-a-f02-west,ON,NORMAL,13.76,23.77,14.00
src-ahu-0121-004,2026-01-15T10:01:00Z,ahu-a-f03-east,ON,NORMAL,13.83,24.05,14.00
src-ahu-0121-005,2026-01-15T10:01:00Z,ahu-a-f03-west,ON,NORMAL,13.66,24.16,14.00
src-ahu-0121-006,2026-01-15T10:01:00Z,ahu-a-f04-east,ON,NORMAL,13.69,24.57,14.00
src-ahu-0121-007,2026-01-15T10:01:00Z,ahu-a-f04-west,ON,NORMAL,13.65,24.69,14.00
src-ahu-0121-008,2026-01-15T10:01:00Z,ahu-b-f01-east,ON,NORMAL,13.60,24.39,14.00
src-ahu-0121-009,2026-01-15T10:01:00Z,ahu-b-f01-west,ON,NORMAL,13.64,24.44,14.00
src-ahu-0121-010,2026-01-15T10:01:00Z,ahu-b-f02-east,ON,NORMAL,13.67,24.95,14.00
src-ahu-0121-011,2026-01-15T10:01:00Z,ahu-b-f02-west,ON,NORMAL,13.63,25.08,14.00
src-ahu-0121-012,2026-01-15T10:01:00Z,ahu-b-f03-east,ON,NORMAL,13.69,25.43,14.00
src-ahu-0121-013,2026-01-15T10:01:00Z,ahu-b-f03-west,ON,NORMAL,13.67,25.59,14.00
src-ahu-0121-014,2026-01-15T10:01:00Z,ahu-b-f04-east,ON,NORMAL,13.68,25.87,14.00
src-ahu-0121-015,2026-01-15T10:01:00Z,ahu-b-f04-west,ON,NORMAL,13.78,25.99,14.00
src-ahu-0121-016,2026-01-15T10:01:00Z,ahu-c-f01-east,ON,NORMAL,13.88,25.80,14.00
src-ahu-0121-017,2026-01-15T10:01:00Z,ahu-c-f01-west,ON,NORMAL,13.76,25.79,14.00
src-ahu-0121-018,2026-01-15T10:01:00Z,ahu-c-f02-east,ON,NORMAL,14.01,25.86,14.00
src-ahu-0121-019,2026-01-15T10:01:00Z,ahu-c-f02-west,ON,NORMAL,14.08,25.86,14.00
src-ahu-0121-020,2026-01-15T10:01:00Z,ahu-c-f03-east,ON,NORMAL,13.93,25.93,14.00
src-ahu-0121-021,2026-01-15T10:01:00Z,ahu-c-f03-west,ON,NORMAL,14.02,25.77,14.00
src-ahu-0121-022,2026-01-15T10:01:00Z,ahu-c-f04-east,ON,NORMAL,14.15,25.65,14.00
src-ahu-0121-023,2026-01-15T10:01:00Z,ahu-c-f04-west,ON,NORMAL,14.09,25.56,14.00
src-ahu-0122-000,2026-01-15T10:02:00Z,ahu-a-f01-east,ON,NORMAL,14.10,23.73,14.00
src-ahu-0122-001,2026-01-15T10:02:00Z,ahu-a-f01-west,ON,NORMAL,13.88,23.65,14.00
src-ahu-0122-002,2026-01-15T10:02:00Z,ahu-a-f02-east,ON,NORMAL,18.40,23.83,14.00
src-ahu-0122-003,2026-01-15T10:02:00Z,ahu-a-f02-west,ON,NORMAL,13.92,23.88,14.00
src-ahu-0122-004,2026-01-15T10:02:00Z,ahu-a-f03-east,ON,NORMAL,13.82,24.04,14.00
src-ahu-0122-005,2026-01-15T10:02:00Z,ahu-a-f03-west,ON,NORMAL,13.82,24.30,14.00
src-ahu-0122-006,2026-01-15T10:02:00Z,ahu-a-f04-east,ON,NORMAL,13.60,24.55,14.00
src-ahu-0122-007,2026-01-15T10:02:00Z,ahu-a-f04-west,ON,NORMAL,13.63,24.60,14.00
src-ahu-0122-008,2026-01-15T10:02:00Z,ahu-b-f01-east,ON,NORMAL,13.73,24.39,14.00
src-ahu-0122-009,2026-01-15T10:02:00Z,ahu-b-f01-west,ON,NORMAL,13.68,24.51,14.00
src-ahu-0122-010,2026-01-15T10:02:00Z,ahu-b-f02-east,ON,NORMAL,13.69,24.82,14.00
src-ahu-0122-011,2026-01-15T10:02:00Z,ahu-b-f02-west,ON,NORMAL,13.64,25.13,14.00
src-ahu-0122-012,2026-01-15T10:02:00Z,ahu-b-f03-east,ON,NORMAL,13.65,25.43,14.00
src-ahu-0122-013,2026-01-15T10:02:00Z,ahu-b-f03-west,ON,NORMAL,13.83,25.59,14.00
src-ahu-0122-014,2026-01-15T10:02:00Z,ahu-b-f04-east,ON,NORMAL,13.66,25.97,14.00
src-ahu-0122-015,2026-01-15T10:02:00Z,ahu-b-f04-west,ON,NORMAL,13.78,25.86,14.00
src-ahu-0122-016,2026-01-15T10:02:00Z,ahu-c-f01-east,ON,NORMAL,13.78,25.80,14.00
src-ahu-0122-017,2026-01-15T10:02:00Z,ahu-c-f01-west,ON,NORMAL,13.86,25.81,14.00
src-ahu-0122-018,2026-01-15T10:02:00Z,ahu-c-f02-east,ON,NORMAL,13.84,25.87,14.00
src-ahu-0122-019,2026-01-15T10:02:00Z,ahu-c-f02-west,ON,NORMAL,13.96,25.84,14.00
src-ahu-0122-020,2026-01-15T10:02:00Z,ahu-c-f03-east,ON,NORMAL,14.00,25.81,14.00
src-ahu-0122-021,2026-01-15T10:02:00Z,ahu-c-f03-west,ON,NORMAL,14.20,25.79,14.00
src-ahu-0122-022,2026-01-15T10:02:00Z,ahu-c-f04-east,ON,NORMAL,14.12,25.76,14.00
src-ahu-0122-023,2026-01-15T10:02:00Z,ahu-c-f04-west,ON,NORMAL,14.13,25.54,14.00
src-ahu-0123-000,2026-01-15T10:03:00Z,ahu-a-f01-east,ON,NORMAL,14.06,23.73,14.00
src-ahu-0123-001,2026-01-15T10:03:00Z,ahu-a-f01-west,ON,NORMAL,13.90,23.58,14.00
src-ahu-0123-002,2026-01-15T10:03:00Z,ahu-a-f02-east,ON,NORMAL,18.40,23.83,14.00
src-ahu-0123-003,2026-01-15T10:03:00Z,ahu-a-f02-west,ON,NORMAL,13.77,23.78,14.00
src-ahu-0123-004,2026-01-15T10:03:00Z,ahu-a-f03-east,ON,NORMAL,13.87,24.12,14.00
src-ahu-0123-005,2026-01-15T10:03:00Z,ahu-a-f03-west,ON,NORMAL,13.80,24.15,14.00
src-ahu-0123-006,2026-01-15T10:03:00Z,ahu-a-f04-east,ON,NORMAL,13.70,24.50,14.00
src-ahu-0123-007,2026-01-15T10:03:00Z,ahu-a-f04-west,ON,NORMAL,13.65,24.68,14.00
src-ahu-0123-008,2026-01-15T10:03:00Z,ahu-b-f01-east,ON,NORMAL,13.72,24.36,14.00
src-ahu-0123-009,2026-01-15T10:03:00Z,ahu-b-f01-west,ON,NORMAL,13.73,24.64,14.00
src-ahu-0123-010,2026-01-15T10:03:00Z,ahu-b-f02-east,ON,NORMAL,13.75,24.90,14.00
src-ahu-0123-011,2026-01-15T10:03:00Z,ahu-b-f02-west,ON,NORMAL,13.63,25.18,14.00
src-ahu-0123-012,2026-01-15T10:03:00Z,ahu-b-f03-east,ON,NORMAL,13.77,25.44,14.00
src-ahu-0123-013,2026-01-15T10:03:00Z,ahu-b-f03-west,ON,NORMAL,13.81,25.61,14.00
src-ahu-0123-014,2026-01-15T10:03:00Z,ahu-b-f04-east,ON,NORMAL,13.88,25.86,14.00
src-ahu-0123-015,2026-01-15T10:03:00Z,ahu-b-f04-west,ON,NORMAL,13.92,25.91,14.00
src-ahu-0123-016,2026-01-15T10:03:00Z,ahu-c-f01-east,ON,NORMAL,13.96,25.88,14.00
src-ahu-0123-017,2026-01-15T10:03:00Z,ahu-c-f01-west,ON,NORMAL,14.01,25.87,14.00
src-ahu-0123-018,2026-01-15T10:03:00Z,ahu-c-f02-east,ON,NORMAL,13.88,25.87,14.00
src-ahu-0123-019,2026-01-15T10:03:00Z,ahu-c-f02-west,ON,NORMAL,14.12,25.93,14.00
src-ahu-0123-020,2026-01-15T10:03:00Z,ahu-c-f03-east,ON,NORMAL,14.02,25.87,14.00
src-ahu-0123-021,2026-01-15T10:03:00Z,ahu-c-f03-west,ON,NORMAL,14.05,25.76,14.00
src-ahu-0123-022,2026-01-15T10:03:00Z,ahu-c-f04-east,ON,NORMAL,14.32,25.76,14.00
src-ahu-0123-023,2026-01-15T10:03:00Z,ahu-c-f04-west,ON,NORMAL,14.25,25.53,14.00
src-ahu-0124-000,2026-01-15T10:04:00Z,ahu-a-f01-east,ON,NORMAL,13.86,23.64,14.00
src-ahu-0124-001,2026-01-15T10:04:00Z,ahu-a-f01-west,ON,NORMAL,13.95,23.62,14.00
src-ahu-0124-002,2026-01-15T10:04:00Z,ahu-a-f02-east,ON,NORMAL,18.40,23.79,14.00
src-ahu-0124-003,2026-01-15T10:04:00Z,ahu-a-f02-west,ON,NORMAL,13.74,23.87,14.00
src-ahu-0124-004,2026-01-15T10:04:00Z,ahu-a-f03-east,ON,NORMAL,13.65,24.10,14.00
src-ahu-0124-005,2026-01-15T10:04:00Z,ahu-a-f03-west,ON,NORMAL,13.63,24.20,14.00
src-ahu-0124-006,2026-01-15T10:04:00Z,ahu-a-f04-east,ON,NORMAL,13.65,24.51,14.00
src-ahu-0124-007,2026-01-15T10:04:00Z,ahu-a-f04-west,ON,NORMAL,13.56,24.79,14.00
src-ahu-0124-008,2026-01-15T10:04:00Z,ahu-b-f01-east,ON,NORMAL,13.73,24.37,14.00
src-ahu-0124-009,2026-01-15T10:04:00Z,ahu-b-f01-west,ON,NORMAL,13.72,24.62,14.00
src-ahu-0124-010,2026-01-15T10:04:00Z,ahu-b-f02-east,ON,NORMAL,13.68,24.91,14.00
src-ahu-0124-011,2026-01-15T10:04:00Z,ahu-b-f02-west,ON,NORMAL,13.71,25.11,14.00
src-ahu-0124-012,2026-01-15T10:04:00Z,ahu-b-f03-east,ON,NORMAL,13.82,25.55,14.00
src-ahu-0124-013,2026-01-15T10:04:00Z,ahu-b-f03-west,ON,NORMAL,13.82,25.54,14.00
src-ahu-0124-014,2026-01-15T10:04:00Z,ahu-b-f04-east,ON,NORMAL,13.73,25.90,14.00
src-ahu-0124-015,2026-01-15T10:04:00Z,ahu-b-f04-west,ON,NORMAL,13.81,26.02,14.00
src-ahu-0124-016,2026-01-15T10:04:00Z,ahu-c-f01-east,ON,NORMAL,14.01,25.86,14.00
src-ahu-0124-017,2026-01-15T10:04:00Z,ahu-c-f01-west,ON,NORMAL,14.00,25.80,14.00
src-ahu-0124-018,2026-01-15T10:04:00Z,ahu-c-f02-east,ON,NORMAL,13.97,25.91,14.00
src-ahu-0124-019,2026-01-15T10:04:00Z,ahu-c-f02-west,ON,NORMAL,14.13,25.79,14.00
src-ahu-0124-020,2026-01-15T10:04:00Z,ahu-c-f03-east,ON,NORMAL,14.15,25.78,14.00
src-ahu-0124-021,2026-01-15T10:04:00Z,ahu-c-f03-west,ON,NORMAL,14.30,25.62,14.00
src-ahu-0124-022,2026-01-15T10:04:00Z,ahu-c-f04-east,ON,NORMAL,14.25,25.65,14.00
src-ahu-0124-023,2026-01-15T10:04:00Z,ahu-c-f04-west,ON,NORMAL,14.31,25.49,14.00
src-ahu-0125-000,2026-01-15T10:05:00Z,ahu-a-f01-east,ON,NORMAL,13.85,23.76,14.00
src-ahu-0125-001,2026-01-15T10:05:00Z,ahu-a-f01-west,ON,NORMAL,13.93,23.62,14.00
src-ahu-0125-002,2026-01-15T10:05:00Z,ahu-a-f02-east,ON,NORMAL,18.40,23.87,14.00
src-ahu-0125-003,2026-01-15T10:05:00Z,ahu-a-f02-west,ON,NORMAL,13.82,23.83,14.00
src-ahu-0125-004,2026-01-15T10:05:00Z,ahu-a-f03-east,ON,NORMAL,13.64,24.20,14.00
src-ahu-0125-005,2026-01-15T10:05:00Z,ahu-a-f03-west,ON,NORMAL,13.77,24.25,14.00
src-ahu-0125-006,2026-01-15T10:05:00Z,ahu-a-f04-east,ON,NORMAL,13.63,24.60,14.00
src-ahu-0125-007,2026-01-15T10:05:00Z,ahu-a-f04-west,ON,NORMAL,13.64,24.81,14.00
src-ahu-0125-008,2026-01-15T10:05:00Z,ahu-b-f01-east,ON,NORMAL,13.64,24.45,14.00
src-ahu-0125-009,2026-01-15T10:05:00Z,ahu-b-f01-west,ON,NORMAL,13.65,24.70,14.00
src-ahu-0125-010,2026-01-15T10:05:00Z,ahu-b-f02-east,ON,NORMAL,13.58,24.96,14.00
src-ahu-0125-011,2026-01-15T10:05:00Z,ahu-b-f02-west,ON,NORMAL,13.67,25.14,14.00
src-ahu-0125-012,2026-01-15T10:05:00Z,ahu-b-f03-east,ON,NORMAL,13.63,25.54,14.00
src-ahu-0125-013,2026-01-15T10:05:00Z,ahu-b-f03-west,ON,NORMAL,13.67,25.59,14.00
src-ahu-0125-014,2026-01-15T10:05:00Z,ahu-b-f04-east,ON,NORMAL,13.87,25.94,14.00
src-ahu-0125-015,2026-01-15T10:05:00Z,ahu-b-f04-west,ON,NORMAL,13.96,25.95,14.00
src-ahu-0125-016,2026-01-15T10:05:00Z,ahu-c-f01-east,ON,NORMAL,13.93,25.79,14.00
src-ahu-0125-017,2026-01-15T10:05:00Z,ahu-c-f01-west,ON,NORMAL,14.09,25.74,14.00
src-ahu-0125-018,2026-01-15T10:05:00Z,ahu-c-f02-east,ON,NORMAL,13.99,25.88,14.00
src-ahu-0125-019,2026-01-15T10:05:00Z,ahu-c-f02-west,ON,NORMAL,13.98,25.84,14.00
src-ahu-0125-020,2026-01-15T10:05:00Z,ahu-c-f03-east,ON,NORMAL,14.18,25.76,14.00
src-ahu-0125-021,2026-01-15T10:05:00Z,ahu-c-f03-west,ON,NORMAL,14.21,25.72,14.00
src-ahu-0125-022,2026-01-15T10:05:00Z,ahu-c-f04-east,ON,NORMAL,14.24,25.59,14.00
src-ahu-0125-023,2026-01-15T10:05:00Z,ahu-c-f04-west,ON,NORMAL,14.29,25.41,14.00
src-ahu-0126-000,2026-01-15T10:06:00Z,ahu-a-f01-east,ON,NORMAL,13.80,23.60,14.00
src-ahu-0126-001,2026-01-15T10:06:00Z,ahu-a-f01-west,ON,NORMAL,13.81,23.54,14.00
src-ahu-0126-002,2026-01-15T10:06:00Z,ahu-a-f02-east,ON,NORMAL,18.40,23.87,14.00
src-ahu-0126-003,2026-01-15T10:06:00Z,ahu-a-f02-west,ON,NORMAL,13.77,23.91,14.00
src-ahu-0126-004,2026-01-15T10:06:00Z,ahu-a-f03-east,ON,NORMAL,13.69,24.22,14.00
src-ahu-0126-005,2026-01-15T10:06:00Z,ahu-a-f03-west,ON,NORMAL,13.72,24.33,14.00
src-ahu-0126-006,2026-01-15T10:06:00Z,ahu-a-f04-east,ON,NORMAL,13.64,24.62,14.00
src-ahu-0126-007,2026-01-15T10:06:00Z,ahu-a-f04-west,ON,NORMAL,13.69,24.73,14.00
src-ahu-0126-008,2026-01-15T10:06:00Z,ahu-b-f01-east,ON,NORMAL,13.56,24.48,14.00
src-ahu-0126-009,2026-01-15T10:06:00Z,ahu-b-f01-west,ON,NORMAL,13.66,24.69,14.00
src-ahu-0126-010,2026-01-15T10:06:00Z,ahu-b-f02-east,ON,NORMAL,13.64,24.98,14.00
src-ahu-0126-011,2026-01-15T10:06:00Z,ahu-b-f02-west,ON,NORMAL,13.69,25.21,14.00
src-ahu-0126-012,2026-01-15T10:06:00Z,ahu-b-f03-east,ON,NORMAL,13.78,25.58,14.00
src-ahu-0126-013,2026-01-15T10:06:00Z,ahu-b-f03-west,ON,NORMAL,13.72,25.62,14.00
src-ahu-0126-014,2026-01-15T10:06:00Z,ahu-b-f04-east,ON,NORMAL,13.74,25.95,14.00
src-ahu-0126-015,2026-01-15T10:06:00Z,ahu-b-f04-west,ON,NORMAL,13.91,25.98,14.00
src-ahu-0126-016,2026-01-15T10:06:00Z,ahu-c-f01-east,ON,NORMAL,13.96,25.83,14.00
src-ahu-0126-017,2026-01-15T10:06:00Z,ahu-c-f01-west,ON,NORMAL,14.04,25.73,14.00
src-ahu-0126-018,2026-01-15T10:06:00Z,ahu-c-f02-east,ON,NORMAL,13.96,25.89,14.00
src-ahu-0126-019,2026-01-15T10:06:00Z,ahu-c-f02-west,ON,NORMAL,14.09,25.82,14.00
src-ahu-0126-020,2026-01-15T10:06:00Z,ahu-c-f03-east,ON,NORMAL,14.18,25.77,14.00
src-ahu-0126-021,2026-01-15T10:06:00Z,ahu-c-f03-west,ON,NORMAL,14.12,25.54,14.00
src-ahu-0126-022,2026-01-15T10:06:00Z,ahu-c-f04-east,ON,NORMAL,14.31,25.57,14.00
src-ahu-0126-023,2026-01-15T10:06:00Z,ahu-c-f04-west,ON,NORMAL,14.32,25.43,14.00
src-ahu-0127-000,2026-01-15T10:07:00Z,ahu-a-f01-east,ON,NORMAL,13.99,23.69,14.00
src-ahu-0127-001,2026-01-15T10:07:00Z,ahu-a-f01-west,ON,NORMAL,13.76,23.62,14.00
src-ahu-0127-002,2026-01-15T10:07:00Z,ahu-a-f02-east,ON,NORMAL,18.40,23.82,14.00
src-ahu-0127-003,2026-01-15T10:07:00Z,ahu-a-f02-west,ON,NORMAL,13.72,23.92,14.00
src-ahu-0127-004,2026-01-15T10:07:00Z,ahu-a-f03-east,ON,NORMAL,13.60,24.12,14.00
src-ahu-0127-005,2026-01-15T10:07:00Z,ahu-a-f03-west,ON,NORMAL,13.65,24.28,14.00
src-ahu-0127-006,2026-01-15T10:07:00Z,ahu-a-f04-east,ON,NORMAL,13.58,24.77,14.00
src-ahu-0127-007,2026-01-15T10:07:00Z,ahu-a-f04-west,ON,NORMAL,13.75,24.79,14.00
src-ahu-0127-008,2026-01-15T10:07:00Z,ahu-b-f01-east,ON,NORMAL,13.74,24.49,14.00
src-ahu-0127-009,2026-01-15T10:07:00Z,ahu-b-f01-west,ON,NORMAL,13.69,24.60,14.00
src-ahu-0127-010,2026-01-15T10:07:00Z,ahu-b-f02-east,ON,NORMAL,13.69,25.01,14.00
src-ahu-0127-011,2026-01-15T10:07:00Z,ahu-b-f02-west,ON,NORMAL,13.64,25.26,14.00
src-ahu-0127-012,2026-01-15T10:07:00Z,ahu-b-f03-east,ON,NORMAL,13.87,25.58,14.00
src-ahu-0127-013,2026-01-15T10:07:00Z,ahu-b-f03-west,ON,NORMAL,13.79,25.64,14.00
src-ahu-0127-014,2026-01-15T10:07:00Z,ahu-b-f04-east,ON,NORMAL,13.98,25.90,14.00
src-ahu-0127-015,2026-01-15T10:07:00Z,ahu-b-f04-west,ON,NORMAL,13.95,25.96,14.00
src-ahu-0127-016,2026-01-15T10:07:00Z,ahu-c-f01-east,ON,NORMAL,14.09,25.84,14.00
src-ahu-0127-017,2026-01-15T10:07:00Z,ahu-c-f01-west,ON,NORMAL,14.02,25.80,14.00
src-ahu-0127-018,2026-01-15T10:07:00Z,ahu-c-f02-east,ON,NORMAL,14.02,25.89,14.00
src-ahu-0127-019,2026-01-15T10:07:00Z,ahu-c-f02-west,ON,NORMAL,14.16,25.72,14.00
src-ahu-0127-020,2026-01-15T10:07:00Z,ahu-c-f03-east,ON,NORMAL,14.13,25.79,14.00
src-ahu-0127-021,2026-01-15T10:07:00Z,ahu-c-f03-west,ON,NORMAL,14.15,25.63,14.00
src-ahu-0127-022,2026-01-15T10:07:00Z,ahu-c-f04-east,ON,NORMAL,14.19,25.59,14.00
src-ahu-0127-023,2026-01-15T10:07:00Z,ahu-c-f04-west,ON,NORMAL,14.24,25.30,14.00
src-ahu-0128-000,2026-01-15T10:08:00Z,ahu-a-f01-east,ON,NORMAL,13.93,23.64,14.00
src-ahu-0128-001,2026-01-15T10:08:00Z,ahu-a-f01-west,ON,NORMAL,13.72,23.59,14.00
src-ahu-0128-002,2026-01-15T10:08:00Z,ahu-a-f02-east,ON,NORMAL,18.40,23.90,14.00
src-ahu-0128-003,2026-01-15T10:08:00Z,ahu-a-f02-west,ON,NORMAL,13.78,23.89,14.00
src-ahu-0128-004,2026-01-15T10:08:00Z,ahu-a-f03-east,ON,NORMAL,13.66,24.26,14.00
src-ahu-0128-005,2026-01-15T10:08:00Z,ahu-a-f03-west,ON,NORMAL,13.65,24.43,14.00
src-ahu-0128-006,2026-01-15T10:08:00Z,ahu-a-f04-east,ON,NORMAL,13.53,24.70,14.00
src-ahu-0128-007,2026-01-15T10:08:00Z,ahu-a-f04-west,ON,NORMAL,13.73,24.77,14.00
src-ahu-0128-008,2026-01-15T10:08:00Z,ahu-b-f01-east,ON,NORMAL,13.68,24.59,14.00
src-ahu-0128-009,2026-01-15T10:08:00Z,ahu-b-f01-west,ON,NORMAL,13.56,24.76,14.00
src-ahu-0128-010,2026-01-15T10:08:00Z,ahu-b-f02-east,ON,NORMAL,13.74,25.11,14.00
src-ahu-0128-011,2026-01-15T10:08:00Z,ahu-b-f02-west,ON,NORMAL,13.72,25.26,14.00
src-ahu-0128-012,2026-01-15T10:08:00Z,ahu-b-f03-east,ON,NORMAL,13.68,25.57,14.00
src-ahu-0128-013,2026-01-15T10:08:00Z,ahu-b-f03-west,ON,NORMAL,13.95,25.63,14.00
src-ahu-0128-014,2026-01-15T10:08:00Z,ahu-b-f04-east,ON,NORMAL,14.00,26.02,14.00
src-ahu-0128-015,2026-01-15T10:08:00Z,ahu-b-f04-west,ON,NORMAL,14.03,25.97,14.00
src-ahu-0128-016,2026-01-15T10:08:00Z,ahu-c-f01-east,ON,NORMAL,13.89,25.79,14.00
src-ahu-0128-017,2026-01-15T10:08:00Z,ahu-c-f01-west,ON,NORMAL,14.08,25.83,14.00
src-ahu-0128-018,2026-01-15T10:08:00Z,ahu-c-f02-east,ON,NORMAL,14.20,25.85,14.00
src-ahu-0128-019,2026-01-15T10:08:00Z,ahu-c-f02-west,ON,NORMAL,14.17,25.77,14.00
src-ahu-0128-020,2026-01-15T10:08:00Z,ahu-c-f03-east,ON,NORMAL,14.32,25.71,14.00
src-ahu-0128-021,2026-01-15T10:08:00Z,ahu-c-f03-west,ON,NORMAL,14.28,25.48,14.00
src-ahu-0128-022,2026-01-15T10:08:00Z,ahu-c-f04-east,ON,NORMAL,14.37,25.50,14.00
src-ahu-0128-023,2026-01-15T10:08:00Z,ahu-c-f04-west,ON,NORMAL,14.38,25.38,14.00
src-ahu-0129-000,2026-01-15T10:09:00Z,ahu-a-f01-east,ON,NORMAL,13.74,23.59,14.00
src-ahu-0129-001,2026-01-15T10:09:00Z,ahu-a-f01-west,ON,NORMAL,13.72,23.58,14.00
src-ahu-0129-002,2026-01-15T10:09:00Z,ahu-a-f02-east,ON,NORMAL,18.40,23.83,14.00
src-ahu-0129-003,2026-01-15T10:09:00Z,ahu-a-f02-west,ON,NORMAL,13.75,23.98,14.00
src-ahu-0129-004,2026-01-15T10:09:00Z,ahu-a-f03-east,ON,NORMAL,13.74,24.11,14.00
src-ahu-0129-005,2026-01-15T10:09:00Z,ahu-a-f03-west,ON,NORMAL,13.70,24.42,14.00
src-ahu-0129-006,2026-01-15T10:09:00Z,ahu-a-f04-east,ON,NORMAL,13.63,24.66,14.00
src-ahu-0129-007,2026-01-15T10:09:00Z,ahu-a-f04-west,ON,NORMAL,13.76,24.98,14.00
src-ahu-0129-008,2026-01-15T10:09:00Z,ahu-b-f01-east,ON,NORMAL,13.60,24.61,14.00
src-ahu-0129-009,2026-01-15T10:09:00Z,ahu-b-f01-west,ON,NORMAL,13.59,24.66,14.00
src-ahu-0129-010,2026-01-15T10:09:00Z,ahu-b-f02-east,ON,NORMAL,13.71,25.08,14.00
src-ahu-0129-011,2026-01-15T10:09:00Z,ahu-b-f02-west,ON,NORMAL,13.83,25.30,14.00
src-ahu-0129-012,2026-01-15T10:09:00Z,ahu-b-f03-east,ON,NORMAL,13.87,25.66,14.00
src-ahu-0129-013,2026-01-15T10:09:00Z,ahu-b-f03-west,ON,NORMAL,13.74,25.68,14.00
src-ahu-0129-014,2026-01-15T10:09:00Z,ahu-b-f04-east,ON,NORMAL,13.84,25.90,14.00
src-ahu-0129-015,2026-01-15T10:09:00Z,ahu-b-f04-west,ON,NORMAL,14.05,25.98,14.00
src-ahu-0129-016,2026-01-15T10:09:00Z,ahu-c-f01-east,ON,NORMAL,14.04,25.83,14.00
src-ahu-0129-017,2026-01-15T10:09:00Z,ahu-c-f01-west,ON,NORMAL,14.17,25.72,14.00
src-ahu-0129-018,2026-01-15T10:09:00Z,ahu-c-f02-east,ON,NORMAL,14.13,25.88,14.00
src-ahu-0129-019,2026-01-15T10:09:00Z,ahu-c-f02-west,ON,NORMAL,14.27,25.65,14.00
src-ahu-0129-020,2026-01-15T10:09:00Z,ahu-c-f03-east,ON,NORMAL,14.25,25.66,14.00
src-ahu-0129-021,2026-01-15T10:09:00Z,ahu-c-f03-west,ON,NORMAL,14.28,25.48,14.00
src-ahu-0129-022,2026-01-15T10:09:00Z,ahu-c-f04-east,ON,NORMAL,14.33,25.57,14.00
src-ahu-0129-023,2026-01-15T10:09:00Z,ahu-c-f04-west,ON,NORMAL,14.43,25.29,14.00
src-ahu-0130-000,2026-01-15T10:10:00Z,ahu-a-f01-east,ON,NORMAL,13.81,23.66,14.00
src-ahu-0130-001,2026-01-15T10:10:00Z,ahu-a-f01-west,ON,NORMAL,13.84,23.66,14.00
src-ahu-0130-002,2026-01-15T10:10:00Z,ahu-a-f02-east,ON,NORMAL,18.40,23.87,14.00
src-ahu-0130-003,2026-01-15T10:10:00Z,ahu-a-f02-west,ON,NORMAL,13.75,23.91,14.00
src-ahu-0130-004,2026-01-15T10:10:00Z,ahu-a-f03-east,ON,NORMAL,13.62,24.16,14.00
src-ahu-0130-005,2026-01-15T10:10:00Z,ahu-a-f03-west,ON,NORMAL,13.69,24.38,14.00
src-ahu-0130-006,2026-01-15T10:10:00Z,ahu-a-f04-east,ON,NORMAL,13.73,24.77,14.00
src-ahu-0130-007,2026-01-15T10:10:00Z,ahu-a-f04-west,ON,NORMAL,13.62,24.97,14.00
src-ahu-0130-008,2026-01-15T10:10:00Z,ahu-b-f01-east,ON,NORMAL,13.76,24.55,14.00
src-ahu-0130-009,2026-01-15T10:10:00Z,ahu-b-f01-west,ON,NORMAL,13.79,24.73,14.00
src-ahu-0130-010,2026-01-15T10:10:00Z,ahu-b-f02-east,ON,NORMAL,13.83,25.12,14.00
src-ahu-0130-011,2026-01-15T10:10:00Z,ahu-b-f02-west,ON,NORMAL,13.88,25.32,14.00
src-ahu-0130-012,2026-01-15T10:10:00Z,ahu-b-f03-east,ON,NORMAL,13.94,25.61,14.00
src-ahu-0130-013,2026-01-15T10:10:00Z,ahu-b-f03-west,ON,NORMAL,13.88,25.77,14.00
src-ahu-0130-014,2026-01-15T10:10:00Z,ahu-b-f04-east,ON,NORMAL,13.86,25.98,14.00
src-ahu-0130-015,2026-01-15T10:10:00Z,ahu-b-f04-west,ON,NORMAL,14.06,25.95,14.00
src-ahu-0130-016,2026-01-15T10:10:00Z,ahu-c-f01-east,ON,NORMAL,13.96,25.82,14.00
src-ahu-0130-017,2026-01-15T10:10:00Z,ahu-c-f01-west,ON,NORMAL,14.10,25.63,14.00
src-ahu-0130-018,2026-01-15T10:10:00Z,ahu-c-f02-east,ON,NORMAL,14.22,25.73,14.00
src-ahu-0130-019,2026-01-15T10:10:00Z,ahu-c-f02-west,ON,NORMAL,14.23,25.74,14.00
src-ahu-0130-020,2026-01-15T10:10:00Z,ahu-c-f03-east,ON,NORMAL,14.19,25.69,14.00
src-ahu-0130-021,2026-01-15T10:10:00Z,ahu-c-f03-west,ON,NORMAL,14.21,25.47,14.00
src-ahu-0130-022,2026-01-15T10:10:00Z,ahu-c-f04-east,ON,NORMAL,14.35,25.54,14.00
src-ahu-0130-023,2026-01-15T10:10:00Z,ahu-c-f04-west,ON,NORMAL,14.31,25.25,14.00
src-ahu-0131-000,2026-01-15T10:11:00Z,ahu-a-f01-east,ON,NORMAL,13.69,23.67,14.00
src-ahu-0131-001,2026-01-15T10:11:00Z,ahu-a-f01-west,ON,NORMAL,13.65,23.67,14.00
src-ahu-0131-002,2026-01-15T10:11:00Z,ahu-a-f02-east,ON,NORMAL,18.40,23.79,14.00
src-ahu-0131-003,2026-01-15T10:11:00Z,ahu-a-f02-west,ON,NORMAL,13.80,24.00,14.00
src-ahu-0131-004,2026-01-15T10:11:00Z,ahu-a-f03-east,ON,NORMAL,13.75,24.19,14.00
src-ahu-0131-005,2026-01-15T10:11:00Z,ahu-a-f03-west,ON,NORMAL,13.73,24.47,14.00
src-ahu-0131-006,2026-01-15T10:11:00Z,ahu-a-f04-east,ON,NORMAL,13.68,24.75,14.00
src-ahu-0131-007,2026-01-15T10:11:00Z,ahu-a-f04-west,ON,NORMAL,13.68,25.02,14.00
src-ahu-0131-008,2026-01-15T10:11:00Z,ahu-b-f01-east,ON,NORMAL,13.70,24.62,14.00
src-ahu-0131-009,2026-01-15T10:11:00Z,ahu-b-f01-west,ON,NORMAL,13.62,24.85,14.00
src-ahu-0131-010,2026-01-15T10:11:00Z,ahu-b-f02-east,ON,NORMAL,13.82,25.14,14.00
src-ahu-0131-011,2026-01-15T10:11:00Z,ahu-b-f02-west,ON,NORMAL,13.77,25.39,14.00
src-ahu-0131-012,2026-01-15T10:11:00Z,ahu-b-f03-east,ON,NORMAL,13.87,25.65,14.00
src-ahu-0131-013,2026-01-15T10:11:00Z,ahu-b-f03-west,ON,NORMAL,13.91,25.74,14.00
src-ahu-0131-014,2026-01-15T10:11:00Z,ahu-b-f04-east,ON,NORMAL,13.84,25.96,14.00
src-ahu-0131-015,2026-01-15T10:11:00Z,ahu-b-f04-west,ON,NORMAL,13.99,25.91,14.00
src-ahu-0131-016,2026-01-15T10:11:00Z,ahu-c-f01-east,ON,NORMAL,13.98,25.77,14.00
src-ahu-0131-017,2026-01-15T10:11:00Z,ahu-c-f01-west,ON,NORMAL,14.21,25.71,14.00
src-ahu-0131-018,2026-01-15T10:11:00Z,ahu-c-f02-east,ON,NORMAL,14.13,25.77,14.00
src-ahu-0131-019,2026-01-15T10:11:00Z,ahu-c-f02-west,ON,NORMAL,14.18,25.66,14.00
src-ahu-0131-020,2026-01-15T10:11:00Z,ahu-c-f03-east,ON,NORMAL,14.21,25.59,14.00
src-ahu-0131-021,2026-01-15T10:11:00Z,ahu-c-f03-west,ON,NORMAL,14.34,25.48,14.00
src-ahu-0131-022,2026-01-15T10:11:00Z,ahu-c-f04-east,ON,NORMAL,14.43,25.48,14.00
src-ahu-0131-023,2026-01-15T10:11:00Z,ahu-c-f04-west,ON,NORMAL,14.26,25.23,14.00
src-ahu-0132-000,2026-01-15T10:12:00Z,ahu-a-f01-east,ON,NORMAL,13.77,23.62,14.00
src-ahu-0132-001,2026-01-15T10:12:00Z,ahu-a-f01-west,ON,NORMAL,13.69,23.62,14.00
src-ahu-0132-002,2026-01-15T10:12:00Z,ahu-a-f02-east,ON,NORMAL,18.40,23.82,14.00
src-ahu-0132-003,2026-01-15T10:12:00Z,ahu-a-f02-west,ON,NORMAL,13.76,23.98,14.00
src-ahu-0132-004,2026-01-15T10:12:00Z,ahu-a-f03-east,ON,NORMAL,13.65,24.37,14.00
src-ahu-0132-005,2026-01-15T10:12:00Z,ahu-a-f03-west,ON,NORMAL,13.71,24.45,14.00
src-ahu-0132-006,2026-01-15T10:12:00Z,ahu-a-f04-east,ON,NORMAL,13.54,24.77,14.00
src-ahu-0132-007,2026-01-15T10:12:00Z,ahu-a-f04-west,ON,NORMAL,13.73,25.11,14.00
src-ahu-0132-008,2026-01-15T10:12:00Z,ahu-b-f01-east,ON,NORMAL,13.59,24.64,14.00
src-ahu-0132-009,2026-01-15T10:12:00Z,ahu-b-f01-west,ON,NORMAL,13.84,24.88,14.00
src-ahu-0132-010,2026-01-15T10:12:00Z,ahu-b-f02-east,ON,NORMAL,13.85,25.15,14.00
src-ahu-0132-011,2026-01-15T10:12:00Z,ahu-b-f02-west,ON,NORMAL,13.92,25.33,14.00
src-ahu-0132-012,2026-01-15T10:12:00Z,ahu-b-f03-east,ON,NORMAL,13.77,25.61,14.00
src-ahu-0132-013,2026-01-15T10:12:00Z,ahu-b-f03-west,ON,NORMAL,13.91,25.69,14.00
src-ahu-0132-014,2026-01-15T10:12:00Z,ahu-b-f04-east,ON,NORMAL,13.96,25.88,14.00
src-ahu-0132-015,2026-01-15T10:12:00Z,ahu-b-f04-west,ON,NORMAL,14.02,25.95,14.00
src-ahu-0132-016,2026-01-15T10:12:00Z,ahu-c-f01-east,ON,NORMAL,14.20,25.80,14.00
src-ahu-0132-017,2026-01-15T10:12:00Z,ahu-c-f01-west,ON,NORMAL,14.20,25.75,14.00
src-ahu-0132-018,2026-01-15T10:12:00Z,ahu-c-f02-east,ON,NORMAL,14.30,25.74,14.00
src-ahu-0132-019,2026-01-15T10:12:00Z,ahu-c-f02-west,ON,NORMAL,14.27,25.58,14.00
src-ahu-0132-020,2026-01-15T10:12:00Z,ahu-c-f03-east,ON,NORMAL,14.38,25.59,14.00
src-ahu-0132-021,2026-01-15T10:12:00Z,ahu-c-f03-west,ON,NORMAL,14.20,25.43,14.00
src-ahu-0132-022,2026-01-15T10:12:00Z,ahu-c-f04-east,ON,NORMAL,14.30,25.37,14.00
src-ahu-0132-023,2026-01-15T10:12:00Z,ahu-c-f04-west,ON,NORMAL,14.45,25.19,14.00
src-ahu-0133-000,2026-01-15T10:13:00Z,ahu-a-f01-east,ON,NORMAL,13.71,23.62,14.00
src-ahu-0133-001,2026-01-15T10:13:00Z,ahu-a-f01-west,ON,NORMAL,13.80,23.70,14.00
src-ahu-0133-002,2026-01-15T10:13:00Z,ahu-a-f02-east,ON,NORMAL,18.40,23.90,14.00
src-ahu-0133-003,2026-01-15T10:13:00Z,ahu-a-f02-west,ON,NORMAL,13.56,24.11,14.00
src-ahu-0133-004,2026-01-15T10:13:00Z,ahu-a-f03-east,ON,NORMAL,13.75,24.30,14.00
src-ahu-0133-005,2026-01-15T10:13:00Z,ahu-a-f03-west,ON,NORMAL,13.76,24.40,14.00
src-ahu-0133-006,2026-01-15T10:13:00Z,ahu-a-f04-east,ON,NORMAL,13.71,24.82,14.00
src-ahu-0133-007,2026-01-15T10:13:00Z,ahu-a-f04-west,ON,NORMAL,13.60,24.98,14.00
src-ahu-0133-008,2026-01-15T10:13:00Z,ahu-b-f01-east,ON,NORMAL,13.69,24.65,14.00
src-ahu-0133-009,2026-01-15T10:13:00Z,ahu-b-f01-west,ON,NORMAL,13.63,24.88,14.00
src-ahu-0133-010,2026-01-15T10:13:00Z,ahu-b-f02-east,ON,NORMAL,13.69,25.28,14.00
src-ahu-0133-011,2026-01-15T10:13:00Z,ahu-b-f02-west,ON,NORMAL,13.77,25.39,14.00
src-ahu-0133-012,2026-01-15T10:13:00Z,ahu-b-f03-east,ON,NORMAL,13.86,25.68,14.00
src-ahu-0133-013,2026-01-15T10:13:00Z,ahu-b-f03-west,ON,NORMAL,13.84,25.68,14.00
src-ahu-0133-014,2026-01-15T10:13:00Z,ahu-b-f04-east,ON,NORMAL,14.13,25.97,14.00
src-ahu-0133-015,2026-01-15T10:13:00Z,ahu-b-f04-west,ON,NORMAL,13.99,25.96,14.00
src-ahu-0133-016,2026-01-15T10:13:00Z,ahu-c-f01-east,ON,NORMAL,14.25,25.83,14.00
src-ahu-0133-017,2026-01-15T10:13:00Z,ahu-c-f01-west,ON,NORMAL,14.20,25.71,14.00
src-ahu-0133-018,2026-01-15T10:13:00Z,ahu-c-f02-east,ON,NORMAL,14.33,25.71,14.00
src-ahu-0133-019,2026-01-15T10:13:00Z,ahu-c-f02-west,ON,NORMAL,14.26,25.57,14.00
src-ahu-0133-020,2026-01-15T10:13:00Z,ahu-c-f03-east,ON,NORMAL,14.25,25.55,14.00
src-ahu-0133-021,2026-01-15T10:13:00Z,ahu-c-f03-west,ON,NORMAL,14.37,25.41,14.00
src-ahu-0133-022,2026-01-15T10:13:00Z,ahu-c-f04-east,ON,NORMAL,14.24,25.31,14.00
src-ahu-0133-023,2026-01-15T10:13:00Z,ahu-c-f04-west,ON,NORMAL,14.35,25.18,14.00
src-ahu-0134-000,2026-01-15T10:14:00Z,ahu-a-f01-east,ON,NORMAL,13.69,23.65,14.00
src-ahu-0134-001,2026-01-15T10:14:00Z,ahu-a-f01-west,ON,NORMAL,13.74,23.65,14.00
src-ahu-0134-002,2026-01-15T10:14:00Z,ahu-a-f02-east,ON,NORMAL,18.40,23.87,14.00
src-ahu-0134-003,2026-01-15T10:14:00Z,ahu-a-f02-west,ON,NORMAL,13.58,24.05,14.00
src-ahu-0134-004,2026-01-15T10:14:00Z,ahu-a-f03-east,ON,NORMAL,13.58,24.30,14.00
src-ahu-0134-005,2026-01-15T10:14:00Z,ahu-a-f03-west,ON,NORMAL,13.75,24.52,14.00
src-ahu-0134-006,2026-01-15T10:14:00Z,ahu-a-f04-east,ON,NORMAL,13.70,24.91,14.00
src-ahu-0134-007,2026-01-15T10:14:00Z,ahu-a-f04-west,ON,NORMAL,13.66,25.11,14.00
src-ahu-0134-008,2026-01-15T10:14:00Z,ahu-b-f01-east,ON,NORMAL,13.73,24.69,14.00
src-ahu-0134-009,2026-01-15T10:14:00Z,ahu-b-f01-west,ON,NORMAL,13.78,24.82,14.00
src-ahu-0134-010,2026-01-15T10:14:00Z,ahu-b-f02-east,ON,NORMAL,13.70,25.19,14.00
src-ahu-0134-011,2026-01-15T10:14:00Z,ahu-b-f02-west,ON,NORMAL,13.80,25.34,14.00
src-ahu-0134-012,2026-01-15T10:14:00Z,ahu-b-f03-east,ON,NORMAL,13.93,25.68,14.00
src-ahu-0134-013,2026-01-15T10:14:00Z,ahu-b-f03-west,ON,NORMAL,13.93,25.71,14.00
src-ahu-0134-014,2026-01-15T10:14:00Z,ahu-b-f04-east,ON,NORMAL,13.94,25.95,14.00
src-ahu-0134-015,2026-01-15T10:14:00Z,ahu-b-f04-west,ON,NORMAL,14.20,25.96,14.00
src-ahu-0134-016,2026-01-15T10:14:00Z,ahu-c-f01-east,ON,NORMAL,14.20,25.75,14.00
src-ahu-0134-017,2026-01-15T10:14:00Z,ahu-c-f01-west,ON,NORMAL,14.32,25.73,14.00
src-ahu-0134-018,2026-01-15T10:14:00Z,ahu-c-f02-east,ON,NORMAL,14.16,25.67,14.00
src-ahu-0134-019,2026-01-15T10:14:00Z,ahu-c-f02-west,ON,NORMAL,14.26,25.45,14.00
src-ahu-0134-020,2026-01-15T10:14:00Z,ahu-c-f03-east,ON,NORMAL,14.40,25.55,14.00
src-ahu-0134-021,2026-01-15T10:14:00Z,ahu-c-f03-west,ON,NORMAL,14.36,25.33,14.00
src-ahu-0134-022,2026-01-15T10:14:00Z,ahu-c-f04-east,ON,NORMAL,14.31,25.40,14.00
src-ahu-0134-023,2026-01-15T10:14:00Z,ahu-c-f04-west,ON,NORMAL,14.25,25.12,14.00
src-ahu-0135-000,2026-01-15T10:15:00Z,ahu-a-f01-east,ON,NORMAL,13.75,23.66,14.00
src-ahu-0135-001,2026-01-15T10:15:00Z,ahu-a-f01-west,ON,NORMAL,13.70,23.70,14.00
src-ahu-0135-002,2026-01-15T10:15:00Z,ahu-a-f02-east,ON,ALARM,18.40,23.93,14.00
src-ahu-0135-003,2026-01-15T10:15:00Z,ahu-a-f02-west,ON,NORMAL,13.54,24.04,14.00
src-ahu-0135-004,2026-01-15T10:15:00Z,ahu-a-f03-east,ON,NORMAL,13.57,24.38,14.00
src-ahu-0135-005,2026-01-15T10:15:00Z,ahu-a-f03-west,ON,NORMAL,13.66,24.48,14.00
src-ahu-0135-006,2026-01-15T10:15:00Z,ahu-a-f04-east,ON,NORMAL,13.58,24.87,14.00
src-ahu-0135-007,2026-01-15T10:15:00Z,ahu-a-f04-west,ON,NORMAL,13.74,25.01,14.00
src-ahu-0135-008,2026-01-15T10:15:00Z,ahu-b-f01-east,ON,NORMAL,13.67,24.72,14.00
src-ahu-0135-009,2026-01-15T10:15:00Z,ahu-b-f01-west,ON,NORMAL,13.71,24.92,14.00
src-ahu-0135-010,2026-01-15T10:15:00Z,ahu-b-f02-east,ON,NORMAL,13.90,25.16,14.00
src-ahu-0135-011,2026-01-15T10:15:00Z,ahu-b-f02-west,ON,NORMAL,13.95,25.43,14.00
src-ahu-0135-012,2026-01-15T10:15:00Z,ahu-b-f03-east,ON,NORMAL,13.92,25.62,14.00
src-ahu-0135-013,2026-01-15T10:15:00Z,ahu-b-f03-west,ON,NORMAL,14.09,25.66,14.00
src-ahu-0135-014,2026-01-15T10:15:00Z,ahu-b-f04-east,ON,NORMAL,14.10,25.95,14.00
src-ahu-0135-015,2026-01-15T10:15:00Z,ahu-b-f04-west,ON,NORMAL,14.21,25.99,14.00
src-ahu-0135-016,2026-01-15T10:15:00Z,ahu-c-f01-east,ON,NORMAL,14.26,25.76,14.00
src-ahu-0135-017,2026-01-15T10:15:00Z,ahu-c-f01-west,ON,NORMAL,14.19,25.68,14.00
src-ahu-0135-018,2026-01-15T10:15:00Z,ahu-c-f02-east,ON,NORMAL,14.16,25.66,14.00
src-ahu-0135-019,2026-01-15T10:15:00Z,ahu-c-f02-west,ON,NORMAL,14.39,25.54,14.00
src-ahu-0135-020,2026-01-15T10:15:00Z,ahu-c-f03-east,ON,NORMAL,14.36,25.52,14.00
src-ahu-0135-021,2026-01-15T10:15:00Z,ahu-c-f03-west,ON,NORMAL,14.46,25.24,14.00
src-ahu-0135-022,2026-01-15T10:15:00Z,ahu-c-f04-east,ON,NORMAL,14.41,25.37,14.00
src-ahu-0135-023,2026-01-15T10:15:00Z,ahu-c-f04-west,ON,NORMAL,14.30,25.09,14.00
src-ahu-0136-000,2026-01-15T10:16:00Z,ahu-a-f01-east,ON,NORMAL,13.63,23.57,14.00
src-ahu-0136-001,2026-01-15T10:16:00Z,ahu-a-f01-west,ON,NORMAL,13.68,23.77,14.00
src-ahu-0136-002,2026-01-15T10:16:00Z,ahu-a-f02-east,ON,ALARM,18.40,23.91,14.00
src-ahu-0136-003,2026-01-15T10:16:00Z,ahu-a-f02-west,ON,NORMAL,13.59,24.02,14.00
src-ahu-0136-004,2026-01-15T10:16:00Z,ahu-a-f03-east,ON,NORMAL,13.64,24.42,14.00
src-ahu-0136-005,2026-01-15T10:16:00Z,ahu-a-f03-west,ON,NORMAL,13.61,24.54,14.00
src-ahu-0136-006,2026-01-15T10:16:00Z,ahu-a-f04-east,ON,NORMAL,13.66,24.86,14.00
src-ahu-0136-007,2026-01-15T10:16:00Z,ahu-a-f04-west,ON,NORMAL,13.80,25.02,14.00
src-ahu-0136-008,2026-01-15T10:16:00Z,ahu-b-f01-east,ON,NORMAL,13.75,24.80,14.00
src-ahu-0136-009,2026-01-15T10:16:00Z,ahu-b-f01-west,ON,NORMAL,13.86,24.94,14.00
src-ahu-0136-010,2026-01-15T10:16:00Z,ahu-b-f02-east,ON,NORMAL,13.85,25.37,14.00
src-ahu-0136-011,2026-01-15T10:16:00Z,ahu-b-f02-west,ON,NORMAL,13.80,25.41,14.00
src-ahu-0136-012,2026-01-15T10:16:00Z,ahu-b-f03-east,ON,NORMAL,13.92,25.76,14.00
src-ahu-0136-013,2026-01-15T10:16:00Z,ahu-b-f03-west,ON,NORMAL,14.08,25.73,14.00
src-ahu-0136-014,2026-01-15T10:16:00Z,ahu-b-f04-east,ON,NORMAL,14.05,25.92,14.00
src-ahu-0136-015,2026-01-15T10:16:00Z,ahu-b-f04-west,ON,NORMAL,14.22,25.92,14.00
src-ahu-0136-016,2026-01-15T10:16:00Z,ahu-c-f01-east,ON,NORMAL,14.22,25.76,14.00
src-ahu-0136-017,2026-01-15T10:16:00Z,ahu-c-f01-west,ON,NORMAL,14.29,25.65,14.00
src-ahu-0136-018,2026-01-15T10:16:00Z,ahu-c-f02-east,ON,NORMAL,14.35,25.64,14.00
src-ahu-0136-019,2026-01-15T10:16:00Z,ahu-c-f02-west,ON,NORMAL,14.20,25.54,14.00
src-ahu-0136-020,2026-01-15T10:16:00Z,ahu-c-f03-east,ON,NORMAL,14.38,25.52,14.00
src-ahu-0136-021,2026-01-15T10:16:00Z,ahu-c-f03-west,ON,NORMAL,14.32,25.27,14.00
src-ahu-0136-022,2026-01-15T10:16:00Z,ahu-c-f04-east,ON,NORMAL,14.46,25.24,14.00
src-ahu-0136-023,2026-01-15T10:16:00Z,ahu-c-f04-west,ON,NORMAL,14.22,25.11,14.00
src-ahu-0137-000,2026-01-15T10:17:00Z,ahu-a-f01-east,ON,NORMAL,13.68,23.56,14.00
src-ahu-0137-001,2026-01-15T10:17:00Z,ahu-a-f01-west,ON,NORMAL,13.55,23.66,14.00
src-ahu-0137-002,2026-01-15T10:17:00Z,ahu-a-f02-east,ON,ALARM,18.40,23.95,14.00
src-ahu-0137-003,2026-01-15T10:17:00Z,ahu-a-f02-west,ON,NORMAL,13.59,24.05,14.00
src-ahu-0137-004,2026-01-15T10:17:00Z,ahu-a-f03-east,ON,NORMAL,13.77,24.37,14.00
src-ahu-0137-005,2026-01-15T10:17:00Z,ahu-a-f03-west,ON,NORMAL,13.75,24.55,14.00
src-ahu-0137-006,2026-01-15T10:17:00Z,ahu-a-f04-east,ON,NORMAL,13.73,24.98,14.00
src-ahu-0137-007,2026-01-15T10:17:00Z,ahu-a-f04-west,ON,NORMAL,13.82,25.16,14.00
src-ahu-0137-008,2026-01-15T10:17:00Z,ahu-b-f01-east,ON,NORMAL,13.72,24.83,14.00
src-ahu-0137-009,2026-01-15T10:17:00Z,ahu-b-f01-west,ON,NORMAL,13.92,25.02,14.00
src-ahu-0137-010,2026-01-15T10:17:00Z,ahu-b-f02-east,ON,NORMAL,13.98,25.28,14.00
src-ahu-0137-011,2026-01-15T10:17:00Z,ahu-b-f02-west,ON,NORMAL,14.06,25.38,14.00
src-ahu-0137-012,2026-01-15T10:17:00Z,ahu-b-f03-east,ON,NORMAL,13.90,25.73,14.00
src-ahu-0137-013,2026-01-15T10:17:00Z,ahu-b-f03-west,ON,NORMAL,13.97,25.85,14.00
src-ahu-0137-014,2026-01-15T10:17:00Z,ahu-b-f04-east,ON,NORMAL,14.02,25.98,14.00
src-ahu-0137-015,2026-01-15T10:17:00Z,ahu-b-f04-west,ON,NORMAL,14.14,25.89,14.00
src-ahu-0137-016,2026-01-15T10:17:00Z,ahu-c-f01-east,ON,NORMAL,14.31,25.78,14.00
src-ahu-0137-017,2026-01-15T10:17:00Z,ahu-c-f01-west,ON,NORMAL,14.27,25.59,14.00
src-ahu-0137-018,2026-01-15T10:17:00Z,ahu-c-f02-east,ON,NORMAL,14.39,25.70,14.00
src-ahu-0137-019,2026-01-15T10:17:00Z,ahu-c-f02-west,ON,NORMAL,14.29,25.47,14.00
src-ahu-0137-020,2026-01-15T10:17:00Z,ahu-c-f03-east,ON,NORMAL,14.27,25.38,14.00
src-ahu-0137-021,2026-01-15T10:17:00Z,ahu-c-f03-west,ON,NORMAL,14.35,25.27,14.00
src-ahu-0137-022,2026-01-15T10:17:00Z,ahu-c-f04-east,ON,NORMAL,14.35,25.20,14.00
src-ahu-0137-023,2026-01-15T10:17:00Z,ahu-c-f04-west,ON,NORMAL,14.23,25.00,14.00
src-ahu-0138-000,2026-01-15T10:18:00Z,ahu-a-f01-east,ON,NORMAL,13.63,23.53,14.00
src-ahu-0138-001,2026-01-15T10:18:00Z,ahu-a-f01-west,ON,NORMAL,13.77,23.77,14.00
src-ahu-0138-002,2026-01-15T10:18:00Z,ahu-a-f02-east,ON,ALARM,18.40,23.97,14.00
src-ahu-0138-003,2026-01-15T10:18:00Z,ahu-a-f02-west,ON,NORMAL,13.65,24.08,14.00
src-ahu-0138-004,2026-01-15T10:18:00Z,ahu-a-f03-east,ON,NORMAL,13.60,24.45,14.00
src-ahu-0138-005,2026-01-15T10:18:00Z,ahu-a-f03-west,ON,NORMAL,13.77,24.59,14.00
src-ahu-0138-006,2026-01-15T10:18:00Z,ahu-a-f04-east,ON,NORMAL,13.68,24.96,14.00
src-ahu-0138-007,2026-01-15T10:18:00Z,ahu-a-f04-west,ON,NORMAL,13.76,25.24,14.00
src-ahu-0138-008,2026-01-15T10:18:00Z,ahu-b-f01-east,ON,NORMAL,13.72,24.84,14.00
src-ahu-0138-009,2026-01-15T10:18:00Z,ahu-b-f01-west,ON,NORMAL,13.98,24.91,14.00
src-ahu-0138-010,2026-01-15T10:18:00Z,ahu-b-f02-east,ON,NORMAL,13.92,25.30,14.00
src-ahu-0138-011,2026-01-15T10:18:00Z,ahu-b-f02-west,ON,NORMAL,13.86,25.50,14.00
src-ahu-0138-012,2026-01-15T10:18:00Z,ahu-b-f03-east,ON,NORMAL,14.07,25.65,14.00
src-ahu-0138-013,2026-01-15T10:18:00Z,ahu-b-f03-west,ON,NORMAL,14.16,25.69,14.00
src-ahu-0138-014,2026-01-15T10:18:00Z,ahu-b-f04-east,ON,NORMAL,14.19,25.91,14.00
src-ahu-0138-015,2026-01-15T10:18:00Z,ahu-b-f04-west,ON,NORMAL,14.16,25.90,14.00
src-ahu-0138-016,2026-01-15T10:18:00Z,ahu-c-f01-east,ON,NORMAL,14.19,25.67,14.00
src-ahu-0138-017,2026-01-15T10:18:00Z,ahu-c-f01-west,ON,NORMAL,14.31,25.58,14.00
src-ahu-0138-018,2026-01-15T10:18:00Z,ahu-c-f02-east,ON,NORMAL,14.39,25.57,14.00
src-ahu-0138-019,2026-01-15T10:18:00Z,ahu-c-f02-west,ON,NORMAL,14.23,25.42,14.00
src-ahu-0138-020,2026-01-15T10:18:00Z,ahu-c-f03-east,ON,NORMAL,14.41,25.47,14.00
src-ahu-0138-021,2026-01-15T10:18:00Z,ahu-c-f03-west,ON,NORMAL,14.24,25.23,14.00
src-ahu-0138-022,2026-01-15T10:18:00Z,ahu-c-f04-east,ON,NORMAL,14.33,25.13,14.00
src-ahu-0138-023,2026-01-15T10:18:00Z,ahu-c-f04-west,ON,NORMAL,14.29,24.95,14.00
src-ahu-0139-000,2026-01-15T10:19:00Z,ahu-a-f01-east,ON,NORMAL,13.57,23.65,14.00
src-ahu-0139-001,2026-01-15T10:19:00Z,ahu-a-f01-west,ON,NORMAL,13.68,23.74,14.00
src-ahu-0139-002,2026-01-15T10:19:00Z,ahu-a-f02-east,ON,ALARM,18.40,23.97,14.00
src-ahu-0139-003,2026-01-15T10:19:00Z,ahu-a-f02-west,ON,NORMAL,13.61,24.18,14.00
src-ahu-0139-004,2026-01-15T10:19:00Z,ahu-a-f03-east,ON,NORMAL,13.60,24.54,14.00
src-ahu-0139-005,2026-01-15T10:19:00Z,ahu-a-f03-west,ON,NORMAL,13.69,24.66,14.00
src-ahu-0139-006,2026-01-15T10:19:00Z,ahu-a-f04-east,ON,NORMAL,13.62,25.10,14.00
src-ahu-0139-007,2026-01-15T10:19:00Z,ahu-a-f04-west,ON,NORMAL,13.81,25.23,14.00
src-ahu-0139-008,2026-01-15T10:19:00Z,ahu-b-f01-east,ON,NORMAL,13.75,24.86,14.00
src-ahu-0139-009,2026-01-15T10:19:00Z,ahu-b-f01-west,ON,NORMAL,13.81,25.03,14.00
src-ahu-0139-010,2026-01-15T10:19:00Z,ahu-b-f02-east,ON,NORMAL,13.93,25.33,14.00
src-ahu-0139-011,2026-01-15T10:19:00Z,ahu-b-f02-west,ON,NORMAL,14.11,25.51,14.00
src-ahu-0139-012,2026-01-15T10:19:00Z,ahu-b-f03-east,ON,NORMAL,13.98,25.71,14.00
src-ahu-0139-013,2026-01-15T10:19:00Z,ahu-b-f03-west,ON,NORMAL,14.10,25.75,14.00
src-ahu-0139-014,2026-01-15T10:19:00Z,ahu-b-f04-east,ON,NORMAL,14.24,25.95,14.00
src-ahu-0139-015,2026-01-15T10:19:00Z,ahu-b-f04-west,ON,NORMAL,14.32,25.91,14.00
src-ahu-0139-016,2026-01-15T10:19:00Z,ahu-c-f01-east,ON,NORMAL,14.22,25.73,14.00
src-ahu-0139-017,2026-01-15T10:19:00Z,ahu-c-f01-west,ON,NORMAL,14.21,25.59,14.00
src-ahu-0139-018,2026-01-15T10:19:00Z,ahu-c-f02-east,ON,NORMAL,14.21,25.55,14.00
src-ahu-0139-019,2026-01-15T10:19:00Z,ahu-c-f02-west,ON,NORMAL,14.32,25.43,14.00
src-ahu-0139-020,2026-01-15T10:19:00Z,ahu-c-f03-east,ON,NORMAL,14.44,25.32,14.00
src-ahu-0139-021,2026-01-15T10:19:00Z,ahu-c-f03-west,ON,NORMAL,14.38,25.26,14.00
src-ahu-0139-022,2026-01-15T10:19:00Z,ahu-c-f04-east,ON,NORMAL,14.35,25.16,14.00
src-ahu-0139-023,2026-01-15T10:19:00Z,ahu-c-f04-west,ON,NORMAL,14.39,24.95,14.00
src-ahu-0140-000,2026-01-15T10:20:00Z,ahu-a-f01-east,ON,NORMAL,13.72,23.68,14.00
src-ahu-0140-001,2026-01-15T10:20:00Z,ahu-a-f01-west,ON,NORMAL,13.71,23.79,14.00
src-ahu-0140-002,2026-01-15T10:20:00Z,ahu-a-f02-east,ON,ALARM,18.40,23.94,14.00
src-ahu-0140-003,2026-01-15T10:20:00Z,ahu-a-f02-west,ON,NORMAL,13.57,24.23,14.00
src-ahu-0140-004,2026-01-15T10:20:00Z,ahu-a-f03-east,ON,NORMAL,13.64,24.42,14.00
src-ahu-0140-005,2026-01-15T10:20:00Z,ahu-a-f03-west,ON,NORMAL,13.66,24.67,14.00
src-ahu-0140-006,2026-01-15T10:20:00Z,ahu-a-f04-east,ON,NORMAL,13.76,24.96,14.00
src-ahu-0140-007,2026-01-15T10:20:00Z,ahu-a-f04-west,ON,NORMAL,13.80,25.33,14.00
src-ahu-0140-008,2026-01-15T10:20:00Z,ahu-b-f01-east,ON,NORMAL,13.96,24.82,14.00
src-ahu-0140-009,2026-01-15T10:20:00Z,ahu-b-f01-west,ON,NORMAL,13.94,25.16,14.00
src-ahu-0140-010,2026-01-15T10:20:00Z,ahu-b-f02-east,ON,NORMAL,13.95,25.38,14.00
src-ahu-0140-011,2026-01-15T10:20:00Z,ahu-b-f02-west,ON,NORMAL,13.94,25.55,14.00
src-ahu-0140-012,2026-01-15T10:20:00Z,ahu-b-f03-east,ON,NORMAL,14.19,25.73,14.00
src-ahu-0140-013,2026-01-15T10:20:00Z,ahu-b-f03-west,ON,NORMAL,14.04,25.77,14.00
src-ahu-0140-014,2026-01-15T10:20:00Z,ahu-b-f04-east,ON,NORMAL,14.27,25.91,14.00
src-ahu-0140-015,2026-01-15T10:20:00Z,ahu-b-f04-west,ON,NORMAL,14.35,25.91,14.00
src-ahu-0140-016,2026-01-15T10:20:00Z,ahu-c-f01-east,ON,NORMAL,14.17,25.70,14.00
src-ahu-0140-017,2026-01-15T10:20:00Z,ahu-c-f01-west,ON,NORMAL,14.42,25.55,14.00
src-ahu-0140-018,2026-01-15T10:20:00Z,ahu-c-f02-east,ON,NORMAL,14.24,25.53,14.00
src-ahu-0140-019,2026-01-15T10:20:00Z,ahu-c-f02-west,ON,NORMAL,14.31,25.33,14.00
src-ahu-0140-020,2026-01-15T10:20:00Z,ahu-c-f03-east,ON,NORMAL,14.44,25.36,14.00
src-ahu-0140-021,2026-01-15T10:20:00Z,ahu-c-f03-west,ON,NORMAL,14.25,25.17,14.00
src-ahu-0140-022,2026-01-15T10:20:00Z,ahu-c-f04-east,ON,NORMAL,14.43,25.15,14.00
src-ahu-0140-023,2026-01-15T10:20:00Z,ahu-c-f04-west,ON,NORMAL,14.29,25.03,14.00
src-ahu-0141-000,2026-01-15T10:21:00Z,ahu-a-f01-east,ON,NORMAL,13.61,23.66,14.00
src-ahu-0141-001,2026-01-15T10:21:00Z,ahu-a-f01-west,ON,NORMAL,13.62,23.71,14.00
src-ahu-0141-002,2026-01-15T10:21:00Z,ahu-a-f02-east,ON,NORMAL,13.69,24.04,14.00
src-ahu-0141-003,2026-01-15T10:21:00Z,ahu-a-f02-west,ON,NORMAL,13.75,24.17,14.00
src-ahu-0141-004,2026-01-15T10:21:00Z,ahu-a-f03-east,ON,NORMAL,13.71,24.55,14.00
src-ahu-0141-005,2026-01-15T10:21:00Z,ahu-a-f03-west,ON,NORMAL,13.64,24.73,14.00
src-ahu-0141-006,2026-01-15T10:21:00Z,ahu-a-f04-east,ON,NORMAL,13.78,25.09,14.00
src-ahu-0141-007,2026-01-15T10:21:00Z,ahu-a-f04-west,ON,NORMAL,13.73,25.26,14.00
src-ahu-0141-008,2026-01-15T10:21:00Z,ahu-b-f01-east,ON,NORMAL,13.79,24.86,14.00
src-ahu-0141-009,2026-01-15T10:21:00Z,ahu-b-f01-west,ON,NORMAL,13.92,25.09,14.00
src-ahu-0141-010,2026-01-15T10:21:00Z,ahu-b-f02-east,ON,NORMAL,14.07,25.42,14.00
src-ahu-0141-011,2026-01-15T10:21:00Z,ahu-b-f02-west,ON,NORMAL,14.02,25.56,14.00
src-ahu-0141-012,2026-01-15T10:21:00Z,ahu-b-f03-east,ON,NORMAL,14.09,25.77,14.00
src-ahu-0141-013,2026-01-15T10:21:00Z,ahu-b-f03-west,ON,NORMAL,14.10,25.83,14.00
src-ahu-0141-014,2026-01-15T10:21:00Z,ahu-b-f04-east,ON,NORMAL,14.20,25.91,14.00
src-ahu-0141-015,2026-01-15T10:21:00Z,ahu-b-f04-west,ON,NORMAL,14.22,25.89,14.00
src-ahu-0141-016,2026-01-15T10:21:00Z,ahu-c-f01-east,ON,NORMAL,14.35,25.67,14.00
src-ahu-0141-017,2026-01-15T10:21:00Z,ahu-c-f01-west,ON,NORMAL,14.24,25.48,14.00
src-ahu-0141-018,2026-01-15T10:21:00Z,ahu-c-f02-east,ON,NORMAL,14.27,25.48,14.00
src-ahu-0141-019,2026-01-15T10:21:00Z,ahu-c-f02-west,ON,NORMAL,14.36,25.26,14.00
src-ahu-0141-020,2026-01-15T10:21:00Z,ahu-c-f03-east,ON,NORMAL,14.38,25.33,14.00
src-ahu-0141-021,2026-01-15T10:21:00Z,ahu-c-f03-west,ON,NORMAL,14.24,25.08,14.00
src-ahu-0141-022,2026-01-15T10:21:00Z,ahu-c-f04-east,ON,NORMAL,14.24,25.08,14.00
src-ahu-0141-023,2026-01-15T10:21:00Z,ahu-c-f04-west,ON,NORMAL,14.31,25.05,14.00
src-ahu-0142-000,2026-01-15T10:22:00Z,ahu-a-f01-east,ON,NORMAL,13.69,23.69,14.00
src-ahu-0142-001,2026-01-15T10:22:00Z,ahu-a-f01-west,ON,NORMAL,13.72,23.68,14.00
src-ahu-0142-002,2026-01-15T10:22:00Z,ahu-a-f02-east,ON,NORMAL,13.76,24.00,14.00
src-ahu-0142-003,2026-01-15T10:22:00Z,ahu-a-f02-west,ON,NORMAL,13.65,24.18,14.00
src-ahu-0142-004,2026-01-15T10:22:00Z,ahu-a-f03-east,ON,NORMAL,13.77,24.51,14.00
src-ahu-0142-005,2026-01-15T10:22:00Z,ahu-a-f03-west,ON,NORMAL,13.84,24.74,14.00
src-ahu-0142-006,2026-01-15T10:22:00Z,ahu-a-f04-east,ON,NORMAL,13.84,25.11,14.00
src-ahu-0142-007,2026-01-15T10:22:00Z,ahu-a-f04-west,ON,NORMAL,13.93,25.30,14.00
src-ahu-0142-008,2026-01-15T10:22:00Z,ahu-b-f01-east,ON,NORMAL,14.01,25.03,14.00
src-ahu-0142-009,2026-01-15T10:22:00Z,ahu-b-f01-west,ON,NORMAL,13.96,25.07,14.00
src-ahu-0142-010,2026-01-15T10:22:00Z,ahu-b-f02-east,ON,NORMAL,13.98,25.47,14.00
src-ahu-0142-011,2026-01-15T10:22:00Z,ahu-b-f02-west,ON,NORMAL,14.07,25.58,14.00
src-ahu-0142-012,2026-01-15T10:22:00Z,ahu-b-f03-east,ON,NORMAL,14.20,25.69,14.00
src-ahu-0142-013,2026-01-15T10:22:00Z,ahu-b-f03-west,ON,NORMAL,14.09,25.72,14.00
src-ahu-0142-014,2026-01-15T10:22:00Z,ahu-b-f04-east,ON,NORMAL,14.23,25.93,14.00
src-ahu-0142-015,2026-01-15T10:22:00Z,ahu-b-f04-west,ON,NORMAL,14.32,25.90,14.00
src-ahu-0142-016,2026-01-15T10:22:00Z,ahu-c-f01-east,ON,NORMAL,14.38,25.66,14.00
src-ahu-0142-017,2026-01-15T10:22:00Z,ahu-c-f01-west,ON,NORMAL,14.43,25.48,14.00
src-ahu-0142-018,2026-01-15T10:22:00Z,ahu-c-f02-east,ON,NORMAL,14.35,25.50,14.00
src-ahu-0142-019,2026-01-15T10:22:00Z,ahu-c-f02-west,ON,NORMAL,14.38,25.30,14.00
src-ahu-0142-020,2026-01-15T10:22:00Z,ahu-c-f03-east,ON,NORMAL,14.32,25.32,14.00
src-ahu-0142-021,2026-01-15T10:22:00Z,ahu-c-f03-west,ON,NORMAL,14.31,25.16,14.00
src-ahu-0142-022,2026-01-15T10:22:00Z,ahu-c-f04-east,ON,NORMAL,14.23,25.15,14.00
src-ahu-0142-023,2026-01-15T10:22:00Z,ahu-c-f04-west,ON,NORMAL,14.22,24.97,14.00
src-ahu-0143-000,2026-01-15T10:23:00Z,ahu-a-f01-east,ON,NORMAL,13.68,23.64,14.00
src-ahu-0143-001,2026-01-15T10:23:00Z,ahu-a-f01-west,ON,NORMAL,13.59,23.70,14.00
src-ahu-0143-002,2026-01-15T10:23:00Z,ahu-a-f02-east,ON,NORMAL,13.63,24.04,14.00
src-ahu-0143-003,2026-01-15T10:23:00Z,ahu-a-f02-west,ON,NORMAL,13.59,24.28,14.00
src-ahu-0143-004,2026-01-15T10:23:00Z,ahu-a-f03-east,ON,NORMAL,13.67,24.59,14.00
src-ahu-0143-005,2026-01-15T10:23:00Z,ahu-a-f03-west,ON,NORMAL,13.87,24.80,14.00
src-ahu-0143-006,2026-01-15T10:23:00Z,ahu-a-f04-east,ON,NORMAL,13.70,25.23,14.00
src-ahu-0143-007,2026-01-15T10:23:00Z,ahu-a-f04-west,ON,NORMAL,13.90,25.28,14.00
src-ahu-0143-008,2026-01-15T10:23:00Z,ahu-b-f01-east,ON,NORMAL,13.94,25.04,14.00
src-ahu-0143-009,2026-01-15T10:23:00Z,ahu-b-f01-west,ON,NORMAL,14.04,25.18,14.00
src-ahu-0143-010,2026-01-15T10:23:00Z,ahu-b-f02-east,ON,NORMAL,14.05,25.51,14.00
src-ahu-0143-011,2026-01-15T10:23:00Z,ahu-b-f02-west,ON,NORMAL,14.04,25.55,14.00
src-ahu-0143-012,2026-01-15T10:23:00Z,ahu-b-f03-east,ON,NORMAL,14.11,25.78,14.00
src-ahu-0143-013,2026-01-15T10:23:00Z,ahu-b-f03-west,ON,NORMAL,14.24,25.69,14.00
src-ahu-0143-014,2026-01-15T10:23:00Z,ahu-b-f04-east,ON,NORMAL,14.33,25.88,14.00
src-ahu-0143-015,2026-01-15T10:23:00Z,ahu-b-f04-west,ON,NORMAL,14.18,25.96,14.00
src-ahu-0143-016,2026-01-15T10:23:00Z,ahu-c-f01-east,ON,NORMAL,14.31,25.62,14.00
src-ahu-0143-017,2026-01-15T10:23:00Z,ahu-c-f01-west,ON,NORMAL,14.37,25.54,14.00
src-ahu-0143-018,2026-01-15T10:23:00Z,ahu-c-f02-east,ON,NORMAL,14.34,25.48,14.00
src-ahu-0143-019,2026-01-15T10:23:00Z,ahu-c-f02-west,ON,NORMAL,14.42,25.34,14.00
src-ahu-0143-020,2026-01-15T10:23:00Z,ahu-c-f03-east,ON,NORMAL,14.28,25.25,14.00
src-ahu-0143-021,2026-01-15T10:23:00Z,ahu-c-f03-west,ON,NORMAL,14.29,25.02,14.00
src-ahu-0143-022,2026-01-15T10:23:00Z,ahu-c-f04-east,ON,NORMAL,14.24,25.14,14.00
src-ahu-0143-023,2026-01-15T10:23:00Z,ahu-c-f04-west,ON,NORMAL,14.21,24.93,14.00
src-ahu-0144-000,2026-01-15T10:24:00Z,ahu-a-f01-east,ON,NORMAL,13.74,23.73,14.00
src-ahu-0144-001,2026-01-15T10:24:00Z,ahu-a-f01-west,ON,NORMAL,13.63,23.76,14.00
src-ahu-0144-002,2026-01-15T10:24:00Z,ahu-a-f02-east,ON,NORMAL,13.67,24.05,14.00
src-ahu-0144-003,2026-01-15T10:24:00Z,ahu-a-f02-west,ON,NORMAL,13.77,24.29,14.00
src-ahu-0144-004,2026-01-15T10:24:00Z,ahu-a-f03-east,ON,NORMAL,13.81,24.65,14.00
src-ahu-0144-005,2026-01-15T10:24:00Z,ahu-a-f03-west,ON,NORMAL,13.70,24.70,14.00
src-ahu-0144-006,2026-01-15T10:24:00Z,ahu-a-f04-east,ON,NORMAL,13.88,25.25,14.00
src-ahu-0144-007,2026-01-15T10:24:00Z,ahu-a-f04-west,ON,NORMAL,13.81,25.34,14.00
src-ahu-0144-008,2026-01-15T10:24:00Z,ahu-b-f01-east,ON,NORMAL,14.03,25.05,14.00
src-ahu-0144-009,2026-01-15T10:24:00Z,ahu-b-f01-west,ON,NORMAL,14.12,25.19,14.00
src-ahu-0144-010,2026-01-15T10:24:00Z,ahu-b-f02-east,ON,NORMAL,14.09,25.51,14.00
src-ahu-0144-011,2026-01-15T10:24:00Z,ahu-b-f02-west,ON,NORMAL,14.20,25.58,14.00
src-ahu-0144-012,2026-01-15T10:24:00Z,ahu-b-f03-east,ON,NORMAL,14.30,25.79,14.00
src-ahu-0144-013,2026-01-15T10:24:00Z,ahu-b-f03-west,ON,NORMAL,14.14,25.69,14.00
src-ahu-0144-014,2026-01-15T10:24:00Z,ahu-b-f04-east,ON,NORMAL,14.16,25.98,14.00
src-ahu-0144-015,2026-01-15T10:24:00Z,ahu-b-f04-west,ON,NORMAL,14.31,25.93,14.00
src-ahu-0144-016,2026-01-15T10:24:00Z,ahu-c-f01-east,ON,NORMAL,14.26,25.63,14.00
src-ahu-0144-017,2026-01-15T10:24:00Z,ahu-c-f01-west,ON,NORMAL,14.36,25.38,14.00
src-ahu-0144-018,2026-01-15T10:24:00Z,ahu-c-f02-east,ON,NORMAL,14.36,25.40,14.00
src-ahu-0144-019,2026-01-15T10:24:00Z,ahu-c-f02-west,ON,NORMAL,14.27,25.27,14.00
src-ahu-0144-020,2026-01-15T10:24:00Z,ahu-c-f03-east,ON,NORMAL,14.24,25.27,14.00
src-ahu-0144-021,2026-01-15T10:24:00Z,ahu-c-f03-west,ON,NORMAL,14.39,25.08,14.00
src-ahu-0144-022,2026-01-15T10:24:00Z,ahu-c-f04-east,ON,NORMAL,14.20,25.09,14.00
src-ahu-0144-023,2026-01-15T10:24:00Z,ahu-c-f04-west,ON,NORMAL,14.19,24.96,14.00
src-ahu-0145-000,2026-01-15T10:25:00Z,ahu-a-f01-east,ON,NORMAL,13.69,23.65,14.00
src-ahu-0145-001,2026-01-15T10:25:00Z,ahu-a-f01-west,ON,NORMAL,13.78,23.73,14.00
src-ahu-0145-002,2026-01-15T10:25:00Z,ahu-a-f02-east,ON,NORMAL,13.64,24.13,14.00
src-ahu-0145-003,2026-01-15T10:25:00Z,ahu-a-f02-west,ON,NORMAL,13.72,24.26,14.00
src-ahu-0145-004,2026-01-15T10:25:00Z,ahu-a-f03-east,ON,NORMAL,13.66,24.57,14.00
src-ahu-0145-005,2026-01-15T10:25:00Z,ahu-a-f03-west,ON,NORMAL,13.83,24.84,14.00
src-ahu-0145-006,2026-01-15T10:25:00Z,ahu-a-f04-east,ON,NORMAL,13.88,25.16,14.00
src-ahu-0145-007,2026-01-15T10:25:00Z,ahu-a-f04-west,ON,NORMAL,14.00,25.40,14.00
src-ahu-0145-008,2026-01-15T10:25:00Z,ahu-b-f01-east,ON,NORMAL,14.08,25.04,14.00
src-ahu-0145-009,2026-01-15T10:25:00Z,ahu-b-f01-west,ON,NORMAL,14.16,25.16,14.00
src-ahu-0145-010,2026-01-15T10:25:00Z,ahu-b-f02-east,ON,NORMAL,14.10,25.54,14.00
src-ahu-0145-011,2026-01-15T10:25:00Z,ahu-b-f02-west,ON,NORMAL,14.06,25.55,14.00
src-ahu-0145-012,2026-01-15T10:25:00Z,ahu-b-f03-east,ON,NORMAL,14.11,25.78,14.00
src-ahu-0145-013,2026-01-15T10:25:00Z,ahu-b-f03-west,ON,NORMAL,14.25,25.80,14.00
src-ahu-0145-014,2026-01-15T10:25:00Z,ahu-b-f04-east,ON,NORMAL,14.22,25.92,14.00
src-ahu-0145-015,2026-01-15T10:25:00Z,ahu-b-f04-west,ON,NORMAL,14.24,25.80,14.00
src-ahu-0145-016,2026-01-15T10:25:00Z,ahu-c-f01-east,ON,NORMAL,14.38,25.55,14.00
src-ahu-0145-017,2026-01-15T10:25:00Z,ahu-c-f01-west,ON,NORMAL,14.26,25.42,14.00
src-ahu-0145-018,2026-01-15T10:25:00Z,ahu-c-f02-east,ON,NORMAL,14.28,25.48,14.00
src-ahu-0145-019,2026-01-15T10:25:00Z,ahu-c-f02-west,ON,NORMAL,14.38,25.26,14.00
src-ahu-0145-020,2026-01-15T10:25:00Z,ahu-c-f03-east,ON,NORMAL,14.41,25.19,14.00
src-ahu-0145-021,2026-01-15T10:25:00Z,ahu-c-f03-west,ON,NORMAL,14.39,24.98,14.00
src-ahu-0145-022,2026-01-15T10:25:00Z,ahu-c-f04-east,ON,NORMAL,14.29,24.98,14.00
src-ahu-0145-023,2026-01-15T10:25:00Z,ahu-c-f04-west,ON,NORMAL,14.19,24.80,14.00
src-ahu-0146-000,2026-01-15T10:26:00Z,ahu-a-f01-east,ON,NORMAL,13.67,23.61,14.00
src-ahu-0146-001,2026-01-15T10:26:00Z,ahu-a-f01-west,ON,NORMAL,13.64,23.73,14.00
src-ahu-0146-002,2026-01-15T10:26:00Z,ahu-a-f02-east,ON,NORMAL,13.76,24.14,14.00
src-ahu-0146-003,2026-01-15T10:26:00Z,ahu-a-f02-west,ON,NORMAL,13.70,24.32,14.00
src-ahu-0146-004,2026-01-15T10:26:00Z,ahu-a-f03-east,ON,NORMAL,13.82,24.72,14.00
src-ahu-0146-005,2026-01-15T10:26:00Z,ahu-a-f03-west,ON,NORMAL,13.94,24.88,14.00
src-ahu-0146-006,2026-01-15T10:26:00Z,ahu-a-f04-east,ON,NORMAL,13.81,25.27,14.00
src-ahu-0146-007,2026-01-15T10:26:00Z,ahu-a-f04-west,ON,NORMAL,13.92,25.32,14.00
src-ahu-0146-008,2026-01-15T10:26:00Z,ahu-b-f01-east,ON,NORMAL,13.90,25.02,14.00
src-ahu-0146-009,2026-01-15T10:26:00Z,ahu-b-f01-west,ON,NORMAL,14.14,25.21,14.00
src-ahu-0146-010,2026-01-15T10:26:00Z,ahu-b-f02-east,ON,NORMAL,14.11,25.50,14.00
src-ahu-0146-011,2026-01-15T10:26:00Z,ahu-b-f02-west,ON,NORMAL,14.20,25.60,14.00
src-ahu-0146-012,2026-01-15T10:26:00Z,ahu-b-f03-east,ON,NORMAL,14.31,25.84,14.00
src-ahu-0146-013,2026-01-15T10:26:00Z,ahu-b-f03-west,ON,NORMAL,14.19,25.69,14.00
src-ahu-0146-014,2026-01-15T10:26:00Z,ahu-b-f04-east,ON,NORMAL,14.29,25.91,14.00
src-ahu-0146-015,2026-01-15T10:26:00Z,ahu-b-f04-west,ON,NORMAL,14.34,25.81,14.00
src-ahu-0146-016,2026-01-15T10:26:00Z,ahu-c-f01-east,ON,NORMAL,14.32,25.60,14.00
src-ahu-0146-017,2026-01-15T10:26:00Z,ahu-c-f01-west,ON,NORMAL,14.37,25.39,14.00
src-ahu-0146-018,2026-01-15T10:26:00Z,ahu-c-f02-east,ON,NORMAL,14.35,25.31,14.00
src-ahu-0146-019,2026-01-15T10:26:00Z,ahu-c-f02-west,ON,NORMAL,14.43,25.18,14.00
src-ahu-0146-020,2026-01-15T10:26:00Z,ahu-c-f03-east,ON,NORMAL,14.21,25.18,14.00
src-ahu-0146-021,2026-01-15T10:26:00Z,ahu-c-f03-west,ON,NORMAL,14.38,25.02,14.00
src-ahu-0146-022,2026-01-15T10:26:00Z,ahu-c-f04-east,ON,NORMAL,14.25,24.97,14.00
src-ahu-0146-023,2026-01-15T10:26:00Z,ahu-c-f04-west,ON,NORMAL,14.16,24.77,14.00
src-ahu-0147-000,2026-01-15T10:27:00Z,ahu-a-f01-east,ON,NORMAL,13.71,23.70,14.00
src-ahu-0147-001,2026-01-15T10:27:00Z,ahu-a-f01-west,ON,NORMAL,13.66,23.81,14.00
src-ahu-0147-002,2026-01-15T10:27:00Z,ahu-a-f02-east,ON,NORMAL,13.77,24.16,14.00
src-ahu-0147-003,2026-01-15T10:27:00Z,ahu-a-f02-west,ON,NORMAL,13.69,24.29,14.00
src-ahu-0147-004,2026-01-15T10:27:00Z,ahu-a-f03-east,ON,NORMAL,13.92,24.66,14.00
src-ahu-0147-005,2026-01-15T10:27:00Z,ahu-a-f03-west,ON,NORMAL,13.95,24.85,14.00
src-ahu-0147-006,2026-01-15T10:27:00Z,ahu-a-f04-east,ON,NORMAL,14.03,25.24,14.00
src-ahu-0147-007,2026-01-15T10:27:00Z,ahu-a-f04-west,ON,NORMAL,13.87,25.53,14.00
src-ahu-0147-008,2026-01-15T10:27:00Z,ahu-b-f01-east,ON,NORMAL,13.99,25.05,14.00
src-ahu-0147-009,2026-01-15T10:27:00Z,ahu-b-f01-west,ON,NORMAL,14.19,25.16,14.00
src-ahu-0147-010,2026-01-15T10:27:00Z,ahu-b-f02-east,ON,NORMAL,14.25,25.47,14.00
src-ahu-0147-011,2026-01-15T10:27:00Z,ahu-b-f02-west,ON,NORMAL,14.27,25.55,14.00
src-ahu-0147-012,2026-01-15T10:27:00Z,ahu-b-f03-east,ON,NORMAL,14.14,25.86,14.00
src-ahu-0147-013,2026-01-15T10:27:00Z,ahu-b-f03-west,ON,NORMAL,14.31,25.80,14.00
src-ahu-0147-014,2026-01-15T10:27:00Z,ahu-b-f04-east,ON,NORMAL,14.34,25.87,14.00
src-ahu-0147-015,2026-01-15T10:27:00Z,ahu-b-f04-west,ON,NORMAL,14.44,25.86,14.00
src-ahu-0147-016,2026-01-15T10:27:00Z,ahu-c-f01-east,ON,NORMAL,14.41,25.45,14.00
src-ahu-0147-017,2026-01-15T10:27:00Z,ahu-c-f01-west,ON,NORMAL,14.44,25.37,14.00
src-ahu-0147-018,2026-01-15T10:27:00Z,ahu-c-f02-east,ON,NORMAL,14.39,25.37,14.00
src-ahu-0147-019,2026-01-15T10:27:00Z,ahu-c-f02-west,ON,NORMAL,14.21,25.13,14.00
src-ahu-0147-020,2026-01-15T10:27:00Z,ahu-c-f03-east,ON,NORMAL,14.32,25.13,14.00
src-ahu-0147-021,2026-01-15T10:27:00Z,ahu-c-f03-west,ON,NORMAL,14.27,24.98,14.00
src-ahu-0147-022,2026-01-15T10:27:00Z,ahu-c-f04-east,ON,NORMAL,14.18,24.94,14.00
src-ahu-0147-023,2026-01-15T10:27:00Z,ahu-c-f04-west,ON,NORMAL,14.10,24.76,14.00
src-ahu-0148-000,2026-01-15T10:28:00Z,ahu-a-f01-east,ON,NORMAL,13.69,23.74,14.00
src-ahu-0148-001,2026-01-15T10:28:00Z,ahu-a-f01-west,ON,NORMAL,13.59,23.82,14.00
src-ahu-0148-002,2026-01-15T10:28:00Z,ahu-a-f02-east,ON,NORMAL,13.66,24.17,14.00
src-ahu-0148-003,2026-01-15T10:28:00Z,ahu-a-f02-west,ON,NORMAL,13.81,24.39,14.00
src-ahu-0148-004,2026-01-15T10:28:00Z,ahu-a-f03-east,ON,NORMAL,13.92,24.70,14.00
src-ahu-0148-005,2026-01-15T10:28:00Z,ahu-a-f03-west,ON,NORMAL,13.95,24.87,14.00
src-ahu-0148-006,2026-01-15T10:28:00Z,ahu-a-f04-east,ON,NORMAL,13.85,25.28,14.00
src-ahu-0148-007,2026-01-15T10:28:00Z,ahu-a-f04-west,ON,NORMAL,13.97,25.53,14.00
src-ahu-0148-008,2026-01-15T10:28:00Z,ahu-b-f01-east,ON,NORMAL,14.09,25.05,14.00
src-ahu-0148-009,2026-01-15T10:28:00Z,ahu-b-f01-west,ON,NORMAL,14.16,25.27,14.00
src-ahu-0148-010,2026-01-15T10:28:00Z,ahu-b-f02-east,ON,NORMAL,14.26,25.54,14.00
src-ahu-0148-011,2026-01-15T10:28:00Z,ahu-b-f02-west,ON,NORMAL,14.30,25.64,14.00
src-ahu-0148-012,2026-01-15T10:28:00Z,ahu-b-f03-east,ON,NORMAL,14.30,25.74,14.00
src-ahu-0148-013,2026-01-15T10:28:00Z,ahu-b-f03-west,ON,NORMAL,14.29,25.80,14.00
src-ahu-0148-014,2026-01-15T10:28:00Z,ahu-b-f04-east,ON,NORMAL,14.23,25.93,14.00
src-ahu-0148-015,2026-01-15T10:28:00Z,ahu-b-f04-west,ON,NORMAL,14.31,25.78,14.00
src-ahu-0148-016,2026-01-15T10:28:00Z,ahu-c-f01-east,ON,NORMAL,14.30,25.45,14.00
src-ahu-0148-017,2026-01-15T10:28:00Z,ahu-c-f01-west,ON,NORMAL,14.27,25.37,14.00
src-ahu-0148-018,2026-01-15T10:28:00Z,ahu-c-f02-east,ON,NORMAL,14.34,25.28,14.00
src-ahu-0148-019,2026-01-15T10:28:00Z,ahu-c-f02-west,ON,NORMAL,14.25,25.05,14.00
src-ahu-0148-020,2026-01-15T10:28:00Z,ahu-c-f03-east,ON,NORMAL,14.16,25.11,14.00
src-ahu-0148-021,2026-01-15T10:28:00Z,ahu-c-f03-west,ON,NORMAL,14.31,24.91,14.00
src-ahu-0148-022,2026-01-15T10:28:00Z,ahu-c-f04-east,ON,NORMAL,14.11,24.92,14.00
src-ahu-0148-023,2026-01-15T10:28:00Z,ahu-c-f04-west,ON,NORMAL,14.10,24.70,14.00
src-ahu-0149-000,2026-01-15T10:29:00Z,ahu-a-f01-east,ON,NORMAL,13.69,23.82,14.00
src-ahu-0149-001,2026-01-15T10:29:00Z,ahu-a-f01-west,ON,NORMAL,13.75,23.84,14.00
src-ahu-0149-002,2026-01-15T10:29:00Z,ahu-a-f02-east,ON,NORMAL,13.71,24.20,14.00
src-ahu-0149-003,2026-01-15T10:29:00Z,ahu-a-f02-west,ON,NORMAL,13.74,24.45,14.00
src-ahu-0149-004,2026-01-15T10:29:00Z,ahu-a-f03-east,ON,NORMAL,13.81,24.76,14.00
src-ahu-0149-005,2026-01-15T10:29:00Z,ahu-a-f03-west,ON,NORMAL,13.96,24.93,14.00
src-ahu-0149-006,2026-01-15T10:29:00Z,ahu-a-f04-east,ON,NORMAL,14.02,25.36,14.00
src-ahu-0149-007,2026-01-15T10:29:00Z,ahu-a-f04-west,ON,NORMAL,14.10,25.45,14.00
src-ahu-0149-008,2026-01-15T10:29:00Z,ahu-b-f01-east,ON,NORMAL,14.19,25.14,14.00
src-ahu-0149-009,2026-01-15T10:29:00Z,ahu-b-f01-west,ON,NORMAL,14.22,25.29,14.00
src-ahu-0149-010,2026-01-15T10:29:00Z,ahu-b-f02-east,ON,NORMAL,14.16,25.49,14.00
src-ahu-0149-011,2026-01-15T10:29:00Z,ahu-b-f02-west,ON,NORMAL,14.22,25.57,14.00
src-ahu-0149-012,2026-01-15T10:29:00Z,ahu-b-f03-east,ON,NORMAL,14.25,25.75,14.00
src-ahu-0149-013,2026-01-15T10:29:00Z,ahu-b-f03-west,ON,NORMAL,14.27,25.79,14.00
src-ahu-0149-014,2026-01-15T10:29:00Z,ahu-b-f04-east,ON,NORMAL,14.26,25.88,14.00
src-ahu-0149-015,2026-01-15T10:29:00Z,ahu-b-f04-west,ON,NORMAL,14.26,25.66,14.00
src-ahu-0149-016,2026-01-15T10:29:00Z,ahu-c-f01-east,ON,NORMAL,14.43,25.45,14.00
src-ahu-0149-017,2026-01-15T10:29:00Z,ahu-c-f01-west,ON,NORMAL,14.45,25.29,14.00
src-ahu-0149-018,2026-01-15T10:29:00Z,ahu-c-f02-east,ON,NORMAL,14.23,25.23,14.00
src-ahu-0149-019,2026-01-15T10:29:00Z,ahu-c-f02-west,ON,NORMAL,14.35,25.05,14.00
src-ahu-0149-020,2026-01-15T10:29:00Z,ahu-c-f03-east,ON,NORMAL,14.31,25.15,14.00
src-ahu-0149-021,2026-01-15T10:29:00Z,ahu-c-f03-west,ON,NORMAL,14.18,24.93,14.00
src-ahu-0149-022,2026-01-15T10:29:00Z,ahu-c-f04-east,ON,NORMAL,14.24,24.89,14.00
src-ahu-0149-023,2026-01-15T10:29:00Z,ahu-c-f04-west,ON,NORMAL,14.19,24.81,14.00
src-ahu-0150-000,2026-01-15T10:30:00Z,ahu-a-f01-east,ON,NORMAL,13.76,23.82,14.00
src-ahu-0150-001,2026-01-15T10:30:00Z,ahu-a-f01-west,ON,NORMAL,13.80,23.86,14.00
src-ahu-0150-002,2026-01-15T10:30:00Z,ahu-a-f02-east,ON,NORMAL,13.88,24.34,14.00
src-ahu-0150-003,2026-01-15T10:30:00Z,ahu-a-f02-west,ON,NORMAL,13.88,24.42,14.00
src-ahu-0150-004,2026-01-15T10:30:00Z,ahu-a-f03-east,ON,NORMAL,13.79,24.80,14.00
src-ahu-0150-005,2026-01-15T10:30:00Z,ahu-a-f03-west,ON,NORMAL,13.92,24.97,14.00
src-ahu-0150-006,2026-01-15T10:30:00Z,ahu-a-f04-east,ON,NORMAL,13.95,25.38,14.00
src-ahu-0150-007,2026-01-15T10:30:00Z,ahu-a-f04-west,ON,NORMAL,14.12,25.53,14.00
src-ahu-0150-008,2026-01-15T10:30:00Z,ahu-b-f01-east,ON,NORMAL,14.04,25.05,14.00
src-ahu-0150-009,2026-01-15T10:30:00Z,ahu-b-f01-west,ON,NORMAL,14.24,25.26,14.00
src-ahu-0150-010,2026-01-15T10:30:00Z,ahu-b-f02-east,ON,NORMAL,14.14,25.54,14.00
src-ahu-0150-011,2026-01-15T10:30:00Z,ahu-b-f02-west,ON,NORMAL,14.37,25.55,14.00
src-ahu-0150-012,2026-01-15T10:30:00Z,ahu-b-f03-east,ON,NORMAL,14.19,25.83,14.00
src-ahu-0150-013,2026-01-15T10:30:00Z,ahu-b-f03-west,ON,NORMAL,14.33,25.75,14.00
src-ahu-0150-014,2026-01-15T10:30:00Z,ahu-b-f04-east,OFF,NORMAL,18.50,25.85,14.00
src-ahu-0150-015,2026-01-15T10:30:00Z,ahu-b-f04-west,ON,NORMAL,14.39,25.69,14.00
src-ahu-0150-016,2026-01-15T10:30:00Z,ahu-c-f01-east,ON,NORMAL,14.42,25.45,14.00
src-ahu-0150-017,2026-01-15T10:30:00Z,ahu-c-f01-west,ON,NORMAL,14.35,25.29,14.00
src-ahu-0150-018,2026-01-15T10:30:00Z,ahu-c-f02-east,ON,NORMAL,14.39,25.31,14.00
src-ahu-0150-019,2026-01-15T10:30:00Z,ahu-c-f02-west,ON,NORMAL,14.18,25.10,14.00
src-ahu-0150-020,2026-01-15T10:30:00Z,ahu-c-f03-east,ON,NORMAL,14.20,25.12,14.00
src-ahu-0150-021,2026-01-15T10:30:00Z,ahu-c-f03-west,ON,NORMAL,14.24,24.88,14.00
src-ahu-0150-022,2026-01-15T10:30:00Z,ahu-c-f04-east,ON,NORMAL,14.09,24.82,14.00
src-ahu-0150-023,2026-01-15T10:30:00Z,ahu-c-f04-west,ON,NORMAL,14.18,24.66,14.00
src-ahu-0151-000,2026-01-15T10:31:00Z,ahu-a-f01-east,ON,NORMAL,13.81,23.80,14.00
src-ahu-0151-001,2026-01-15T10:31:00Z,ahu-a-f01-west,ON,NORMAL,13.70,23.89,14.00
src-ahu-0151-002,2026-01-15T10:31:00Z,ahu-a-f02-east,ON,NORMAL,13.88,24.31,14.00
src-ahu-0151-003,2026-01-15T10:31:00Z,ahu-a-f02-west,ON,NORMAL,13.91,24.38,14.00
src-ahu-0151-004,2026-01-15T10:31:00Z,ahu-a-f03-east,ON,NORMAL,13.89,24.81,14.00
src-ahu-0151-005,2026-01-15T10:31:00Z,ahu-a-f03-west,ON,NORMAL,14.07,25.02,14.00
src-ahu-0151-006,2026-01-15T10:31:00Z,ahu-a-f04-east,ON,NORMAL,14.00,25.36,14.00
src-ahu-0151-007,2026-01-15T10:31:00Z,ahu-a-f04-west,ON,NORMAL,14.02,25.53,14.00
src-ahu-0151-008,2026-01-15T10:31:00Z,ahu-b-f01-east,ON,NORMAL,14.13,25.07,14.00
src-ahu-0151-009,2026-01-15T10:31:00Z,ahu-b-f01-west,ON,NORMAL,14.16,25.36,14.00
src-ahu-0151-010,2026-01-15T10:31:00Z,ahu-b-f02-east,ON,NORMAL,14.13,25.52,14.00
src-ahu-0151-011,2026-01-15T10:31:00Z,ahu-b-f02-west,ON,NORMAL,14.16,25.58,14.00
src-ahu-0151-012,2026-01-15T10:31:00Z,ahu-b-f03-east,ON,NORMAL,14.41,25.78,14.00
src-ahu-0151-013,2026-01-15T10:31:00Z,ahu-b-f03-west,ON,NORMAL,14.23,25.66,14.00
src-ahu-0151-014,2026-01-15T10:31:00Z,ahu-b-f04-east,OFF,NORMAL,18.50,25.78,14.00
src-ahu-0151-015,2026-01-15T10:31:00Z,ahu-b-f04-west,ON,NORMAL,14.43,25.79,14.00
src-ahu-0151-016,2026-01-15T10:31:00Z,ahu-c-f01-east,ON,NORMAL,14.34,25.44,14.00
src-ahu-0151-017,2026-01-15T10:31:00Z,ahu-c-f01-west,ON,NORMAL,14.37,25.16,14.00
src-ahu-0151-018,2026-01-15T10:31:00Z,ahu-c-f02-east,ON,NORMAL,14.29,25.22,14.00
src-ahu-0151-019,2026-01-15T10:31:00Z,ahu-c-f02-west,ON,NORMAL,14.35,24.99,14.00
src-ahu-0151-020,2026-01-15T10:31:00Z,ahu-c-f03-east,ON,NORMAL,14.30,25.02,14.00
src-ahu-0151-021,2026-01-15T10:31:00Z,ahu-c-f03-west,ON,NORMAL,14.08,24.82,14.00
src-ahu-0151-022,2026-01-15T10:31:00Z,ahu-c-f04-east,ON,NORMAL,14.01,24.95,14.00
src-ahu-0151-023,2026-01-15T10:31:00Z,ahu-c-f04-west,ON,NORMAL,13.96,24.68,14.00
src-ahu-0152-000,2026-01-15T10:32:00Z,ahu-a-f01-east,ON,NORMAL,13.83,23.76,14.00
src-ahu-0152-001,2026-01-15T10:32:00Z,ahu-a-f01-west,ON,NORMAL,13.87,23.95,14.00
src-ahu-0152-002,2026-01-15T10:32:00Z,ahu-a-f02-east,ON,NORMAL,13.84,24.28,14.00
src-ahu-0152-003,2026-01-15T10:32:00Z,ahu-a-f02-west,ON,NORMAL,13.79,24.58,14.00
src-ahu-0152-004,2026-01-15T10:32:00Z,ahu-a-f03-east,ON,NORMAL,13.87,24.85,14.00
src-ahu-0152-005,2026-01-15T10:32:00Z,ahu-a-f03-west,ON,NORMAL,13.90,25.09,14.00
src-ahu-0152-006,2026-01-15T10:32:00Z,ahu-a-f04-east,ON,NORMAL,13.94,25.40,14.00
src-ahu-0152-007,2026-01-15T10:32:00Z,ahu-a-f04-west,ON,NORMAL,13.99,25.50,14.00
src-ahu-0152-008,2026-01-15T10:32:00Z,ahu-b-f01-east,ON,NORMAL,14.04,25.22,14.00
src-ahu-0152-009,2026-01-15T10:32:00Z,ahu-b-f01-west,ON,NORMAL,14.27,25.26,14.00
src-ahu-0152-010,2026-01-15T10:32:00Z,ahu-b-f02-east,ON,NORMAL,14.25,25.57,14.00
src-ahu-0152-011,2026-01-15T10:32:00Z,ahu-b-f02-west,ON,NORMAL,14.25,25.67,14.00
src-ahu-0152-012,2026-01-15T10:32:00Z,ahu-b-f03-east,ON,NORMAL,14.39,25.83,14.00
src-ahu-0152-013,2026-01-15T10:32:00Z,ahu-b-f03-west,ON,NORMAL,14.40,25.64,14.00
src-ahu-0152-014,2026-01-15T10:32:00Z,ahu-b-f04-east,OFF,NORMAL,18.50,25.82,14.00
src-ahu-0152-015,2026-01-15T10:32:00Z,ahu-b-f04-west,ON,NORMAL,14.43,25.69,14.00
src-ahu-0152-016,2026-01-15T10:32:00Z,ahu-c-f01-east,ON,NORMAL,14.31,25.37,14.00
src-ahu-0152-017,2026-01-15T10:32:00Z,ahu-c-f01-west,ON,NORMAL,14.34,25.17,14.00
src-ahu-0152-018,2026-01-15T10:32:00Z,ahu-c-f02-east,ON,NORMAL,14.20,25.23,14.00
src-ahu-0152-019,2026-01-15T10:32:00Z,ahu-c-f02-west,ON,NORMAL,14.21,24.93,14.00
src-ahu-0152-020,2026-01-15T10:32:00Z,ahu-c-f03-east,ON,NORMAL,14.13,24.97,14.00
src-ahu-0152-021,2026-01-15T10:32:00Z,ahu-c-f03-west,ON,NORMAL,14.25,24.80,14.00
src-ahu-0152-022,2026-01-15T10:32:00Z,ahu-c-f04-east,ON,NORMAL,14.20,24.84,14.00
src-ahu-0152-023,2026-01-15T10:32:00Z,ahu-c-f04-west,ON,NORMAL,14.13,24.69,14.00
src-ahu-0153-000,2026-01-15T10:33:00Z,ahu-a-f01-east,ON,NORMAL,13.81,23.88,14.00
src-ahu-0153-001,2026-01-15T10:33:00Z,ahu-a-f01-west,ON,NORMAL,13.76,23.96,14.00
src-ahu-0153-002,2026-01-15T10:33:00Z,ahu-a-f02-east,ON,NORMAL,13.94,24.30,14.00
src-ahu-0153-003,2026-01-15T10:33:00Z,ahu-a-f02-west,ON,NORMAL,14.02,24.57,14.00
src-ahu-0153-004,2026-01-15T10:33:00Z,ahu-a-f03-east,ON,NORMAL,13.88,24.89,14.00
src-ahu-0153-005,2026-01-15T10:33:00Z,ahu-a-f03-west,ON,NORMAL,14.09,25.01,14.00
src-ahu-0153-006,2026-01-15T10:33:00Z,ahu-a-f04-east,ON,NORMAL,13.97,25.49,14.00
src-ahu-0153-007,2026-01-15T10:33:00Z,ahu-a-f04-west,ON,NORMAL,14.20,25.65,14.00
src-ahu-0153-008,2026-01-15T10:33:00Z,ahu-b-f01-east,ON,NORMAL,14.08,25.26,14.00
src-ahu-0153-009,2026-01-15T10:33:00Z,ahu-b-f01-west,ON,NORMAL,14.15,25.30,14.00
src-ahu-0153-010,2026-01-15T10:33:00Z,ahu-b-f02-east,ON,NORMAL,14.28,25.51,14.00
src-ahu-0153-011,2026-01-15T10:33:00Z,ahu-b-f02-west,ON,NORMAL,14.32,25.61,14.00
src-ahu-0153-012,2026-01-15T10:33:00Z,ahu-b-f03-east,ON,NORMAL,14.28,25.77,14.00
src-ahu-0153-013,2026-01-15T10:33:00Z,ahu-b-f03-west,ON,NORMAL,14.30,25.76,14.00
src-ahu-0153-014,2026-01-15T10:33:00Z,ahu-b-f04-east,OFF,NORMAL,18.50,25.78,14.00
src-ahu-0153-015,2026-01-15T10:33:00Z,ahu-b-f04-west,ON,NORMAL,14.45,25.67,14.00
src-ahu-0153-016,2026-01-15T10:33:00Z,ahu-c-f01-east,ON,NORMAL,14.35,25.45,14.00
src-ahu-0153-017,2026-01-15T10:33:00Z,ahu-c-f01-west,ON,NORMAL,14.21,25.25,14.00
src-ahu-0153-018,2026-01-15T10:33:00Z,ahu-c-f02-east,ON,NORMAL,14.25,25.18,14.00
src-ahu-0153-019,2026-01-15T10:33:00Z,ahu-c-f02-west,ON,NORMAL,14.12,25.06,14.00
src-ahu-0153-020,2026-01-15T10:33:00Z,ahu-c-f03-east,ON,NORMAL,14.10,24.95,14.00
src-ahu-0153-021,2026-01-15T10:33:00Z,ahu-c-f03-west,ON,NORMAL,14.14,24.80,14.00
src-ahu-0153-022,2026-01-15T10:33:00Z,ahu-c-f04-east,ON,NORMAL,13.97,24.85,14.00
src-ahu-0153-023,2026-01-15T10:33:00Z,ahu-c-f04-west,ON,NORMAL,14.12,24.73,14.00
src-ahu-0154-000,2026-01-15T10:34:00Z,ahu-a-f01-east,ON,NORMAL,13.88,23.92,14.00
src-ahu-0154-001,2026-01-15T10:34:00Z,ahu-a-f01-west,ON,NORMAL,13.93,23.99,14.00
src-ahu-0154-002,2026-01-15T10:34:00Z,ahu-a-f02-east,ON,NORMAL,13.79,24.36,14.00
src-ahu-0154-003,2026-01-15T10:34:00Z,ahu-a-f02-west,ON,NORMAL,13.99,24.46,14.00
src-ahu-0154-004,2026-01-15T10:34:00Z,ahu-a-f03-east,ON,NORMAL,14.06,25.00,14.00
src-ahu-0154-005,2026-01-15T10:34:00Z,ahu-a-f03-west,ON,NORMAL,14.07,25.16,14.00
src-ahu-0154-006,2026-01-15T10:34:00Z,ahu-a-f04-east,ON,NORMAL,14.20,25.50,14.00
src-ahu-0154-007,2026-01-15T10:34:00Z,ahu-a-f04-west,ON,NORMAL,14.17,25.59,14.00
src-ahu-0154-008,2026-01-15T10:34:00Z,ahu-b-f01-east,ON,NORMAL,14.32,25.19,14.00
src-ahu-0154-009,2026-01-15T10:34:00Z,ahu-b-f01-west,ON,NORMAL,14.21,25.29,14.00
src-ahu-0154-010,2026-01-15T10:34:00Z,ahu-b-f02-east,ON,NORMAL,14.17,25.66,14.00
src-ahu-0154-011,2026-01-15T10:34:00Z,ahu-b-f02-west,ON,NORMAL,14.22,25.57,14.00
src-ahu-0154-012,2026-01-15T10:34:00Z,ahu-b-f03-east,ON,NORMAL,14.22,25.69,14.00
src-ahu-0154-013,2026-01-15T10:34:00Z,ahu-b-f03-west,ON,NORMAL,14.46,25.66,14.00
src-ahu-0154-014,2026-01-15T10:34:00Z,ahu-b-f04-east,OFF,NORMAL,18.50,25.81,14.00
src-ahu-0154-015,2026-01-15T10:34:00Z,ahu-b-f04-west,ON,NORMAL,14.29,25.57,14.00
src-ahu-0154-016,2026-01-15T10:34:00Z,ahu-c-f01-east,ON,NORMAL,14.43,25.34,14.00
src-ahu-0154-017,2026-01-15T10:34:00Z,ahu-c-f01-west,ON,NORMAL,14.25,25.15,14.00
src-ahu-0154-018,2026-01-15T10:34:00Z,ahu-c-f02-east,ON,NORMAL,14.27,25.16,14.00
src-ahu-0154-019,2026-01-15T10:34:00Z,ahu-c-f02-west,ON,NORMAL,14.25,25.03,14.00
src-ahu-0154-020,2026-01-15T10:34:00Z,ahu-c-f03-east,ON,NORMAL,14.16,24.93,14.00
src-ahu-0154-021,2026-01-15T10:34:00Z,ahu-c-f03-west,ON,NORMAL,14.17,24.81,14.00
src-ahu-0154-022,2026-01-15T10:34:00Z,ahu-c-f04-east,ON,NORMAL,13.99,24.73,14.00
src-ahu-0154-023,2026-01-15T10:34:00Z,ahu-c-f04-west,ON,NORMAL,13.93,24.66,14.00
src-ahu-0155-000,2026-01-15T10:35:00Z,ahu-a-f01-east,ON,NORMAL,13.68,23.86,14.00
src-ahu-0155-001,2026-01-15T10:35:00Z,ahu-a-f01-west,ON,NORMAL,13.96,24.05,14.00
src-ahu-0155-002,2026-01-15T10:35:00Z,ahu-a-f02-east,ON,NORMAL,13.90,24.38,14.00
src-ahu-0155-003,2026-01-15T10:35:00Z,ahu-a-f02-west,ON,NORMAL,13.87,24.58,14.00
src-ahu-0155-004,2026-01-15T10:35:00Z,ahu-a-f03-east,ON,NORMAL,13.90,24.90,14.00
src-ahu-0155-005,2026-01-15T10:35:00Z,ahu-a-f03-west,ON,NORMAL,13.96,25.21,14.00
src-ahu-0155-006,2026-01-15T10:35:00Z,ahu-a-f04-east,ON,NORMAL,14.13,25.57,14.00
src-ahu-0155-007,2026-01-15T10:35:00Z,ahu-a-f04-west,ON,NORMAL,14.18,25.76,14.00
src-ahu-0155-008,2026-01-15T10:35:00Z,ahu-b-f01-east,ON,NORMAL,14.25,25.20,14.00
src-ahu-0155-009,2026-01-15T10:35:00Z,ahu-b-f01-west,ON,NORMAL,14.21,25.40,14.00
src-ahu-0155-010,2026-01-15T10:35:00Z,ahu-b-f02-east,ON,NORMAL,14.30,25.61,14.00
src-ahu-0155-011,2026-01-15T10:35:00Z,ahu-b-f02-west,ON,NORMAL,14.26,25.63,14.00
src-ahu-0155-012,2026-01-15T10:35:00Z,ahu-b-f03-east,ON,NORMAL,14.41,25.80,14.00
src-ahu-0155-013,2026-01-15T10:35:00Z,ahu-b-f03-west,ON,NORMAL,14.42,25.65,14.00
src-ahu-0155-014,2026-01-15T10:35:00Z,ahu-b-f04-east,OFF,NORMAL,18.50,25.76,14.00
src-ahu-0155-015,2026-01-15T10:35:00Z,ahu-b-f04-west,ON,NORMAL,14.44,25.63,14.00
src-ahu-0155-016,2026-01-15T10:35:00Z,ahu-c-f01-east,ON,NORMAL,14.38,25.34,14.00
src-ahu-0155-017,2026-01-15T10:35:00Z,ahu-c-f01-west,ON,NORMAL,14.26,25.06,14.00
src-ahu-0155-018,2026-01-15T10:35:00Z,ahu-c-f02-east,ON,NORMAL,14.20,25.18,14.00
src-ahu-0155-019,2026-01-15T10:35:00Z,ahu-c-f02-west,ON,NORMAL,14.15,24.93,14.00
src-ahu-0155-020,2026-01-15T10:35:00Z,ahu-c-f03-east,ON,NORMAL,14.09,24.86,14.00
src-ahu-0155-021,2026-01-15T10:35:00Z,ahu-c-f03-west,ON,NORMAL,14.11,24.77,14.00
src-ahu-0155-022,2026-01-15T10:35:00Z,ahu-c-f04-east,ON,NORMAL,14.03,24.87,14.00
src-ahu-0155-023,2026-01-15T10:35:00Z,ahu-c-f04-west,ON,NORMAL,13.91,24.70,14.00
src-ahu-0156-000,2026-01-15T10:36:00Z,ahu-a-f01-east,ON,NORMAL,13.87,23.94,14.00
src-ahu-0156-001,2026-01-15T10:36:00Z,ahu-a-f01-west,ON,NORMAL,13.96,24.01,14.00
src-ahu-0156-002,2026-01-15T10:36:00Z,ahu-a-f02-east,ON,NORMAL,13.87,24.41,14.00
src-ahu-0156-003,2026-01-15T10:36:00Z,ahu-a-f02-west,ON,NORMAL,13.93,24.65,14.00
src-ahu-0156-004,2026-01-15T10:36:00Z,ahu-a-f03-east,ON,NORMAL,13.98,25.00,14.00
src-ahu-0156-005,2026-01-15T10:36:00Z,ahu-a-f03-west,ON,NORMAL,14.11,25.20,14.00
src-ahu-0156-006,2026-01-15T10:36:00Z,ahu-a-f04-east,ON,NORMAL,14.20,25.55,14.00
src-ahu-0156-007,2026-01-15T10:36:00Z,ahu-a-f04-west,ON,NORMAL,14.15,25.75,14.00
src-ahu-0156-008,2026-01-15T10:36:00Z,ahu-b-f01-east,ON,NORMAL,14.13,25.27,14.00
src-ahu-0156-009,2026-01-15T10:36:00Z,ahu-b-f01-west,ON,NORMAL,14.35,25.34,14.00
src-ahu-0156-010,2026-01-15T10:36:00Z,ahu-b-f02-east,ON,NORMAL,14.25,25.67,14.00
src-ahu-0156-011,2026-01-15T10:36:00Z,ahu-b-f02-west,ON,NORMAL,14.27,25.55,14.00
src-ahu-0156-012,2026-01-15T10:36:00Z,ahu-b-f03-east,ON,NORMAL,14.33,25.78,14.00
src-ahu-0156-013,2026-01-15T10:36:00Z,ahu-b-f03-west,ON,NORMAL,14.33,25.73,14.00
src-ahu-0156-014,2026-01-15T10:36:00Z,ahu-b-f04-east,OFF,NORMAL,18.50,25.79,14.00
src-ahu-0156-015,2026-01-15T10:36:00Z,ahu-b-f04-west,ON,NORMAL,14.28,25.55,14.00
src-ahu-0156-016,2026-01-15T10:36:00Z,ahu-c-f01-east,ON,NORMAL,14.25,25.26,14.00
src-ahu-0156-017,2026-01-15T10:36:00Z,ahu-c-f01-west,ON,NORMAL,14.17,25.05,14.00
src-ahu-0156-018,2026-01-15T10:36:00Z,ahu-c-f02-east,ON,NORMAL,14.19,25.14,14.00
src-ahu-0156-019,2026-01-15T10:36:00Z,ahu-c-f02-west,ON,NORMAL,14.17,24.81,14.00
src-ahu-0156-020,2026-01-15T10:36:00Z,ahu-c-f03-east,ON,NORMAL,14.16,24.85,14.00
src-ahu-0156-021,2026-01-15T10:36:00Z,ahu-c-f03-west,ON,NORMAL,13.96,24.71,14.00
src-ahu-0156-022,2026-01-15T10:36:00Z,ahu-c-f04-east,ON,NORMAL,14.07,24.85,14.00
src-ahu-0156-023,2026-01-15T10:36:00Z,ahu-c-f04-west,ON,NORMAL,13.91,24.65,14.00
src-ahu-0157-000,2026-01-15T10:37:00Z,ahu-a-f01-east,ON,NORMAL,13.76,23.90,14.00
src-ahu-0157-001,2026-01-15T10:37:00Z,ahu-a-f01-west,ON,NORMAL,13.80,23.98,14.00
src-ahu-0157-002,2026-01-15T10:37:00Z,ahu-a-f02-east,ON,NORMAL,13.85,24.43,14.00
src-ahu-0157-003,2026-01-15T10:37:00Z,ahu-a-f02-west,ON,NORMAL,14.07,24.55,14.00
src-ahu-0157-004,2026-01-15T10:37:00Z,ahu-a-f03-east,ON,NORMAL,14.14,25.05,14.00
src-ahu-0157-005,2026-01-15T10:37:00Z,ahu-a-f03-west,ON,NORMAL,14.02,25.17,14.00
src-ahu-0157-006,2026-01-15T10:37:00Z,ahu-a-f04-east,ON,NORMAL,14.15,25.51,14.00
src-ahu-0157-007,2026-01-15T10:37:00Z,ahu-a-f04-west,ON,NORMAL,14.24,25.66,14.00
src-ahu-0157-008,2026-01-15T10:37:00Z,ahu-b-f01-east,ON,NORMAL,14.35,25.34,14.00
src-ahu-0157-009,2026-01-15T10:37:00Z,ahu-b-f01-west,ON,NORMAL,14.20,25.35,14.00
src-ahu-0157-010,2026-01-15T10:37:00Z,ahu-b-f02-east,ON,NORMAL,14.36,25.62,14.00
src-ahu-0157-011,2026-01-15T10:37:00Z,ahu-b-f02-west,ON,NORMAL,14.44,25.54,14.00
src-ahu-0157-012,2026-01-15T10:37:00Z,ahu-b-f03-east,ON,NORMAL,14.26,25.76,14.00
src-ahu-0157-013,2026-01-15T10:37:00Z,ahu-b-f03-west,ON,NORMAL,14.31,25.74,14.00
src-ahu-0157-014,2026-01-15T10:37:00Z,ahu-b-f04-east,OFF,NORMAL,18.50,25.83,14.00
src-ahu-0157-015,2026-01-15T10:37:00Z,ahu-b-f04-west,ON,NORMAL,14.31,25.57,14.00
src-ahu-0157-016,2026-01-15T10:37:00Z,ahu-c-f01-east,ON,NORMAL,14.34,25.16,14.00
src-ahu-0157-017,2026-01-15T10:37:00Z,ahu-c-f01-west,ON,NORMAL,14.27,25.06,14.00
src-ahu-0157-018,2026-01-15T10:37:00Z,ahu-c-f02-east,ON,NORMAL,14.15,25.09,14.00
src-ahu-0157-019,2026-01-15T10:37:00Z,ahu-c-f02-west,ON,NORMAL,14.07,24.85,14.00
src-ahu-0157-020,2026-01-15T10:37:00Z,ahu-c-f03-east,ON,NORMAL,14.10,24.85,14.00
src-ahu-0157-021,2026-01-15T10:37:00Z,ahu-c-f03-west,ON,NORMAL,13.90,24.65,14.00
src-ahu-0157-022,2026-01-15T10:37:00Z,ahu-c-f04-east,ON,NORMAL,13.97,24.65,14.00
src-ahu-0157-023,2026-01-15T10:37:00Z,ahu-c-f04-west,ON,NORMAL,13.87,24.62,14.00
src-ahu-0158-000,2026-01-15T10:38:00Z,ahu-a-f01-east,ON,NORMAL,13.88,23.95,14.00
src-ahu-0158-001,2026-01-15T10:38:00Z,ahu-a-f01-west,ON,NORMAL,13.92,24.03,14.00
src-ahu-0158-002,2026-01-15T10:38:00Z,ahu-a-f02-east,ON,NORMAL,14.08,24.46,14.00
src-ahu-0158-003,2026-01-15T10:38:00Z,ahu-a-f02-west,ON,NORMAL,14.14,24.58,14.00
src-ahu-0158-004,2026-01-15T10:38:00Z,ahu-a-f03-east,ON,NORMAL,14.16,25.09,14.00
src-ahu-0158-005,2026-01-15T10:38:00Z,ahu-a-f03-west,ON,NORMAL,14.05,25.23,14.00
src-ahu-0158-006,2026-01-15T10:38:00Z,ahu-a-f04-east,ON,NORMAL,14.31,25.55,14.00
src-ahu-0158-007,2026-01-15T10:38:00Z,ahu-a-f04-west,ON,NORMAL,14.36,25.69,14.00
src-ahu-0158-008,2026-01-15T10:38:00Z,ahu-b-f01-east,ON,NORMAL,14.32,25.24,14.00
src-ahu-0158-009,2026-01-15T10:38:00Z,ahu-b-f01-west,ON,NORMAL,14.34,25.39,14.00
src-ahu-0158-010,2026-01-15T10:38:00Z,ahu-b-f02-east,ON,NORMAL,14.40,25.59,14.00
src-ahu-0158-011,2026-01-15T10:38:00Z,ahu-b-f02-west,ON,NORMAL,14.43,25.53,14.00
src-ahu-0158-012,2026-01-15T10:38:00Z,ahu-b-f03-east,ON,NORMAL,14.24,25.70,14.00
src-ahu-0158-013,2026-01-15T10:38:00Z,ahu-b-f03-west,ON,NORMAL,14.27,25.65,14.00
src-ahu-0158-014,2026-01-15T10:38:00Z,ahu-b-f04-east,OFF,NORMAL,18.50,25.63,14.00
src-ahu-0158-015,2026-01-15T10:38:00Z,ahu-b-f04-west,ON,NORMAL,14.27,25.66,14.00
src-ahu-0158-016,2026-01-15T10:38:00Z,ahu-c-f01-east,ON,NORMAL,14.17,25.22,14.00
src-ahu-0158-017,2026-01-15T10:38:00Z,ahu-c-f01-west,ON,NORMAL,14.24,25.02,14.00
src-ahu-0158-018,2026-01-15T10:38:00Z,ahu-c-f02-east,ON,NORMAL,14.11,25.08,14.00
src-ahu-0158-019,2026-01-15T10:38:00Z,ahu-c-f02-west,ON,NORMAL,14.18,24.85,14.00
src-ahu-0158-020,2026-01-15T10:38:00Z,ahu-c-f03-east,ON,NORMAL,13.99,24.80,14.00
src-ahu-0158-021,2026-01-15T10:38:00Z,ahu-c-f03-west,ON,NORMAL,13.89,24.61,14.00
src-ahu-0158-022,2026-01-15T10:38:00Z,ahu-c-f04-east,ON,NORMAL,13.92,24.68,14.00
src-ahu-0158-023,2026-01-15T10:38:00Z,ahu-c-f04-west,ON,NORMAL,13.86,24.65,14.00
src-ahu-0159-000,2026-01-15T10:39:00Z,ahu-a-f01-east,ON,NORMAL,13.83,23.93,14.00
src-ahu-0159-001,2026-01-15T10:39:00Z,ahu-a-f01-west,ON,NORMAL,13.90,24.17,14.00
src-ahu-0159-002,2026-01-15T10:39:00Z,ahu-a-f02-east,ON,NORMAL,14.09,24.44,14.00
src-ahu-0159-003,2026-01-15T10:39:00Z,ahu-a-f02-west,ON,NORMAL,14.04,24.62,14.00
src-ahu-0159-004,2026-01-15T10:39:00Z,ahu-a-f03-east,ON,NORMAL,14.12,25.15,14.00
src-ahu-0159-005,2026-01-15T10:39:00Z,ahu-a-f03-west,ON,NORMAL,14.07,25.29,14.00
src-ahu-0159-006,2026-01-15T10:39:00Z,ahu-a-f04-east,ON,NORMAL,14.27,25.66,14.00
src-ahu-0159-007,2026-01-15T10:39:00Z,ahu-a-f04-west,ON,NORMAL,14.22,25.77,14.00
src-ahu-0159-008,2026-01-15T10:39:00Z,ahu-b-f01-east,ON,NORMAL,14.19,25.29,14.00
src-ahu-0159-009,2026-01-15T10:39:00Z,ahu-b-f01-west,ON,NORMAL,14.27,25.35,14.00
src-ahu-0159-010,2026-01-15T10:39:00Z,ahu-b-f02-east,ON,NORMAL,14.32,25.70,14.00
src-ahu-0159-011,2026-01-15T10:39:00Z,ahu-b-f02-west,ON,NORMAL,14.26,25.58,14.00
src-ahu-0159-012,2026-01-15T10:39:00Z,ahu-b-f03-east,ON,NORMAL,14.29,25.77,14.00
src-ahu-0159-013,2026-01-15T10:39:00Z,ahu-b-f03-west,ON,NORMAL,14.35,25.63,14.00
src-ahu-0159-014,2026-01-15T10:39:00Z,ahu-b-f04-east,OFF,NORMAL,18.50,25.72,14.00
src-ahu-0159-015,2026-01-15T10:39:00Z,ahu-b-f04-west,ON,NORMAL,14.19,25.58,14.00
src-ahu-0159-016,2026-01-15T10:39:00Z,ahu-c-f01-east,ON,NORMAL,14.32,25.12,14.00
src-ahu-0159-017,2026-01-15T10:39:00Z,ahu-c-f01-west,ON,NORMAL,14.26,24.96,14.00
src-ahu-0159-018,2026-01-15T10:39:00Z,ahu-c-f02-east,ON,NORMAL,14.06,24.88,14.00
src-ahu-0159-019,2026-01-15T10:39:00Z,ahu-c-f02-west,ON,NORMAL,14.05,24.83,14.00
src-ahu-0159-020,2026-01-15T10:39:00Z,ahu-c-f03-east,ON,NORMAL,14.02,24.84,14.00
src-ahu-0159-021,2026-01-15T10:39:00Z,ahu-c-f03-west,ON,NORMAL,14.02,24.69,14.00
src-ahu-0159-022,2026-01-15T10:39:00Z,ahu-c-f04-east,ON,NORMAL,13.83,24.71,14.00
src-ahu-0159-023,2026-01-15T10:39:00Z,ahu-c-f04-west,ON,NORMAL,13.82,24.55,14.00
src-ahu-0160-000,2026-01-15T10:40:00Z,ahu-a-f01-east,ON,NORMAL,13.91,23.97,14.00
src-ahu-0160-001,2026-01-15T10:40:00Z,ahu-a-f01-west,ON,NORMAL,13.95,24.10,14.00
src-ahu-0160-002,2026-01-15T10:40:00Z,ahu-a-f02-east,ON,NORMAL,14.15,24.49,14.00
src-ahu-0160-003,2026-01-15T10:40:00Z,ahu-a-f02-west,ON,NORMAL,14.07,24.66,14.00
src-ahu-0160-004,2026-01-15T10:40:00Z,ahu-a-f03-east,ON,NORMAL,14.20,25.13,14.00
src-ahu-0160-005,2026-01-15T10:40:00Z,ahu-a-f03-west,ON,NORMAL,14.22,25.34,14.00
src-ahu-0160-006,2026-01-15T10:40:00Z,ahu-a-f04-east,ON,NORMAL,14.33,25.59,14.00
src-ahu-0160-007,2026-01-15T10:40:00Z,ahu-a-f04-west,ON,NORMAL,14.20,25.82,14.00
src-ahu-0160-008,2026-01-15T10:40:00Z,ahu-b-f01-east,ON,NORMAL,14.40,25.33,14.00
src-ahu-0160-009,2026-01-15T10:40:00Z,ahu-b-f01-west,ON,NORMAL,14.32,25.39,14.00
src-ahu-0160-010,2026-01-15T10:40:00Z,ahu-b-f02-east,ON,NORMAL,14.24,25.61,14.00
src-ahu-0160-011,2026-01-15T10:40:00Z,ahu-b-f02-west,ON,NORMAL,14.26,25.55,14.00
src-ahu-0160-012,2026-01-15T10:40:00Z,ahu-b-f03-east,ON,NORMAL,14.36,25.71,14.00
src-ahu-0160-013,2026-01-15T10:40:00Z,ahu-b-f03-west,ON,NORMAL,14.25,25.58,14.00
src-ahu-0160-014,2026-01-15T10:40:00Z,ahu-b-f04-east,OFF,NORMAL,18.50,25.58,14.00
src-ahu-0160-015,2026-01-15T10:40:00Z,ahu-b-f04-west,ON,NORMAL,14.33,25.57,14.00
src-ahu-0160-016,2026-01-15T10:40:00Z,ahu-c-f01-east,ON,NORMAL,14.12,25.10,14.00
src-ahu-0160-017,2026-01-15T10:40:00Z,ahu-c-f01-west,ON,NORMAL,14.21,24.93,14.00
src-ahu-0160-018,2026-01-15T10:40:00Z,ahu-c-f02-east,ON,NORMAL,14.09,24.96,14.00
src-ahu-0160-019,2026-01-15T10:40:00Z,ahu-c-f02-west,ON,NORMAL,14.05,24.80,14.00
src-ahu-0160-020,2026-01-15T10:40:00Z,ahu-c-f03-east,ON,NORMAL,14.09,24.88,14.00
src-ahu-0160-021,2026-01-15T10:40:00Z,ahu-c-f03-west,ON,NORMAL,14.05,24.62,14.00
src-ahu-0160-022,2026-01-15T10:40:00Z,ahu-c-f04-east,ON,NORMAL,13.81,24.73,14.00
src-ahu-0160-023,2026-01-15T10:40:00Z,ahu-c-f04-west,ON,NORMAL,13.77,24.53,14.00
src-ahu-0161-000,2026-01-15T10:41:00Z,ahu-a-f01-east,ON,NORMAL,13.83,24.10,14.00
src-ahu-0161-001,2026-01-15T10:41:00Z,ahu-a-f01-west,ON,NORMAL,14.09,24.15,14.00
src-ahu-0161-002,2026-01-15T10:41:00Z,ahu-a-f02-east,ON,NORMAL,13.99,24.47,14.00
src-ahu-0161-003,2026-01-15T10:41:00Z,ahu-a-f02-west,ON,NORMAL,14.11,24.67,14.00
src-ahu-0161-004,2026-01-15T10:41:00Z,ahu-a-f03-east,ON,NORMAL,14.13,25.12,14.00
src-ahu-0161-005,2026-01-15T10:41:00Z,ahu-a-f03-west,ON,NORMAL,14.27,25.25,14.00
src-ahu-0161-006,2026-01-15T10:41:00Z,ahu-a-f04-east,ON,NORMAL,14.30,25.57,14.00
src-ahu-0161-007,2026-01-15T10:41:00Z,ahu-a-f04-west,ON,NORMAL,14.32,25.73,14.00
src-ahu-0161-008,2026-01-15T10:41:00Z,ahu-b-f01-east,ON,NORMAL,14.36,25.34,14.00
src-ahu-0161-009,2026-01-15T10:41:00Z,ahu-b-f01-west,ON,NORMAL,14.44,25.44,14.00
src-ahu-0161-010,2026-01-15T10:41:00Z,ahu-b-f02-east,ON,NORMAL,14.29,25.64,14.00
src-ahu-0161-011,2026-01-15T10:41:00Z,ahu-b-f02-west,ON,NORMAL,14.31,25.68,14.00
src-ahu-0161-012,2026-01-15T10:41:00Z,ahu-b-f03-east,ON,NORMAL,14.22,25.76,14.00
src-ahu-0161-013,2026-01-15T10:41:00Z,ahu-b-f03-west,ON,NORMAL,14.27,25.58,14.00
src-ahu-0161-014,2026-01-15T10:41:00Z,ahu-b-f04-east,OFF,NORMAL,18.50,25.59,14.00
src-ahu-0161-015,2026-01-15T10:41:00Z,ahu-b-f04-west,ON,NORMAL,14.13,25.45,14.00
src-ahu-0161-016,2026-01-15T10:41:00Z,ahu-c-f01-east,ON,NORMAL,14.09,25.21,14.00
src-ahu-0161-017,2026-01-15T10:41:00Z,ahu-c-f01-west,ON,NORMAL,14.19,24.91,14.00
src-ahu-0161-018,2026-01-15T10:41:00Z,ahu-c-f02-east,ON,NORMAL,14.01,24.90,14.00
src-ahu-0161-019,2026-01-15T10:41:00Z,ahu-c-f02-west,ON,NORMAL,13.98,24.69,14.00
src-ahu-0161-020,2026-01-15T10:41:00Z,ahu-c-f03-east,ON,NORMAL,13.93,24.70,14.00
src-ahu-0161-021,2026-01-15T10:41:00Z,ahu-c-f03-west,ON,NORMAL,13.86,24.69,14.00
src-ahu-0161-022,2026-01-15T10:41:00Z,ahu-c-f04-east,ON,NORMAL,13.92,24.63,14.00
src-ahu-0161-023,2026-01-15T10:41:00Z,ahu-c-f04-west,ON,NORMAL,13.75,24.58,14.00
src-ahu-0162-000,2026-01-15T10:42:00Z,ahu-a-f01-east,ON,NORMAL,13.96,24.06,14.00
src-ahu-0162-001,2026-01-15T10:42:00Z,ahu-a-f01-west,ON,NORMAL,14.13,24.14,14.00
src-ahu-0162-002,2026-01-15T10:42:00Z,ahu-a-f02-east,ON,NORMAL,14.16,24.56,14.00
src-ahu-0162-003,2026-01-15T10:42:00Z,ahu-a-f02-west,ON,NORMAL,14.20,24.74,14.00
src-ahu-0162-004,2026-01-15T10:42:00Z,ahu-a-f03-east,ON,NORMAL,14.09,25.08,14.00
src-ahu-0162-005,2026-01-15T10:42:00Z,ahu-a-f03-west,ON,NORMAL,14.29,25.29,14.00
src-ahu-0162-006,2026-01-15T10:42:00Z,ahu-a-f04-east,ON,NORMAL,14.30,25.67,14.00
src-ahu-0162-007,2026-01-15T10:42:00Z,ahu-a-f04-west,ON,NORMAL,14.43,25.83,14.00
src-ahu-0162-008,2026-01-15T10:42:00Z,ahu-b-f01-east,ON,NORMAL,14.34,25.45,14.00
src-ahu-0162-009,2026-01-15T10:42:00Z,ahu-b-f01-west,ON,NORMAL,14.36,25.39,14.00
src-ahu-0162-010,2026-01-15T10:42:00Z,ahu-b-f02-east,ON,NORMAL,14.44,25.61,14.00
src-ahu-0162-011,2026-01-15T10:42:00Z,ahu-b-f02-west,ON,NORMAL,14.37,25.61,14.00
src-ahu-0162-012,2026-01-15T10:42:00Z,ahu-b-f03-east,ON,NORMAL,14.43,25.67,14.00
src-ahu-0162-013,2026-01-15T10:42:00Z,ahu-b-f03-west,ON,NORMAL,14.19,25.55,14.00
src-ahu-0162-014,2026-01-15T10:42:00Z,ahu-b-f04-east,OFF,NORMAL,18.50,25.57,14.00
src-ahu-0162-015,2026-01-15T10:42:00Z,ahu-b-f04-west,ON,NORMAL,14.14,25.40,14.00
src-ahu-0162-016,2026-01-15T10:42:00Z,ahu-c-f01-east,ON,NORMAL,14.15,25.10,14.00
src-ahu-0162-017,2026-01-15T10:42:00Z,ahu-c-f01-west,ON,NORMAL,14.18,24.91,14.00
src-ahu-0162-018,2026-01-15T10:42:00Z,ahu-c-f02-east,ON,NORMAL,14.06,24.86,14.00
src-ahu-0162-019,2026-01-15T10:42:00Z,ahu-c-f02-west,ON,NORMAL,14.02,24.74,14.00
src-ahu-0162-020,2026-01-15T10:42:00Z,ahu-c-f03-east,ON,NORMAL,13.91,24.63,14.00
src-ahu-0162-021,2026-01-15T10:42:00Z,ahu-c-f03-west,ON,NORMAL,13.85,24.62,14.00
src-ahu-0162-022,2026-01-15T10:42:00Z,ahu-c-f04-east,ON,NORMAL,13.84,24.70,14.00
src-ahu-0162-023,2026-01-15T10:42:00Z,ahu-c-f04-west,ON,NORMAL,13.84,24.55,14.00
src-ahu-0163-000,2026-01-15T10:43:00Z,ahu-a-f01-east,ON,NORMAL,14.01,24.12,14.00
src-ahu-0163-001,2026-01-15T10:43:00Z,ahu-a-f01-west,ON,NORMAL,14.08,24.16,14.00
src-ahu-0163-002,2026-01-15T10:43:00Z,ahu-a-f02-east,ON,NORMAL,14.16,24.62,14.00
src-ahu-0163-003,2026-01-15T10:43:00Z,ahu-a-f02-west,ON,NORMAL,14.20,24.75,14.00
src-ahu-0163-004,2026-01-15T10:43:00Z,ahu-a-f03-east,ON,NORMAL,14.13,25.23,14.00
src-ahu-0163-005,2026-01-15T10:43:00Z,ahu-a-f03-west,ON,NORMAL,14.14,25.33,14.00
src-ahu-0163-006,2026-01-15T10:43:00Z,ahu-a-f04-east,ON,NORMAL,14.41,25.66,14.00
src-ahu-0163-007,2026-01-15T10:43:00Z,ahu-a-f04-west,ON,NORMAL,14.27,25.82,14.00
src-ahu-0163-008,2026-01-15T10:43:00Z,ahu-b-f01-east,ON,NORMAL,14.30,25.37,14.00
src-ahu-0163-009,2026-01-15T10:43:00Z,ahu-b-f01-west,ON,NORMAL,14.27,25.48,14.00
src-ahu-0163-010,2026-01-15T10:43:00Z,ahu-b-f02-east,ON,NORMAL,14.32,25.65,14.00
src-ahu-0163-011,2026-01-15T10:43:00Z,ahu-b-f02-west,ON,NORMAL,14.31,25.64,14.00
src-ahu-0163-012,2026-01-15T10:43:00Z,ahu-b-f03-east,ON,NORMAL,14.24,25.73,14.00
src-ahu-0163-013,2026-01-15T10:43:00Z,ahu-b-f03-west,ON,NORMAL,14.31,25.55,14.00
src-ahu-0163-014,2026-01-15T10:43:00Z,ahu-b-f04-east,OFF,NORMAL,18.50,25.63,14.00
src-ahu-0163-015,2026-01-15T10:43:00Z,ahu-b-f04-west,ON,NORMAL,14.20,25.31,14.00
src-ahu-0163-016,2026-01-15T10:43:00Z,ahu-c-f01-east,ON,NORMAL,14.22,25.07,14.00
src-ahu-0163-017,2026-01-15T10:43:00Z,ahu-c-f01-west,ON,NORMAL,14.18,24.89,14.00
src-ahu-0163-018,2026-01-15T10:43:00Z,ahu-c-f02-east,ON,NORMAL,14.10,24.94,14.00
src-ahu-0163-019,2026-01-15T10:43:00Z,ahu-c-f02-west,ON,NORMAL,13.86,24.62,14.00
src-ahu-0163-020,2026-01-15T10:43:00Z,ahu-c-f03-east,ON,NORMAL,13.83,24.70,14.00
src-ahu-0163-021,2026-01-15T10:43:00Z,ahu-c-f03-west,ON,NORMAL,13.88,24.48,14.00
src-ahu-0163-022,2026-01-15T10:43:00Z,ahu-c-f04-east,ON,NORMAL,13.83,24.63,14.00
src-ahu-0163-023,2026-01-15T10:43:00Z,ahu-c-f04-west,ON,NORMAL,13.80,24.55,14.00
src-ahu-0164-000,2026-01-15T10:44:00Z,ahu-a-f01-east,ON,NORMAL,14.00,24.06,14.00
src-ahu-0164-001,2026-01-15T10:44:00Z,ahu-a-f01-west,ON,NORMAL,14.18,24.34,14.00
src-ahu-0164-002,2026-01-15T10:44:00Z,ahu-a-f02-east,ON,NORMAL,14.24,24.60,14.00
src-ahu-0164-003,2026-01-15T10:44:00Z,ahu-a-f02-west,ON,NORMAL,14.30,24.82,14.00
src-ahu-0164-004,2026-01-15T10:44:00Z,ahu-a-f03-east,ON,NORMAL,14.26,25.19,14.00
src-ahu-0164-005,2026-01-15T10:44:00Z,ahu-a-f03-west,ON,NORMAL,14.33,25.38,14.00
src-ahu-0164-006,2026-01-15T10:44:00Z,ahu-a-f04-east,ON,NORMAL,14.33,25.73,14.00
src-ahu-0164-007,2026-01-15T10:44:00Z,ahu-a-f04-west,ON,NORMAL,14.39,25.91,14.00
src-ahu-0164-008,2026-01-15T10:44:00Z,ahu-b-f01-east,ON,NORMAL,14.29,25.44,14.00
src-ahu-0164-009,2026-01-15T10:44:00Z,ahu-b-f01-west,ON,NORMAL,14.46,25.44,14.00
src-ahu-0164-010,2026-01-15T10:44:00Z,ahu-b-f02-east,ON,NORMAL,14.44,25.60,14.00
src-ahu-0164-011,2026-01-15T10:44:00Z,ahu-b-f02-west,ON,NORMAL,14.28,25.45,14.00
src-ahu-0164-012,2026-01-15T10:44:00Z,ahu-b-f03-east,ON,NORMAL,14.36,25.67,14.00
src-ahu-0164-013,2026-01-15T10:44:00Z,ahu-b-f03-west,ON,NORMAL,14.24,25.54,14.00
src-ahu-0164-014,2026-01-15T10:44:00Z,ahu-b-f04-east,OFF,NORMAL,18.50,25.64,14.00
src-ahu-0164-015,2026-01-15T10:44:00Z,ahu-b-f04-west,ON,NORMAL,14.06,25.37,14.00
src-ahu-0164-016,2026-01-15T10:44:00Z,ahu-c-f01-east,ON,NORMAL,14.20,25.12,14.00
src-ahu-0164-017,2026-01-15T10:44:00Z,ahu-c-f01-west,ON,NORMAL,14.06,24.79,14.00
src-ahu-0164-018,2026-01-15T10:44:00Z,ahu-c-f02-east,ON,NORMAL,13.99,24.83,14.00
src-ahu-0164-019,2026-01-15T10:44:00Z,ahu-c-f02-west,ON,NORMAL,14.01,24.62,14.00
src-ahu-0164-020,2026-01-15T10:44:00Z,ahu-c-f03-east,ON,NORMAL,13.81,24.65,14.00
src-ahu-0164-021,2026-01-15T10:44:00Z,ahu-c-f03-west,ON,NORMAL,13.87,24.63,14.00
src-ahu-0164-022,2026-01-15T10:44:00Z,ahu-c-f04-east,ON,NORMAL,13.76,24.69,14.00
src-ahu-0164-023,2026-01-15T10:44:00Z,ahu-c-f04-west,ON,NORMAL,13.80,24.53,14.00
src-ahu-0165-000,2026-01-15T10:45:00Z,ahu-a-f01-east,ON,NORMAL,14.12,24.07,14.00
src-ahu-0165-001,2026-01-15T10:45:00Z,ahu-a-f01-west,ON,NORMAL,14.15,24.36,14.00
src-ahu-0165-002,2026-01-15T10:45:00Z,ahu-a-f02-east,ON,NORMAL,14.09,24.69,14.00
src-ahu-0165-003,2026-01-15T10:45:00Z,ahu-a-f02-west,ON,NORMAL,14.28,24.91,14.00
src-ahu-0165-004,2026-01-15T10:45:00Z,ahu-a-f03-east,ON,NORMAL,14.20,25.32,14.00
src-ahu-0165-005,2026-01-15T10:45:00Z,ahu-a-f03-west,ON,NORMAL,14.34,25.44,14.00
src-ahu-0165-006,2026-01-15T10:45:00Z,ahu-a-f04-east,ON,NORMAL,14.31,25.76,14.00
src-ahu-0165-007,2026-01-15T10:45:00Z,ahu-a-f04-west,ON,NORMAL,14.44,25.90,14.00
src-ahu-0165-008,2026-01-15T10:45:00Z,ahu-b-f01-east,ON,NORMAL,14.40,25.41,14.00
src-ahu-0165-009,2026-01-15T10:45:00Z,ahu-b-f01-west,ON,NORMAL,14.32,25.41,14.00
src-ahu-0165-010,2026-01-15T10:45:00Z,ahu-b-f02-east,ON,NORMAL,14.26,25.62,14.00
src-ahu-0165-011,2026-01-15T10:45:00Z,ahu-b-f02-west,ON,NORMAL,14.34,25.51,14.00
src-ahu-0165-012,2026-01-15T10:45:00Z,ahu-b-f03-east,ON,NORMAL,14.24,25.66,14.00
src-ahu-0165-013,2026-01-15T10:45:00Z,ahu-b-f03-west,ON,NORMAL,14.18,25.49,14.00
src-ahu-0165-014,2026-01-15T10:45:00Z,ahu-b-f04-east,OFF,NORMAL,18.50,25.45,14.00
src-ahu-0165-015,2026-01-15T10:45:00Z,ahu-b-f04-west,ON,NORMAL,14.17,25.32,14.00
src-ahu-0165-016,2026-01-15T10:45:00Z,ahu-c-f01-east,ON,NORMAL,14.06,25.03,14.00
src-ahu-0165-017,2026-01-15T10:45:00Z,ahu-c-f01-west,ON,NORMAL,14.04,24.76,14.00
src-ahu-0165-018,2026-01-15T10:45:00Z,ahu-c-f02-east,ON,NORMAL,14.08,24.79,14.00
src-ahu-0165-019,2026-01-15T10:45:00Z,ahu-c-f02-west,ON,NORMAL,14.04,24.66,14.00
src-ahu-0165-020,2026-01-15T10:45:00Z,ahu-c-f03-east,ON,NORMAL,13.79,24.58,14.00
src-ahu-0165-021,2026-01-15T10:45:00Z,ahu-c-f03-west,ON,NORMAL,13.73,24.48,14.00
src-ahu-0165-022,2026-01-15T10:45:00Z,ahu-c-f04-east,ON,NORMAL,13.71,24.71,14.00
src-ahu-0165-023,2026-01-15T10:45:00Z,ahu-c-f04-west,ON,NORMAL,13.83,24.57,14.00
src-ahu-0166-000,2026-01-15T10:46:00Z,ahu-a-f01-east,ON,NORMAL,13.97,24.22,14.00
src-ahu-0166-001,2026-01-15T10:46:00Z,ahu-a-f01-west,ON,NORMAL,14.24,24.38,14.00
src-ahu-0166-002,2026-01-15T10:46:00Z,ahu-a-f02-east,ON,NORMAL,14.26,24.66,14.00
src-ahu-0166-003,2026-01-15T10:46:00Z,ahu-a-f02-west,ON,NORMAL,14.34,24.98,14.00
src-ahu-0166-004,2026-01-15T10:46:00Z,ahu-a-f03-east,ON,NORMAL,14.20,25.25,14.00
src-ahu-0166-005,2026-01-15T10:46:00Z,ahu-a-f03-west,ON,NORMAL,14.25,25.43,14.00
src-ahu-0166-006,2026-01-15T10:46:00Z,ahu-a-f04-east,ON,NORMAL,14.29,25.81,14.00
src-ahu-0166-007,2026-01-15T10:46:00Z,ahu-a-f04-west,ON,NORMAL,14.29,25.89,14.00
src-ahu-0166-008,2026-01-15T10:46:00Z,ahu-b-f01-east,ON,NORMAL,14.35,25.34,14.00
src-ahu-0166-009,2026-01-15T10:46:00Z,ahu-b-f01-west,ON,NORMAL,14.44,25.50,14.00
src-ahu-0166-010,2026-01-15T10:46:00Z,ahu-b-f02-east,ON,NORMAL,14.43,25.58,14.00
src-ahu-0166-011,2026-01-15T10:46:00Z,ahu-b-f02-west,ON,NORMAL,14.22,25.54,14.00
src-ahu-0166-012,2026-01-15T10:46:00Z,ahu-b-f03-east,ON,NORMAL,14.31,25.57,14.00
src-ahu-0166-013,2026-01-15T10:46:00Z,ahu-b-f03-west,ON,NORMAL,14.20,25.45,14.00
src-ahu-0166-014,2026-01-15T10:46:00Z,ahu-b-f04-east,OFF,NORMAL,18.50,25.50,14.00
src-ahu-0166-015,2026-01-15T10:46:00Z,ahu-b-f04-west,ON,NORMAL,14.04,25.30,14.00
src-ahu-0166-016,2026-01-15T10:46:00Z,ahu-c-f01-east,ON,NORMAL,14.13,24.96,14.00
src-ahu-0166-017,2026-01-15T10:46:00Z,ahu-c-f01-west,ON,NORMAL,13.95,24.77,14.00
src-ahu-0166-018,2026-01-15T10:46:00Z,ahu-c-f02-east,ON,NORMAL,13.90,24.83,14.00
src-ahu-0166-019,2026-01-15T10:46:00Z,ahu-c-f02-west,ON,NORMAL,13.91,24.64,14.00
src-ahu-0166-020,2026-01-15T10:46:00Z,ahu-c-f03-east,ON,NORMAL,13.83,24.55,14.00
src-ahu-0166-021,2026-01-15T10:46:00Z,ahu-c-f03-west,ON,NORMAL,13.79,24.53,14.00
src-ahu-0166-022,2026-01-15T10:46:00Z,ahu-c-f04-east,ON,NORMAL,13.72,24.67,14.00
src-ahu-0166-023,2026-01-15T10:46:00Z,ahu-c-f04-west,ON,NORMAL,13.82,24.59,14.00
src-ahu-0167-000,2026-01-15T10:47:00Z,ahu-a-f01-east,ON,NORMAL,14.12,24.26,14.00
src-ahu-0167-001,2026-01-15T10:47:00Z,ahu-a-f01-west,ON,NORMAL,14.14,24.35,14.00
src-ahu-0167-002,2026-01-15T10:47:00Z,ahu-a-f02-east,ON,NORMAL,14.16,24.77,14.00
src-ahu-0167-003,2026-01-15T10:47:00Z,ahu-a-f02-west,ON,NORMAL,14.36,24.93,14.00
src-ahu-0167-004,2026-01-15T10:47:00Z,ahu-a-f03-east,ON,NORMAL,14.28,25.29,14.00
src-ahu-0167-005,2026-01-15T10:47:00Z,ahu-a-f03-west,ON,NORMAL,14.41,25.38,14.00
src-ahu-0167-006,2026-01-15T10:47:00Z,ahu-a-f04-east,ON,NORMAL,14.35,25.77,14.00
src-ahu-0167-007,2026-01-15T10:47:00Z,ahu-a-f04-west,ON,NORMAL,14.45,25.97,14.00
src-ahu-0167-008,2026-01-15T10:47:00Z,ahu-b-f01-east,ON,NORMAL,14.26,25.40,14.00
src-ahu-0167-009,2026-01-15T10:47:00Z,ahu-b-f01-west,ON,NORMAL,14.44,25.48,14.00
src-ahu-0167-010,2026-01-15T10:47:00Z,ahu-b-f02-east,ON,NORMAL,14.39,25.53,14.00
src-ahu-0167-011,2026-01-15T10:47:00Z,ahu-b-f02-west,ON,NORMAL,14.29,25.55,14.00
src-ahu-0167-012,2026-01-15T10:47:00Z,ahu-b-f03-east,ON,NORMAL,14.36,25.52,14.00
src-ahu-0167-013,2026-01-15T10:47:00Z,ahu-b-f03-west,ON,NORMAL,14.13,25.52,14.00
src-ahu-0167-014,2026-01-15T10:47:00Z,ahu-b-f04-east,OFF,NORMAL,18.50,25.52,14.00
src-ahu-0167-015,2026-01-15T10:47:00Z,ahu-b-f04-west,ON,NORMAL,14.13,25.29,14.00
src-ahu-0167-016,2026-01-15T10:47:00Z,ahu-c-f01-east,ON,NORMAL,14.09,24.91,14.00
src-ahu-0167-017,2026-01-15T10:47:00Z,ahu-c-f01-west,ON,NORMAL,14.04,24.65,14.00
src-ahu-0167-018,2026-01-15T10:47:00Z,ahu-c-f02-east,ON,NORMAL,13.86,24.74,14.00
src-ahu-0167-019,2026-01-15T10:47:00Z,ahu-c-f02-west,ON,NORMAL,13.89,24.55,14.00
src-ahu-0167-020,2026-01-15T10:47:00Z,ahu-c-f03-east,ON,NORMAL,13.77,24.59,14.00
src-ahu-0167-021,2026-01-15T10:47:00Z,ahu-c-f03-west,ON,NORMAL,13.88,24.57,14.00
src-ahu-0167-022,2026-01-15T10:47:00Z,ahu-c-f04-east,ON,NORMAL,13.64,24.59,14.00
src-ahu-0167-023,2026-01-15T10:47:00Z,ahu-c-f04-west,ON,NORMAL,13.64,24.59,14.00
src-ahu-0168-000,2026-01-15T10:48:00Z,ahu-a-f01-east,ON,NORMAL,14.22,24.28,14.00
src-ahu-0168-001,2026-01-15T10:48:00Z,ahu-a-f01-west,ON,NORMAL,14.24,24.49,14.00
src-ahu-0168-002,2026-01-15T10:48:00Z,ahu-a-f02-east,ON,NORMAL,14.30,24.88,14.00
src-ahu-0168-003,2026-01-15T10:48:00Z,ahu-a-f02-west,ON,NORMAL,14.23,25.09,14.00
src-ahu-0168-004,2026-01-15T10:48:00Z,ahu-a-f03-east,ON,NORMAL,14.39,25.30,14.00
src-ahu-0168-005,2026-01-15T10:48:00Z,ahu-a-f03-west,ON,NORMAL,14.42,25.54,14.00
src-ahu-0168-006,2026-01-15T10:48:00Z,ahu-a-f04-east,ON,NORMAL,14.33,25.82,14.00
src-ahu-0168-007,2026-01-15T10:48:00Z,ahu-a-f04-west,ON,NORMAL,14.28,25.99,14.00
src-ahu-0168-008,2026-01-15T10:48:00Z,ahu-b-f01-east,ON,NORMAL,14.31,25.39,14.00
src-ahu-0168-009,2026-01-15T10:48:00Z,ahu-b-f01-west,ON,NORMAL,14.28,25.42,14.00
src-ahu-0168-010,2026-01-15T10:48:00Z,ahu-b-f02-east,ON,NORMAL,14.22,25.48,14.00
src-ahu-0168-011,2026-01-15T10:48:00Z,ahu-b-f02-west,ON,NORMAL,14.28,25.52,14.00
src-ahu-0168-012,2026-01-15T10:48:00Z,ahu-b-f03-east,ON,NORMAL,14.18,25.58,14.00
src-ahu-0168-013,2026-01-15T10:48:00Z,ahu-b-f03-west,ON,NORMAL,14.14,25.47,14.00
src-ahu-0168-014,2026-01-15T10:48:00Z,ahu-b-f04-east,OFF,NORMAL,18.50,25.35,14.00
src-ahu-0168-015,2026-01-15T10:48:00Z,ahu-b-f04-west,ON,NORMAL,14.09,25.30,14.00
src-ahu-0168-016,2026-01-15T10:48:00Z,ahu-c-f01-east,ON,NORMAL,13.98,24.95,14.00
src-ahu-0168-017,2026-01-15T10:48:00Z,ahu-c-f01-west,ON,NORMAL,13.91,24.64,14.00
src-ahu-0168-018,2026-01-15T10:48:00Z,ahu-c-f02-east,ON,NORMAL,13.97,24.69,14.00
src-ahu-0168-019,2026-01-15T10:48:00Z,ahu-c-f02-west,ON,NORMAL,13.80,24.49,14.00
src-ahu-0168-020,2026-01-15T10:48:00Z,ahu-c-f03-east,ON,NORMAL,13.73,24.54,14.00
src-ahu-0168-021,2026-01-15T10:48:00Z,ahu-c-f03-west,ON,NORMAL,13.77,24.48,14.00
src-ahu-0168-022,2026-01-15T10:48:00Z,ahu-c-f04-east,ON,NORMAL,13.60,24.55,14.00
src-ahu-0168-023,2026-01-15T10:48:00Z,ahu-c-f04-west,ON,NORMAL,13.79,24.49,14.00
src-ahu-0169-000,2026-01-15T10:49:00Z,ahu-a-f01-east,ON,NORMAL,14.20,24.17,14.00
src-ahu-0169-001,2026-01-15T10:49:00Z,ahu-a-f01-west,ON,NORMAL,14.18,24.35,14.00
src-ahu-0169-002,2026-01-15T10:49:00Z,ahu-a-f02-east,ON,NORMAL,14.18,24.80,14.00
src-ahu-0169-003,2026-01-15T10:49:00Z,ahu-a-f02-west,ON,NORMAL,14.21,25.05,14.00
src-ahu-0169-004,2026-01-15T10:49:00Z,ahu-a-f03-east,ON,NORMAL,14.21,25.29,14.00
src-ahu-0169-005,2026-01-15T10:49:00Z,ahu-a-f03-west,ON,NORMAL,14.43,25.51,14.00
src-ahu-0169-006,2026-01-15T10:49:00Z,ahu-a-f04-east,ON,NORMAL,14.42,25.86,14.00
src-ahu-0169-007,2026-01-15T10:49:00Z,ahu-a-f04-west,ON,NORMAL,14.25,25.88,14.00
src-ahu-0169-008,2026-01-15T10:49:00Z,ahu-b-f01-east,ON,NORMAL,14.46,25.43,14.00
src-ahu-0169-009,2026-01-15T10:49:00Z,ahu-b-f01-west,ON,NORMAL,14.40,25.36,14.00
src-ahu-0169-010,2026-01-15T10:49:00Z,ahu-b-f02-east,ON,NORMAL,14.27,25.59,14.00
src-ahu-0169-011,2026-01-15T10:49:00Z,ahu-b-f02-west,ON,NORMAL,14.29,25.55,14.00
src-ahu-0169-012,2026-01-15T10:49:00Z,ahu-b-f03-east,ON,NORMAL,14.26,25.48,14.00
src-ahu-0169-013,2026-01-15T10:49:00Z,ahu-b-f03-west,ON,NORMAL,14.08,25.48,14.00
src-ahu-0169-014,2026-01-15T10:49:00Z,ahu-b-f04-east,OFF,NORMAL,18.50,25.37,14.00
src-ahu-0169-015,2026-01-15T10:49:00Z,ahu-b-f04-west,ON,NORMAL,14.00,25.28,14.00
src-ahu-0169-016,2026-01-15T10:49:00Z,ahu-c-f01-east,ON,NORMAL,13.88,24.94,14.00
src-ahu-0169-017,2026-01-15T10:49:00Z,ahu-c-f01-west,ON,NORMAL,14.05,24.74,14.00
src-ahu-0169-018,2026-01-15T10:49:00Z,ahu-c-f02-east,ON,NORMAL,13.88,24.73,14.00
src-ahu-0169-019,2026-01-15T10:49:00Z,ahu-c-f02-west,ON,NORMAL,13.84,24.47,14.00
src-ahu-0169-020,2026-01-15T10:49:00Z,ahu-c-f03-east,ON,NORMAL,13.78,24.55,14.00
src-ahu-0169-021,2026-01-15T10:49:00Z,ahu-c-f03-west,ON,NORMAL,13.63,24.49,14.00
src-ahu-0169-022,2026-01-15T10:49:00Z,ahu-c-f04-east,ON,NORMAL,13.66,24.61,14.00
src-ahu-0169-023,2026-01-15T10:49:00Z,ahu-c-f04-west,ON,NORMAL,13.60,24.61,14.00
src-ahu-0170-000,2026-01-15T10:50:00Z,ahu-a-f01-east,ON,NORMAL,14.21,24.24,14.00
src-ahu-0170-001,2026-01-15T10:50:00Z,ahu-a-f01-west,ON,NORMAL,14.24,24.40,14.00
src-ahu-0170-002,2026-01-15T10:50:00Z,ahu-a-f02-east,ON,NORMAL,14.38,24.77,14.00
src-ahu-0170-003,2026-01-15T10:50:00Z,ahu-a-f02-west,ON,NORMAL,14.21,25.09,14.00
src-ahu-0170-004,2026-01-15T10:50:00Z,ahu-a-f03-east,ON,NORMAL,14.43,25.39,14.00
src-ahu-0170-005,2026-01-15T10:50:00Z,ahu-a-f03-west,ON,NORMAL,14.27,25.58,14.00
src-ahu-0170-006,2026-01-15T10:50:00Z,ahu-a-f04-east,ON,NORMAL,14.44,25.87,14.00
src-ahu-0170-007,2026-01-15T10:50:00Z,ahu-a-f04-west,ON,NORMAL,14.33,25.94,14.00
src-ahu-0170-008,2026-01-15T10:50:00Z,ahu-b-f01-east,ON,NORMAL,14.44,25.48,14.00
src-ahu-0170-009,2026-01-15T10:50:00Z,ahu-b-f01-west,ON,NORMAL,14.24,25.43,14.00
src-ahu-0170-010,2026-01-15T10:50:00Z,ahu-b-f02-east,ON,NORMAL,14.28,25.54,14.00
src-ahu-0170-011,2026-01-15T10:50:00Z,ahu-b-f02-west,ON,NORMAL,14.34,25.46,14.00
src-ahu-0170-012,2026-01-15T10:50:00Z,ahu-b-f03-east,ON,NORMAL,14.10,25.48,14.00
src-ahu-0170-013,2026-01-15T10:50:00Z,ahu-b-f03-west,ON,NORMAL,14.19,25.32,14.00
src-ahu-0170-014,2026-01-15T10:50:00Z,ahu-b-f04-east,OFF,NORMAL,18.50,25.34,14.00
src-ahu-0170-015,2026-01-15T10:50:00Z,ahu-b-f04-west,ON,NORMAL,13.99,25.15,14.00
src-ahu-0170-016,2026-01-15T10:50:00Z,ahu-c-f01-east,ON,NORMAL,13.94,24.81,14.00
src-ahu-0170-017,2026-01-15T10:50:00Z,ahu-c-f01-west,ON,NORMAL,13.99,24.67,14.00
src-ahu-0170-018,2026-01-15T10:50:00Z,ahu-c-f02-east,ON,NORMAL,13.81,24.67,14.00
src-ahu-0170-019,2026-01-15T10:50:00Z,ahu-c-f02-west,ON,NORMAL,13.72,24.55,14.00
src-ahu-0170-020,2026-01-15T10:50:00Z,ahu-c-f03-east,ON,NORMAL,13.72,24.50,14.00
src-ahu-0170-021,2026-01-15T10:50:00Z,ahu-c-f03-west,ON,NORMAL,13.70,24.51,14.00
src-ahu-0170-022,2026-01-15T10:50:00Z,ahu-c-f04-east,ON,NORMAL,13.71,24.58,14.00
src-ahu-0170-023,2026-01-15T10:50:00Z,ahu-c-f04-west,ON,NORMAL,13.74,24.69,14.00
src-ahu-0171-000,2026-01-15T10:51:00Z,ahu-a-f01-east,ON,NORMAL,14.13,24.28,14.00
src-ahu-0171-001,2026-01-15T10:51:00Z,ahu-a-f01-west,ON,NORMAL,14.33,24.51,14.00
src-ahu-0171-002,2026-01-15T10:51:00Z,ahu-a-f02-east,ON,NORMAL,14.23,24.81,14.00
src-ahu-0171-003,2026-01-15T10:51:00Z,ahu-a-f02-west,ON,NORMAL,14.24,25.11,14.00
src-ahu-0171-004,2026-01-15T10:51:00Z,ahu-a-f03-east,ON,NORMAL,14.45,25.38,14.00
src-ahu-0171-005,2026-01-15T10:51:00Z,ahu-a-f03-west,ON,NORMAL,14.45,25.59,14.00
src-ahu-0171-006,2026-01-15T10:51:00Z,ahu-a-f04-east,ON,NORMAL,14.44,25.93,14.00
src-ahu-0171-007,2026-01-15T10:51:00Z,ahu-a-f04-west,ON,NORMAL,14.36,25.88,14.00
src-ahu-0171-008,2026-01-15T10:51:00Z,ahu-b-f01-east,ON,NORMAL,14.29,25.48,14.00
src-ahu-0171-009,2026-01-15T10:51:00Z,ahu-b-f01-west,ON,NORMAL,14.38,25.39,14.00
src-ahu-0171-010,2026-01-15T10:51:00Z,ahu-b-f02-east,ON,NORMAL,14.18,25.50,14.00
src-ahu-0171-011,2026-01-15T10:51:00Z,ahu-b-f02-west,ON,NORMAL,14.27,25.46,14.00
src-ahu-0171-012,2026-01-15T10:51:00Z,ahu-b-f03-east,ON,NORMAL,14.08,25.47,14.00
src-ahu-0171-013,2026-01-15T10:51:00Z,ahu-b-f03-west,ON,NORMAL,14.19,25.31,14.00
src-ahu-0171-014,2026-01-15T10:51:00Z,ahu-b-f04-east,OFF,NORMAL,18.50,25.43,14.00
src-ahu-0171-015,2026-01-15T10:51:00Z,ahu-b-f04-west,ON,NORMAL,14.00,25.09,14.00
src-ahu-0171-016,2026-01-15T10:51:00Z,ahu-c-f01-east,ON,NORMAL,13.99,24.84,14.00
src-ahu-0171-017,2026-01-15T10:51:00Z,ahu-c-f01-west,ON,NORMAL,13.79,24.71,14.00
src-ahu-0171-018,2026-01-15T10:51:00Z,ahu-c-f02-east,ON,NORMAL,13.84,24.62,14.00
src-ahu-0171-019,2026-01-15T10:51:00Z,ahu-c-f02-west,ON,NORMAL,13.74,24.42,14.00
src-ahu-0171-020,2026-01-15T10:51:00Z,ahu-c-f03-east,ON,NORMAL,13.68,24.46,14.00
src-ahu-0171-021,2026-01-15T10:51:00Z,ahu-c-f03-west,ON,NORMAL,13.71,24.38,14.00
src-ahu-0171-022,2026-01-15T10:51:00Z,ahu-c-f04-east,ON,NORMAL,13.57,24.62,14.00
src-ahu-0171-023,2026-01-15T10:51:00Z,ahu-c-f04-west,ON,NORMAL,13.61,24.60,14.00
src-ahu-0172-000,2026-01-15T10:52:00Z,ahu-a-f01-east,ON,NORMAL,14.28,24.28,14.00
src-ahu-0172-001,2026-01-15T10:52:00Z,ahu-a-f01-west,ON,NORMAL,14.34,24.45,14.00
src-ahu-0172-002,2026-01-15T10:52:00Z,ahu-a-f02-east,ON,NORMAL,14.27,24.91,14.00
src-ahu-0172-003,2026-01-15T10:52:00Z,ahu-a-f02-west,ON,NORMAL,14.42,25.09,14.00
src-ahu-0172-004,2026-01-15T10:52:00Z,ahu-a-f03-east,ON,NORMAL,14.37,25.41,14.00
src-ahu-0172-005,2026-01-15T10:52:00Z,ahu-a-f03-west,ON,NORMAL,14.36,25.59,14.00
src-ahu-0172-006,2026-01-15T10:52:00Z,ahu-a-f04-east,ON,NORMAL,14.38,25.91,14.00
src-ahu-0172-007,2026-01-15T10:52:00Z,ahu-a-f04-west,ON,NORMAL,14.36,25.89,14.00
src-ahu-0172-008,2026-01-15T10:52:00Z,ahu-b-f01-east,ON,NORMAL,14.23,25.43,14.00
src-ahu-0172-009,2026-01-15T10:52:00Z,ahu-b-f01-west,ON,NORMAL,14.33,25.41,14.00
src-ahu-0172-010,2026-01-15T10:52:00Z,ahu-b-f02-east,ON,NORMAL,14.35,25.61,14.00
src-ahu-0172-011,2026-01-15T10:52:00Z,ahu-b-f02-west,ON,NORMAL,14.27,25.38,14.00
src-ahu-0172-012,2026-01-15T10:52:00Z,ahu-b-f03-east,ON,NORMAL,14.23,25.45,14.00
src-ahu-0172-013,2026-01-15T10:52:00Z,ahu-b-f03-west,ON,NORMAL,13.98,25.21,14.00
src-ahu-0172-014,2026-01-15T10:52:00Z,ahu-b-f04-east,OFF,NORMAL,18.50,25.23,14.00
src-ahu-0172-015,2026-01-15T10:52:00Z,ahu-b-f04-west,ON,NORMAL,13.95,25.22,14.00
src-ahu-0172-016,2026-01-15T10:52:00Z,ahu-c-f01-east,ON,NORMAL,13.94,24.77,14.00
src-ahu-0172-017,2026-01-15T10:52:00Z,ahu-c-f01-west,ON,NORMAL,13.85,24.60,14.00
src-ahu-0172-018,2026-01-15T10:52:00Z,ahu-c-f02-east,ON,NORMAL,13.90,24.62,14.00
src-ahu-0172-019,2026-01-15T10:52:00Z,ahu-c-f02-west,ON,NORMAL,13.67,24.47,14.00
src-ahu-0172-020,2026-01-15T10:52:00Z,ahu-c-f03-east,ON,NORMAL,13.83,24.51,14.00
src-ahu-0172-021,2026-01-15T10:52:00Z,ahu-c-f03-west,ON,NORMAL,13.63,24.48,14.00
src-ahu-0172-022,2026-01-15T10:52:00Z,ahu-c-f04-east,ON,NORMAL,13.65,24.61,14.00
src-ahu-0172-023,2026-01-15T10:52:00Z,ahu-c-f04-west,ON,NORMAL,13.55,24.66,14.00
src-ahu-0173-000,2026-01-15T10:53:00Z,ahu-a-f01-east,ON,NORMAL,14.13,24.39,14.00
src-ahu-0173-001,2026-01-15T10:53:00Z,ahu-a-f01-west,ON,NORMAL,14.27,24.45,14.00
src-ahu-0173-002,2026-01-15T10:53:00Z,ahu-a-f02-east,ON,NORMAL,14.23,24.88,14.00
src-ahu-0173-003,2026-01-15T10:53:00Z,ahu-a-f02-west,ON,NORMAL,14.40,25.20,14.00
src-ahu-0173-004,2026-01-15T10:53:00Z,ahu-a-f03-east,ON,NORMAL,14.37,25.41,14.00
src-ahu-0173-005,2026-01-15T10:53:00Z,ahu-a-f03-west,ON,NORMAL,14.27,25.53,14.00
src-ahu-0173-006,2026-01-15T10:53:00Z,ahu-a-f04-east,ON,NORMAL,14.26,25.82,14.00
src-ahu-0173-007,2026-01-15T10:53:00Z,ahu-a-f04-west,ON,NORMAL,14.31,25.94,14.00
src-ahu-0173-008,2026-01-15T10:53:00Z,ahu-b-f01-east,ON,NORMAL,14.33,25.46,14.00
src-ahu-0173-009,2026-01-15T10:53:00Z,ahu-b-f01-west,ON,NORMAL,14.24,25.45,14.00
src-ahu-0173-010,2026-01-15T10:53:00Z,ahu-b-f02-east,ON,NORMAL,14.15,25.45,14.00
src-ahu-0173-011,2026-01-15T10:53:00Z,ahu-b-f02-west,ON,NORMAL,14.27,25.39,14.00
src-ahu-0173-012,2026-01-15T10:53:00Z,ahu-b-f03-east,ON,NORMAL,14.03,25.45,14.00
src-ahu-0173-013,2026-01-15T10:53:00Z,ahu-b-f03-west,ON,NORMAL,14.07,25.27,14.00
src-ahu-0173-014,2026-01-15T10:53:00Z,ahu-b-f04-east,OFF,NORMAL,18.50,25.19,14.00
src-ahu-0173-015,2026-01-15T10:53:00Z,ahu-b-f04-west,ON,NORMAL,14.00,25.14,14.00
src-ahu-0173-016,2026-01-15T10:53:00Z,ahu-c-f01-east,ON,NORMAL,13.83,24.76,14.00
src-ahu-0173-017,2026-01-15T10:53:00Z,ahu-c-f01-west,ON,NORMAL,13.90,24.58,14.00
src-ahu-0173-018,2026-01-15T10:53:00Z,ahu-c-f02-east,ON,NORMAL,13.76,24.63,14.00
src-ahu-0173-019,2026-01-15T10:53:00Z,ahu-c-f02-west,ON,NORMAL,13.63,24.35,14.00
src-ahu-0173-020,2026-01-15T10:53:00Z,ahu-c-f03-east,ON,NORMAL,13.59,24.44,14.00
src-ahu-0173-021,2026-01-15T10:53:00Z,ahu-c-f03-west,ON,NORMAL,13.76,24.42,14.00
src-ahu-0173-022,2026-01-15T10:53:00Z,ahu-c-f04-east,ON,NORMAL,13.73,24.67,14.00
src-ahu-0173-023,2026-01-15T10:53:00Z,ahu-c-f04-west,ON,NORMAL,13.63,24.50,14.00
src-ahu-0174-000,2026-01-15T10:54:00Z,ahu-a-f01-east,ON,NORMAL,14.24,24.36,14.00
src-ahu-0174-001,2026-01-15T10:54:00Z,ahu-a-f01-west,ON,NORMAL,14.38,24.70,14.00
src-ahu-0174-002,2026-01-15T10:54:00Z,ahu-a-f02-east,ON,NORMAL,14.35,24.92,14.00
src-ahu-0174-003,2026-01-15T10:54:00Z,ahu-a-f02-west,ON,NORMAL,14.27,25.07,14.00
src-ahu-0174-004,2026-01-15T10:54:00Z,ahu-a-f03-east,ON,NORMAL,14.47,25.54,14.00
src-ahu-0174-005,2026-01-15T10:54:00Z,ahu-a-f03-west,ON,NORMAL,14.39,25.63,14.00
src-ahu-0174-006,2026-01-15T10:54:00Z,ahu-a-f04-east,ON,NORMAL,14.43,25.91,14.00
src-ahu-0174-007,2026-01-15T10:54:00Z,ahu-a-f04-west,ON,NORMAL,14.32,25.89,14.00
src-ahu-0174-008,2026-01-15T10:54:00Z,ahu-b-f01-east,ON,NORMAL,14.29,25.38,14.00
src-ahu-0174-009,2026-01-15T10:54:00Z,ahu-b-f01-west,ON,NORMAL,14.33,25.33,14.00
src-ahu-0174-010,2026-01-15T10:54:00Z,ahu-b-f02-east,ON,NORMAL,14.31,25.50,14.00
src-ahu-0174-011,2026-01-15T10:54:00Z,ahu-b-f02-west,ON,NORMAL,14.14,25.36,14.00
src-ahu-0174-012,2026-01-15T10:54:00Z,ahu-b-f03-east,ON,NORMAL,14.20,25.50,14.00
src-ahu-0174-013,2026-01-15T10:54:00Z,ahu-b-f03-west,ON,NORMAL,14.01,25.32,14.00
src-ahu-0174-014,2026-01-15T10:54:00Z,ahu-b-f04-east,OFF,NORMAL,18.50,25.26,14.00
src-ahu-0174-015,2026-01-15T10:54:00Z,ahu-b-f04-west,ON,NORMAL,13.97,25.12,14.00
src-ahu-0174-016,2026-01-15T10:54:00Z,ahu-c-f01-east,ON,NORMAL,13.97,24.76,14.00
src-ahu-0174-017,2026-01-15T10:54:00Z,ahu-c-f01-west,ON,NORMAL,13.92,24.48,14.00
src-ahu-0174-018,2026-01-15T10:54:00Z,ahu-c-f02-east,ON,NORMAL,13.82,24.54,14.00
src-ahu-0174-019,2026-01-15T10:54:00Z,ahu-c-f02-west,ON,NORMAL,13.66,24.41,14.00
src-ahu-0174-020,2026-01-15T10:54:00Z,ahu-c-f03-east,ON,NORMAL,13.81,24.58,14.00
src-ahu-0174-021,2026-01-15T10:54:00Z,ahu-c-f03-west,ON,NORMAL,13.75,24.34,14.00
src-ahu-0174-022,2026-01-15T10:54:00Z,ahu-c-f04-east,ON,NORMAL,13.68,24.59,14.00
src-ahu-0174-023,2026-01-15T10:54:00Z,ahu-c-f04-west,ON,NORMAL,13.68,24.60,14.00
src-ahu-0175-000,2026-01-15T10:55:00Z,ahu-a-f01-east,ON,NORMAL,14.33,24.47,14.00
src-ahu-0175-001,2026-01-15T10:55:00Z,ahu-a-f01-west,ON,NORMAL,14.37,24.55,14.00
src-ahu-0175-002,2026-01-15T10:55:00Z,ahu-a-f02-east,ON,NORMAL,14.25,24.93,14.00
src-ahu-0175-003,2026-01-15T10:55:00Z,ahu-a-f02-west,ON,NORMAL,14.36,25.11,14.00
src-ahu-0175-004,2026-01-15T10:55:00Z,ahu-a-f03-east,ON,NORMAL,14.30,25.49,14.00
src-ahu-0175-005,2026-01-15T10:55:00Z,ahu-a-f03-west,ON,NORMAL,14.46,25.66,14.00
src-ahu-0175-006,2026-01-15T10:55:00Z,ahu-a-f04-east,ON,NORMAL,14.22,25.94,14.00
src-ahu-0175-007,2026-01-15T10:55:00Z,ahu-a-f04-west,ON,NORMAL,14.31,25.99,14.00
src-ahu-0175-008,2026-01-15T10:55:00Z,ahu-b-f01-east,ON,NORMAL,14.34,25.42,14.00
src-ahu-0175-009,2026-01-15T10:55:00Z,ahu-b-f01-west,ON,NORMAL,14.29,25.43,14.00
src-ahu-0175-010,2026-01-15T10:55:00Z,ahu-b-f02-east,ON,NORMAL,14.27,25.51,14.00
src-ahu-0175-011,2026-01-15T10:55:00Z,ahu-b-f02-west,ON,NORMAL,14.23,25.42,14.00
src-ahu-0175-012,2026-01-15T10:55:00Z,ahu-b-f03-east,ON,NORMAL,14.19,25.45,14.00
src-ahu-0175-013,2026-01-15T10:55:00Z,ahu-b-f03-west,ON,NORMAL,14.03,25.30,14.00
src-ahu-0175-014,2026-01-15T10:55:00Z,ahu-b-f04-east,OFF,NORMAL,18.50,25.29,14.00
src-ahu-0175-015,2026-01-15T10:55:00Z,ahu-b-f04-west,ON,NORMAL,13.94,25.04,14.00
src-ahu-0175-016,2026-01-15T10:55:00Z,ahu-c-f01-east,ON,NORMAL,13.79,24.80,14.00
src-ahu-0175-017,2026-01-15T10:55:00Z,ahu-c-f01-west,ON,NORMAL,13.90,24.46,14.00
src-ahu-0175-018,2026-01-15T10:55:00Z,ahu-c-f02-east,ON,NORMAL,13.80,24.52,14.00
src-ahu-0175-019,2026-01-15T10:55:00Z,ahu-c-f02-west,ON,NORMAL,13.75,24.45,14.00
src-ahu-0175-020,2026-01-15T10:55:00Z,ahu-c-f03-east,ON,NORMAL,13.76,24.57,14.00
src-ahu-0175-021,2026-01-15T10:55:00Z,ahu-c-f03-west,ON,NORMAL,13.77,24.36,14.00
src-ahu-0175-022,2026-01-15T10:55:00Z,ahu-c-f04-east,ON,NORMAL,13.57,24.51,14.00
src-ahu-0175-023,2026-01-15T10:55:00Z,ahu-c-f04-west,ON,NORMAL,13.67,24.52,14.00
src-ahu-0176-000,2026-01-15T10:56:00Z,ahu-a-f01-east,ON,NORMAL,14.22,24.41,14.00
src-ahu-0176-001,2026-01-15T10:56:00Z,ahu-a-f01-west,ON,NORMAL,14.35,24.62,14.00
src-ahu-0176-002,2026-01-15T10:56:00Z,ahu-a-f02-east,ON,NORMAL,14.41,25.13,14.00
src-ahu-0176-003,2026-01-15T10:56:00Z,ahu-a-f02-west,ON,NORMAL,14.27,25.16,14.00
src-ahu-0176-004,2026-01-15T10:56:00Z,ahu-a-f03-east,ON,NORMAL,14.34,25.53,14.00
src-ahu-0176-005,2026-01-15T10:56:00Z,ahu-a-f03-west,ON,NORMAL,14.33,25.59,14.00
src-ahu-0176-006,2026-01-15T10:56:00Z,ahu-a-f04-east,ON,NORMAL,14.32,25.90,14.00
src-ahu-0176-007,2026-01-15T10:56:00Z,ahu-a-f04-west,ON,NORMAL,14.22,26.03,14.00
src-ahu-0176-008,2026-01-15T10:56:00Z,ahu-b-f01-east,ON,NORMAL,14.27,25.50,14.00
src-ahu-0176-009,2026-01-15T10:56:00Z,ahu-b-f01-west,ON,NORMAL,14.18,25.44,14.00
src-ahu-0176-010,2026-01-15T10:56:00Z,ahu-b-f02-east,ON,NORMAL,14.10,25.54,14.00
src-ahu-0176-011,2026-01-15T10:56:00Z,ahu-b-f02-west,ON,NORMAL,14.18,25.36,14.00
src-ahu-0176-012,2026-01-15T10:56:00Z,ahu-b-f03-east,ON,NORMAL,13.95,25.37,14.00
src-ahu-0176-013,2026-01-15T10:56:00Z,ahu-b-f03-west,ON,NORMAL,14.10,25.19,14.00
src-ahu-0176-014,2026-01-15T10:56:00Z,ahu-b-f04-east,ON,NORMAL,13.84,25.25,14.00
src-ahu-0176-015,2026-01-15T10:56:00Z,ahu-b-f04-west,ON,NORMAL,13.91,25.08,14.00
src-ahu-0176-016,2026-01-15T10:56:00Z,ahu-c-f01-east,ON,NORMAL,13.80,24.69,14.00
src-ahu-0176-017,2026-01-15T10:56:00Z,ahu-c-f01-west,ON,NORMAL,13.81,24.60,14.00
src-ahu-0176-018,2026-01-15T10:56:00Z,ahu-c-f02-east,ON,NORMAL,13.68,24.51,14.00
src-ahu-0176-019,2026-01-15T10:56:00Z,ahu-c-f02-west,ON,NORMAL,13.72,24.48,14.00
src-ahu-0176-020,2026-01-15T10:56:00Z,ahu-c-f03-east,ON,NORMAL,13.61,24.39,14.00
src-ahu-0176-021,2026-01-15T10:56:00Z,ahu-c-f03-west,ON,NORMAL,13.61,24.49,14.00
src-ahu-0176-022,2026-01-15T10:56:00Z,ahu-c-f04-east,ON,NORMAL,13.58,24.55,14.00
src-ahu-0176-023,2026-01-15T10:56:00Z,ahu-c-f04-west,ON,NORMAL,13.73,24.53,14.00
src-ahu-0177-000,2026-01-15T10:57:00Z,ahu-a-f01-east,ON,NORMAL,14.30,24.54,14.00
src-ahu-0177-001,2026-01-15T10:57:00Z,ahu-a-f01-west,ON,NORMAL,14.34,24.75,14.00
src-ahu-0177-002,2026-01-15T10:57:00Z,ahu-a-f02-east,ON,NORMAL,14.25,24.99,14.00
src-ahu-0177-003,2026-01-15T10:57:00Z,ahu-a-f02-west,ON,NORMAL,14.33,25.27,14.00
src-ahu-0177-004,2026-01-15T10:57:00Z,ahu-a-f03-east,ON,NORMAL,14.32,25.50,14.00
src-ahu-0177-005,2026-01-15T10:57:00Z,ahu-a-f03-west,ON,NORMAL,14.29,25.74,14.00
src-ahu-0177-006,2026-01-15T10:57:00Z,ahu-a-f04-east,ON,NORMAL,14.34,26.04,14.00
src-ahu-0177-007,2026-01-15T10:57:00Z,ahu-a-f04-west,ON,NORMAL,14.33,25.90,14.00
src-ahu-0177-008,2026-01-15T10:57:00Z,ahu-b-f01-east,ON,NORMAL,14.30,25.41,14.00
src-ahu-0177-009,2026-01-15T10:57:00Z,ahu-b-f01-west,ON,NORMAL,14.31,25.44,14.00
src-ahu-0177-010,2026-01-15T10:57:00Z,ahu-b-f02-east,ON,NORMAL,14.02,25.42,14.00
src-ahu-0177-011,2026-01-15T10:57:00Z,ahu-b-f02-west,ON,NORMAL,14.06,25.39,14.00
src-ahu-0177-012,2026-01-15T10:57:00Z,ahu-b-f03-east,ON,NORMAL,14.13,25.29,14.00
src-ahu-0177-013,2026-01-15T10:57:00Z,ahu-b-f03-west,ON,NORMAL,13.96,25.17,14.00
src-ahu-0177-014,2026-01-15T10:57:00Z,ahu-b-f04-east,ON,NORMAL,13.99,25.19,14.00
src-ahu-0177-015,2026-01-15T10:57:00Z,ahu-b-f04-west,ON,NORMAL,13.80,24.96,14.00
src-ahu-0177-016,2026-01-15T10:57:00Z,ahu-c-f01-east,ON,NORMAL,13.77,24.59,14.00
src-ahu-0177-017,2026-01-15T10:57:00Z,ahu-c-f01-west,ON,NORMAL,13.84,24.45,14.00
src-ahu-0177-018,2026-01-15T10:57:00Z,ahu-c-f02-east,ON,NORMAL,13.61,24.48,14.00
src-ahu-0177-019,2026-01-15T10:57:00Z,ahu-c-f02-west,ON,NORMAL,13.71,24.33,14.00
src-ahu-0177-020,2026-01-15T10:57:00Z,ahu-c-f03-east,ON,NORMAL,13.70,24.55,14.00
src-ahu-0177-021,2026-01-15T10:57:00Z,ahu-c-f03-west,ON,NORMAL,13.72,24.38,14.00
src-ahu-0177-022,2026-01-15T10:57:00Z,ahu-c-f04-east,ON,NORMAL,13.61,24.57,14.00
src-ahu-0177-023,2026-01-15T10:57:00Z,ahu-c-f04-west,ON,NORMAL,13.63,24.54,14.00
src-ahu-0178-000,2026-01-15T10:58:00Z,ahu-a-f01-east,ON,NORMAL,14.38,24.55,14.00
src-ahu-0178-001,2026-01-15T10:58:00Z,ahu-a-f01-west,ON,NORMAL,14.46,24.72,14.00
src-ahu-0178-002,2026-01-15T10:58:00Z,ahu-a-f02-east,ON,NORMAL,14.46,25.07,14.00
src-ahu-0178-003,2026-01-15T10:58:00Z,ahu-a-f02-west,ON,NORMAL,14.27,25.29,14.00
src-ahu-0178-004,2026-01-15T10:58:00Z,ahu-a-f03-east,ON,NORMAL,14.36,25.55,14.00
src-ahu-0178-005,2026-01-15T10:58:00Z,ahu-a-f03-west,ON,NORMAL,14.36,25.70,14.00
src-ahu-0178-006,2026-01-15T10:58:00Z,ahu-a-f04-east,ON,NORMAL,14.39,25.88,14.00
src-ahu-0178-007,2026-01-15T10:58:00Z,ahu-a-f04-west,ON,NORMAL,14.30,26.04,14.00
src-ahu-0178-008,2026-01-15T10:58:00Z,ahu-b-f01-east,ON,NORMAL,14.30,25.44,14.00
src-ahu-0178-009,2026-01-15T10:58:00Z,ahu-b-f01-west,ON,NORMAL,14.22,25.34,14.00
src-ahu-0178-010,2026-01-15T10:58:00Z,ahu-b-f02-east,ON,NORMAL,14.22,25.48,14.00
src-ahu-0178-011,2026-01-15T10:58:00Z,ahu-b-f02-west,ON,NORMAL,14.09,25.34,14.00
src-ahu-0178-012,2026-01-15T10:58:00Z,ahu-b-f03-east,ON,NORMAL,13.93,25.22,14.00
src-ahu-0178-013,2026-01-15T10:58:00Z,ahu-b-f03-west,ON,NORMAL,13.87,25.08,14.00
src-ahu-0178-014,2026-01-15T10:58:00Z,ahu-b-f04-east,ON,NORMAL,13.89,25.11,14.00
src-ahu-0178-015,2026-01-15T10:58:00Z,ahu-b-f04-west,ON,NORMAL,13.74,24.88,14.00
src-ahu-0178-016,2026-01-15T10:58:00Z,ahu-c-f01-east,ON,NORMAL,13.71,24.67,14.00
src-ahu-0178-017,2026-01-15T10:58:00Z,ahu-c-f01-west,ON,NORMAL,13.77,24.43,14.00
src-ahu-0178-018,2026-01-15T10:58:00Z,ahu-c-f02-east,ON,NORMAL,13.71,24.44,14.00
src-ahu-0178-019,2026-01-15T10:58:00Z,ahu-c-f02-west,ON,NORMAL,13.78,24.33,14.00
src-ahu-0178-020,2026-01-15T10:58:00Z,ahu-c-f03-east,ON,NORMAL,13.55,24.36,14.00
src-ahu-0178-021,2026-01-15T10:58:00Z,ahu-c-f03-west,ON,NORMAL,13.65,24.44,14.00
src-ahu-0178-022,2026-01-15T10:58:00Z,ahu-c-f04-east,ON,NORMAL,13.54,24.64,14.00
src-ahu-0178-023,2026-01-15T10:58:00Z,ahu-c-f04-west,ON,NORMAL,13.72,24.59,14.00
src-ahu-0179-000,2026-01-15T10:59:00Z,ahu-a-f01-east,ON,NORMAL,14.43,24.57,14.00
src-ahu-0179-001,2026-01-15T10:59:00Z,ahu-a-f01-west,ON,NORMAL,14.46,24.78,14.00
src-ahu-0179-002,2026-01-15T10:59:00Z,ahu-a-f02-east,ON,NORMAL,14.47,25.04,14.00
src-ahu-0179-003,2026-01-15T10:59:00Z,ahu-a-f02-west,ON,NORMAL,14.47,25.26,14.00
src-ahu-0179-004,2026-01-15T10:59:00Z,ahu-a-f03-east,ON,NORMAL,14.27,25.55,14.00
src-ahu-0179-005,2026-01-15T10:59:00Z,ahu-a-f03-west,ON,NORMAL,14.20,25.62,14.00
src-ahu-0179-006,2026-01-15T10:59:00Z,ahu-a-f04-east,ON,NORMAL,14.21,25.85,14.00
src-ahu-0179-007,2026-01-15T10:59:00Z,ahu-a-f04-west,ON,NORMAL,14.25,25.99,14.00
src-ahu-0179-008,2026-01-15T10:59:00Z,ahu-b-f01-east,ON,NORMAL,14.16,25.40,14.00
src-ahu-0179-009,2026-01-15T10:59:00Z,ahu-b-f01-west,ON,NORMAL,14.10,25.39,14.00
src-ahu-0179-010,2026-01-15T10:59:00Z,ahu-b-f02-east,ON,NORMAL,14.15,25.50,14.00
src-ahu-0179-011,2026-01-15T10:59:00Z,ahu-b-f02-west,ON,NORMAL,13.97,25.30,14.00
src-ahu-0179-012,2026-01-15T10:59:00Z,ahu-b-f03-east,ON,NORMAL,14.06,25.29,14.00
src-ahu-0179-013,2026-01-15T10:59:00Z,ahu-b-f03-west,ON,NORMAL,13.84,25.11,14.00
src-ahu-0179-014,2026-01-15T10:59:00Z,ahu-b-f04-east,ON,NORMAL,13.90,25.14,14.00
src-ahu-0179-015,2026-01-15T10:59:00Z,ahu-b-f04-west,ON,NORMAL,13.75,24.99,14.00
src-ahu-0179-016,2026-01-15T10:59:00Z,ahu-c-f01-east,ON,NORMAL,13.86,24.55,14.00
src-ahu-0179-017,2026-01-15T10:59:00Z,ahu-c-f01-west,ON,NORMAL,13.79,24.42,14.00
src-ahu-0179-018,2026-01-15T10:59:00Z,ahu-c-f02-east,ON,NORMAL,13.61,24.45,14.00
src-ahu-0179-019,2026-01-15T10:59:00Z,ahu-c-f02-west,ON,NORMAL,13.63,24.41,14.00
src-ahu-0179-020,2026-01-15T10:59:00Z,ahu-c-f03-east,ON,NORMAL,13.65,24.45,14.00
src-ahu-0179-021,2026-01-15T10:59:00Z,ahu-c-f03-west,ON,NORMAL,13.53,24.41,14.00
src-ahu-0179-022,2026-01-15T10:59:00Z,ahu-c-f04-east,ON,NORMAL,13.73,24.52,14.00
src-ahu-0179-023,2026-01-15T10:59:00Z,ahu-c-f04-west,ON,NORMAL,13.71,24.66,14.00
src-ahu-0180-000,2026-01-15T11:00:00Z,ahu-a-f01-east,ON,NORMAL,14.44,24.60,14.00
src-ahu-0180-001,2026-01-15T11:00:00Z,ahu-a-f01-west,ON,NORMAL,14.28,24.69,14.00
src-ahu-0180-002,2026-01-15T11:00:00Z,ahu-a-f02-east,ON,NORMAL,14.37,25.08,14.00
src-ahu-0180-003,2026-01-15T11:00:00Z,ahu-a-f02-west,ON,NORMAL,14.42,25.23,14.00
src-ahu-0180-004,2026-01-15T11:00:00Z,ahu-a-f03-east,ON,NORMAL,14.21,25.62,14.00
src-ahu-0180-005,2026-01-15T11:00:00Z,ahu-a-f03-west,ON,NORMAL,14.19,25.70,14.00
src-ahu-0180-006,2026-01-15T11:00:00Z,ahu-a-f04-east,ON,NORMAL,14.22,25.96,14.00
src-ahu-0180-007,2026-01-15T11:00:00Z,ahu-a-f04-west,ON,NORMAL,14.32,26.01,14.00
src-ahu-0180-008,2026-01-15T11:00:00Z,ahu-b-f01-east,ON,NORMAL,14.28,25.38,14.00
src-ahu-0180-009,2026-01-15T11:00:00Z,ahu-b-f01-west,ON,NORMAL,14.06,25.37,14.00
src-ahu-0180-010,2026-01-15T11:00:00Z,ahu-b-f02-east,ON,NORMAL,14.03,25.35,14.00
src-ahu-0180-011,2026-01-15T11:00:00Z,ahu-b-f02-west,ON,NORMAL,14.11,25.22,14.00
src-ahu-0180-012,2026-01-15T11:00:00Z,ahu-b-f03-east,ON,NORMAL,14.04,25.32,14.00
src-ahu-0180-013,2026-01-15T11:00:00Z,ahu-b-f03-west,ON,NORMAL,13.82,25.11,14.00
src-ahu-0180-014,2026-01-15T11:00:00Z,ahu-b-f04-east,ON,NORMAL,13.82,25.15,14.00
src-ahu-0180-015,2026-01-15T11:00:00Z,ahu-b-f04-west,ON,NORMAL,13.85,24.84,14.00
src-ahu-0180-016,2026-01-15T11:00:00Z,ahu-c-f01-east,ON,NORMAL,13.71,24.61,14.00
src-ahu-0180-017,2026-01-15T11:00:00Z,ahu-c-f01-west,ON,NORMAL,13.82,24.41,14.00
src-ahu-0180-018,2026-01-15T11:00:00Z,ahu-c-f02-east,ON,NORMAL,13.65,24.41,14.00
src-ahu-0180-019,2026-01-15T11:00:00Z,ahu-c-f02-west,ON,NORMAL,13.62,24.40,14.00
src-ahu-0180-021,2026-01-15T11:00:00Z,ahu-c-f03-west,ON,NORMAL,13.60,24.34,14.00
src-ahu-0180-022,2026-01-15T11:00:00Z,ahu-c-f04-east,ON,NORMAL,13.78,24.56,14.00
src-ahu-0180-023,2026-01-15T11:00:00Z,ahu-c-f04-west,ON,NORMAL,13.62,24.59,14.00
src-ahu-0181-000,2026-01-15T11:01:00Z,ahu-a-f01-east,ON,NORMAL,14.41,24.62,14.00
src-ahu-0181-001,2026-01-15T11:01:00Z,ahu-a-f01-west,ON,NORMAL,14.35,24.85,14.00
src-ahu-0181-002,2026-01-15T11:01:00Z,ahu-a-f02-east,ON,NORMAL,14.45,25.16,14.00
src-ahu-0181-003,2026-01-15T11:01:00Z,ahu-a-f02-west,ON,NORMAL,14.38,25.39,14.00
src-ahu-0181-004,2026-01-15T11:01:00Z,ahu-a-f03-east,ON,NORMAL,14.36,25.65,14.00
src-ahu-0181-005,2026-01-15T11:01:00Z,ahu-a-f03-west,ON,NORMAL,14.29,25.63,14.00
src-ahu-0181-006,2026-01-15T11:01:00Z,ahu-a-f04-east,ON,NORMAL,14.19,26.01,14.00
src-ahu-0181-007,2026-01-15T11:01:00Z,ahu-a-f04-west,ON,NORMAL,14.10,25.95,14.00
src-ahu-0181-008,2026-01-15T11:01:00Z,ahu-b-f01-east,ON,NORMAL,14.20,25.31,14.00
src-ahu-0181-009,2026-01-15T11:01:00Z,ahu-b-f01-west,ON,NORMAL,14.07,25.30,14.00
src-ahu-0181-010,2026-01-15T11:01:00Z,ahu-b-f02-east,ON,NORMAL,14.04,25.43,14.00
src-ahu-0181-011,2026-01-15T11:01:00Z,ahu-b-f02-west,ON,NORMAL,14.03,25.26,14.00
src-ahu-0181-012,2026-01-15T11:01:00Z,ahu-b-f03-east,ON,NORMAL,13.82,25.29,14.00
src-ahu-0181-013,2026-01-15T11:01:00Z,ahu-b-f03-west,ON,NORMAL,13.80,25.16,14.00
src-ahu-0181-014,2026-01-15T11:01:00Z,ahu-b-f04-east,ON,NORMAL,13.71,25.01,14.00
src-ahu-0181-015,2026-01-15T11:01:00Z,ahu-b-f04-west,ON,NORMAL,13.87,24.87,14.00
src-ahu-0181-016,2026-01-15T11:01:00Z,ahu-c-f01-east,ON,NORMAL,13.75,24.51,14.00
src-ahu-0181-017,2026-01-15T11:01:00Z,ahu-c-f01-west,ON,NORMAL,13.61,24.36,14.00
src-ahu-0181-018,2026-01-15T11:01:00Z,ahu-c-f02-east,ON,NORMAL,13.78,24.32,14.00
src-ahu-0181-019,2026-01-15T11:01:00Z,ahu-c-f02-west,ON,NORMAL,13.53,24.27,14.00
src-ahu-0181-021,2026-01-15T11:01:00Z,ahu-c-f03-west,ON,NORMAL,13.76,24.46,14.00
src-ahu-0181-022,2026-01-15T11:01:00Z,ahu-c-f04-east,ON,NORMAL,13.63,24.61,14.00
src-ahu-0181-023,2026-01-15T11:01:00Z,ahu-c-f04-west,ON,NORMAL,13.78,24.73,14.00
src-ahu-0182-000,2026-01-15T11:02:00Z,ahu-a-f01-east,ON,NORMAL,14.46,24.66,14.00
src-ahu-0182-001,2026-01-15T11:02:00Z,ahu-a-f01-west,ON,NORMAL,14.27,24.88,14.00
src-ahu-0182-002,2026-01-15T11:02:00Z,ahu-a-f02-east,ON,NORMAL,14.39,25.21,14.00
src-ahu-0182-003,2026-01-15T11:02:00Z,ahu-a-f02-west,ON,NORMAL,14.34,25.38,14.00
src-ahu-0182-004,2026-01-15T11:02:00Z,ahu-a-f03-east,ON,NORMAL,14.36,25.72,14.00
src-ahu-0182-005,2026-01-15T11:02:00Z,ahu-a-f03-west,ON,NORMAL,14.32,25.71,14.00
src-ahu-0182-006,2026-01-15T11:02:00Z,ahu-a-f04-east,ON,NORMAL,14.24,25.95,14.00
src-ahu-0182-007,2026-01-15T11:02:00Z,ahu-a-f04-west,ON,NORMAL,14.22,25.94,14.00
src-ahu-0182-008,2026-01-15T11:02:00Z,ahu-b-f01-east,ON,NORMAL,14.02,25.45,14.00
src-ahu-0182-009,2026-01-15T11:02:00Z,ahu-b-f01-west,ON,NORMAL,14.15,25.36,14.00
src-ahu-0182-010,2026-01-15T11:02:00Z,ahu-b-f02-east,ON,NORMAL,14.10,25.44,14.00
src-ahu-0182-011,2026-01-15T11:02:00Z,ahu-b-f02-west,ON,NORMAL,13.85,25.18,14.00
src-ahu-0182-012,2026-01-15T11:02:00Z,ahu-b-f03-east,ON,NORMAL,13.80,25.27,14.00
src-ahu-0182-013,2026-01-15T11:02:00Z,ahu-b-f03-west,ON,NORMAL,13.95,24.99,14.00
src-ahu-0182-014,2026-01-15T11:02:00Z,ahu-b-f04-east,ON,NORMAL,13.78,25.02,14.00
src-ahu-0182-015,2026-01-15T11:02:00Z,ahu-b-f04-west,ON,NORMAL,13.82,24.87,14.00
src-ahu-0182-016,2026-01-15T11:02:00Z,ahu-c-f01-east,ON,NORMAL,13.70,24.44,14.00
src-ahu-0182-017,2026-01-15T11:02:00Z,ahu-c-f01-west,ON,NORMAL,13.63,24.34,14.00
src-ahu-0182-018,2026-01-15T11:02:00Z,ahu-c-f02-east,ON,NORMAL,13.65,24.44,14.00
src-ahu-0182-019,2026-01-15T11:02:00Z,ahu-c-f02-west,ON,NORMAL,13.72,24.22,14.00
src-ahu-0182-021,2026-01-15T11:02:00Z,ahu-c-f03-west,ON,NORMAL,13.61,24.49,14.00
src-ahu-0182-022,2026-01-15T11:02:00Z,ahu-c-f04-east,ON,NORMAL,13.60,24.62,14.00
src-ahu-0182-023,2026-01-15T11:02:00Z,ahu-c-f04-west,ON,NORMAL,13.82,24.65,14.00
src-ahu-0183-000,2026-01-15T11:03:00Z,ahu-a-f01-east,ON,NORMAL,14.33,24.68,14.00
src-ahu-0183-001,2026-01-15T11:03:00Z,ahu-a-f01-west,ON,NORMAL,14.25,24.91,14.00
src-ahu-0183-002,2026-01-15T11:03:00Z,ahu-a-f02-east,ON,NORMAL,14.33,25.27,14.00
src-ahu-0183-003,2026-01-15T11:03:00Z,ahu-a-f02-west,ON,NORMAL,14.31,25.38,14.00
src-ahu-0183-004,2026-01-15T11:03:00Z,ahu-a-f03-east,ON,NORMAL,14.24,25.64,14.00
src-ahu-0183-005,2026-01-15T11:03:00Z,ahu-a-f03-west,ON,NORMAL,14.23,25.73,14.00
src-ahu-0183-006,2026-01-15T11:03:00Z,ahu-a-f04-east,ON,NORMAL,14.13,25.93,14.00
src-ahu-0183-007,2026-01-15T11:03:00Z,ahu-a-f04-west,ON,NORMAL,14.12,25.96,14.00
src-ahu-0183-008,2026-01-15T11:03:00Z,ahu-b-f01-east,ON,NORMAL,13.99,25.34,14.00
src-ahu-0183-009,2026-01-15T11:03:00Z,ahu-b-f01-west,ON,NORMAL,14.11,25.26,14.00
src-ahu-0183-010,2026-01-15T11:03:00Z,ahu-b-f02-east,ON,NORMAL,13.96,25.39,14.00
src-ahu-0183-011,2026-01-15T11:03:00Z,ahu-b-f02-west,ON,NORMAL,13.97,25.21,14.00
src-ahu-0183-012,2026-01-15T11:03:00Z,ahu-b-f03-east,ON,NORMAL,13.83,25.19,14.00
src-ahu-0183-013,2026-01-15T11:03:00Z,ahu-b-f03-west,ON,NORMAL,13.77,25.03,14.00
src-ahu-0183-014,2026-01-15T11:03:00Z,ahu-b-f04-east,ON,NORMAL,13.83,24.95,14.00
src-ahu-0183-015,2026-01-15T11:03:00Z,ahu-b-f04-west,ON,NORMAL,13.70,24.80,14.00
src-ahu-0183-016,2026-01-15T11:03:00Z,ahu-c-f01-east,ON,NORMAL,13.67,24.47,14.00
src-ahu-0183-017,2026-01-15T11:03:00Z,ahu-c-f01-west,ON,NORMAL,13.67,24.29,14.00
src-ahu-0183-018,2026-01-15T11:03:00Z,ahu-c-f02-east,ON,NORMAL,13.72,24.26,14.00
src-ahu-0183-019,2026-01-15T11:03:00Z,ahu-c-f02-west,ON,NORMAL,13.55,24.20,14.00
src-ahu-0183-021,2026-01-15T11:03:00Z,ahu-c-f03-west,ON,NORMAL,13.72,24.43,14.00
src-ahu-0183-022,2026-01-15T11:03:00Z,ahu-c-f04-east,ON,NORMAL,13.61,24.52,14.00
src-ahu-0183-023,2026-01-15T11:03:00Z,ahu-c-f04-west,ON,NORMAL,13.69,24.74,14.00
src-ahu-0184-000,2026-01-15T11:04:00Z,ahu-a-f01-east,ON,NORMAL,14.35,24.66,14.00
src-ahu-0184-001,2026-01-15T11:04:00Z,ahu-a-f01-west,ON,NORMAL,14.41,24.82,14.00
src-ahu-0184-002,2026-01-15T11:04:00Z,ahu-a-f02-east,ON,NORMAL,14.36,25.26,14.00
src-ahu-0184-003,2026-01-15T11:04:00Z,ahu-a-f02-west,ON,NORMAL,14.23,25.32,14.00
src-ahu-0184-004,2026-01-15T11:04:00Z,ahu-a-f03-east,ON,NORMAL,14.27,25.72,14.00
src-ahu-0184-005,2026-01-15T11:04:00Z,ahu-a-f03-west,ON,NORMAL,14.13,25.70,14.00
src-ahu-0184-006,2026-01-15T11:04:00Z,ahu-a-f04-east,ON,NORMAL,14.08,26.01,14.00
src-ahu-0184-007,2026-01-15T11:04:00Z,ahu-a-f04-west,ON,NORMAL,14.22,26.01,14.00
src-ahu-0184-008,2026-01-15T11:04:00Z,ahu-b-f01-east,ON,NORMAL,13.95,25.30,14.00
src-ahu-0184-009,2026-01-15T11:04:00Z,ahu-b-f01-west,ON,NORMAL,14.08,25.27,14.00
src-ahu-0184-010,2026-01-15T11:04:00Z,ahu-b-f02-east,ON,NORMAL,14.05,25.34,14.00
src-ahu-0184-011,2026-01-15T11:04:00Z,ahu-b-f02-west,ON,NORMAL,13.91,25.12,14.00
src-ahu-0184-012,2026-01-15T11:04:00Z,ahu-b-f03-east,ON,NORMAL,13.79,25.16,14.00
src-ahu-0184-013,2026-01-15T11:04:00Z,ahu-b-f03-west,ON,NORMAL,13.85,24.93,14.00
src-ahu-0184-014,2026-01-15T11:04:00Z,ahu-b-f04-east,ON,NORMAL,13.83,24.93,14.00
src-ahu-0184-015,2026-01-15T11:04:00Z,ahu-b-f04-west,ON,NORMAL,13.66,24.70,14.00
src-ahu-0184-016,2026-01-15T11:04:00Z,ahu-c-f01-east,ON,NORMAL,13.57,24.45,14.00
src-ahu-0184-017,2026-01-15T11:04:00Z,ahu-c-f01-west,ON,NORMAL,13.60,24.23,14.00
src-ahu-0184-018,2026-01-15T11:04:00Z,ahu-c-f02-east,ON,NORMAL,13.74,24.31,14.00
src-ahu-0184-019,2026-01-15T11:04:00Z,ahu-c-f02-west,ON,NORMAL,13.67,24.18,14.00
src-ahu-0184-021,2026-01-15T11:04:00Z,ahu-c-f03-west,ON,NORMAL,13.69,24.30,14.00
src-ahu-0184-022,2026-01-15T11:04:00Z,ahu-c-f04-east,ON,NORMAL,13.63,24.64,14.00
src-ahu-0184-023,2026-01-15T11:04:00Z,ahu-c-f04-west,ON,NORMAL,13.77,24.70,14.00
src-ahu-0185-000,2026-01-15T11:05:00Z,ahu-a-f01-east,ON,NORMAL,14.47,24.76,14.00
src-ahu-0185-001,2026-01-15T11:05:00Z,ahu-a-f01-west,ON,NORMAL,14.31,24.96,14.00
src-ahu-0185-002,2026-01-15T11:05:00Z,ahu-a-f02-east,ON,NORMAL,14.42,25.22,14.00
src-ahu-0185-003,2026-01-15T11:05:00Z,ahu-a-f02-west,ON,NORMAL,14.31,25.51,14.00
src-ahu-0185-004,2026-01-15T11:05:00Z,ahu-a-f03-east,ON,NORMAL,14.26,25.72,14.00
src-ahu-0185-005,2026-01-15T11:05:00Z,ahu-a-f03-west,ON,NORMAL,14.27,25.83,14.00
src-ahu-0185-006,2026-01-15T11:05:00Z,ahu-a-f04-east,ON,NORMAL,14.20,25.93,14.00
src-ahu-0185-007,2026-01-15T11:05:00Z,ahu-a-f04-west,ON,NORMAL,14.03,25.94,14.00
src-ahu-0185-008,2026-01-15T11:05:00Z,ahu-b-f01-east,ON,NORMAL,14.06,25.40,14.00
src-ahu-0185-009,2026-01-15T11:05:00Z,ahu-b-f01-west,ON,NORMAL,13.91,25.28,14.00
src-ahu-0185-010,2026-01-15T11:05:00Z,ahu-b-f02-east,ON,NORMAL,13.81,25.21,14.00
src-ahu-0185-011,2026-01-15T11:05:00Z,ahu-b-f02-west,ON,NORMAL,13.81,25.13,14.00
src-ahu-0185-012,2026-01-15T11:05:00Z,ahu-b-f03-east,ON,NORMAL,13.83,25.22,14.00
src-ahu-0185-013,2026-01-15T11:05:00Z,ahu-b-f03-west,ON,NORMAL,13.69,24.88,14.00
src-ahu-0185-014,2026-01-15T11:05:00Z,ahu-b-f04-east,ON,NORMAL,13.82,24.98,14.00
src-ahu-0185-015,2026-01-15T11:05:00Z,ahu-b-f04-west,ON,NORMAL,13.73,24.77,14.00
src-ahu-0185-016,2026-01-15T11:05:00Z,ahu-c-f01-east,ON,NORMAL,13.57,24.46,14.00
src-ahu-0185-017,2026-01-15T11:05:00Z,ahu-c-f01-west,ON,NORMAL,13.57,24.31,14.00
src-ahu-0185-018,2026-01-15T11:05:00Z,ahu-c-f02-east,ON,NORMAL,13.63,24.30,14.00
src-ahu-0185-019,2026-01-15T11:05:00Z,ahu-c-f02-west,ON,NORMAL,13.57,24.25,14.00
src-ahu-0185-020,2026-01-15T11:05:00Z,ahu-c-f03-east,ON,NORMAL,13.70,24.35,14.00
src-ahu-0185-021,2026-01-15T11:05:00Z,ahu-c-f03-west,ON,NORMAL,13.66,24.36,14.00
src-ahu-0185-022,2026-01-15T11:05:00Z,ahu-c-f04-east,ON,NORMAL,13.72,24.69,14.00
src-ahu-0185-023,2026-01-15T11:05:00Z,ahu-c-f04-west,ON,NORMAL,13.82,24.66,14.00
src-ahu-0186-000,2026-01-15T11:06:00Z,ahu-a-f01-east,ON,NORMAL,14.44,24.76,14.00
src-ahu-0186-001,2026-01-15T11:06:00Z,ahu-a-f01-west,ON,NORMAL,14.24,24.98,14.00
src-ahu-0186-002,2026-01-15T11:06:00Z,ahu-a-f02-east,ON,NORMAL,14.33,25.34,14.00
src-ahu-0186-003,2026-01-15T11:06:00Z,ahu-a-f02-west,ON,NORMAL,14.30,25.45,14.00
src-ahu-0186-004,2026-01-15T11:06:00Z,ahu-a-f03-east,ON,NORMAL,14.18,25.76,14.00
src-ahu-0186-005,2026-01-15T11:06:00Z,ahu-a-f03-west,ON,NORMAL,14.20,25.83,14.00
src-ahu-0186-006,2026-01-15T11:06:00Z,ahu-a-f04-east,ON,NORMAL,14.06,25.89,14.00
src-ahu-0186-007,2026-01-15T11:06:00Z,ahu-a-f04-west,ON,NORMAL,14.10,25.87,14.00
src-ahu-0186-008,2026-01-15T11:06:00Z,ahu-b-f01-east,ON,NORMAL,14.03,25.32,14.00
src-ahu-0186-009,2026-01-15T11:06:00Z,ahu-b-f01-west,ON,NORMAL,13.90,25.26,14.00
src-ahu-0186-010,2026-01-15T11:06:00Z,ahu-b-f02-east,ON,NORMAL,13.87,25.23,14.00
src-ahu-0186-011,2026-01-15T11:06:00Z,ahu-b-f02-west,ON,NORMAL,13.95,25.14,14.00
src-ahu-0186-012,2026-01-15T11:06:00Z,ahu-b-f03-east,ON,NORMAL,13.72,25.11,14.00
src-ahu-0186-013,2026-01-15T11:06:00Z,ahu-b-f03-west,ON,NORMAL,13.85,25.00,14.00
src-ahu-0186-014,2026-01-15T11:06:00Z,ahu-b-f04-east,ON,NORMAL,13.70,24.86,14.00
src-ahu-0186-015,2026-01-15T11:06:00Z,ahu-b-f04-west,ON,NORMAL,13.73,24.73,14.00
src-ahu-0186-016,2026-01-15T11:06:00Z,ahu-c-f01-east,ON,NORMAL,13.68,24.32,14.00
src-ahu-0186-017,2026-01-15T11:06:00Z,ahu-c-f01-west,ON,NORMAL,13.62,24.23,14.00
src-ahu-0186-018,2026-01-15T11:06:00Z,ahu-c-f02-east,ON,NORMAL,13.61,24.30,14.00
src-ahu-0186-019,2026-01-15T11:06:00Z,ahu-c-f02-west,ON,NORMAL,13.58,24.27,14.00
src-ahu-0186-020,2026-01-15T11:06:00Z,ahu-c-f03-east,ON,NORMAL,13.78,24.43,14.00
src-ahu-0186-021,2026-01-15T11:06:00Z,ahu-c-f03-west,ON,NORMAL,13.72,24.39,14.00
src-ahu-0186-022,2026-01-15T11:06:00Z,ahu-c-f04-east,ON,NORMAL,13.74,24.59,14.00
src-ahu-0186-023,2026-01-15T11:06:00Z,ahu-c-f04-west,ON,NORMAL,13.71,24.79,14.00
src-ahu-0187-000,2026-01-15T11:07:00Z,ahu-a-f01-east,ON,NORMAL,14.45,24.81,14.00
src-ahu-0187-001,2026-01-15T11:07:00Z,ahu-a-f01-west,ON,NORMAL,14.20,25.07,14.00
src-ahu-0187-002,2026-01-15T11:07:00Z,ahu-a-f02-east,ON,NORMAL,14.18,25.22,14.00
src-ahu-0187-003,2026-01-15T11:07:00Z,ahu-a-f02-west,ON,NORMAL,14.19,25.44,14.00
src-ahu-0187-004,2026-01-15T11:07:00Z,ahu-a-f03-east,ON,NORMAL,14.28,25.72,14.00
src-ahu-0187-005,2026-01-15T11:07:00Z,ahu-a-f03-west,ON,NORMAL,14.26,25.77,14.00
src-ahu-0187-006,2026-01-15T11:07:00Z,ahu-a-f04-east,ON,NORMAL,14.08,26.00,14.00
src-ahu-0187-007,2026-01-15T11:07:00Z,ahu-a-f04-west,ON,NORMAL,14.12,25.94,14.00
src-ahu-0187-008,2026-01-15T11:07:00Z,ahu-b-f01-east,ON,NORMAL,13.93,25.30,14.00
src-ahu-0187-009,2026-01-15T11:07:00Z,ahu-b-f01-west,ON,NORMAL,14.04,25.16,14.00
src-ahu-0187-010,2026-01-15T11:07:00Z,ahu-b-f02-east,ON,NORMAL,13.76,25.20,14.00
src-ahu-0187-011,2026-01-15T11:07:00Z,ahu-b-f02-west,ON,NORMAL,13.79,25.15,14.00
src-ahu-0187-012,2026-01-15T11:07:00Z,ahu-b-f03-east,ON,NORMAL,13.72,25.11,14.00
src-ahu-0187-013,2026-01-15T11:07:00Z,ahu-b-f03-west,ON,NORMAL,13.81,24.95,14.00
src-ahu-0187-014,2026-01-15T11:07:00Z,ahu-b-f04-east,ON,NORMAL,13.62,24.94,14.00
src-ahu-0187-015,2026-01-15T11:07:00Z,ahu-b-f04-west,ON,NORMAL,13.58,24.71,14.00
src-ahu-0187-016,2026-01-15T11:07:00Z,ahu-c-f01-east,ON,NORMAL,13.66,24.36,14.00
src-ahu-0187-017,2026-01-15T11:07:00Z,ahu-c-f01-west,ON,NORMAL,13.72,24.18,14.00
src-ahu-0187-018,2026-01-15T11:07:00Z,ahu-c-f02-east,ON,NORMAL,13.60,24.41,14.00
src-ahu-0187-019,2026-01-15T11:07:00Z,ahu-c-f02-west,ON,NORMAL,13.62,24.28,14.00
src-ahu-0187-020,2026-01-15T11:07:00Z,ahu-c-f03-east,ON,NORMAL,13.78,24.37,14.00
src-ahu-0187-021,2026-01-15T11:07:00Z,ahu-c-f03-west,ON,NORMAL,13.73,24.40,14.00
src-ahu-0187-022,2026-01-15T11:07:00Z,ahu-c-f04-east,ON,NORMAL,13.65,24.58,14.00
src-ahu-0187-023,2026-01-15T11:07:00Z,ahu-c-f04-west,ON,NORMAL,13.72,24.76,14.00
src-ahu-0188-000,2026-01-15T11:08:00Z,ahu-a-f01-east,ON,NORMAL,14.23,24.88,14.00
src-ahu-0188-001,2026-01-15T11:08:00Z,ahu-a-f01-west,ON,NORMAL,14.40,24.94,14.00
src-ahu-0188-002,2026-01-15T11:08:00Z,ahu-a-f02-east,ON,NORMAL,14.28,25.32,14.00
src-ahu-0188-003,2026-01-15T11:08:00Z,ahu-a-f02-west,ON,NORMAL,14.23,25.50,14.00
src-ahu-0188-004,2026-01-15T11:08:00Z,ahu-a-f03-east,ON,NORMAL,14.22,25.73,14.00
src-ahu-0188-005,2026-01-15T11:08:00Z,ahu-a-f03-west,ON,NORMAL,14.13,25.73,14.00
src-ahu-0188-006,2026-01-15T11:08:00Z,ahu-a-f04-east,ON,NORMAL,14.05,26.02,14.00
src-ahu-0188-007,2026-01-15T11:08:00Z,ahu-a-f04-west,ON,NORMAL,14.07,25.95,14.00
src-ahu-0188-008,2026-01-15T11:08:00Z,ahu-b-f01-east,ON,NORMAL,13.91,25.30,14.00
src-ahu-0188-009,2026-01-15T11:08:00Z,ahu-b-f01-west,ON,NORMAL,13.81,25.22,14.00
src-ahu-0188-010,2026-01-15T11:08:00Z,ahu-b-f02-east,ON,NORMAL,13.84,25.23,14.00
src-ahu-0188-011,2026-01-15T11:08:00Z,ahu-b-f02-west,ON,NORMAL,13.72,25.06,14.00
src-ahu-0188-012,2026-01-15T11:08:00Z,ahu-b-f03-east,ON,NORMAL,13.86,25.05,14.00
src-ahu-0188-013,2026-01-15T11:08:00Z,ahu-b-f03-west,ON,NORMAL,13.64,24.82,14.00
src-ahu-0188-014,2026-01-15T11:08:00Z,ahu-b-f04-east,ON,NORMAL,13.79,24.86,14.00
src-ahu-0188-015,2026-01-15T11:08:00Z,ahu-b-f04-west,ON,NORMAL,13.70,24.61,14.00
src-ahu-0188-016,2026-01-15T11:08:00Z,ahu-c-f01-east,ON,NORMAL,13.65,24.40,14.00
src-ahu-0188-017,2026-01-15T11:08:00Z,ahu-c-f01-west,ON,NORMAL,13.66,24.12,14.00
src-ahu-0188-018,2026-01-15T11:08:00Z,ahu-c-f02-east,ON,NORMAL,13.64,24.37,14.00
src-ahu-0188-019,2026-01-15T11:08:00Z,ahu-c-f02-west,ON,NORMAL,13.62,24.18,14.00
src-ahu-0188-020,2026-01-15T11:08:00Z,ahu-c-f03-east,ON,NORMAL,13.62,24.42,14.00
src-ahu-0188-021,2026-01-15T11:08:00Z,ahu-c-f03-west,ON,NORMAL,13.66,24.38,14.00
src-ahu-0188-022,2026-01-15T11:08:00Z,ahu-c-f04-east,ON,NORMAL,13.73,24.76,14.00
src-ahu-0188-023,2026-01-15T11:08:00Z,ahu-c-f04-west,ON,NORMAL,13.87,24.80,14.00
src-ahu-0189-000,2026-01-15T11:09:00Z,ahu-a-f01-east,ON,NORMAL,14.44,24.89,14.00
src-ahu-0189-001,2026-01-15T11:09:00Z,ahu-a-f01-west,ON,NORMAL,14.40,25.04,14.00
src-ahu-0189-002,2026-01-15T11:09:00Z,ahu-a-f02-east,ON,NORMAL,14.26,25.30,14.00
src-ahu-0189-003,2026-01-15T11:09:00Z,ahu-a-f02-west,ON,NORMAL,14.18,25.48,14.00
src-ahu-0189-004,2026-01-15T11:09:00Z,ahu-a-f03-east,ON,NORMAL,14.19,25.80,14.00
src-ahu-0189-005,2026-01-15T11:09:00Z,ahu-a-f03-west,ON,NORMAL,14.07,25.79,14.00
src-ahu-0189-006,2026-01-15T11:09:00Z,ahu-a-f04-east,ON,NORMAL,13.96,25.90,14.00
src-ahu-0189-007,2026-01-15T11:09:00Z,ahu-a-f04-west,ON,NORMAL,13.88,25.93,14.00
src-ahu-0189-008,2026-01-15T11:09:00Z,ahu-b-f01-east,ON,NORMAL,13.84,25.32,14.00
src-ahu-0189-009,2026-01-15T11:09:00Z,ahu-b-f01-west,ON,NORMAL,13.87,25.16,14.00
src-ahu-0189-010,2026-01-15T11:09:00Z,ahu-b-f02-east,ON,NORMAL,13.94,25.14,14.00
src-ahu-0189-011,2026-01-15T11:09:00Z,ahu-b-f02-west,ON,NORMAL,13.71,25.03,14.00
src-ahu-0189-012,2026-01-15T11:09:00Z,ahu-b-f03-east,ON,NORMAL,13.82,25.07,14.00
src-ahu-0189-013,2026-01-15T11:09:00Z,ahu-b-f03-west,ON,NORMAL,13.79,24.87,14.00
src-ahu-0189-014,2026-01-15T11:09:00Z,ahu-b-f04-east,ON,NORMAL,13.74,24.85,14.00
src-ahu-0189-015,2026-01-15T11:09:00Z,ahu-b-f04-west,ON,NORMAL,13.56,24.65,14.00
src-ahu-0189-016,2026-01-15T11:09:00Z,ahu-c-f01-east,ON,NORMAL,13.72,24.31,14.00
src-ahu-0189-017,2026-01-15T11:09:00Z,ahu-c-f01-west,ON,NORMAL,13.65,24.18,14.00
src-ahu-0189-018,2026-01-15T11:09:00Z,ahu-c-f02-east,ON,NORMAL,13.79,24.29,14.00
src-ahu-0189-019,2026-01-15T11:09:00Z,ahu-c-f02-west,ON,NORMAL,13.79,24.27,14.00
src-ahu-0189-020,2026-01-15T11:09:00Z,ahu-c-f03-east,ON,NORMAL,13.77,24.37,14.00
src-ahu-0189-021,2026-01-15T11:09:00Z,ahu-c-f03-west,ON,NORMAL,13.80,24.42,14.00
src-ahu-0189-022,2026-01-15T11:09:00Z,ahu-c-f04-east,ON,NORMAL,13.79,24.71,14.00
src-ahu-0189-023,2026-01-15T11:09:00Z,ahu-c-f04-west,ON,NORMAL,13.87,24.75,14.00
src-ahu-0190-000,2026-01-15T11:10:00Z,ahu-a-f01-east,ON,NORMAL,14.41,24.93,14.00
src-ahu-0190-001,2026-01-15T11:10:00Z,ahu-a-f01-west,ON,NORMAL,14.19,25.03,14.00
src-ahu-0190-002,2026-01-15T11:10:00Z,ahu-a-f02-east,ON,NORMAL,14.27,25.39,14.00
src-ahu-0190-003,2026-01-15T11:10:00Z,ahu-a-f02-west,ON,NORMAL,14.27,25.55,14.00
src-ahu-0190-004,2026-01-15T11:10:00Z,ahu-a-f03-east,ON,NORMAL,14.06,25.79,14.00
src-ahu-0190-005,2026-01-15T11:10:00Z,ahu-a-f03-west,ON,NORMAL,14.05,25.90,14.00
src-ahu-0190-006,2026-01-15T11:10:00Z,ahu-a-f04-east,ON,NORMAL,14.14,26.05,14.00
src-ahu-0190-007,2026-01-15T11:10:00Z,ahu-a-f04-west,ON,NORMAL,14.02,25.87,14.00
src-ahu-0190-008,2026-01-15T11:10:00Z,ahu-b-f01-east,ON,NORMAL,14.01,25.29,14.00
src-ahu-0190-009,2026-01-15T11:10:00Z,ahu-b-f01-west,ON,NORMAL,13.94,25.18,14.00
src-ahu-0190-010,2026-01-15T11:10:00Z,ahu-b-f02-east,ON,NORMAL,13.92,25.11,14.00
src-ahu-0190-011,2026-01-15T11:10:00Z,ahu-b-f02-west,ON,NORMAL,13.68,25.02,14.00
src-ahu-0190-012,2026-01-15T11:10:00Z,ahu-b-f03-east,ON,NORMAL,13.72,24.94,14.00
src-ahu-0190-013,2026-01-15T11:10:00Z,ahu-b-f03-west,ON,NORMAL,13.77,24.86,14.00
src-ahu-0190-014,2026-01-15T11:10:00Z,ahu-b-f04-east,ON,NORMAL,13.60,24.73,14.00
src-ahu-0190-015,2026-01-15T11:10:00Z,ahu-b-f04-west,ON,NORMAL,13.54,24.64,14.00
src-ahu-0190-016,2026-01-15T11:10:00Z,ahu-c-f01-east,ON,NORMAL,13.71,24.20,14.00
src-ahu-0190-017,2026-01-15T11:10:00Z,ahu-c-f01-west,ON,NORMAL,13.72,24.16,14.00
src-ahu-0190-018,2026-01-15T11:10:00Z,ahu-c-f02-east,ON,NORMAL,13.68,24.26,14.00
src-ahu-0190-019,2026-01-15T11:10:00Z,ahu-c-f02-west,ON,NORMAL,13.72,24.25,14.00
src-ahu-0190-020,2026-01-15T11:10:00Z,ahu-c-f03-east,ON,NORMAL,13.71,24.36,14.00
src-ahu-0190-021,2026-01-15T11:10:00Z,ahu-c-f03-west,ON,NORMAL,13.88,24.34,14.00
src-ahu-0190-022,2026-01-15T11:10:00Z,ahu-c-f04-east,ON,NORMAL,13.82,24.65,14.00
src-ahu-0190-023,2026-01-15T11:10:00Z,ahu-c-f04-west,ON,NORMAL,13.87,24.90,14.00
src-ahu-0191-000,2026-01-15T11:11:00Z,ahu-a-f01-east,ON,NORMAL,14.30,24.83,14.00
src-ahu-0191-001,2026-01-15T11:11:00Z,ahu-a-f01-west,ON,NORMAL,14.17,25.07,14.00
src-ahu-0191-002,2026-01-15T11:11:00Z,ahu-a-f02-east,ON,NORMAL,14.31,25.39,14.00
src-ahu-0191-003,2026-01-15T11:11:00Z,ahu-a-f02-west,ON,NORMAL,14.28,25.50,14.00
src-ahu-0191-004,2026-01-15T11:11:00Z,ahu-a-f03-east,ON,NORMAL,14.13,25.77,14.00
src-ahu-0191-005,2026-01-15T11:11:00Z,ahu-a-f03-west,ON,NORMAL,13.95,25.80,14.00
src-ahu-0191-006,2026-01-15T11:11:00Z,ahu-a-f04-east,ON,NORMAL,14.10,26.00,14.00
src-ahu-0191-007,2026-01-15T11:11:00Z,ahu-a-f04-west,ON,NORMAL,13.98,25.96,14.00
src-ahu-0191-008,2026-01-15T11:11:00Z,ahu-b-f01-east,ON,NORMAL,13.78,25.29,14.00
src-ahu-0191-009,2026-01-15T11:11:00Z,ahu-b-f01-west,ON,NORMAL,13.80,25.09,14.00
src-ahu-0191-010,2026-01-15T11:11:00Z,ahu-b-f02-east,ON,NORMAL,13.76,25.09,14.00
src-ahu-0191-011,2026-01-15T11:11:00Z,ahu-b-f02-west,ON,NORMAL,13.80,24.96,14.00
src-ahu-0191-012,2026-01-15T11:11:00Z,ahu-b-f03-east,ON,NORMAL,13.75,24.88,14.00
src-ahu-0191-013,2026-01-15T11:11:00Z,ahu-b-f03-west,ON,NORMAL,13.79,24.73,14.00
src-ahu-0191-014,2026-01-15T11:11:00Z,ahu-b-f04-east,ON,NORMAL,13.76,24.78,14.00
src-ahu-0191-015,2026-01-15T11:11:00Z,ahu-b-f04-west,ON,NORMAL,13.72,24.52,14.00
src-ahu-0191-016,2026-01-15T11:11:00Z,ahu-c-f01-east,ON,NORMAL,13.73,24.36,14.00
src-ahu-0191-017,2026-01-15T11:11:00Z,ahu-c-f01-west,ON,NORMAL,13.61,24.11,14.00
src-ahu-0191-018,2026-01-15T11:11:00Z,ahu-c-f02-east,ON,NORMAL,13.61,24.32,14.00
src-ahu-0191-019,2026-01-15T11:11:00Z,ahu-c-f02-west,ON,NORMAL,13.60,24.16,14.00
src-ahu-0191-020,2026-01-15T11:11:00Z,ahu-c-f03-east,ON,NORMAL,13.85,24.35,14.00
src-ahu-0191-021,2026-01-15T11:11:00Z,ahu-c-f03-west,ON,NORMAL,13.92,24.45,14.00
src-ahu-0191-022,2026-01-15T11:11:00Z,ahu-c-f04-east,ON,NORMAL,13.87,24.66,14.00
src-ahu-0191-023,2026-01-15T11:11:00Z,ahu-c-f04-west,ON,NORMAL,13.95,24.85,14.00
src-ahu-0192-000,2026-01-15T11:12:00Z,ahu-a-f01-east,ON,NORMAL,14.17,24.85,14.00
src-ahu-0192-001,2026-01-15T11:12:00Z,ahu-a-f01-west,ON,NORMAL,14.22,25.13,14.00
src-ahu-0192-002,2026-01-15T11:12:00Z,ahu-a-f02-east,ON,NORMAL,14.10,25.42,14.00
src-ahu-0192-003,2026-01-15T11:12:00Z,ahu-a-f02-west,ON,NORMAL,14.15,25.59,14.00
src-ahu-0192-004,2026-01-15T11:12:00Z,ahu-a-f03-east,ON,NORMAL,14.17,25.74,14.00
src-ahu-0192-005,2026-01-15T11:12:00Z,ahu-a-f03-west,ON,NORMAL,13.93,25.80,14.00
src-ahu-0192-006,2026-01-15T11:12:00Z,ahu-a-f04-east,ON,NORMAL,14.09,25.86,14.00
src-ahu-0192-007,2026-01-15T11:12:00Z,ahu-a-f04-west,ON,NORMAL,13.96,25.98,14.00
src-ahu-0192-008,2026-01-15T11:12:00Z,ahu-b-f01-east,ON,NORMAL,13.91,25.21,14.00
src-ahu-0192-009,2026-01-15T11:12:00Z,ahu-b-f01-west,ON,NORMAL,13.81,25.07,14.00
src-ahu-0192-010,2026-01-15T11:12:00Z,ahu-b-f02-east,ON,NORMAL,13.64,25.12,14.00
src-ahu-0192-011,2026-01-15T11:12:00Z,ahu-b-f02-west,ON,NORMAL,13.66,24.92,14.00
src-ahu-0192-012,2026-01-15T11:12:00Z,ahu-b-f03-east,ON,NORMAL,13.60,24.83,14.00
src-ahu-0192-013,2026-01-15T11:12:00Z,ahu-b-f03-west,ON,NORMAL,13.73,24.77,14.00
src-ahu-0192-014,2026-01-15T11:12:00Z,ahu-b-f04-east,ON,NORMAL,13.76,24.69,14.00
src-ahu-0192-015,2026-01-15T11:12:00Z,ahu-b-f04-west,ON,NORMAL,13.54,24.61,14.00
src-ahu-0192-016,2026-01-15T11:12:00Z,ahu-c-f01-east,ON,NORMAL,13.54,24.26,14.00
src-ahu-0192-017,2026-01-15T11:12:00Z,ahu-c-f01-west,ON,NORMAL,13.60,24.10,14.00
src-ahu-0192-018,2026-01-15T11:12:00Z,ahu-c-f02-east,ON,NORMAL,13.81,24.15,14.00
src-ahu-0192-019,2026-01-15T11:12:00Z,ahu-c-f02-west,ON,NORMAL,13.76,24.19,14.00
src-ahu-0192-020,2026-01-15T11:12:00Z,ahu-c-f03-east,ON,NORMAL,13.89,24.37,14.00
src-ahu-0192-021,2026-01-15T11:12:00Z,ahu-c-f03-west,ON,NORMAL,13.86,24.38,14.00
src-ahu-0192-022,2026-01-15T11:12:00Z,ahu-c-f04-east,ON,NORMAL,13.83,24.74,14.00
src-ahu-0192-023,2026-01-15T11:12:00Z,ahu-c-f04-west,ON,NORMAL,13.97,24.88,14.00
src-ahu-0193-000,2026-01-15T11:13:00Z,ahu-a-f01-east,ON,NORMAL,14.34,24.92,14.00
src-ahu-0193-001,2026-01-15T11:13:00Z,ahu-a-f01-west,ON,NORMAL,14.14,25.06,14.00
src-ahu-0193-002,2026-01-15T11:13:00Z,ahu-a-f02-east,ON,NORMAL,14.27,25.46,14.00
src-ahu-0193-003,2026-01-15T11:13:00Z,ahu-a-f02-west,ON,NORMAL,14.03,25.54,14.00
src-ahu-0193-004,2026-01-15T11:13:00Z,ahu-a-f03-east,ON,NORMAL,14.00,25.77,14.00
src-ahu-0193-005,2026-01-15T11:13:00Z,ahu-a-f03-west,ON,NORMAL,13.94,25.82,14.00
src-ahu-0193-006,2026-01-15T11:13:00Z,ahu-a-f04-east,ON,NORMAL,13.89,25.98,14.00
src-ahu-0193-007,2026-01-15T11:13:00Z,ahu-a-f04-west,ON,NORMAL,13.90,25.86,14.00
src-ahu-0193-008,2026-01-15T11:13:00Z,ahu-b-f01-east,ON,NORMAL,13.85,25.14,14.00
src-ahu-0193-009,2026-01-15T11:13:00Z,ahu-b-f01-west,ON,NORMAL,13.75,25.07,14.00
src-ahu-0193-010,2026-01-15T11:13:00Z,ahu-b-f02-east,ON,NORMAL,13.85,25.15,14.00
src-ahu-0193-011,2026-01-15T11:13:00Z,ahu-b-f02-west,ON,NORMAL,13.60,24.93,14.00
src-ahu-0193-012,2026-01-15T11:13:00Z,ahu-b-f03-east,ON,NORMAL,13.70,24.90,14.00
src-ahu-0193-013,2026-01-15T11:13:00Z,ahu-b-f03-west,ON,NORMAL,13.71,24.70,14.00
src-ahu-0193-014,2026-01-15T11:13:00Z,ahu-b-f04-east,ON,NORMAL,13.63,24.62,14.00
src-ahu-0193-015,2026-01-15T11:13:00Z,ahu-b-f04-west,ON,NORMAL,13.69,24.50,14.00
src-ahu-0193-016,2026-01-15T11:13:00Z,ahu-c-f01-east,ON,NORMAL,13.67,24.16,14.00
src-ahu-0193-017,2026-01-15T11:13:00Z,ahu-c-f01-west,ON,NORMAL,13.60,24.06,14.00
src-ahu-0193-018,2026-01-15T11:13:00Z,ahu-c-f02-east,ON,NORMAL,13.64,24.25,14.00
src-ahu-0193-019,2026-01-15T11:13:00Z,ahu-c-f02-west,ON,NORMAL,13.73,24.17,14.00
src-ahu-0193-020,2026-01-15T11:13:00Z,ahu-c-f03-east,ON,NORMAL,13.91,24.37,14.00
src-ahu-0193-021,2026-01-15T11:13:00Z,ahu-c-f03-west,ON,NORMAL,13.78,24.48,14.00
src-ahu-0193-022,2026-01-15T11:13:00Z,ahu-c-f04-east,ON,NORMAL,13.96,24.82,14.00
src-ahu-0193-023,2026-01-15T11:13:00Z,ahu-c-f04-west,ON,NORMAL,14.07,24.91,14.00
src-ahu-0194-000,2026-01-15T11:14:00Z,ahu-a-f01-east,ON,NORMAL,14.17,24.99,14.00
src-ahu-0194-001,2026-01-15T11:14:00Z,ahu-a-f01-west,ON,NORMAL,14.24,25.17,14.00
src-ahu-0194-002,2026-01-15T11:14:00Z,ahu-a-f02-east,ON,NORMAL,14.16,25.46,14.00
src-ahu-0194-003,2026-01-15T11:14:00Z,ahu-a-f02-west,ON,NORMAL,14.17,25.56,14.00
src-ahu-0194-004,2026-01-15T11:14:00Z,ahu-a-f03-east,ON,NORMAL,13.93,25.83,14.00
src-ahu-0194-005,2026-01-15T11:14:00Z,ahu-a-f03-west,ON,NORMAL,13.88,25.79,14.00
src-ahu-0194-006,2026-01-15T11:14:00Z,ahu-a-f04-east,ON,NORMAL,13.82,25.91,14.00
src-ahu-0194-007,2026-01-15T11:14:00Z,ahu-a-f04-west,ON,NORMAL,13.84,25.89,14.00
src-ahu-0194-008,2026-01-15T11:14:00Z,ahu-b-f01-east,ON,NORMAL,13.74,25.18,14.00
src-ahu-0194-009,2026-01-15T11:14:00Z,ahu-b-f01-west,ON,NORMAL,13.69,25.02,14.00
src-ahu-0194-010,2026-01-15T11:14:00Z,ahu-b-f02-east,ON,NORMAL,13.76,25.01,14.00
src-ahu-0194-011,2026-01-15T11:14:00Z,ahu-b-f02-west,ON,NORMAL,13.64,24.95,14.00
src-ahu-0194-012,2026-01-15T11:14:00Z,ahu-b-f03-east,ON,NORMAL,13.75,24.89,14.00
src-ahu-0194-013,2026-01-15T11:14:00Z,ahu-b-f03-west,ON,NORMAL,13.77,24.62,14.00
src-ahu-0194-014,2026-01-15T11:14:00Z,ahu-b-f04-east,ON,NORMAL,13.62,24.65,14.00
src-ahu-0194-015,2026-01-15T11:14:00Z,ahu-b-f04-west,ON,NORMAL,13.57,24.48,14.00
src-ahu-0194-016,2026-01-15T11:14:00Z,ahu-c-f01-east,ON,NORMAL,13.77,24.18,14.00
src-ahu-0194-017,2026-01-15T11:14:00Z,ahu-c-f01-west,ON,NORMAL,13.61,24.11,14.00
src-ahu-0194-018,2026-01-15T11:14:00Z,ahu-c-f02-east,ON,NORMAL,13.82,24.23,14.00
src-ahu-0194-019,2026-01-15T11:14:00Z,ahu-c-f02-west,ON,NORMAL,13.87,24.20,14.00
src-ahu-0194-020,2026-01-15T11:14:00Z,ahu-c-f03-east,ON,NORMAL,13.88,24.42,14.00
src-ahu-0194-021,2026-01-15T11:14:00Z,ahu-c-f03-west,ON,NORMAL,13.87,24.46,14.00
src-ahu-0194-022,2026-01-15T11:14:00Z,ahu-c-f04-east,ON,NORMAL,13.99,24.82,14.00
src-ahu-0194-023,2026-01-15T11:14:00Z,ahu-c-f04-west,ON,NORMAL,13.95,24.85,14.00
src-ahu-0195-000,2026-01-15T11:15:00Z,ahu-a-f01-east,ON,NORMAL,14.23,25.09,14.00
src-ahu-0195-001,2026-01-15T11:15:00Z,ahu-a-f01-west,ON,NORMAL,14.24,25.12,14.00
src-ahu-0195-002,2026-01-15T11:15:00Z,ahu-a-f02-east,ON,NORMAL,14.22,25.46,14.00
src-ahu-0195-003,2026-01-15T11:15:00Z,ahu-a-f02-west,ON,NORMAL,14.02,25.51,14.00
src-ahu-0195-004,2026-01-15T11:15:00Z,ahu-a-f03-east,ON,NORMAL,13.93,25.79,14.00
src-ahu-0195-005,2026-01-15T11:15:00Z,ahu-a-f03-west,ON,NORMAL,14.02,25.74,14.00
src-ahu-0195-006,2026-01-15T11:15:00Z,ahu-a-f04-east,ON,NORMAL,13.99,25.89,14.00
src-ahu-0195-007,2026-01-15T11:15:00Z,ahu-a-f04-west,ON,NORMAL,13.83,25.86,14.00
src-ahu-0195-008,2026-01-15T11:15:00Z,ahu-b-f01-east,ON,NORMAL,13.90,25.18,14.00
src-ahu-0195-009,2026-01-15T11:15:00Z,ahu-b-f01-west,ON,NORMAL,13.63,25.03,14.00
src-ahu-0195-010,2026-01-15T11:15:00Z,ahu-b-f02-east,ON,NORMAL,13.63,25.01,14.00
src-ahu-0195-011,2026-01-15T11:15:00Z,ahu-b-f02-west,ON,NORMAL,13.59,24.84,14.00
src-ahu-0195-012,2026-01-15T11:15:00Z,ahu-b-f03-east,ON,NORMAL,13.73,24.91,14.00
src-ahu-0195-013,2026-01-15T11:15:00Z,ahu-b-f03-west,ON,NORMAL,13.72,24.58,14.00
src-ahu-0195-014,2026-01-15T11:15:00Z,ahu-b-f04-east,ON,NORMAL,13.57,24.64,14.00
src-ahu-0195-015,2026-01-15T11:15:00Z,ahu-b-f04-west,ON,NORMAL,13.68,24.47,14.00
src-ahu-0195-016,2026-01-15T11:15:00Z,ahu-c-f01-east,ON,NORMAL,13.62,24.11,14.00
src-ahu-0195-017,2026-01-15T11:15:00Z,ahu-c-f01-west,ON,NORMAL,13.76,24.09,14.00
src-ahu-0195-018,2026-01-15T11:15:00Z,ahu-c-f02-east,ON,NORMAL,13.87,24.14,14.00
src-ahu-0195-019,2026-01-15T11:15:00Z,ahu-c-f02-west,ON,NORMAL,13.89,24.18,14.00
src-ahu-0195-020,2026-01-15T11:15:00Z,ahu-c-f03-east,ON,NORMAL,13.77,24.36,14.00
src-ahu-0195-021,2026-01-15T11:15:00Z,ahu-c-f03-west,ON,NORMAL,13.91,24.54,14.00
src-ahu-0195-022,2026-01-15T11:15:00Z,ahu-c-f04-east,ON,NORMAL,13.99,24.76,14.00
src-ahu-0195-023,2026-01-15T11:15:00Z,ahu-c-f04-west,ON,NORMAL,13.96,24.95,14.00
src-ahu-0196-000,2026-01-15T11:16:00Z,ahu-a-f01-east,ON,NORMAL,14.32,24.96,14.00
src-ahu-0196-001,2026-01-15T11:16:00Z,ahu-a-f01-west,ON,NORMAL,14.26,25.26,14.00
src-ahu-0196-002,2026-01-15T11:16:00Z,ahu-a-f02-east,ON,NORMAL,14.16,25.44,14.00
src-ahu-0196-003,2026-01-15T11:16:00Z,ahu-a-f02-west,ON,NORMAL,13.94,25.56,14.00
src-ahu-0196-004,2026-01-15T11:16:00Z,ahu-a-f03-east,ON,NORMAL,13.95,25.80,14.00
src-ahu-0196-005,2026-01-15T11:16:00Z,ahu-a-f03-west,ON,NORMAL,13.88,25.82,14.00
src-ahu-0196-006,2026-01-15T11:16:00Z,ahu-a-f04-east,ON,NORMAL,13.76,25.96,14.00
src-ahu-0196-007,2026-01-15T11:16:00Z,ahu-a-f04-west,ON,NORMAL,13.70,25.72,14.00
src-ahu-0196-008,2026-01-15T11:16:00Z,ahu-b-f01-east,ON,NORMAL,13.85,25.16,14.00
src-ahu-0196-009,2026-01-15T11:16:00Z,ahu-b-f01-west,ON,NORMAL,13.74,25.00,14.00
src-ahu-0196-010,2026-01-15T11:16:00Z,ahu-b-f02-east,ON,NORMAL,13.81,24.96,14.00
src-ahu-0196-011,2026-01-15T11:16:00Z,ahu-b-f02-west,ON,NORMAL,13.66,24.80,14.00
src-ahu-0196-012,2026-01-15T11:16:00Z,ahu-b-f03-east,ON,NORMAL,13.66,24.82,14.00
src-ahu-0196-013,2026-01-15T11:16:00Z,ahu-b-f03-west,ON,NORMAL,13.63,24.57,14.00
src-ahu-0196-014,2026-01-15T11:16:00Z,ahu-b-f04-east,ON,NORMAL,13.57,24.57,14.00
src-ahu-0196-015,2026-01-15T11:16:00Z,ahu-b-f04-west,ON,NORMAL,13.62,24.39,14.00
src-ahu-0196-016,2026-01-15T11:16:00Z,ahu-c-f01-east,ON,NORMAL,13.70,24.15,14.00
src-ahu-0196-017,2026-01-15T11:16:00Z,ahu-c-f01-west,ON,NORMAL,13.67,24.13,14.00
src-ahu-0196-018,2026-01-15T11:16:00Z,ahu-c-f02-east,ON,NORMAL,13.81,24.17,14.00
src-ahu-0196-019,2026-01-15T11:16:00Z,ahu-c-f02-west,ON,NORMAL,13.88,24.23,14.00
src-ahu-0196-020,2026-01-15T11:16:00Z,ahu-c-f03-east,ON,NORMAL,13.98,24.40,14.00
src-ahu-0196-021,2026-01-15T11:16:00Z,ahu-c-f03-west,ON,NORMAL,14.02,24.48,14.00
src-ahu-0196-022,2026-01-15T11:16:00Z,ahu-c-f04-east,ON,NORMAL,13.95,24.79,14.00
src-ahu-0196-023,2026-01-15T11:16:00Z,ahu-c-f04-west,ON,NORMAL,14.12,25.02,14.00
src-ahu-0197-000,2026-01-15T11:17:00Z,ahu-a-f01-east,ON,NORMAL,14.15,25.10,14.00
src-ahu-0197-001,2026-01-15T11:17:00Z,ahu-a-f01-west,ON,NORMAL,14.21,25.31,14.00
src-ahu-0197-002,2026-01-15T11:17:00Z,ahu-a-f02-east,ON,NORMAL,14.00,25.50,14.00
src-ahu-0197-003,2026-01-15T11:17:00Z,ahu-a-f02-west,ON,NORMAL,14.03,25.55,14.00
src-ahu-0197-004,2026-01-15T11:17:00Z,ahu-a-f03-east,ON,NORMAL,13.95,25.77,14.00
src-ahu-0197-005,2026-01-15T11:17:00Z,ahu-a-f03-west,ON,NORMAL,14.02,25.84,14.00
src-ahu-0197-006,2026-01-15T11:17:00Z,ahu-a-f04-east,ON,NORMAL,13.77,25.83,14.00
src-ahu-0197-007,2026-01-15T11:17:00Z,ahu-a-f04-west,ON,NORMAL,13.69,25.79,14.00
src-ahu-0197-008,2026-01-15T11:17:00Z,ahu-b-f01-east,ON,NORMAL,13.79,25.10,14.00
src-ahu-0197-009,2026-01-15T11:17:00Z,ahu-b-f01-west,ON,NORMAL,13.59,25.00,14.00
src-ahu-0197-010,2026-01-15T11:17:00Z,ahu-b-f02-east,ON,NORMAL,13.76,24.97,14.00
src-ahu-0197-011,2026-01-15T11:17:00Z,ahu-b-f02-west,ON,NORMAL,13.78,24.70,14.00
src-ahu-0197-012,2026-01-15T11:17:00Z,ahu-b-f03-east,ON,NORMAL,13.66,24.79,14.00
src-ahu-0197-013,2026-01-15T11:17:00Z,ahu-b-f03-west,ON,NORMAL,13.77,24.60,14.00
src-ahu-0197-014,2026-01-15T11:17:00Z,ahu-b-f04-east,ON,NORMAL,13.77,24.52,14.00
src-ahu-0197-015,2026-01-15T11:17:00Z,ahu-b-f04-west,ON,NORMAL,13.69,24.39,14.00
src-ahu-0197-016,2026-01-15T11:17:00Z,ahu-c-f01-east,ON,NORMAL,13.82,24.21,14.00
src-ahu-0197-017,2026-01-15T11:17:00Z,ahu-c-f01-west,ON,NORMAL,13.71,23.99,14.00
src-ahu-0197-018,2026-01-15T11:17:00Z,ahu-c-f02-east,ON,NORMAL,13.82,24.14,14.00
src-ahu-0197-019,2026-01-15T11:17:00Z,ahu-c-f02-west,ON,NORMAL,13.74,24.23,14.00
src-ahu-0197-020,2026-01-15T11:17:00Z,ahu-c-f03-east,ON,NORMAL,13.89,24.47,14.00
src-ahu-0197-021,2026-01-15T11:17:00Z,ahu-c-f03-west,ON,NORMAL,13.85,24.47,14.00
src-ahu-0197-022,2026-01-15T11:17:00Z,ahu-c-f04-east,ON,NORMAL,14.06,24.86,14.00
src-ahu-0197-023,2026-01-15T11:17:00Z,ahu-c-f04-west,ON,NORMAL,13.95,24.95,14.00
src-ahu-0198-000,2026-01-15T11:18:00Z,ahu-a-f01-east,ON,NORMAL,14.16,25.09,14.00
src-ahu-0198-001,2026-01-15T11:18:00Z,ahu-a-f01-west,ON,NORMAL,14.00,25.12,14.00
src-ahu-0198-002,2026-01-15T11:18:00Z,ahu-a-f02-east,ON,NORMAL,13.97,25.44,14.00
src-ahu-0198-003,2026-01-15T11:18:00Z,ahu-a-f02-west,ON,NORMAL,13.98,25.52,14.00
src-ahu-0198-004,2026-01-15T11:18:00Z,ahu-a-f03-east,ON,NORMAL,13.88,25.80,14.00
src-ahu-0198-005,2026-01-15T11:18:00Z,ahu-a-f03-west,ON,NORMAL,13.89,25.79,14.00
src-ahu-0198-006,2026-01-15T11:18:00Z,ahu-a-f04-east,ON,NORMAL,13.77,25.89,14.00
src-ahu-0198-007,2026-01-15T11:18:00Z,ahu-a-f04-west,ON,NORMAL,13.76,25.83,14.00
src-ahu-0198-008,2026-01-15T11:18:00Z,ahu-b-f01-east,ON,NORMAL,13.82,25.10,14.00
src-ahu-0198-009,2026-01-15T11:18:00Z,ahu-b-f01-west,ON,NORMAL,13.65,24.86,14.00
src-ahu-0198-010,2026-01-15T11:18:00Z,ahu-b-f02-east,ON,NORMAL,13.68,24.91,14.00
src-ahu-0198-011,2026-01-15T11:18:00Z,ahu-b-f02-west,ON,NORMAL,13.59,24.80,14.00
src-ahu-0198-012,2026-01-15T11:18:00Z,ahu-b-f03-east,ON,NORMAL,13.61,24.71,14.00
src-ahu-0198-013,2026-01-15T11:18:00Z,ahu-b-f03-west,ON,NORMAL,13.69,24.54,14.00
src-ahu-0198-014,2026-01-15T11:18:00Z,ahu-b-f04-east,ON,NORMAL,13.63,24.49,14.00
src-ahu-0198-015,2026-01-15T11:18:00Z,ahu-b-f04-west,ON,NORMAL,13.72,24.37,14.00
src-ahu-0198-016,2026-01-15T11:18:00Z,ahu-c-f01-east,ON,NORMAL,13.80,24.09,14.00
src-ahu-0198-017,2026-01-15T11:18:00Z,ahu-c-f01-west,ON,NORMAL,13.86,24.14,14.00
src-ahu-0198-018,2026-01-15T11:18:00Z,ahu-c-f02-east,ON,NORMAL,13.90,24.24,14.00
src-ahu-0198-019,2026-01-15T11:18:00Z,ahu-c-f02-west,ON,NORMAL,13.85,24.23,14.00
src-ahu-0198-020,2026-01-15T11:18:00Z,ahu-c-f03-east,ON,NORMAL,13.81,24.51,14.00
src-ahu-0198-021,2026-01-15T11:18:00Z,ahu-c-f03-west,ON,NORMAL,14.03,24.53,14.00
src-ahu-0198-022,2026-01-15T11:18:00Z,ahu-c-f04-east,ON,NORMAL,13.96,24.84,14.00
src-ahu-0198-023,2026-01-15T11:18:00Z,ahu-c-f04-west,ON,NORMAL,14.16,24.97,14.00
src-ahu-0199-000,2026-01-15T11:19:00Z,ahu-a-f01-east,ON,NORMAL,14.04,25.10,14.00
src-ahu-0199-001,2026-01-15T11:19:00Z,ahu-a-f01-west,ON,NORMAL,14.00,25.22,14.00
src-ahu-0199-002,2026-01-15T11:19:00Z,ahu-a-f02-east,ON,NORMAL,14.12,25.62,14.00
src-ahu-0199-003,2026-01-15T11:19:00Z,ahu-a-f02-west,ON,NORMAL,13.88,25.60,14.00
src-ahu-0199-004,2026-01-15T11:19:00Z,ahu-a-f03-east,ON,NORMAL,13.92,25.83,14.00
src-ahu-0199-005,2026-01-15T11:19:00Z,ahu-a-f03-west,ON,NORMAL,13.95,25.77,14.00
src-ahu-0199-006,2026-01-15T11:19:00Z,ahu-a-f04-east,ON,NORMAL,13.78,25.93,14.00
src-ahu-0199-007,2026-01-15T11:19:00Z,ahu-a-f04-west,ON,NORMAL,13.73,25.80,14.00
src-ahu-0199-008,2026-01-15T11:19:00Z,ahu-b-f01-east,ON,NORMAL,13.63,25.16,14.00
src-ahu-0199-009,2026-01-15T11:19:00Z,ahu-b-f01-west,ON,NORMAL,13.60,24.84,14.00
src-ahu-0199-010,2026-01-15T11:19:00Z,ahu-b-f02-east,ON,NORMAL,13.60,24.90,14.00
src-ahu-0199-011,2026-01-15T11:19:00Z,ahu-b-f02-west,ON,NORMAL,13.70,24.68,14.00
src-ahu-0199-012,2026-01-15T11:19:00Z,ahu-b-f03-east,ON,NORMAL,13.59,24.76,14.00
src-ahu-0199-013,2026-01-15T11:19:00Z,ahu-b-f03-west,ON,NORMAL,13.56,24.51,14.00
src-ahu-0199-014,2026-01-15T11:19:00Z,ahu-b-f04-east,ON,NORMAL,13.71,24.55,14.00
src-ahu-0199-015,2026-01-15T11:19:00Z,ahu-b-f04-west,ON,NORMAL,13.75,24.39,14.00
src-ahu-0199-016,2026-01-15T11:19:00Z,ahu-c-f01-east,ON,NORMAL,13.63,24.12,14.00
src-ahu-0199-017,2026-01-15T11:19:00Z,ahu-c-f01-west,ON,NORMAL,13.76,24.05,14.00
src-ahu-0199-018,2026-01-15T11:19:00Z,ahu-c-f02-east,ON,NORMAL,13.93,24.20,14.00
src-ahu-0199-019,2026-01-15T11:19:00Z,ahu-c-f02-west,ON,NORMAL,13.91,24.15,14.00
src-ahu-0199-020,2026-01-15T11:19:00Z,ahu-c-f03-east,ON,NORMAL,14.05,24.45,14.00
src-ahu-0199-021,2026-01-15T11:19:00Z,ahu-c-f03-west,ON,NORMAL,14.03,24.61,14.00
src-ahu-0199-022,2026-01-15T11:19:00Z,ahu-c-f04-east,ON,NORMAL,13.96,24.90,14.00
src-ahu-0199-023,2026-01-15T11:19:00Z,ahu-c-f04-west,ON,NORMAL,14.19,25.04,14.00
src-ahu-0200-000,2026-01-15T11:20:00Z,ahu-a-f01-east,ON,NORMAL,14.16,25.12,14.00
src-ahu-0200-001,2026-01-15T11:20:00Z,ahu-a-f01-west,ON,NORMAL,14.12,25.33,14.00
src-ahu-0200-002,2026-01-15T11:20:00Z,ahu-a-f02-east,ON,NORMAL,14.10,25.52,14.00
src-ahu-0200-003,2026-01-15T11:20:00Z,ahu-a-f02-west,ON,NORMAL,13.82,25.57,14.00
src-ahu-0200-004,2026-01-15T11:20:00Z,ahu-a-f03-east,ON,NORMAL,13.84,25.82,14.00
src-ahu-0200-005,2026-01-15T11:20:00Z,ahu-a-f03-west,ON,NORMAL,13.90,25.78,14.00
src-ahu-0200-006,2026-01-15T11:20:00Z,ahu-a-f04-east,ON,NORMAL,13.83,25.83,14.00
src-ahu-0200-007,2026-01-15T11:20:00Z,ahu-a-f04-west,ON,NORMAL,13.67,25.69,14.00
src-ahu-0200-008,2026-01-15T11:20:00Z,ahu-b-f01-east,ON,NORMAL,13.78,25.10,14.00
src-ahu-0200-009,2026-01-15T11:20:00Z,ahu-b-f01-west,ON,NORMAL,16.50,25.00,14.00
src-ahu-0200-010,2026-01-15T11:20:00Z,ahu-b-f02-east,ON,NORMAL,13.54,24.85,14.00
src-ahu-0200-011,2026-01-15T11:20:00Z,ahu-b-f02-west,ON,NORMAL,13.76,24.68,14.00
src-ahu-0200-012,2026-01-15T11:20:00Z,ahu-b-f03-east,ON,NORMAL,13.59,24.74,14.00
src-ahu-0200-013,2026-01-15T11:20:00Z,ahu-b-f03-west,ON,NORMAL,13.69,24.54,14.00
src-ahu-0200-014,2026-01-15T11:20:00Z,ahu-b-f04-east,ON,NORMAL,13.74,24.58,14.00
src-ahu-0200-015,2026-01-15T11:20:00Z,ahu-b-f04-west,ON,NORMAL,13.66,24.34,14.00
src-ahu-0200-016,2026-01-15T11:20:00Z,ahu-c-f01-east,ON,NORMAL,13.67,24.12,14.00
src-ahu-0200-017,2026-01-15T11:20:00Z,ahu-c-f01-west,ON,NORMAL,13.80,24.05,14.00
src-ahu-0200-018,2026-01-15T11:20:00Z,ahu-c-f02-east,ON,NORMAL,13.86,24.18,14.00
src-ahu-0200-019,2026-01-15T11:20:00Z,ahu-c-f02-west,ON,NORMAL,13.80,24.29,14.00
src-ahu-0200-020,2026-01-15T11:20:00Z,ahu-c-f03-east,ON,NORMAL,13.87,24.38,14.00
src-ahu-0200-021,2026-01-15T11:20:00Z,ahu-c-f03-west,ON,NORMAL,14.07,24.50,14.00
src-ahu-0200-022,2026-01-15T11:20:00Z,ahu-c-f04-east,ON,NORMAL,14.00,25.00,14.00
src-ahu-0200-023,2026-01-15T11:20:00Z,ahu-c-f04-west,ON,NORMAL,14.10,25.11,14.00
src-ahu-0201-000,2026-01-15T11:21:00Z,ahu-a-f01-east,ON,NORMAL,14.11,25.16,14.00
src-ahu-0201-001,2026-01-15T11:21:00Z,ahu-a-f01-west,ON,NORMAL,14.08,25.32,14.00
src-ahu-0201-002,2026-01-15T11:21:00Z,ahu-a-f02-east,ON,NORMAL,13.91,25.57,14.00
src-ahu-0201-003,2026-01-15T11:21:00Z,ahu-a-f02-west,ON,NORMAL,13.84,25.55,14.00
src-ahu-0201-004,2026-01-15T11:21:00Z,ahu-a-f03-east,ON,NORMAL,13.93,25.79,14.00
src-ahu-0201-005,2026-01-15T11:21:00Z,ahu-a-f03-west,ON,NORMAL,13.73,25.66,14.00
src-ahu-0201-006,2026-01-15T11:21:00Z,ahu-a-f04-east,ON,NORMAL,13.86,25.83,14.00
src-ahu-0201-007,2026-01-15T11:21:00Z,ahu-a-f04-west,ON,NORMAL,13.75,25.72,14.00
src-ahu-0201-008,2026-01-15T11:21:00Z,ahu-b-f01-east,ON,NORMAL,13.69,25.03,14.00
src-ahu-0201-009,2026-01-15T11:21:00Z,ahu-b-f01-west,ON,NORMAL,16.50,24.87,14.00
src-ahu-0201-010,2026-01-15T11:21:00Z,ahu-b-f02-east,ON,NORMAL,13.58,24.79,14.00
src-ahu-0201-011,2026-01-15T11:21:00Z,ahu-b-f02-west,ON,NORMAL,13.74,24.58,14.00
src-ahu-0201-012,2026-01-15T11:21:00Z,ahu-b-f03-east,ON,NORMAL,13.66,24.57,14.00
src-ahu-0201-013,2026-01-15T11:21:00Z,ahu-b-f03-west,ON,NORMAL,13.57,24.41,14.00
src-ahu-0201-014,2026-01-15T11:21:00Z,ahu-b-f04-east,ON,NORMAL,13.64,24.43,14.00
src-ahu-0201-015,2026-01-15T11:21:00Z,ahu-b-f04-west,ON,NORMAL,13.70,24.32,14.00
src-ahu-0201-016,2026-01-15T11:21:00Z,ahu-c-f01-east,ON,NORMAL,13.71,24.01,14.00
src-ahu-0201-017,2026-01-15T11:21:00Z,ahu-c-f01-west,ON,NORMAL,13.90,24.10,14.00
src-ahu-0201-018,2026-01-15T11:21:00Z,ahu-c-f02-east,ON,NORMAL,13.99,24.15,14.00
src-ahu-0201-019,2026-01-15T11:21:00Z,ahu-c-f02-west,ON,NORMAL,13.88,24.31,14.00
src-ahu-0201-020,2026-01-15T11:21:00Z,ahu-c-f03-east,ON,NORMAL,13.94,24.51,14.00
src-ahu-0201-021,2026-01-15T11:21:00Z,ahu-c-f03-west,ON,NORMAL,14.17,24.50,14.00
src-ahu-0201-022,2026-01-15T11:21:00Z,ahu-c-f04-east,ON,NORMAL,14.17,24.95,14.00
src-ahu-0201-023,2026-01-15T11:21:00Z,ahu-c-f04-west,ON,NORMAL,14.22,25.11,14.00
src-ahu-0202-000,2026-01-15T11:22:00Z,ahu-a-f01-east,ON,NORMAL,14.15,25.21,14.00
src-ahu-0202-001,2026-01-15T11:22:00Z,ahu-a-f01-west,ON,NORMAL,13.91,25.32,14.00
src-ahu-0202-002,2026-01-15T11:22:00Z,ahu-a-f02-east,ON,NORMAL,13.95,25.54,14.00
src-ahu-0202-003,2026-01-15T11:22:00Z,ahu-a-f02-west,ON,NORMAL,13.80,25.51,14.00
src-ahu-0202-004,2026-01-15T11:22:00Z,ahu-a-f03-east,ON,NORMAL,13.85,25.69,14.00
src-ahu-0202-005,2026-01-15T11:22:00Z,ahu-a-f03-west,ON,NORMAL,13.70,25.82,14.00
src-ahu-0202-006,2026-01-15T11:22:00Z,ahu-a-f04-east,ON,NORMAL,13.73,25.84,14.00
src-ahu-0202-007,2026-01-15T11:22:00Z,ahu-a-f04-west,ON,NORMAL,13.69,25.78,14.00
src-ahu-0202-008,2026-01-15T11:22:00Z,ahu-b-f01-east,ON,NORMAL,13.77,24.90,14.00
src-ahu-0202-009,2026-01-15T11:22:00Z,ahu-b-f01-west,ON,NORMAL,16.50,24.90,14.00
src-ahu-0202-010,2026-01-15T11:22:00Z,ahu-b-f02-east,ON,NORMAL,13.66,24.86,14.00
src-ahu-0202-011,2026-01-15T11:22:00Z,ahu-b-f02-west,ON,NORMAL,13.56,24.64,14.00
src-ahu-0202-012,2026-01-15T11:22:00Z,ahu-b-f03-east,ON,NORMAL,13.78,24.62,14.00
src-ahu-0202-013,2026-01-15T11:22:00Z,ahu-b-f03-west,ON,NORMAL,13.61,24.46,14.00
src-ahu-0202-014,2026-01-15T11:22:00Z,ahu-b-f04-east,ON,NORMAL,13.83,24.41,14.00
src-ahu-0202-015,2026-01-15T11:22:00Z,ahu-b-f04-west,ON,NORMAL,13.71,24.32,14.00
src-ahu-0202-016,2026-01-15T11:22:00Z,ahu-c-f01-east,ON,NORMAL,13.92,24.03,14.00
src-ahu-0202-017,2026-01-15T11:22:00Z,ahu-c-f01-west,ON,NORMAL,13.80,24.07,14.00
src-ahu-0202-018,2026-01-15T11:22:00Z,ahu-c-f02-east,ON,NORMAL,14.02,24.18,14.00
src-ahu-0202-019,2026-01-15T11:22:00Z,ahu-c-f02-west,ON,NORMAL,13.86,24.23,14.00
src-ahu-0202-020,2026-01-15T11:22:00Z,ahu-c-f03-east,ON,NORMAL,14.09,24.57,14.00
src-ahu-0202-021,2026-01-15T11:22:00Z,ahu-c-f03-west,ON,NORMAL,14.15,24.60,14.00
src-ahu-0202-022,2026-01-15T11:22:00Z,ahu-c-f04-east,ON,NORMAL,14.22,24.86,14.00
src-ahu-0202-023,2026-01-15T11:22:00Z,ahu-c-f04-west,ON,NORMAL,14.25,25.05,14.00
src-ahu-0203-000,2026-01-15T11:23:00Z,ahu-a-f01-east,ON,NORMAL,14.15,25.20,14.00
src-ahu-0203-001,2026-01-15T11:23:00Z,ahu-a-f01-west,ON,NORMAL,14.08,25.38,14.00
src-ahu-0203-002,2026-01-15T11:23:00Z,ahu-a-f02-east,ON,NORMAL,13.91,25.54,14.00
src-ahu-0203-003,2026-01-15T11:23:00Z,ahu-a-f02-west,ON,NORMAL,13.96,25.57,14.00
src-ahu-0203-004,2026-01-15T11:23:00Z,ahu-a-f03-east,ON,NORMAL,13.92,25.83,14.00
src-ahu-0203-005,2026-01-15T11:23:00Z,ahu-a-f03-west,ON,NORMAL,13.83,25.70,14.00
src-ahu-0203-006,2026-01-15T11:23:00Z,ahu-a-f04-east,ON,NORMAL,13.62,25.78,14.00
src-ahu-0203-007,2026-01-15T11:23:00Z,ahu-a-f04-west,ON,NORMAL,13.58,25.72,14.00
src-ahu-0203-008,2026-01-15T11:23:00Z,ahu-b-f01-east,ON,NORMAL,13.72,24.98,14.00
src-ahu-0203-009,2026-01-15T11:23:00Z,ahu-b-f01-west,ON,NORMAL,16.50,24.77,14.00
src-ahu-0203-010,2026-01-15T11:23:00Z,ahu-b-f02-east,ON,NORMAL,13.54,24.78,14.00
src-ahu-0203-011,2026-01-15T11:23:00Z,ahu-b-f02-west,ON,NORMAL,13.56,24.60,14.00
src-ahu-0203-012,2026-01-15T11:23:00Z,ahu-b-f03-east,ON,NORMAL,13.72,24.62,14.00
src-ahu-0203-013,2026-01-15T11:23:00Z,ahu-b-f03-west,ON,NORMAL,13.74,24.33,14.00
src-ahu-0203-014,2026-01-15T11:23:00Z,ahu-b-f04-east,ON,NORMAL,13.66,24.34,14.00
src-ahu-0203-015,2026-01-15T11:23:00Z,ahu-b-f04-west,ON,NORMAL,13.73,24.40,14.00
src-ahu-0203-016,2026-01-15T11:23:00Z,ahu-c-f01-east,ON,NORMAL,13.78,24.08,14.00
src-ahu-0203-017,2026-01-15T11:23:00Z,ahu-c-f01-west,ON,NORMAL,13.83,24.01,14.00
src-ahu-0203-018,2026-01-15T11:23:00Z,ahu-c-f02-east,ON,NORMAL,13.97,24.22,14.00
src-ahu-0203-019,2026-01-15T11:23:00Z,ahu-c-f02-west,ON,NORMAL,14.08,24.28,14.00
src-ahu-0203-020,2026-01-15T11:23:00Z,ahu-c-f03-east,ON,NORMAL,14.05,24.63,14.00
src-ahu-0203-021,2026-01-15T11:23:00Z,ahu-c-f03-west,ON,NORMAL,14.02,24.61,14.00
src-ahu-0203-022,2026-01-15T11:23:00Z,ahu-c-f04-east,ON,NORMAL,14.29,24.99,14.00
src-ahu-0203-023,2026-01-15T11:23:00Z,ahu-c-f04-west,ON,NORMAL,14.20,25.12,14.00
src-ahu-0204-000,2026-01-15T11:24:00Z,ahu-a-f01-east,ON,NORMAL,14.06,25.22,14.00
src-ahu-0204-001,2026-01-15T11:24:00Z,ahu-a-f01-west,ON,NORMAL,13.84,25.37,14.00
src-ahu-0204-002,2026-01-15T11:24:00Z,ahu-a-f02-east,ON,NORMAL,13.93,25.59,14.00
src-ahu-0204-003,2026-01-15T11:24:00Z,ahu-a-f02-west,ON,NORMAL,13.77,25.57,14.00
src-ahu-0204-004,2026-01-15T11:24:00Z,ahu-a-f03-east,ON,NORMAL,13.76,25.81,14.00
src-ahu-0204-005,2026-01-15T11:24:00Z,ahu-a-f03-west,ON,NORMAL,13.85,25.68,14.00
src-ahu-0204-006,2026-01-15T11:24:00Z,ahu-a-f04-east,ON,NORMAL,13.78,25.77,14.00
src-ahu-0204-007,2026-01-15T11:24:00Z,ahu-a-f04-west,ON,NORMAL,13.65,25.62,14.00
src-ahu-0204-008,2026-01-15T11:24:00Z,ahu-b-f01-east,ON,NORMAL,13.77,24.98,14.00
src-ahu-0204-009,2026-01-15T11:24:00Z,ahu-b-f01-west,ON,NORMAL,16.50,24.66,14.00
src-ahu-0204-010,2026-01-15T11:24:00Z,ahu-b-f02-east,ON,NORMAL,13.63,24.73,14.00
src-ahu-0204-011,2026-01-15T11:24:00Z,ahu-b-f02-west,ON,NORMAL,13.78,24.46,14.00
src-ahu-0204-012,2026-01-15T11:24:00Z,ahu-b-f03-east,ON,NORMAL,13.62,24.62,14.00
src-ahu-0204-013,2026-01-15T11:24:00Z,ahu-b-f03-west,ON,NORMAL,13.66,24.45,14.00
src-ahu-0204-014,2026-01-15T11:24:00Z,ahu-b-f04-east,ON,NORMAL,13.74,24.32,14.00
src-ahu-0204-015,2026-01-15T11:24:00Z,ahu-b-f04-west,ON,NORMAL,13.72,24.36,14.00
src-ahu-0204-016,2026-01-15T11:24:00Z,ahu-c-f01-east,ON,NORMAL,13.86,24.11,14.00
src-ahu-0204-017,2026-01-15T11:24:00Z,ahu-c-f01-west,ON,NORMAL,13.94,24.07,14.00
src-ahu-0204-018,2026-01-15T11:24:00Z,ahu-c-f02-east,ON,NORMAL,13.93,24.20,14.00
src-ahu-0204-019,2026-01-15T11:24:00Z,ahu-c-f02-west,ON,NORMAL,13.92,24.28,14.00
src-ahu-0204-020,2026-01-15T11:24:00Z,ahu-c-f03-east,ON,NORMAL,14.16,24.57,14.00
src-ahu-0204-021,2026-01-15T11:24:00Z,ahu-c-f03-west,ON,NORMAL,14.12,24.59,14.00
src-ahu-0204-022,2026-01-15T11:24:00Z,ahu-c-f04-east,ON,NORMAL,14.24,25.01,14.00
src-ahu-0204-023,2026-01-15T11:24:00Z,ahu-c-f04-west,ON,NORMAL,14.12,25.21,14.00
src-ahu-0205-000,2026-01-15T11:25:00Z,ahu-a-f01-east,ON,NORMAL,13.87,25.25,14.00
src-ahu-0205-001,2026-01-15T11:25:00Z,ahu-a-f01-west,ON,NORMAL,13.95,25.37,14.00
src-ahu-0205-002,2026-01-15T11:25:00Z,ahu-a-f02-east,ON,NORMAL,13.96,25.62,14.00
src-ahu-0205-003,2026-01-15T11:25:00Z,ahu-a-f02-west,ON,NORMAL,13.93,25.57,14.00
src-ahu-0205-004,2026-01-15T11:25:00Z,ahu-a-f03-east,ON,NORMAL,13.69,25.70,14.00
src-ahu-0205-005,2026-01-15T11:25:00Z,ahu-a-f03-west,ON,NORMAL,13.77,25.59,14.00
src-ahu-0205-006,2026-01-15T11:25:00Z,ahu-a-f04-east,ON,NORMAL,13.62,25.71,14.00
src-ahu-0205-007,2026-01-15T11:25:00Z,ahu-a-f04-west,ON,NORMAL,13.69,25.68,14.00
src-ahu-0205-008,2026-01-15T11:25:00Z,ahu-b-f01-east,ON,NORMAL,13.57,24.88,14.00
src-ahu-0205-009,2026-01-15T11:25:00Z,ahu-b-f01-west,ON,NORMAL,16.50,24.71,14.00
src-ahu-0205-010,2026-01-15T11:25:00Z,ahu-b-f02-east,ON,NORMAL,13.69,24.71,14.00
src-ahu-0205-011,2026-01-15T11:25:00Z,ahu-b-f02-west,ON,NORMAL,13.68,24.55,14.00
src-ahu-0205-012,2026-01-15T11:25:00Z,ahu-b-f03-east,ON,NORMAL,13.75,24.48,14.00
src-ahu-0205-013,2026-01-15T11:25:00Z,ahu-b-f03-west,ON,NORMAL,13.77,24.31,14.00
src-ahu-0205-014,2026-01-15T11:25:00Z,ahu-b-f04-east,ON,NORMAL,13.83,24.41,14.00
src-ahu-0205-015,2026-01-15T11:25:00Z,ahu-b-f04-west,ON,NORMAL,13.87,24.27,14.00
src-ahu-0205-016,2026-01-15T11:25:00Z,ahu-c-f01-east,ON,NORMAL,13.80,23.98,14.00
src-ahu-0205-017,2026-01-15T11:25:00Z,ahu-c-f01-west,ON,NORMAL,14.03,24.01,14.00
src-ahu-0205-018,2026-01-15T11:25:00Z,ahu-c-f02-east,ON,NORMAL,13.97,24.23,14.00
src-ahu-0205-019,2026-01-15T11:25:00Z,ahu-c-f02-west,ON,NORMAL,14.12,24.27,14.00
src-ahu-0205-020,2026-01-15T11:25:00Z,ahu-c-f03-east,ON,NORMAL,14.14,24.62,14.00
src-ahu-0205-021,2026-01-15T11:25:00Z,ahu-c-f03-west,ON,NORMAL,14.10,24.62,14.00
src-ahu-0205-022,2026-01-15T11:25:00Z,ahu-c-f04-east,ON,NORMAL,14.28,25.01,14.00
src-ahu-0205-023,2026-01-15T11:25:00Z,ahu-c-f04-west,ON,NORMAL,14.14,25.20,14.00
src-ahu-0206-000,2026-01-15T11:26:00Z,ahu-a-f01-east,ON,NORMAL,13.93,25.20,14.00
src-ahu-0206-001,2026-01-15T11:26:00Z,ahu-a-f01-west,ON,NORMAL,13.84,25.38,14.00
src-ahu-0206-002,2026-01-15T11:26:00Z,ahu-a-f02-east,ON,NORMAL,13.89,25.64,14.00
src-ahu-0206-003,2026-01-15T11:26:00Z,ahu-a-f02-west,ON,NORMAL,13.71,25.53,14.00
src-ahu-0206-004,2026-01-15T11:26:00Z,ahu-a-f03-east,ON,NORMAL,13.83,25.72,14.00
src-ahu-0206-005,2026-01-15T11:26:00Z,ahu-a-f03-west,ON,NORMAL,13.61,25.76,14.00
src-ahu-0206-006,2026-01-15T11:26:00Z,ahu-a-f04-east,ON,NORMAL,13.66,25.72,14.00
src-ahu-0206-007,2026-01-15T11:26:00Z,ahu-a-f04-west,ON,NORMAL,13.61,25.66,14.00
src-ahu-0206-008,2026-01-15T11:26:00Z,ahu-b-f01-east,ON,NORMAL,13.62,24.97,14.00
src-ahu-0206-009,2026-01-15T11:26:00Z,ahu-b-f01-west,ON,NORMAL,16.50,24.69,14.00
src-ahu-0206-010,2026-01-15T11:26:00Z,ahu-b-f02-east,ON,NORMAL,13.68,24.66,14.00
src-ahu-0206-011,2026-01-15T11:26:00Z,ahu-b-f02-west,ON,NORMAL,13.63,24.56,14.00
src-ahu-0206-012,2026-01-15T11:26:00Z,ahu-b-f03-east,ON,NORMAL,13.70,24.48,14.00
src-ahu-0206-013,2026-01-15T11:26:00Z,ahu-b-f03-west,ON,NORMAL,13.63,24.23,14.00
src-ahu-0206-014,2026-01-15T11:26:00Z,ahu-b-f04-east,ON,NORMAL,13.82,24.34,14.00
src-ahu-0206-015,2026-01-15T11:26:00Z,ahu-b-f04-west,ON,NORMAL,13.76,24.33,14.00
src-ahu-0206-016,2026-01-15T11:26:00Z,ahu-c-f01-east,ON,NORMAL,13.81,24.02,14.00
src-ahu-0206-017,2026-01-15T11:26:00Z,ahu-c-f01-west,ON,NORMAL,14.01,24.08,14.00
src-ahu-0206-018,2026-01-15T11:26:00Z,ahu-c-f02-east,ON,NORMAL,14.01,24.17,14.00
src-ahu-0206-019,2026-01-15T11:26:00Z,ahu-c-f02-west,ON,NORMAL,14.01,24.23,14.00
src-ahu-0206-020,2026-01-15T11:26:00Z,ahu-c-f03-east,ON,NORMAL,14.05,24.58,14.00
src-ahu-0206-021,2026-01-15T11:26:00Z,ahu-c-f03-west,ON,NORMAL,14.24,24.67,14.00
src-ahu-0206-022,2026-01-15T11:26:00Z,ahu-c-f04-east,ON,NORMAL,14.34,24.98,14.00
src-ahu-0206-023,2026-01-15T11:26:00Z,ahu-c-f04-west,ON,NORMAL,14.28,25.25,14.00
src-ahu-0207-000,2026-01-15T11:27:00Z,ahu-a-f01-east,ON,NORMAL,13.99,25.20,14.00
src-ahu-0207-001,2026-01-15T11:27:00Z,ahu-a-f01-west,ON,NORMAL,13.76,25.31,14.00
src-ahu-0207-002,2026-01-15T11:27:00Z,ahu-a-f02-east,ON,NORMAL,13.81,25.53,14.00
src-ahu-0207-003,2026-01-15T11:27:00Z,ahu-a-f02-west,ON,NORMAL,13.79,25.61,14.00
src-ahu-0207-004,2026-01-15T11:27:00Z,ahu-a-f03-east,ON,NORMAL,13.62,25.76,14.00
src-ahu-0207-005,2026-01-15T11:27:00Z,ahu-a-f03-west,ON,NORMAL,13.65,25.74,14.00
src-ahu-0207-006,2026-01-15T11:27:00Z,ahu-a-f04-east,ON,NORMAL,13.74,25.79,14.00
src-ahu-0207-007,2026-01-15T11:27:00Z,ahu-a-f04-west,ON,NORMAL,13.63,25.55,14.00
src-ahu-0207-008,2026-01-15T11:27:00Z,ahu-b-f01-east,ON,NORMAL,13.58,24.79,14.00
src-ahu-0207-009,2026-01-15T11:27:00Z,ahu-b-f01-west,ON,NORMAL,16.50,24.65,14.00
src-ahu-0207-010,2026-01-15T11:27:00Z,ahu-b-f02-east,ON,NORMAL,13.60,24.73,14.00
src-ahu-0207-011,2026-01-15T11:27:00Z,ahu-b-f02-west,ON,NORMAL,13.60,24.40,14.00
src-ahu-0207-012,2026-01-15T11:27:00Z,ahu-b-f03-east,ON,NORMAL,13.79,24.40,14.00
src-ahu-0207-013,2026-01-15T11:27:00Z,ahu-b-f03-west,ON,NORMAL,13.65,24.34,14.00
src-ahu-0207-014,2026-01-15T11:27:00Z,ahu-b-f04-east,ON,NORMAL,13.93,24.29,14.00
src-ahu-0207-015,2026-01-15T11:27:00Z,ahu-b-f04-west,ON,NORMAL,13.81,24.20,14.00
src-ahu-0207-016,2026-01-15T11:27:00Z,ahu-c-f01-east,ON,NORMAL,13.93,24.13,14.00
src-ahu-0207-017,2026-01-15T11:27:00Z,ahu-c-f01-west,ON,NORMAL,13.92,24.03,14.00
src-ahu-0207-018,2026-01-15T11:27:00Z,ahu-c-f02-east,ON,NORMAL,13.98,24.19,14.00
src-ahu-0207-019,2026-01-15T11:27:00Z,ahu-c-f02-west,ON,NORMAL,14.05,24.25,14.00
src-ahu-0207-020,2026-01-15T11:27:00Z,ahu-c-f03-east,ON,NORMAL,14.23,24.60,14.00
src-ahu-0207-021,2026-01-15T11:27:00Z,ahu-c-f03-west,ON,NORMAL,14.20,24.71,14.00
src-ahu-0207-022,2026-01-15T11:27:00Z,ahu-c-f04-east,ON,NORMAL,14.23,25.06,14.00
src-ahu-0207-023,2026-01-15T11:27:00Z,ahu-c-f04-west,ON,NORMAL,14.18,25.19,14.00
src-ahu-0208-000,2026-01-15T11:28:00Z,ahu-a-f01-east,ON,NORMAL,13.87,25.32,14.00
src-ahu-0208-001,2026-01-15T11:28:00Z,ahu-a-f01-west,ON,NORMAL,13.92,25.41,14.00
src-ahu-0208-002,2026-01-15T11:28:00Z,ahu-a-f02-east,ON,NORMAL,13.87,25.65,14.00
src-ahu-0208-003,2026-01-15T11:28:00Z,ahu-a-f02-west,ON,NORMAL,13.73,25.50,14.00
src-ahu-0208-004,2026-01-15T11:28:00Z,ahu-a-f03-east,ON,NORMAL,13.70,25.71,14.00
src-ahu-0208-005,2026-01-15T11:28:00Z,ahu-a-f03-west,ON,NORMAL,13.75,25.70,14.00
src-ahu-0208-006,2026-01-15T11:28:00Z,ahu-a-f04-east,ON,NORMAL,13.57,25.74,14.00
src-ahu-0208-007,2026-01-15T11:28:00Z,ahu-a-f04-west,ON,NORMAL,13.55,25.55,14.00
src-ahu-0208-008,2026-01-15T11:28:00Z,ahu-b-f01-east,ON,NORMAL,13.63,24.80,14.00
src-ahu-0208-009,2026-01-15T11:28:00Z,ahu-b-f01-west,ON,NORMAL,16.50,24.73,14.00
src-ahu-0208-010,2026-01-15T11:28:00Z,ahu-b-f02-east,ON,NORMAL,13.59,24.64,14.00
src-ahu-0208-011,2026-01-15T11:28:00Z,ahu-b-f02-west,ON,NORMAL,13.68,24.42,14.00
src-ahu-0208-012,2026-01-15T11:28:00Z,ahu-b-f03-east,ON,NORMAL,13.85,24.54,14.00
src-ahu-0208-013,2026-01-15T11:28:00Z,ahu-b-f03-west,ON,NORMAL,13.89,24.34,14.00
src-ahu-0208-014,2026-01-15T11:28:00Z,ahu-b-f04-east,ON,NORMAL,13.90,24.30,14.00
src-ahu-0208-015,2026-01-15T11:28:00Z,ahu-b-f04-west,ON,NORMAL,14.00,24.19,14.00
src-ahu-0208-016,2026-01-15T11:28:00Z,ahu-c-f01-east,ON,NORMAL,13.93,24.05,14.00
src-ahu-0208-017,2026-01-15T11:28:00Z,ahu-c-f01-west,ON,NORMAL,14.12,24.01,14.00
src-ahu-0208-018,2026-01-15T11:28:00Z,ahu-c-f02-east,ON,NORMAL,14.17,24.25,14.00
src-ahu-0208-019,2026-01-15T11:28:00Z,ahu-c-f02-west,ON,NORMAL,14.21,24.39,14.00
src-ahu-0208-020,2026-01-15T11:28:00Z,ahu-c-f03-east,ON,NORMAL,14.25,24.70,14.00
src-ahu-0208-021,2026-01-15T11:28:00Z,ahu-c-f03-west,ON,NORMAL,14.23,24.75,14.00
src-ahu-0208-022,2026-01-15T11:28:00Z,ahu-c-f04-east,ON,NORMAL,14.36,25.04,14.00
src-ahu-0208-023,2026-01-15T11:28:00Z,ahu-c-f04-west,ON,NORMAL,14.36,25.30,14.00
src-ahu-0209-000,2026-01-15T11:29:00Z,ahu-a-f01-east,ON,NORMAL,13.78,25.30,14.00
src-ahu-0209-001,2026-01-15T11:29:00Z,ahu-a-f01-west,ON,NORMAL,13.82,25.36,14.00
src-ahu-0209-002,2026-01-15T11:29:00Z,ahu-a-f02-east,ON,NORMAL,13.72,25.63,14.00
src-ahu-0209-003,2026-01-15T11:29:00Z,ahu-a-f02-west,ON,NORMAL,13.78,25.65,14.00
src-ahu-0209-004,2026-01-15T11:29:00Z,ahu-a-f03-east,ON,NORMAL,13.70,25.68,14.00
src-ahu-0209-005,2026-01-15T11:29:00Z,ahu-a-f03-west,ON,NORMAL,13.59,25.59,14.00
src-ahu-0209-006,2026-01-15T11:29:00Z,ahu-a-f04-east,ON,NORMAL,13.70,25.73,14.00
src-ahu-0209-007,2026-01-15T11:29:00Z,ahu-a-f04-west,ON,NORMAL,13.68,25.44,14.00
src-ahu-0209-008,2026-01-15T11:29:00Z,ahu-b-f01-east,ON,NORMAL,13.73,24.88,14.00
src-ahu-0209-009,2026-01-15T11:29:00Z,ahu-b-f01-west,ON,NORMAL,16.50,24.62,14.00
src-ahu-0209-010,2026-01-15T11:29:00Z,ahu-b-f02-east,ON,NORMAL,13.71,24.62,14.00
src-ahu-0209-011,2026-01-15T11:29:00Z,ahu-b-f02-west,ON,NORMAL,13.72,24.40,14.00
src-ahu-0209-012,2026-01-15T11:29:00Z,ahu-b-f03-east,ON,NORMAL,13.87,24.44,14.00
src-ahu-0209-013,2026-01-15T11:29:00Z,ahu-b-f03-west,ON,NORMAL,13.75,24.29,14.00
src-ahu-0209-014,2026-01-15T11:29:00Z,ahu-b-f04-east,ON,NORMAL,13.96,24.30,14.00
src-ahu-0209-015,2026-01-15T11:29:00Z,ahu-b-f04-west,ON,NORMAL,13.85,24.22,14.00
src-ahu-0209-016,2026-01-15T11:29:00Z,ahu-c-f01-east,ON,NORMAL,14.06,23.95,14.00
src-ahu-0209-017,2026-01-15T11:29:00Z,ahu-c-f01-west,ON,NORMAL,14.14,24.12,14.00
src-ahu-0209-018,2026-01-15T11:29:00Z,ahu-c-f02-east,ON,NORMAL,14.02,24.23,14.00
src-ahu-0209-019,2026-01-15T11:29:00Z,ahu-c-f02-west,ON,NORMAL,14.15,24.28,14.00
src-ahu-0209-020,2026-01-15T11:29:00Z,ahu-c-f03-east,ON,NORMAL,14.23,24.60,14.00
src-ahu-0209-021,2026-01-15T11:29:00Z,ahu-c-f03-west,ON,NORMAL,14.32,24.75,14.00
src-ahu-0209-022,2026-01-15T11:29:00Z,ahu-c-f04-east,ON,NORMAL,14.24,25.04,14.00
src-ahu-0209-023,2026-01-15T11:29:00Z,ahu-c-f04-west,ON,NORMAL,14.44,25.40,14.00
src-ahu-0210-000,2026-01-15T11:30:00Z,ahu-a-f01-east,ON,NORMAL,13.94,25.29,14.00
src-ahu-0210-001,2026-01-15T11:30:00Z,ahu-a-f01-west,ON,NORMAL,13.75,25.30,14.00
src-ahu-0210-002,2026-01-15T11:30:00Z,ahu-a-f02-east,ON,NORMAL,13.86,25.56,14.00
src-ahu-0210-003,2026-01-15T11:30:00Z,ahu-a-f02-west,ON,NORMAL,13.77,25.55,14.00
src-ahu-0210-004,2026-01-15T11:30:00Z,ahu-a-f03-east,ON,NORMAL,13.66,25.69,14.00
src-ahu-0210-005,2026-01-15T11:30:00Z,ahu-a-f03-west,ON,NORMAL,13.73,25.56,14.00
src-ahu-0210-006,2026-01-15T11:30:00Z,ahu-a-f04-east,ON,NORMAL,13.56,25.73,14.00
src-ahu-0210-007,2026-01-15T11:30:00Z,ahu-a-f04-west,ON,NORMAL,13.74,25.58,14.00
src-ahu-0210-008,2026-01-15T11:30:00Z,ahu-b-f01-east,ON,NORMAL,13.72,24.78,14.00
src-ahu-0210-009,2026-01-15T11:30:00Z,ahu-b-f01-west,ON,NORMAL,16.50,24.51,14.00
src-ahu-0210-010,2026-01-15T11:30:00Z,ahu-b-f02-east,ON,NORMAL,13.80,24.54,14.00
src-ahu-0210-011,2026-01-15T11:30:00Z,ahu-b-f02-west,ON,NORMAL,13.63,24.48,14.00
src-ahu-0210-012,2026-01-15T11:30:00Z,ahu-b-f03-east,ON,NORMAL,13.82,24.44,14.00
src-ahu-0210-013,2026-01-15T11:30:00Z,ahu-b-f03-west,ON,NORMAL,13.83,24.23,14.00
src-ahu-0210-014,2026-01-15T11:30:00Z,ahu-b-f04-east,ON,NORMAL,13.92,24.23,14.00
src-ahu-0210-015,2026-01-15T11:30:00Z,ahu-b-f04-west,ON,NORMAL,14.06,24.26,14.00
src-ahu-0210-016,2026-01-15T11:30:00Z,ahu-c-f01-east,ON,NORMAL,13.92,24.13,14.00
src-ahu-0210-017,2026-01-15T11:30:00Z,ahu-c-f01-west,ON,NORMAL,14.12,24.03,14.00
src-ahu-0210-018,2026-01-15T11:30:00Z,ahu-c-f02-east,ON,NORMAL,14.08,24.33,14.00
src-ahu-0210-019,2026-01-15T11:30:00Z,ahu-c-f02-west,ON,NORMAL,14.21,24.39,14.00
src-ahu-0210-020,2026-01-15T11:30:00Z,ahu-c-f03-east,ON,NORMAL,14.28,24.59,14.00
src-ahu-0210-021,2026-01-15T11:30:00Z,ahu-c-f03-west,ON,NORMAL,14.22,24.80,14.00
src-ahu-0210-022,2026-01-15T11:30:00Z,ahu-c-f04-east,ON,NORMAL,14.24,25.23,14.00
src-ahu-0210-023,2026-01-15T11:30:00Z,ahu-c-f04-west,ON,NORMAL,14.28,25.36,14.00
src-ahu-0211-000,2026-01-15T11:31:00Z,ahu-a-f01-east,ON,NORMAL,13.92,25.32,14.00
src-ahu-0211-001,2026-01-15T11:31:00Z,ahu-a-f01-west,ON,NORMAL,13.75,25.49,14.00
src-ahu-0211-002,2026-01-15T11:31:00Z,ahu-a-f02-east,ON,NORMAL,13.65,25.63,14.00
src-ahu-0211-003,2026-01-15T11:31:00Z,ahu-a-f02-west,ON,NORMAL,13.60,25.54,14.00
src-ahu-0211-004,2026-01-15T11:31:00Z,ahu-a-f03-east,ON,NORMAL,13.67,25.70,14.00
src-ahu-0211-005,2026-01-15T11:31:00Z,ahu-a-f03-west,ON,NORMAL,13.70,25.59,14.00
src-ahu-0211-006,2026-01-15T11:31:00Z,ahu-a-f04-east,ON,NORMAL,13.66,25.69,14.00
src-ahu-0211-007,2026-01-15T11:31:00Z,ahu-a-f04-west,ON,NORMAL,13.67,25.51,14.00
src-ahu-0211-008,2026-01-15T11:31:00Z,ahu-b-f01-east,ON,NORMAL,13.61,24.73,14.00
src-ahu-0211-009,2026-01-15T11:31:00Z,ahu-b-f01-west,ON,NORMAL,16.50,24.52,14.00
src-ahu-0211-010,2026-01-15T11:31:00Z,ahu-b-f02-east,ON,NORMAL,13.71,24.50,14.00
src-ahu-0211-011,2026-01-15T11:31:00Z,ahu-b-f02-west,ON,NORMAL,13.79,24.35,14.00
src-ahu-0211-012,2026-01-15T11:31:00Z,ahu-b-f03-east,ON,NORMAL,13.88,24.43,14.00
src-ahu-0211-013,2026-01-15T11:31:00Z,ahu-b-f03-west,ON,NORMAL,13.78,24.20,14.00
src-ahu-0211-014,2026-01-15T11:31:00Z,ahu-b-f04-east,ON,NORMAL,13.80,24.29,14.00
src-ahu-0211-015,2026-01-15T11:31:00Z,ahu-b-f04-west,ON,NORMAL,14.00,24.18,14.00
src-ahu-0211-016,2026-01-15T11:31:00Z,ahu-c-f01-east,ON,NORMAL,13.96,24.06,14.00
src-ahu-0211-017,2026-01-15T11:31:00Z,ahu-c-f01-west,ON,NORMAL,14.04,24.01,14.00
src-ahu-0211-018,2026-01-15T11:31:00Z,ahu-c-f02-east,ON,NORMAL,14.16,24.25,14.00
src-ahu-0211-019,2026-01-15T11:31:00Z,ahu-c-f02-west,ON,NORMAL,14.26,24.34,14.00
src-ahu-0211-020,2026-01-15T11:31:00Z,ahu-c-f03-east,ON,NORMAL,14.25,24.71,14.00
src-ahu-0211-021,2026-01-15T11:31:00Z,ahu-c-f03-west,ON,NORMAL,14.34,24.93,14.00
src-ahu-0211-022,2026-01-15T11:31:00Z,ahu-c-f04-east,ON,NORMAL,14.43,25.17,14.00
src-ahu-0211-023,2026-01-15T11:31:00Z,ahu-c-f04-west,ON,NORMAL,14.45,25.34,14.00
src-ahu-0212-000,2026-01-15T11:32:00Z,ahu-a-f01-east,ON,NORMAL,13.73,25.34,14.00
src-ahu-0212-001,2026-01-15T11:32:00Z,ahu-a-f01-west,ON,NORMAL,13.85,25.47,14.00
src-ahu-0212-002,2026-01-15T11:32:00Z,ahu-a-f02-east,ON,NORMAL,13.77,25.58,14.00
src-ahu-0212-003,2026-01-15T11:32:00Z,ahu-a-f02-west,ON,NORMAL,13.80,25.61,14.00
src-ahu-0212-004,2026-01-15T11:32:00Z,ahu-a-f03-east,ON,NORMAL,13.74,25.65,14.00
src-ahu-0212-005,2026-01-15T11:32:00Z,ahu-a-f03-west,ON,NORMAL,13.58,25.50,14.00
src-ahu-0212-006,2026-01-15T11:32:00Z,ahu-a-f04-east,ON,NORMAL,13.64,25.64,14.00
src-ahu-0212-007,2026-01-15T11:32:00Z,ahu-a-f04-west,ON,NORMAL,13.72,25.44,14.00
src-ahu-0212-008,2026-01-15T11:32:00Z,ahu-b-f01-east,ON,NORMAL,13.71,24.73,14.00
src-ahu-0212-009,2026-01-15T11:32:00Z,ahu-b-f01-west,ON,NORMAL,16.50,24.55,14.00
src-ahu-0212-010,2026-01-15T11:32:00Z,ahu-b-f02-east,ON,NORMAL,13.68,24.50,14.00
src-ahu-0212-011,2026-01-15T11:32:00Z,ahu-b-f02-west,ON,NORMAL,13.66,24.36,14.00
src-ahu-0212-012,2026-01-15T11:32:00Z,ahu-b-f03-east,ON,NORMAL,13.78,24.38,14.00
src-ahu-0212-013,2026-01-15T11:32:00Z,ahu-b-f03-west,ON,NORMAL,13.87,24.19,14.00
src-ahu-0212-014,2026-01-15T11:32:00Z,ahu-b-f04-east,ON,NORMAL,13.98,24.28,14.00
src-ahu-0212-015,2026-01-15T11:32:00Z,ahu-b-f04-west,ON,NORMAL,13.93,24.15,14.00
src-ahu-0212-016,2026-01-15T11:32:00Z,ahu-c-f01-east,ON,NORMAL,14.05,24.06,14.00
src-ahu-0212-017,2026-01-15T11:32:00Z,ahu-c-f01-west,ON,NORMAL,14.22,24.05,14.00
src-ahu-0212-018,2026-01-15T11:32:00Z,ahu-c-f02-east,ON,NORMAL,14.24,24.26,14.00
src-ahu-0212-019,2026-01-15T11:32:00Z,ahu-c-f02-west,ON,NORMAL,14.19,24.33,14.00
src-ahu-0212-020,2026-01-15T11:32:00Z,ahu-c-f03-east,ON,NORMAL,14.20,24.64,14.00
src-ahu-0212-021,2026-01-15T11:32:00Z,ahu-c-f03-west,ON,NORMAL,14.36,24.88,14.00
src-ahu-0212-022,2026-01-15T11:32:00Z,ahu-c-f04-east,ON,NORMAL,14.32,25.20,14.00
src-ahu-0212-023,2026-01-15T11:32:00Z,ahu-c-f04-west,ON,NORMAL,14.42,25.48,14.00
src-ahu-0213-000,2026-01-15T11:33:00Z,ahu-a-f01-east,ON,NORMAL,13.81,25.40,14.00
src-ahu-0213-001,2026-01-15T11:33:00Z,ahu-a-f01-west,ON,NORMAL,13.81,25.47,14.00
src-ahu-0213-002,2026-01-15T11:33:00Z,ahu-a-f02-east,ON,NORMAL,13.60,25.60,14.00
src-ahu-0213-003,2026-01-15T11:33:00Z,ahu-a-f02-west,ON,NORMAL,13.72,25.59,14.00
src-ahu-0213-004,2026-01-15T11:33:00Z,ahu-a-f03-east,ON,NORMAL,13.62,25.72,14.00
src-ahu-0213-005,2026-01-15T11:33:00Z,ahu-a-f03-west,ON,NORMAL,13.67,25.63,14.00
src-ahu-0213-006,2026-01-15T11:33:00Z,ahu-a-f04-east,ON,NORMAL,13.54,25.63,14.00
src-ahu-0213-007,2026-01-15T11:33:00Z,ahu-a-f04-west,ON,NORMAL,13.72,25.50,14.00
src-ahu-0213-008,2026-01-15T11:33:00Z,ahu-b-f01-east,ON,NORMAL,13.65,24.66,14.00
src-ahu-0213-009,2026-01-15T11:33:00Z,ahu-b-f01-west,ON,NORMAL,16.50,24.50,14.00
src-ahu-0213-010,2026-01-15T11:33:00Z,ahu-b-f02-east,ON,NORMAL,13.86,24.51,14.00
src-ahu-0213-011,2026-01-15T11:33:00Z,ahu-b-f02-west,ON,NORMAL,13.85,24.34,14.00
src-ahu-0213-012,2026-01-15T11:33:00Z,ahu-b-f03-east,ON,NORMAL,13.74,24.32,14.00
src-ahu-0213-013,2026-01-15T11:33:00Z,ahu-b-f03-west,ON,NORMAL,13.95,24.20,14.00
src-ahu-0213-014,2026-01-15T11:33:00Z,ahu-b-f04-east,ON,NORMAL,13.89,24.21,14.00
src-ahu-0213-015,2026-01-15T11:33:00Z,ahu-b-f04-west,ON,NORMAL,14.03,24.19,14.00
src-ahu-0213-016,2026-01-15T11:33:00Z,ahu-c-f01-east,ON,NORMAL,14.10,23.96,14.00
src-ahu-0213-017,2026-01-15T11:33:00Z,ahu-c-f01-west,ON,NORMAL,14.17,24.03,14.00
src-ahu-0213-018,2026-01-15T11:33:00Z,ahu-c-f02-east,ON,NORMAL,14.13,24.33,14.00
src-ahu-0213-019,2026-01-15T11:33:00Z,ahu-c-f02-west,ON,NORMAL,14.12,24.51,14.00
src-ahu-0213-020,2026-01-15T11:33:00Z,ahu-c-f03-east,ON,NORMAL,14.23,24.67,14.00
src-ahu-0213-021,2026-01-15T11:33:00Z,ahu-c-f03-west,ON,NORMAL,14.25,24.92,14.00
src-ahu-0213-022,2026-01-15T11:33:00Z,ahu-c-f04-east,ON,NORMAL,14.32,25.30,14.00
src-ahu-0213-023,2026-01-15T11:33:00Z,ahu-c-f04-west,ON,NORMAL,14.41,25.41,14.00
src-ahu-0214-000,2026-01-15T11:34:00Z,ahu-a-f01-east,ON,NORMAL,13.76,25.46,14.00
src-ahu-0214-001,2026-01-15T11:34:00Z,ahu-a-f01-west,ON,NORMAL,13.66,25.54,14.00
src-ahu-0214-002,2026-01-15T11:34:00Z,ahu-a-f02-east,ON,NORMAL,13.69,25.61,14.00
src-ahu-0214-003,2026-01-15T11:34:00Z,ahu-a-f02-west,ON,NORMAL,13.59,25.54,14.00
src-ahu-0214-004,2026-01-15T11:34:00Z,ahu-a-f03-east,ON,NORMAL,13.70,25.71,14.00
src-ahu-0214-005,2026-01-15T11:34:00Z,ahu-a-f03-west,ON,NORMAL,13.56,25.52,14.00
src-ahu-0214-006,2026-01-15T11:34:00Z,ahu-a-f04-east,ON,NORMAL,13.61,25.49,14.00
src-ahu-0214-007,2026-01-15T11:34:00Z,ahu-a-f04-west,ON,NORMAL,13.58,25.43,14.00
src-ahu-0214-008,2026-01-15T11:34:00Z,ahu-b-f01-east,ON,NORMAL,13.71,24.68,14.00
src-ahu-0214-009,2026-01-15T11:34:00Z,ahu-b-f01-west,ON,NORMAL,16.50,24.44,14.00
src-ahu-0214-010,2026-01-15T11:34:00Z,ahu-b-f02-east,ON,NORMAL,13.67,24.45,14.00
src-ahu-0214-011,2026-01-15T11:34:00Z,ahu-b-f02-west,ON,NORMAL,13.82,24.31,14.00
src-ahu-0214-012,2026-01-15T11:34:00Z,ahu-b-f03-east,ON,NORMAL,13.83,24.28,14.00
src-ahu-0214-013,2026-01-15T11:34:00Z,ahu-b-f03-west,ON,NORMAL,13.98,24.16,14.00
src-ahu-0214-014,2026-01-15T11:34:00Z,ahu-b-f04-east,ON,NORMAL,13.97,24.26,14.00
src-ahu-0214-015,2026-01-15T11:34:00Z,ahu-b-f04-west,ON,NORMAL,14.01,24.20,14.00
src-ahu-0214-016,2026-01-15T11:34:00Z,ahu-c-f01-east,ON,NORMAL,14.22,23.96,14.00
src-ahu-0214-017,2026-01-15T11:34:00Z,ahu-c-f01-west,ON,NORMAL,14.18,24.09,14.00
src-ahu-0214-018,2026-01-15T11:34:00Z,ahu-c-f02-east,ON,NORMAL,14.15,24.33,14.00
src-ahu-0214-019,2026-01-15T11:34:00Z,ahu-c-f02-west,ON,NORMAL,14.21,24.47,14.00
src-ahu-0214-020,2026-01-15T11:34:00Z,ahu-c-f03-east,ON,NORMAL,14.28,24.80,14.00
src-ahu-0214-021,2026-01-15T11:34:00Z,ahu-c-f03-west,ON,NORMAL,14.40,24.90,14.00
src-ahu-0214-022,2026-01-15T11:34:00Z,ahu-c-f04-east,ON,NORMAL,14.25,25.27,14.00
src-ahu-0214-023,2026-01-15T11:34:00Z,ahu-c-f04-west,ON,NORMAL,14.46,25.42,14.00
src-ahu-0215-000,2026-01-15T11:35:00Z,ahu-a-f01-east,ON,NORMAL,13.65,25.46,14.00
src-ahu-0215-001,2026-01-15T11:35:00Z,ahu-a-f01-west,ON,NORMAL,13.74,25.43,14.00
src-ahu-0215-002,2026-01-15T11:35:00Z,ahu-a-f02-east,ON,NORMAL,13.78,25.58,14.00
src-ahu-0215-003,2026-01-15T11:35:00Z,ahu-a-f02-west,ON,NORMAL,13.64,25.59,14.00
src-ahu-0215-004,2026-01-15T11:35:00Z,ahu-a-f03-east,ON,NORMAL,13.59,25.65,14.00
src-ahu-0215-005,2026-01-15T11:35:00Z,ahu-a-f03-west,ON,NORMAL,13.58,25.51,14.00
src-ahu-0215-006,2026-01-15T11:35:00Z,ahu-a-f04-east,ON,NORMAL,13.75,25.48,14.00
src-ahu-0215-007,2026-01-15T11:35:00Z,ahu-a-f04-west,ON,NORMAL,13.80,25.38,14.00
src-ahu-0215-008,2026-01-15T11:35:00Z,ahu-b-f01-east,ON,NORMAL,13.60,24.68,14.00
src-ahu-0215-009,2026-01-15T11:35:00Z,ahu-b-f01-west,ON,NORMAL,16.50,24.44,14.00
src-ahu-0215-010,2026-01-15T11:35:00Z,ahu-b-f02-east,ON,NORMAL,13.78,24.46,14.00
src-ahu-0215-011,2026-01-15T11:35:00Z,ahu-b-f02-west,ON,NORMAL,13.90,24.16,14.00
src-ahu-0215-012,2026-01-15T11:35:00Z,ahu-b-f03-east,ON,NORMAL,13.88,24.27,14.00
src-ahu-0215-013,2026-01-15T11:35:00Z,ahu-b-f03-west,ON,NORMAL,13.93,24.09,14.00
src-ahu-0215-014,2026-01-15T11:35:00Z,ahu-b-f04-east,ON,NORMAL,14.09,24.27,14.00
src-ahu-0215-015,2026-01-15T11:35:00Z,ahu-b-f04-west,ON,NORMAL,14.02,24.14,14.00
src-ahu-0215-016,2026-01-15T11:35:00Z,ahu-c-f01-east,ON,NORMAL,14.21,24.06,14.00
src-ahu-0215-017,2026-01-15T11:35:00Z,ahu-c-f01-west,ON,NORMAL,14.17,24.05,14.00
src-ahu-0215-018,2026-01-15T11:35:00Z,ahu-c-f02-east,ON,NORMAL,14.25,24.30,14.00
src-ahu-0215-019,2026-01-15T11:35:00Z,ahu-c-f02-west,ON,NORMAL,14.22,24.47,14.00
src-ahu-0215-020,2026-01-15T11:35:00Z,ahu-c-f03-east,ON,NORMAL,14.22,24.89,14.00
src-ahu-0215-021,2026-01-15T11:35:00Z,ahu-c-f03-west,ON,NORMAL,14.32,25.03,14.00
src-ahu-0215-022,2026-01-15T11:35:00Z,ahu-c-f04-east,ON,NORMAL,14.24,25.30,14.00
src-ahu-0215-023,2026-01-15T11:35:00Z,ahu-c-f04-west,ON,NORMAL,14.33,25.50,14.00
src-ahu-0216-000,2026-01-15T11:36:00Z,ahu-a-f01-east,ON,NORMAL,13.78,25.46,14.00
src-ahu-0216-001,2026-01-15T11:36:00Z,ahu-a-f01-west,ON,NORMAL,13.59,25.50,14.00
src-ahu-0216-002,2026-01-15T11:36:00Z,ahu-a-f02-east,ON,NORMAL,13.76,25.55,14.00
src-ahu-0216-003,2026-01-15T11:36:00Z,ahu-a-f02-west,ON,NORMAL,13.72,25.48,14.00
src-ahu-0216-004,2026-01-15T11:36:00Z,ahu-a-f03-east,ON,NORMAL,13.70,25.56,14.00
src-ahu-0216-005,2026-01-15T11:36:00Z,ahu-a-f03-west,ON,NORMAL,13.58,25.51,14.00
src-ahu-0216-006,2026-01-15T11:36:00Z,ahu-a-f04-east,ON,NORMAL,13.62,25.54,14.00
src-ahu-0216-007,2026-01-15T11:36:00Z,ahu-a-f04-west,ON,NORMAL,13.64,25.29,14.00
src-ahu-0216-008,2026-01-15T11:36:00Z,ahu-b-f01-east,ON,NORMAL,13.82,24.64,14.00
src-ahu-0216-009,2026-01-15T11:36:00Z,ahu-b-f01-west,ON,NORMAL,16.50,24.36,14.00
src-ahu-0216-010,2026-01-15T11:36:00Z,ahu-b-f02-east,ON,NORMAL,13.87,24.36,14.00
src-ahu-0216-011,2026-01-15T11:36:00Z,ahu-b-f02-west,ON,NORMAL,13.97,24.19,14.00
src-ahu-0216-012,2026-01-15T11:36:00Z,ahu-b-f03-east,ON,NORMAL,13.99,24.31,14.00
src-ahu-0216-013,2026-01-15T11:36:00Z,ahu-b-f03-west,ON,NORMAL,14.01,24.12,14.00
src-ahu-0216-014,2026-01-15T11:36:00Z,ahu-b-f04-east,ON,NORMAL,14.14,24.20,14.00
src-ahu-0216-015,2026-01-15T11:36:00Z,ahu-b-f04-west,ON,NORMAL,14.11,24.21,14.00
src-ahu-0216-016,2026-01-15T11:36:00Z,ahu-c-f01-east,ON,NORMAL,14.11,24.12,14.00
src-ahu-0216-017,2026-01-15T11:36:00Z,ahu-c-f01-west,ON,NORMAL,14.15,24.04,14.00
src-ahu-0216-018,2026-01-15T11:36:00Z,ahu-c-f02-east,ON,NORMAL,14.15,24.37,14.00
src-ahu-0216-019,2026-01-15T11:36:00Z,ahu-c-f02-west,ON,NORMAL,14.22,24.47,14.00
src-ahu-0216-020,2026-01-15T11:36:00Z,ahu-c-f03-east,ON,NORMAL,14.42,24.78,14.00
src-ahu-0216-021,2026-01-15T11:36:00Z,ahu-c-f03-west,ON,NORMAL,14.36,25.03,14.00
src-ahu-0216-022,2026-01-15T11:36:00Z,ahu-c-f04-east,ON,NORMAL,14.31,25.33,14.00
src-ahu-0216-023,2026-01-15T11:36:00Z,ahu-c-f04-west,ON,NORMAL,14.35,25.59,14.00
src-ahu-0217-000,2026-01-15T11:37:00Z,ahu-a-f01-east,ON,NORMAL,13.69,25.51,14.00
src-ahu-0217-001,2026-01-15T11:37:00Z,ahu-a-f01-west,ON,NORMAL,13.67,25.35,14.00
src-ahu-0217-002,2026-01-15T11:37:00Z,ahu-a-f02-east,ON,NORMAL,13.57,25.59,14.00
src-ahu-0217-003,2026-01-15T11:37:00Z,ahu-a-f02-west,ON,NORMAL,13.66,25.53,14.00
src-ahu-0217-004,2026-01-15T11:37:00Z,ahu-a-f03-east,ON,NORMAL,13.56,25.62,14.00
src-ahu-0217-005,2026-01-15T11:37:00Z,ahu-a-f03-west,ON,NORMAL,13.70,25.57,14.00
src-ahu-0217-006,2026-01-15T11:37:00Z,ahu-a-f04-east,ON,NORMAL,13.71,25.41,14.00
src-ahu-0217-007,2026-01-15T11:37:00Z,ahu-a-f04-west,ON,NORMAL,13.74,25.22,14.00
src-ahu-0217-008,2026-01-15T11:37:00Z,ahu-b-f01-east,ON,NORMAL,13.70,24.62,14.00
src-ahu-0217-009,2026-01-15T11:37:00Z,ahu-b-f01-west,ON,NORMAL,16.50,24.44,14.00
src-ahu-0217-010,2026-01-15T11:37:00Z,ahu-b-f02-east,ON,NORMAL,13.75,24.29,14.00
src-ahu-0217-011,2026-01-15T11:37:00Z,ahu-b-f02-west,ON,NORMAL,13.80,24.21,14.00
src-ahu-0217-012,2026-01-15T11:37:00Z,ahu-b-f03-east,ON,NORMAL,13.94,24.20,14.00
src-ahu-0217-013,2026-01-15T11:37:00Z,ahu-b-f03-west,ON,NORMAL,14.08,24.09,14.00
src-ahu-0217-014,2026-01-15T11:37:00Z,ahu-b-f04-east,ON,NORMAL,13.96,24.21,14.00
src-ahu-0217-015,2026-01-15T11:37:00Z,ahu-b-f04-west,ON,NORMAL,14.25,24.14,14.00
src-ahu-0217-016,2026-01-15T11:37:00Z,ahu-c-f01-east,ON,NORMAL,14.13,24.03,14.00
src-ahu-0217-017,2026-01-15T11:37:00Z,ahu-c-f01-west,ON,NORMAL,14.27,24.04,14.00
src-ahu-0217-018,2026-01-15T11:37:00Z,ahu-c-f02-east,ON,NORMAL,14.32,24.40,14.00
src-ahu-0217-019,2026-01-15T11:37:00Z,ahu-c-f02-west,ON,NORMAL,14.19,24.52,14.00
src-ahu-0217-020,2026-01-15T11:37:00Z,ahu-c-f03-east,ON,NORMAL,14.34,24.88,14.00
src-ahu-0217-021,2026-01-15T11:37:00Z,ahu-c-f03-west,ON,NORMAL,14.31,25.01,14.00
src-ahu-0217-022,2026-01-15T11:37:00Z,ahu-c-f04-east,ON,NORMAL,14.39,25.36,14.00
src-ahu-0217-023,2026-01-15T11:37:00Z,ahu-c-f04-west,ON,NORMAL,14.46,25.56,14.00
src-ahu-0218-000,2026-01-15T11:38:00Z,ahu-a-f01-east,ON,NORMAL,13.62,25.45,14.00
src-ahu-0218-001,2026-01-15T11:38:00Z,ahu-a-f01-west,ON,NORMAL,13.74,25.38,14.00
src-ahu-0218-002,2026-01-15T11:38:00Z,ahu-a-f02-east,ON,NORMAL,13.70,25.58,14.00
src-ahu-0218-003,2026-01-15T11:38:00Z,ahu-a-f02-west,ON,NORMAL,13.76,25.46,14.00
src-ahu-0218-004,2026-01-15T11:38:00Z,ahu-a-f03-east,ON,NORMAL,13.60,25.62,14.00
src-ahu-0218-005,2026-01-15T11:38:00Z,ahu-a-f03-west,ON,NORMAL,13.59,25.43,14.00
src-ahu-0218-006,2026-01-15T11:38:00Z,ahu-a-f04-east,ON,NORMAL,13.75,25.51,14.00
src-ahu-0218-007,2026-01-15T11:38:00Z,ahu-a-f04-west,ON,NORMAL,13.71,25.26,14.00
src-ahu-0218-008,2026-01-15T11:38:00Z,ahu-b-f01-east,ON,NORMAL,13.73,24.47,14.00
src-ahu-0218-009,2026-01-15T11:38:00Z,ahu-b-f01-west,ON,NORMAL,16.50,24.35,14.00
src-ahu-0218-010,2026-01-15T11:38:00Z,ahu-b-f02-east,ON,NORMAL,13.97,24.29,14.00
src-ahu-0218-011,2026-01-15T11:38:00Z,ahu-b-f02-west,ON,NORMAL,13.93,24.27,14.00
src-ahu-0218-012,2026-01-15T11:38:00Z,ahu-b-f03-east,ON,NORMAL,13.92,24.29,14.00
src-ahu-0218-013,2026-01-15T11:38:00Z,ahu-b-f03-west,ON,NORMAL,14.07,24.05,14.00
src-ahu-0218-014,2026-01-15T11:38:00Z,ahu-b-f04-east,ON,NORMAL,13.99,24.16,14.00
src-ahu-0218-015,2026-01-15T11:38:00Z,ahu-b-f04-west,ON,NORMAL,14.25,24.09,14.00
src-ahu-0218-016,2026-01-15T11:38:00Z,ahu-c-f01-east,ON,NORMAL,14.26,23.97,14.00
src-ahu-0218-017,2026-01-15T11:38:00Z,ahu-c-f01-west,ON,NORMAL,14.33,24.09,14.00
src-ahu-0218-018,2026-01-15T11:38:00Z,ahu-c-f02-east,ON,NORMAL,14.31,24.48,14.00
src-ahu-0218-019,2026-01-15T11:38:00Z,ahu-c-f02-west,ON,NORMAL,14.29,24.54,14.00
src-ahu-0218-020,2026-01-15T11:38:00Z,ahu-c-f03-east,ON,NORMAL,14.31,24.87,14.00
src-ahu-0218-021,2026-01-15T11:38:00Z,ahu-c-f03-west,ON,NORMAL,14.40,24.98,14.00
src-ahu-0218-022,2026-01-15T11:38:00Z,ahu-c-f04-east,ON,NORMAL,14.44,25.34,14.00
src-ahu-0218-023,2026-01-15T11:38:00Z,ahu-c-f04-west,ON,NORMAL,14.31,25.61,14.00
src-ahu-0219-000,2026-01-15T11:39:00Z,ahu-a-f01-east,ON,NORMAL,13.76,25.43,14.00
src-ahu-0219-001,2026-01-15T11:39:00Z,ahu-a-f01-west,ON,NORMAL,13.55,25.51,14.00
src-ahu-0219-002,2026-01-15T11:39:00Z,ahu-a-f02-east,ON,NORMAL,13.60,25.54,14.00
src-ahu-0219-003,2026-01-15T11:39:00Z,ahu-a-f02-west,ON,NORMAL,13.55,25.40,14.00
src-ahu-0219-004,2026-01-15T11:39:00Z,ahu-a-f03-east,ON,NORMAL,13.66,25.58,14.00
src-ahu-0219-005,2026-01-15T11:39:00Z,ahu-a-f03-west,ON,NORMAL,13.77,25.40,14.00
src-ahu-0219-006,2026-01-15T11:39:00Z,ahu-a-f04-east,ON,NORMAL,13.83,25.46,14.00
src-ahu-0219-007,2026-01-15T11:39:00Z,ahu-a-f04-west,ON,NORMAL,13.73,25.30,14.00
src-ahu-0219-008,2026-01-15T11:39:00Z,ahu-b-f01-east,ON,NORMAL,13.79,24.58,14.00
src-ahu-0219-009,2026-01-15T11:39:00Z,ahu-b-f01-west,ON,NORMAL,16.50,24.23,14.00
src-ahu-0219-010,2026-01-15T11:39:00Z,ahu-b-f02-east,ON,NORMAL,13.86,24.34,14.00
src-ahu-0219-011,2026-01-15T11:39:00Z,ahu-b-f02-west,ON,NORMAL,13.85,24.06,14.00
src-ahu-0219-012,2026-01-15T11:39:00Z,ahu-b-f03-east,ON,NORMAL,14.03,24.17,14.00
src-ahu-0219-013,2026-01-15T11:39:00Z,ahu-b-f03-west,ON,NORMAL,13.96,24.03,14.00
src-ahu-0219-014,2026-01-15T11:39:00Z,ahu-b-f04-east,ON,NORMAL,14.16,24.16,14.00
src-ahu-0219-015,2026-01-15T11:39:00Z,ahu-b-f04-west,ON,NORMAL,14.21,24.20,14.00
src-ahu-0219-016,2026-01-15T11:39:00Z,ahu-c-f01-east,ON,NORMAL,14.15,24.06,14.00
src-ahu-0219-017,2026-01-15T11:39:00Z,ahu-c-f01-west,ON,NORMAL,14.29,24.10,14.00
src-ahu-0219-018,2026-01-15T11:39:00Z,ahu-c-f02-east,ON,NORMAL,14.26,24.38,14.00
src-ahu-0219-019,2026-01-15T11:39:00Z,ahu-c-f02-west,ON,NORMAL,14.32,24.55,14.00
src-ahu-0219-020,2026-01-15T11:39:00Z,ahu-c-f03-east,ON,NORMAL,14.32,24.89,14.00
src-ahu-0219-021,2026-01-15T11:39:00Z,ahu-c-f03-west,ON,NORMAL,14.31,25.09,14.00
src-ahu-0219-022,2026-01-15T11:39:00Z,ahu-c-f04-east,ON,NORMAL,14.25,25.46,14.00
src-ahu-0219-023,2026-01-15T11:39:00Z,ahu-c-f04-west,ON,NORMAL,14.22,25.56,14.00
src-ahu-0220-000,2026-01-15T11:40:00Z,ahu-a-f01-east,ON,NORMAL,13.56,25.41,14.00
src-ahu-0220-001,2026-01-15T11:40:00Z,ahu-a-f01-west,ON,NORMAL,13.58,25.37,14.00
src-ahu-0220-002,2026-01-15T11:40:00Z,ahu-a-f02-east,ON,NORMAL,13.56,25.55,14.00
src-ahu-0220-003,2026-01-15T11:40:00Z,ahu-a-f02-west,ON,NORMAL,13.73,25.48,14.00
src-ahu-0220-004,2026-01-15T11:40:00Z,ahu-a-f03-east,ON,NORMAL,13.77,25.49,14.00
src-ahu-0220-005,2026-01-15T11:40:00Z,ahu-a-f03-west,ON,NORMAL,13.69,25.39,14.00
src-ahu-0220-006,2026-01-15T11:40:00Z,ahu-a-f04-east,ON,NORMAL,13.69,25.36,14.00
src-ahu-0220-007,2026-01-15T11:40:00Z,ahu-a-f04-west,ON,NORMAL,13.85,25.30,14.00
src-ahu-0220-008,2026-01-15T11:40:00Z,ahu-b-f01-east,ON,NORMAL,13.74,24.49,14.00
src-ahu-0220-009,2026-01-15T11:40:00Z,ahu-b-f01-west,ON,NORMAL,16.50,24.26,14.00
src-ahu-0220-010,2026-01-15T11:40:00Z,ahu-b-f02-east,ON,NORMAL,13.97,24.27,14.00
src-ahu-0220-011,2026-01-15T11:40:00Z,ahu-b-f02-west,ON,NORMAL,14.01,24.03,14.00
src-ahu-0220-012,2026-01-15T11:40:00Z,ahu-b-f03-east,ON,NORMAL,14.09,24.08,14.00
src-ahu-0220-013,2026-01-15T11:40:00Z,ahu-b-f03-west,ON,NORMAL,14.02,24.05,14.00
src-ahu-0220-014,2026-01-15T11:40:00Z,ahu-b-f04-east,ON,NORMAL,14.04,24.26,14.00
src-ahu-0220-015,2026-01-15T11:40:00Z,ahu-b-f04-west,ON,NORMAL,14.18,24.17,14.00
src-ahu-0220-016,2026-01-15T11:40:00Z,ahu-c-f01-east,ON,NORMAL,14.20,24.04,14.00
src-ahu-0220-017,2026-01-15T11:40:00Z,ahu-c-f01-west,ON,NORMAL,14.31,24.07,14.00
src-ahu-0220-018,2026-01-15T11:40:00Z,ahu-c-f02-east,ON,NORMAL,14.29,24.41,14.00
src-ahu-0220-019,2026-01-15T11:40:00Z,ahu-c-f02-west,ON,NORMAL,14.38,24.54,14.00
src-ahu-0220-020,2026-01-15T11:40:00Z,ahu-c-f03-east,ON,NORMAL,14.24,24.97,14.00
src-ahu-0220-021,2026-01-15T11:40:00Z,ahu-c-f03-west,ON,NORMAL,14.31,25.09,14.00
src-ahu-0220-022,2026-01-15T11:40:00Z,ahu-c-f04-east,ON,NORMAL,14.23,25.47,14.00
src-ahu-0220-023,2026-01-15T11:40:00Z,ahu-c-f04-west,ON,NORMAL,14.39,25.67,14.00
src-ahu-0221-000,2026-01-15T11:41:00Z,ahu-a-f01-east,ON,NORMAL,13.62,25.44,14.00
src-ahu-0221-001,2026-01-15T11:41:00Z,ahu-a-f01-west,ON,NORMAL,13.74,25.34,14.00
src-ahu-0221-002,2026-01-15T11:41:00Z,ahu-a-f02-east,ON,NORMAL,13.56,25.52,14.00
src-ahu-0221-003,2026-01-15T11:41:00Z,ahu-a-f02-west,ON,NORMAL,13.75,25.46,14.00
src-ahu-0221-004,2026-01-15T11:41:00Z,ahu-a-f03-east,ON,NORMAL,13.69,25.52,14.00
src-ahu-0221-005,2026-01-15T11:41:00Z,ahu-a-f03-west,ON,NORMAL,13.76,25.29,14.00
src-ahu-0221-006,2026-01-15T11:41:00Z,ahu-a-f04-east,ON,NORMAL,13.81,25.37,14.00
src-ahu-0221-007,2026-01-15T11:41:00Z,ahu-a-f04-west,ON,NORMAL,13.87,25.21,14.00
src-ahu-0221-008,2026-01-15T11:41:00Z,ahu-b-f01-east,ON,NORMAL,13.79,24.41,14.00
src-ahu-0221-009,2026-01-15T11:41:00Z,ahu-b-f01-west,ON,NORMAL,13.93,24.15,14.00
src-ahu-0221-010,2026-01-15T11:41:00Z,ahu-b-f02-east,ON,NORMAL,13.84,24.31,14.00
src-ahu-0221-011,2026-01-15T11:41:00Z,ahu-b-f02-west,ON,NORMAL,13.93,23.98,14.00
src-ahu-0221-012,2026-01-15T11:41:00Z,ahu-b-f03-east,ON,NORMAL,14.18,24.16,14.00
src-ahu-0221-013,2026-01-15T11:41:00Z,ahu-b-f03-west,ON,NORMAL,14.08,24.06,14.00
src-ahu-0221-014,2026-01-15T11:41:00Z,ahu-b-f04-east,ON,NORMAL,14.20,24.08,14.00
src-ahu-0221-015,2026-01-15T11:41:00Z,ahu-b-f04-west,ON,NORMAL,14.30,24.22,14.00
src-ahu-0221-016,2026-01-15T11:41:00Z,ahu-c-f01-east,ON,NORMAL,14.23,24.09,14.00
src-ahu-0221-017,2026-01-15T11:41:00Z,ahu-c-f01-west,ON,NORMAL,14.28,24.21,14.00
src-ahu-0221-018,2026-01-15T11:41:00Z,ahu-c-f02-east,ON,NORMAL,14.34,24.43,14.00
src-ahu-0221-019,2026-01-15T11:41:00Z,ahu-c-f02-west,ON,NORMAL,14.29,24.52,14.00
src-ahu-0221-020,2026-01-15T11:41:00Z,ahu-c-f03-east,ON,NORMAL,14.42,24.90,14.00
src-ahu-0221-021,2026-01-15T11:41:00Z,ahu-c-f03-west,ON,NORMAL,14.42,25.13,14.00
src-ahu-0221-022,2026-01-15T11:41:00Z,ahu-c-f04-east,ON,NORMAL,14.43,25.47,14.00
src-ahu-0221-023,2026-01-15T11:41:00Z,ahu-c-f04-west,ON,NORMAL,14.35,25.72,14.00
src-ahu-0222-000,2026-01-15T11:42:00Z,ahu-a-f01-east,ON,NORMAL,13.60,25.32,14.00
src-ahu-0222-001,2026-01-15T11:42:00Z,ahu-a-f01-west,ON,NORMAL,13.62,25.44,14.00
src-ahu-0222-002,2026-01-15T11:42:00Z,ahu-a-f02-east,ON,NORMAL,13.76,25.54,14.00
src-ahu-0222-003,2026-01-15T11:42:00Z,ahu-a-f02-west,ON,NORMAL,13.77,25.45,14.00
src-ahu-0222-004,2026-01-15T11:42:00Z,ahu-a-f03-east,ON,NORMAL,13.80,25.44,14.00
src-ahu-0222-005,2026-01-15T11:42:00Z,ahu-a-f03-west,ON,NORMAL,13.71,25.30,14.00
src-ahu-0222-006,2026-01-15T11:42:00Z,ahu-a-f04-east,ON,NORMAL,13.82,25.27,14.00
src-ahu-0222-007,2026-01-15T11:42:00Z,ahu-a-f04-west,ON,NORMAL,13.75,25.13,14.00
src-ahu-0222-008,2026-01-15T11:42:00Z,ahu-b-f01-east,ON,NORMAL,13.92,24.30,14.00
src-ahu-0222-009,2026-01-15T11:42:00Z,ahu-b-f01-west,ON,NORMAL,13.83,24.25,14.00
src-ahu-0222-010,2026-01-15T11:42:00Z,ahu-b-f02-east,ON,NORMAL,13.93,24.22,14.00
src-ahu-0222-011,2026-01-15T11:42:00Z,ahu-b-f02-west,ON,NORMAL,13.92,24.12,14.00
src-ahu-0222-012,2026-01-15T11:42:00Z,ahu-b-f03-east,ON,NORMAL,14.03,24.18,14.00
src-ahu-0222-013,2026-01-15T11:42:00Z,ahu-b-f03-west,ON,NORMAL,14.16,24.07,14.00
src-ahu-0222-014,2026-01-15T11:42:00Z,ahu-b-f04-east,ON,NORMAL,14.24,24.15,14.00
src-ahu-0222-015,2026-01-15T11:42:00Z,ahu-b-f04-west,ON,NORMAL,14.18,24.20,14.00
src-ahu-0222-016,2026-01-15T11:42:00Z,ahu-c-f01-east,ON,NORMAL,14.35,24.16,14.00
src-ahu-0222-017,2026-01-15T11:42:00Z,ahu-c-f01-west,ON,NORMAL,14.41,24.17,14.00
src-ahu-0222-018,2026-01-15T11:42:00Z,ahu-c-f02-east,ON,NORMAL,14.38,24.51,14.00
src-ahu-0222-019,2026-01-15T11:42:00Z,ahu-c-f02-west,ON,NORMAL,14.31,24.66,14.00
src-ahu-0222-020,2026-01-15T11:42:00Z,ahu-c-f03-east,ON,NORMAL,14.35,25.03,14.00
src-ahu-0222-021,2026-01-15T11:42:00Z,ahu-c-f03-west,ON,NORMAL,14.32,25.16,14.00
src-ahu-0222-022,2026-01-15T11:42:00Z,ahu-c-f04-east,ON,NORMAL,14.31,25.57,14.00
src-ahu-0222-023,2026-01-15T11:42:00Z,ahu-c-f04-west,ON,NORMAL,14.26,25.76,14.00
src-ahu-0223-000,2026-01-15T11:43:00Z,ahu-a-f01-east,ON,NORMAL,13.64,25.36,14.00
src-ahu-0223-001,2026-01-15T11:43:00Z,ahu-a-f01-west,ON,NORMAL,13.75,25.44,14.00
src-ahu-0223-002,2026-01-15T11:43:00Z,ahu-a-f02-east,ON,NORMAL,13.69,25.48,14.00
src-ahu-0223-003,2026-01-15T11:43:00Z,ahu-a-f02-west,ON,NORMAL,13.64,25.38,14.00
src-ahu-0223-004,2026-01-15T11:43:00Z,ahu-a-f03-east,ON,NORMAL,13.66,25.48,14.00
src-ahu-0223-005,2026-01-15T11:43:00Z,ahu-a-f03-west,ON,NORMAL,13.76,25.28,14.00
src-ahu-0223-006,2026-01-15T11:43:00Z,ahu-a-f04-east,ON,NORMAL,13.89,25.19,14.00
src-ahu-0223-007,2026-01-15T11:43:00Z,ahu-a-f04-west,ON,NORMAL,13.81,25.15,14.00
src-ahu-0223-008,2026-01-15T11:43:00Z,ahu-b-f01-east,ON,NORMAL,13.84,24.36,14.00
src-ahu-0223-009,2026-01-15T11:43:00Z,ahu-b-f01-west,ON,NORMAL,14.01,24.27,14.00
src-ahu-0223-010,2026-01-15T11:43:00Z,ahu-b-f02-east,ON,NORMAL,14.12,24.20,14.00
src-ahu-0223-011,2026-01-15T11:43:00Z,ahu-b-f02-west,ON,NORMAL,13.98,24.01,14.00
src-ahu-0223-012,2026-01-15T11:43:00Z,ahu-b-f03-east,ON,NORMAL,14.03,24.12,14.00
src-ahu-0223-013,2026-01-15T11:43:00Z,ahu-b-f03-west,ON,NORMAL,14.14,24.04,14.00
src-ahu-0223-014,2026-01-15T11:43:00Z,ahu-b-f04-east,ON,NORMAL,14.21,24.25,14.00
src-ahu-0223-015,2026-01-15T11:43:00Z,ahu-b-f04-west,ON,NORMAL,14.35,24.18,14.00
src-ahu-0223-016,2026-01-15T11:43:00Z,ahu-c-f01-east,ON,NORMAL,14.28,23.98,14.00
src-ahu-0223-017,2026-01-15T11:43:00Z,ahu-c-f01-west,ON,NORMAL,14.29,24.20,14.00
src-ahu-0223-018,2026-01-15T11:43:00Z,ahu-c-f02-east,ON,NORMAL,14.46,24.51,14.00
src-ahu-0223-019,2026-01-15T11:43:00Z,ahu-c-f02-west,ON,NORMAL,14.46,24.65,14.00
src-ahu-0223-020,2026-01-15T11:43:00Z,ahu-c-f03-east,ON,NORMAL,14.40,24.99,14.00
src-ahu-0223-021,2026-01-15T11:43:00Z,ahu-c-f03-west,ON,NORMAL,14.44,25.20,14.00
src-ahu-0223-022,2026-01-15T11:43:00Z,ahu-c-f04-east,ON,NORMAL,14.24,25.62,14.00
src-ahu-0223-023,2026-01-15T11:43:00Z,ahu-c-f04-west,ON,NORMAL,14.18,25.75,14.00
src-ahu-0224-000,2026-01-15T11:44:00Z,ahu-a-f01-east,ON,NORMAL,13.69,25.48,14.00
src-ahu-0224-001,2026-01-15T11:44:00Z,ahu-a-f01-west,ON,NORMAL,13.71,25.47,14.00
src-ahu-0224-002,2026-01-15T11:44:00Z,ahu-a-f02-east,ON,NORMAL,13.76,25.57,14.00
src-ahu-0224-003,2026-01-15T11:44:00Z,ahu-a-f02-west,ON,NORMAL,13.76,25.35,14.00
src-ahu-0224-004,2026-01-15T11:44:00Z,ahu-a-f03-east,ON,NORMAL,13.73,25.44,14.00
src-ahu-0224-005,2026-01-15T11:44:00Z,ahu-a-f03-west,ON,NORMAL,13.65,25.27,14.00
src-ahu-0224-006,2026-01-15T11:44:00Z,ahu-a-f04-east,ON,NORMAL,13.74,25.29,14.00
src-ahu-0224-007,2026-01-15T11:44:00Z,ahu-a-f04-west,ON,NORMAL,13.92,25.12,14.00
src-ahu-0224-008,2026-01-15T11:44:00Z,ahu-b-f01-east,ON,NORMAL,13.93,24.37,14.00
src-ahu-0224-009,2026-01-15T11:44:00Z,ahu-b-f01-west,ON,NORMAL,13.95,24.21,14.00
src-ahu-0224-010,2026-01-15T11:44:00Z,ahu-b-f02-east,ON,NORMAL,13.98,24.15,14.00
src-ahu-0224-011,2026-01-15T11:44:00Z,ahu-b-f02-west,ON,NORMAL,14.08,23.98,14.00
src-ahu-0224-012,2026-01-15T11:44:00Z,ahu-b-f03-east,ON,NORMAL,14.03,24.17,14.00
src-ahu-0224-013,2026-01-15T11:44:00Z,ahu-b-f03-west,ON,NORMAL,14.08,24.05,14.00
src-ahu-0224-014,2026-01-15T11:44:00Z,ahu-b-f04-east,ON,NORMAL,14.19,24.17,14.00
src-ahu-0224-015,2026-01-15T11:44:00Z,ahu-b-f04-west,ON,NORMAL,14.23,24.14,14.00
src-ahu-0224-016,2026-01-15T11:44:00Z,ahu-c-f01-east,ON,NORMAL,14.35,24.12,14.00
src-ahu-0224-017,2026-01-15T11:44:00Z,ahu-c-f01-west,ON,NORMAL,14.26,24.21,14.00
src-ahu-0224-018,2026-01-15T11:44:00Z,ahu-c-f02-east,ON,NORMAL,14.40,24.48,14.00
src-ahu-0224-019,2026-01-15T11:44:00Z,ahu-c-f02-west,ON,NORMAL,14.38,24.64,14.00
src-ahu-0224-020,2026-01-15T11:44:00Z,ahu-c-f03-east,ON,NORMAL,14.45,25.07,14.00
src-ahu-0224-021,2026-01-15T11:44:00Z,ahu-c-f03-west,ON,NORMAL,14.32,25.28,14.00
src-ahu-0224-022,2026-01-15T11:44:00Z,ahu-c-f04-east,ON,NORMAL,14.33,25.66,14.00
src-ahu-0224-023,2026-01-15T11:44:00Z,ahu-c-f04-west,ON,NORMAL,14.19,25.79,14.00
src-ahu-0225-000,2026-01-15T11:45:00Z,ahu-a-f01-east,ON,NORMAL,13.59,25.33,14.00
src-ahu-0225-001,2026-01-15T11:45:00Z,ahu-a-f01-west,ON,NORMAL,13.75,25.41,14.00
src-ahu-0225-002,2026-01-15T11:45:00Z,ahu-a-f02-east,ON,NORMAL,13.77,25.50,14.00
src-ahu-0225-003,2026-01-15T11:45:00Z,ahu-a-f02-west,ON,NORMAL,13.71,25.48,14.00
src-ahu-0225-004,2026-01-15T11:45:00Z,ahu-a-f03-east,ON,NORMAL,13.66,25.45,14.00
src-ahu-0225-005,2026-01-15T11:45:00Z,ahu-a-f03-west,ON,NORMAL,13.84,25.32,14.00
src-ahu-0225-006,2026-01-15T11:45:00Z,ahu-a-f04-east,ON,NORMAL,13.93,25.20,14.00
src-ahu-0225-007,2026-01-15T11:45:00Z,ahu-a-f04-west,ON,NORMAL,13.86,25.07,14.00
src-ahu-0225-008,2026-01-15T11:45:00Z,ahu-b-f01-east,ON,NORMAL,13.83,24.40,14.00
src-ahu-0225-009,2026-01-15T11:45:00Z,ahu-b-f01-west,ON,NORMAL,13.90,24.08,14.00
src-ahu-0225-010,2026-01-15T11:45:00Z,ahu-b-f02-east,ON,NORMAL,14.13,24.16,14.00
src-ahu-0225-011,2026-01-15T11:45:00Z,ahu-b-f02-west,ON,NORMAL,14.01,24.01,14.00
src-ahu-0225-012,2026-01-15T11:45:00Z,ahu-b-f03-east,ON,NORMAL,14.15,24.12,14.00
src-ahu-0225-013,2026-01-15T11:45:00Z,ahu-b-f03-west,ON,NORMAL,14.26,24.04,14.00
src-ahu-0225-014,2026-01-15T11:45:00Z,ahu-b-f04-east,ON,NORMAL,14.27,24.25,14.00
src-ahu-0225-015,2026-01-15T11:45:00Z,ahu-b-f04-west,ON,NORMAL,14.42,24.22,14.00
src-ahu-0225-016,2026-01-15T11:45:00Z,ahu-c-f01-east,ON,NORMAL,14.30,24.18,14.00
src-ahu-0225-017,2026-01-15T11:45:00Z,ahu-c-f01-west,ON,NORMAL,14.36,24.23,14.00
src-ahu-0225-018,2026-01-15T11:45:00Z,ahu-c-f02-east,ON,NORMAL,14.42,24.55,14.00
src-ahu-0225-019,2026-01-15T11:45:00Z,ahu-c-f02-west,ON,NORMAL,14.30,24.71,14.00
src-ahu-0225-020,2026-01-15T11:45:00Z,ahu-c-f03-east,ON,NORMAL,14.23,25.14,14.00
src-ahu-0225-021,2026-01-15T11:45:00Z,ahu-c-f03-west,ON,NORMAL,14.29,25.37,14.00
src-ahu-0225-022,2026-01-15T11:45:00Z,ahu-c-f04-east,ON,NORMAL,14.32,25.66,14.00
src-ahu-0225-023,2026-01-15T11:45:00Z,ahu-c-f04-west,ON,NORMAL,14.23,25.76,14.00
src-ahu-0226-000,2026-01-15T11:46:00Z,ahu-a-f01-east,ON,NORMAL,13.54,25.45,14.00
src-ahu-0226-001,2026-01-15T11:46:00Z,ahu-a-f01-west,ON,NORMAL,13.55,25.30,14.00
src-ahu-0226-002,2026-01-15T11:46:00Z,ahu-a-f02-east,ON,NORMAL,13.62,25.41,14.00
src-ahu-0226-003,2026-01-15T11:46:00Z,ahu-a-f02-west,ON,NORMAL,13.74,25.43,14.00
src-ahu-0226-004,2026-01-15T11:46:00Z,ahu-a-f03-east,ON,NORMAL,13.87,25.39,14.00
src-ahu-0226-005,2026-01-15T11:46:00Z,ahu-a-f03-west,ON,NORMAL,13.75,25.16,14.00
src-ahu-0226-006,2026-01-15T11:46:00Z,ahu-a-f04-east,ON,NORMAL,13.76,25.21,14.00
src-ahu-0226-007,2026-01-15T11:46:00Z,ahu-a-f04-west,ON,NORMAL,13.99,24.98,14.00
src-ahu-0226-008,2026-01-15T11:46:00Z,ahu-b-f01-east,ON,NORMAL,13.96,24.33,14.00
src-ahu-0226-009,2026-01-15T11:46:00Z,ahu-b-f01-west,ON,NORMAL,13.99,24.12,14.00
src-ahu-0226-010,2026-01-15T11:46:00Z,ahu-b-f02-east,ON,NORMAL,14.00,24.16,14.00
src-ahu-0226-011,2026-01-15T11:46:00Z,ahu-b-f02-west,ON,NORMAL,14.10,24.07,14.00
src-ahu-0226-012,2026-01-15T11:46:00Z,ahu-b-f03-east,ON,NORMAL,14.21,24.02,14.00
src-ahu-0226-013,2026-01-15T11:46:00Z,ahu-b-f03-west,ON,NORMAL,14.14,23.97,14.00
src-ahu-0226-014,2026-01-15T11:46:00Z,ahu-b-f04-east,ON,NORMAL,14.16,24.19,14.00
src-ahu-0226-015,2026-01-15T11:46:00Z,ahu-b-f04-west,ON,NORMAL,14.37,24.13,14.00
src-ahu-0226-016,2026-01-15T11:46:00Z,ahu-c-f01-east,ON,NORMAL,14.29,24.08,14.00
src-ahu-0226-017,2026-01-15T11:46:00Z,ahu-c-f01-west,ON,NORMAL,14.33,24.24,14.00
src-ahu-0226-018,2026-01-15T11:46:00Z,ahu-c-f02-east,ON,NORMAL,14.31,24.50,14.00
src-ahu-0226-019,2026-01-15T11:46:00Z,ahu-c-f02-west,ON,NORMAL,14.31,24.73,14.00
src-ahu-0226-020,2026-01-15T11:46:00Z,ahu-c-f03-east,ON,NORMAL,14.22,25.12,14.00
src-ahu-0226-021,2026-01-15T11:46:00Z,ahu-c-f03-west,ON,NORMAL,14.35,25.22,14.00
src-ahu-0226-022,2026-01-15T11:46:00Z,ahu-c-f04-east,ON,NORMAL,14.23,25.64,14.00
src-ahu-0226-023,2026-01-15T11:46:00Z,ahu-c-f04-west,ON,NORMAL,14.15,25.75,14.00
src-ahu-0227-000,2026-01-15T11:47:00Z,ahu-a-f01-east,ON,NORMAL,13.54,25.41,14.00
src-ahu-0227-001,2026-01-15T11:47:00Z,ahu-a-f01-west,ON,NORMAL,13.56,25.31,14.00
src-ahu-0227-002,2026-01-15T11:47:00Z,ahu-a-f02-east,ON,NORMAL,13.65,25.47,14.00
src-ahu-0227-003,2026-01-15T11:47:00Z,ahu-a-f02-west,ON,NORMAL,13.79,25.39,14.00
src-ahu-0227-004,2026-01-15T11:47:00Z,ahu-a-f03-east,ON,NORMAL,13.75,25.28,14.00
src-ahu-0227-005,2026-01-15T11:47:00Z,ahu-a-f03-west,ON,NORMAL,13.88,25.16,14.00
src-ahu-0227-006,2026-01-15T11:47:00Z,ahu-a-f04-east,ON,NORMAL,13.98,25.25,14.00
src-ahu-0227-007,2026-01-15T11:47:00Z,ahu-a-f04-west,ON,NORMAL,13.83,24.92,14.00
src-ahu-0227-008,2026-01-15T11:47:00Z,ahu-b-f01-east,ON,NORMAL,14.00,24.22,14.00
src-ahu-0227-009,2026-01-15T11:47:00Z,ahu-b-f01-west,ON,NORMAL,13.99,24.05,14.00
src-ahu-0227-010,2026-01-15T11:47:00Z,ahu-b-f02-east,ON,NORMAL,14.05,24.09,14.00
src-ahu-0227-011,2026-01-15T11:47:00Z,ahu-b-f02-west,ON,NORMAL,14.07,24.01,14.00
src-ahu-0227-012,2026-01-15T11:47:00Z,ahu-b-f03-east,ON,NORMAL,14.28,24.09,14.00
src-ahu-0227-013,2026-01-15T11:47:00Z,ahu-b-f03-west,ON,NORMAL,14.17,23.96,14.00
src-ahu-0227-014,2026-01-15T11:47:00Z,ahu-b-f04-east,ON,NORMAL,14.27,24.19,14.00
src-ahu-0227-015,2026-01-15T11:47:00Z,ahu-b-f04-west,ON,NORMAL,14.44,24.17,14.00
src-ahu-0227-016,2026-01-15T11:47:00Z,ahu-c-f01-east,ON,NORMAL,14.23,24.07,14.00
src-ahu-0227-017,2026-01-15T11:47:00Z,ahu-c-f01-west,ON,NORMAL,14.29,24.35,14.00
src-ahu-0227-018,2026-01-15T11:47:00Z,ahu-c-f02-east,ON,NORMAL,14.40,24.48,14.00
src-ahu-0227-019,2026-01-15T11:47:00Z,ahu-c-f02-west,ON,NORMAL,14.23,24.79,14.00
src-ahu-0227-020,2026-01-15T11:47:00Z,ahu-c-f03-east,ON,NORMAL,14.42,25.08,14.00
src-ahu-0227-021,2026-01-15T11:47:00Z,ahu-c-f03-west,ON,NORMAL,14.30,25.33,14.00
src-ahu-0227-022,2026-01-15T11:47:00Z,ahu-c-f04-east,ON,NORMAL,14.24,25.70,14.00
src-ahu-0227-023,2026-01-15T11:47:00Z,ahu-c-f04-west,ON,NORMAL,14.14,25.90,14.00
src-ahu-0228-000,2026-01-15T11:48:00Z,ahu-a-f01-east,ON,NORMAL,13.69,25.33,14.00
src-ahu-0228-001,2026-01-15T11:48:00Z,ahu-a-f01-west,ON,NORMAL,13.65,25.32,14.00
src-ahu-0228-002,2026-01-15T11:48:00Z,ahu-a-f02-east,ON,NORMAL,13.81,25.39,14.00
src-ahu-0228-003,2026-01-15T11:48:00Z,ahu-a-f02-west,ON,NORMAL,13.85,25.26,14.00
src-ahu-0228-004,2026-01-15T11:48:00Z,ahu-a-f03-east,ON,NORMAL,13.74,25.28,14.00
src-ahu-0228-005,2026-01-15T11:48:00Z,ahu-a-f03-west,ON,NORMAL,13.82,25.25,14.00
src-ahu-0228-006,2026-01-15T11:48:00Z,ahu-a-f04-east,ON,NORMAL,13.97,25.19,14.00
src-ahu-0228-007,2026-01-15T11:48:00Z,ahu-a-f04-west,ON,NORMAL,13.97,24.95,14.00
src-ahu-0228-008,2026-01-15T11:48:00Z,ahu-b-f01-east,ON,NORMAL,14.12,24.26,14.00
src-ahu-0228-009,2026-01-15T11:48:00Z,ahu-b-f01-west,ON,NORMAL,14.05,24.03,14.00
src-ahu-0228-010,2026-01-15T11:48:00Z,ahu-b-f02-east,ON,NORMAL,14.07,24.09,14.00
src-ahu-0228-011,2026-01-15T11:48:00Z,ahu-b-f02-west,ON,NORMAL,14.13,23.91,14.00
src-ahu-0228-012,2026-01-15T11:48:00Z,ahu-b-f03-east,ON,NORMAL,14.16,24.08,14.00
src-ahu-0228-013,2026-01-15T11:48:00Z,ahu-b-f03-west,ON,NORMAL,14.23,24.01,14.00
src-ahu-0228-014,2026-01-15T11:48:00Z,ahu-b-f04-east,ON,NORMAL,14.40,24.22,14.00
src-ahu-0228-015,2026-01-15T11:48:00Z,ahu-b-f04-west,ON,NORMAL,14.42,24.20,14.00
src-ahu-0228-016,2026-01-15T11:48:00Z,ahu-c-f01-east,ON,NORMAL,14.44,24.16,14.00
src-ahu-0228-017,2026-01-15T11:48:00Z,ahu-c-f01-west,ON,NORMAL,14.34,24.27,14.00
src-ahu-0228-018,2026-01-15T11:48:00Z,ahu-c-f02-east,ON,NORMAL,14.42,24.66,14.00
src-ahu-0228-019,2026-01-15T11:48:00Z,ahu-c-f02-west,ON,NORMAL,14.23,24.78,14.00
src-ahu-0228-020,2026-01-15T11:48:00Z,ahu-c-f03-east,ON,NORMAL,14.28,25.08,14.00
src-ahu-0228-021,2026-01-15T11:48:00Z,ahu-c-f03-west,ON,NORMAL,14.26,25.34,14.00
src-ahu-0228-022,2026-01-15T11:48:00Z,ahu-c-f04-east,ON,NORMAL,14.12,25.72,14.00
src-ahu-0228-023,2026-01-15T11:48:00Z,ahu-c-f04-west,ON,NORMAL,14.06,25.92,14.00
src-ahu-0229-000,2026-01-15T11:49:00Z,ahu-a-f01-east,ON,NORMAL,13.60,25.35,14.00
src-ahu-0229-001,2026-01-15T11:49:00Z,ahu-a-f01-west,ON,NORMAL,13.60,25.41,14.00
src-ahu-0229-002,2026-01-15T11:49:00Z,ahu-a-f02-east,ON,NORMAL,13.70,25.45,14.00
src-ahu-0229-003,2026-01-15T11:49:00Z,ahu-a-f02-west,ON,NORMAL,13.70,25.38,14.00
src-ahu-0229-004,2026-01-15T11:49:00Z,ahu-a-f03-east,ON,NORMAL,13.87,25.40,14.00
src-ahu-0229-005,2026-01-15T11:49:00Z,ahu-a-f03-west,ON,NORMAL,13.88,25.15,14.00
src-ahu-0229-006,2026-01-15T11:49:00Z,ahu-a-f04-east,ON,NORMAL,13.94,25.07,14.00
src-ahu-0229-007,2026-01-15T11:49:00Z,ahu-a-f04-west,ON,NORMAL,14.03,24.96,14.00
src-ahu-0229-008,2026-01-15T11:49:00Z,ahu-b-f01-east,ON,NORMAL,14.06,24.15,14.00
src-ahu-0229-009,2026-01-15T11:49:00Z,ahu-b-f01-west,ON,NORMAL,14.03,24.06,14.00
src-ahu-0229-010,2026-01-15T11:49:00Z,ahu-b-f02-east,ON,NORMAL,14.06,24.01,14.00
src-ahu-0229-011,2026-01-15T11:49:00Z,ahu-b-f02-west,ON,NORMAL,14.11,23.95,14.00
src-ahu-0229-012,2026-01-15T11:49:00Z,ahu-b-f03-east,ON,NORMAL,14.36,24.08,14.00
src-ahu-0229-013,2026-01-15T11:49:00Z,ahu-b-f03-west,ON,NORMAL,14.35,23.96,14.00
src-ahu-0229-014,2026-01-15T11:49:00Z,ahu-b-f04-east,ON,NORMAL,14.41,24.12,14.00
src-ahu-0229-015,2026-01-15T11:49:00Z,ahu-b-f04-west,ON,NORMAL,14.46,24.23,14.00
src-ahu-0229-016,2026-01-15T11:49:00Z,ahu-c-f01-east,ON,NORMAL,14.41,24.15,14.00
src-ahu-0229-017,2026-01-15T11:49:00Z,ahu-c-f01-west,ON,NORMAL,14.42,24.34,14.00
src-ahu-0229-018,2026-01-15T11:49:00Z,ahu-c-f02-east,ON,NORMAL,14.25,24.72,14.00
src-ahu-0229-019,2026-01-15T11:49:00Z,ahu-c-f02-west,ON,NORMAL,14.35,24.87,14.00
src-ahu-0229-020,2026-01-15T11:49:00Z,ahu-c-f03-east,ON,NORMAL,14.36,25.15,14.00
src-ahu-0229-021,2026-01-15T11:49:00Z,ahu-c-f03-west,ON,NORMAL,14.35,25.40,14.00
src-ahu-0229-022,2026-01-15T11:49:00Z,ahu-c-f04-east,ON,NORMAL,14.33,25.67,14.00
src-ahu-0229-023,2026-01-15T11:49:00Z,ahu-c-f04-west,ON,NORMAL,14.12,25.90,14.00
src-ahu-0230-000,2026-01-15T11:50:00Z,ahu-a-f01-east,ON,NORMAL,13.71,25.34,14.00
src-ahu-0230-001,2026-01-15T11:50:00Z,ahu-a-f01-west,ON,NORMAL,13.76,25.35,14.00
src-ahu-0230-002,2026-01-15T11:50:00Z,ahu-a-f02-east,ON,NORMAL,13.74,25.42,14.00
src-ahu-0230-003,2026-01-15T11:50:00Z,ahu-a-f02-west,ON,NORMAL,13.74,25.38,14.00
src-ahu-0230-004,2026-01-15T11:50:00Z,ahu-a-f03-east,ON,NORMAL,13.91,25.31,14.00
src-ahu-0230-005,2026-01-15T11:50:00Z,ahu-a-f03-west,ON,NORMAL,13.86,25.12,14.00
src-ahu-0230-006,2026-01-15T11:50:00Z,ahu-a-f04-east,ON,NORMAL,14.02,25.15,14.00
src-ahu-0230-007,2026-01-15T11:50:00Z,ahu-a-f04-west,ON,NORMAL,14.11,24.94,14.00
src-ahu-0230-008,2026-01-15T11:50:00Z,ahu-b-f01-east,ON,NORMAL,13.97,24.21,14.00
src-ahu-0230-009,2026-01-15T11:50:00Z,ahu-b-f01-west,ON,NORMAL,14.01,23.95,14.00
src-ahu-0230-010,2026-01-15T11:50:00Z,ahu-b-f02-east,ON,NORMAL,14.28,24.03,14.00
src-ahu-0230-011,2026-01-15T11:50:00Z,ahu-b-f02-west,ON,NORMAL,14.34,23.93,14.00
src-ahu-0230-012,2026-01-15T11:50:00Z,ahu-b-f03-east,ON,NORMAL,14.17,24.10,14.00
src-ahu-0230-013,2026-01-15T11:50:00Z,ahu-b-f03-west,ON,NORMAL,14.19,24.02,14.00
src-ahu-0230-014,2026-01-15T11:50:00Z,ahu-b-f04-east,ON,NORMAL,14.36,24.21,14.00
src-ahu-0230-015,2026-01-15T11:50:00Z,ahu-b-f04-west,ON,NORMAL,14.26,24.19,14.00
src-ahu-0230-016,2026-01-15T11:50:00Z,ahu-c-f01-east,ON,NORMAL,14.34,24.21,14.00
src-ahu-0230-017,2026-01-15T11:50:00Z,ahu-c-f01-west,ON,NORMAL,14.39,24.30,14.00
src-ahu-0230-018,2026-01-15T11:50:00Z,ahu-c-f02-east,ON,NORMAL,14.23,24.66,14.00
src-ahu-0230-019,2026-01-15T11:50:00Z,ahu-c-f02-west,ON,NORMAL,14.32,24.83,14.00
src-ahu-0230-020,2026-01-15T11:50:00Z,ahu-c-f03-east,ON,NORMAL,14.24,25.16,14.00
src-ahu-0230-021,2026-01-15T11:50:00Z,ahu-c-f03-west,ON,NORMAL,14.30,25.43,14.00
src-ahu-0230-022,2026-01-15T11:50:00Z,ahu-c-f04-east,ON,NORMAL,14.18,25.75,14.00
src-ahu-0230-023,2026-01-15T11:50:00Z,ahu-c-f04-west,ON,NORMAL,14.09,25.98,14.00
src-ahu-0231-000,2026-01-15T11:51:00Z,ahu-a-f01-east,ON,NORMAL,13.80,25.41,14.00
src-ahu-0231-001,2026-01-15T11:51:00Z,ahu-a-f01-west,ON,NORMAL,13.62,25.39,14.00
src-ahu-0231-002,2026-01-15T11:51:00Z,ahu-a-f02-east,ON,NORMAL,13.79,25.41,14.00
src-ahu-0231-003,2026-01-15T11:51:00Z,ahu-a-f02-west,ON,NORMAL,13.74,25.29,14.00
src-ahu-0231-004,2026-01-15T11:51:00Z,ahu-a-f03-east,ON,NORMAL,13.76,25.26,14.00
src-ahu-0231-005,2026-01-15T11:51:00Z,ahu-a-f03-west,ON,NORMAL,14.03,25.12,14.00
src-ahu-0231-006,2026-01-15T11:51:00Z,ahu-a-f04-east,ON,NORMAL,13.94,25.07,14.00
src-ahu-0231-007,2026-01-15T11:51:00Z,ahu-a-f04-west,ON,NORMAL,14.06,24.91,14.00
src-ahu-0231-008,2026-01-15T11:51:00Z,ahu-b-f01-east,ON,NORMAL,14.03,24.08,14.00
src-ahu-0231-009,2026-01-15T11:51:00Z,ahu-b-f01-west,ON,NORMAL,14.11,23.94,14.00
src-ahu-0231-010,2026-01-15T11:51:00Z,ahu-b-f02-east,ON,NORMAL,14.32,24.04,14.00
src-ahu-0231-011,2026-01-15T11:51:00Z,ahu-b-f02-west,ON,NORMAL,14.30,24.02,14.00
src-ahu-0231-012,2026-01-15T11:51:00Z,ahu-b-f03-east,ON,NORMAL,14.27,24.03,14.00
src-ahu-0231-013,2026-01-15T11:51:00Z,ahu-b-f03-west,ON,NORMAL,14.43,23.93,14.00
src-ahu-0231-014,2026-01-15T11:51:00Z,ahu-b-f04-east,ON,NORMAL,14.32,24.19,14.00
src-ahu-0231-015,2026-01-15T11:51:00Z,ahu-b-f04-west,ON,NORMAL,14.37,24.32,14.00
src-ahu-0231-016,2026-01-15T11:51:00Z,ahu-c-f01-east,ON,NORMAL,14.41,24.12,14.00
src-ahu-0231-017,2026-01-15T11:51:00Z,ahu-c-f01-west,ON,NORMAL,14.27,24.35,14.00
src-ahu-0231-018,2026-01-15T11:51:00Z,ahu-c-f02-east,ON,NORMAL,14.35,24.78,14.00
src-ahu-0231-019,2026-01-15T11:51:00Z,ahu-c-f02-west,ON,NORMAL,14.26,24.89,14.00
src-ahu-0231-020,2026-01-15T11:51:00Z,ahu-c-f03-east,ON,NORMAL,14.27,25.28,14.00
src-ahu-0231-021,2026-01-15T11:51:00Z,ahu-c-f03-west,ON,NORMAL,14.22,25.40,14.00
src-ahu-0231-022,2026-01-15T11:51:00Z,ahu-c-f04-east,ON,NORMAL,14.26,25.83,14.00
src-ahu-0231-023,2026-01-15T11:51:00Z,ahu-c-f04-west,ON,NORMAL,14.08,25.95,14.00
src-ahu-0232-000,2026-01-15T11:52:00Z,ahu-a-f01-east,ON,NORMAL,13.71,25.44,14.00
src-ahu-0232-001,2026-01-15T11:52:00Z,ahu-a-f01-west,ON,NORMAL,13.69,25.31,14.00
src-ahu-0232-002,2026-01-15T11:52:00Z,ahu-a-f02-east,ON,NORMAL,13.69,25.38,14.00
src-ahu-0232-003,2026-01-15T11:52:00Z,ahu-a-f02-west,ON,NORMAL,13.76,25.19,14.00
src-ahu-0232-004,2026-01-15T11:52:00Z,ahu-a-f03-east,ON,NORMAL,13.88,25.24,14.00
src-ahu-0232-005,2026-01-15T11:52:00Z,ahu-a-f03-west,ON,NORMAL,13.99,25.01,14.00
src-ahu-0232-006,2026-01-15T11:52:00Z,ahu-a-f04-east,ON,NORMAL,13.93,24.95,14.00
src-ahu-0232-007,2026-01-15T11:52:00Z,ahu-a-f04-west,ON,NORMAL,14.07,24.85,14.00
src-ahu-0232-008,2026-01-15T11:52:00Z,ahu-b-f01-east,ON,NORMAL,14.12,24.16,14.00
src-ahu-0232-009,2026-01-15T11:52:00Z,ahu-b-f01-west,ON,NORMAL,14.17,23.98,14.00
src-ahu-0232-010,2026-01-15T11:52:00Z,ahu-b-f02-east,ON,NORMAL,14.20,24.04,14.00
src-ahu-0232-011,2026-01-15T11:52:00Z,ahu-b-f02-west,ON,NORMAL,14.34,23.83,14.00
src-ahu-0232-012,2026-01-15T11:52:00Z,ahu-b-f03-east,ON,NORMAL,14.40,24.11,14.00
src-ahu-0232-013,2026-01-15T11:52:00Z,ahu-b-f03-west,ON,NORMAL,14.28,23.97,14.00
src-ahu-0232-014,2026-01-15T11:52:00Z,ahu-b-f04-east,ON,NORMAL,14.40,24.21,14.00
src-ahu-0232-015,2026-01-15T11:52:00Z,ahu-b-f04-west,ON,NORMAL,14.46,24.28,14.00
src-ahu-0232-016,2026-01-15T11:52:00Z,ahu-c-f01-east,ON,NORMAL,14.26,24.23,14.00
src-ahu-0232-017,2026-01-15T11:52:00Z,ahu-c-f01-west,ON,NORMAL,14.31,24.27,14.00
src-ahu-0232-018,2026-01-15T11:52:00Z,ahu-c-f02-east,ON,NORMAL,14.36,24.73,14.00
src-ahu-0232-019,2026-01-15T11:52:00Z,ahu-c-f02-west,ON,NORMAL,14.37,24.94,14.00
src-ahu-0232-020,2026-01-15T11:52:00Z,ahu-c-f03-east,ON,NORMAL,14.34,25.31,14.00
src-ahu-0232-021,2026-01-15T11:52:00Z,ahu-c-f03-west,ON,NORMAL,14.24,25.55,14.00
src-ahu-0232-022,2026-01-15T11:52:00Z,ahu-c-f04-east,ON,NORMAL,14.18,25.84,14.00
src-ahu-0232-023,2026-01-15T11:52:00Z,ahu-c-f04-west,ON,NORMAL,14.17,26.05,14.00
src-ahu-0233-000,2026-01-15T11:53:00Z,ahu-a-f01-east,ON,NORMAL,13.66,25.35,14.00
src-ahu-0233-001,2026-01-15T11:53:00Z,ahu-a-f01-west,ON,NORMAL,13.68,25.27,14.00
src-ahu-0233-002,2026-01-15T11:53:00Z,ahu-a-f02-east,ON,NORMAL,13.80,25.28,14.00
src-ahu-0233-003,2026-01-15T11:53:00Z,ahu-a-f02-west,ON,NORMAL,13.96,25.22,14.00
src-ahu-0233-004,2026-01-15T11:53:00Z,ahu-a-f03-east,ON,NORMAL,13.80,25.21,14.00
src-ahu-0233-005,2026-01-15T11:53:00Z,ahu-a-f03-west,ON,NORMAL,13.87,25.08,14.00
src-ahu-0233-006,2026-01-15T11:53:00Z,ahu-a-f04-east,ON,NORMAL,13.94,24.98,14.00
src-ahu-0233-007,2026-01-15T11:53:00Z,ahu-a-f04-west,ON,NORMAL,14.20,24.80,14.00
src-ahu-0233-008,2026-01-15T11:53:00Z,ahu-b-f01-east,ON,NORMAL,14.08,24.08,14.00
src-ahu-0233-009,2026-01-15T11:53:00Z,ahu-b-f01-west,ON,NORMAL,14.16,23.91,14.00
src-ahu-0233-010,2026-01-15T11:53:00Z,ahu-b-f02-east,ON,NORMAL,14.35,23.90,14.00
src-ahu-0233-011,2026-01-15T11:53:00Z,ahu-b-f02-west,ON,NORMAL,14.28,23.84,14.00
src-ahu-0233-012,2026-01-15T11:53:00Z,ahu-b-f03-east,ON,NORMAL,14.20,24.08,14.00
src-ahu-0233-013,2026-01-15T11:53:00Z,ahu-b-f03-west,ON,NORMAL,14.31,24.02,14.00
src-ahu-0233-014,2026-01-15T11:53:00Z,ahu-b-f04-east,ON,NORMAL,14.33,24.16,14.00
src-ahu-0233-015,2026-01-15T11:53:00Z,ahu-b-f04-west,ON,NORMAL,14.32,24.20,14.00
src-ahu-0233-016,2026-01-15T11:53:00Z,ahu-c-f01-east,ON,NORMAL,14.34,24.22,14.00
src-ahu-0233-017,2026-01-15T11:53:00Z,ahu-c-f01-west,ON,NORMAL,14.20,24.48,14.00
src-ahu-0233-018,2026-01-15T11:53:00Z,ahu-c-f02-east,ON,NORMAL,14.34,24.82,14.00
src-ahu-0233-019,2026-01-15T11:53:00Z,ahu-c-f02-west,ON,NORMAL,14.32,24.91,14.00
src-ahu-0233-020,2026-01-15T11:53:00Z,ahu-c-f03-east,ON,NORMAL,14.15,25.22,14.00
src-ahu-0233-021,2026-01-15T11:53:00Z,ahu-c-f03-west,ON,NORMAL,14.06,25.49,14.00
src-ahu-0233-022,2026-01-15T11:53:00Z,ahu-c-f04-east,ON,NORMAL,14.11,25.81,14.00
src-ahu-0233-023,2026-01-15T11:53:00Z,ahu-c-f04-west,ON,NORMAL,13.98,26.04,14.00
src-ahu-0234-000,2026-01-15T11:54:00Z,ahu-a-f01-east,ON,NORMAL,13.76,25.43,14.00
src-ahu-0234-001,2026-01-15T11:54:00Z,ahu-a-f01-west,ON,NORMAL,13.87,25.27,14.00
src-ahu-0234-002,2026-01-15T11:54:00Z,ahu-a-f02-east,ON,NORMAL,13.89,25.33,14.00
src-ahu-0234-003,2026-01-15T11:54:00Z,ahu-a-f02-west,ON,NORMAL,14.00,25.15,14.00
src-ahu-0234-004,2026-01-15T11:54:00Z,ahu-a-f03-east,ON,NORMAL,14.01,25.16,14.00
src-ahu-0234-005,2026-01-15T11:54:00Z,ahu-a-f03-west,ON,NORMAL,13.96,24.97,14.00
src-ahu-0234-006,2026-01-15T11:54:00Z,ahu-a-f04-east,ON,NORMAL,13.99,25.02,14.00
src-ahu-0234-007,2026-01-15T11:54:00Z,ahu-a-f04-west,ON,NORMAL,14.10,24.84,14.00
src-ahu-0234-008,2026-01-15T11:54:00Z,ahu-b-f01-east,ON,NORMAL,14.21,24.06,14.00
src-ahu-0234-009,2026-01-15T11:54:00Z,ahu-b-f01-west,ON,NORMAL,14.31,23.80,14.00
src-ahu-0234-010,2026-01-15T11:54:00Z,ahu-b-f02-east,ON,NORMAL,14.27,23.98,14.00
src-ahu-0234-011,2026-01-15T11:54:00Z,ahu-b-f02-west,ON,NORMAL,14.28,23.92,14.00
src-ahu-0234-012,2026-01-15T11:54:00Z,ahu-b-f03-east,ON,NORMAL,14.40,24.04,14.00
src-ahu-0234-013,2026-01-15T11:54:00Z,ahu-b-f03-west,ON,NORMAL,14.45,24.04,14.00
src-ahu-0234-014,2026-01-15T11:54:00Z,ahu-b-f04-east,ON,NORMAL,14.36,24.18,14.00
src-ahu-0234-015,2026-01-15T11:54:00Z,ahu-b-f04-west,ON,NORMAL,14.25,24.27,14.00
src-ahu-0234-016,2026-01-15T11:54:00Z,ahu-c-f01-east,ON,NORMAL,14.22,24.33,14.00
src-ahu-0234-017,2026-01-15T11:54:00Z,ahu-c-f01-west,ON,NORMAL,14.27,24.40,14.00
src-ahu-0234-018,2026-01-15T11:54:00Z,ahu-c-f02-east,ON,NORMAL,14.36,24.76,14.00
src-ahu-0234-019,2026-01-15T11:54:00Z,ahu-c-f02-west,ON,NORMAL,14.36,24.96,14.00
src-ahu-0234-020,2026-01-15T11:54:00Z,ahu-c-f03-east,ON,NORMAL,14.15,25.41,14.00
src-ahu-0234-021,2026-01-15T11:54:00Z,ahu-c-f03-west,ON,NORMAL,14.18,25.56,14.00
src-ahu-0234-022,2026-01-15T11:54:00Z,ahu-c-f04-east,ON,NORMAL,14.05,25.94,14.00
src-ahu-0234-023,2026-01-15T11:54:00Z,ahu-c-f04-west,ON,NORMAL,14.12,26.15,14.00
src-ahu-0235-000,2026-01-15T11:55:00Z,ahu-a-f01-east,ON,NORMAL,13.73,25.43,14.00
src-ahu-0235-001,2026-01-15T11:55:00Z,ahu-a-f01-west,ON,NORMAL,13.71,25.26,14.00
src-ahu-0235-002,2026-01-15T11:55:00Z,ahu-a-f02-east,ON,NORMAL,13.92,25.41,14.00
src-ahu-0235-003,2026-01-15T11:55:00Z,ahu-a-f02-west,ON,NORMAL,13.98,25.11,14.00
src-ahu-0235-004,2026-01-15T11:55:00Z,ahu-a-f03-east,ON,NORMAL,13.92,25.15,14.00
src-ahu-0235-005,2026-01-15T11:55:00Z,ahu-a-f03-west,ON,NORMAL,14.02,24.93,14.00
src-ahu-0235-006,2026-01-15T11:55:00Z,ahu-a-f04-east,ON,NORMAL,14.14,25.01,14.00
src-ahu-0235-007,2026-01-15T11:55:00Z,ahu-a-f04-west,ON,NORMAL,14.21,24.74,14.00
src-ahu-0235-008,2026-01-15T11:55:00Z,ahu-b-f01-east,ON,NORMAL,14.22,23.96,14.00
src-ahu-0235-009,2026-01-15T11:55:00Z,ahu-b-f01-west,ON,NORMAL,14.34,23.82,14.00
src-ahu-0235-010,2026-01-15T11:55:00Z,ahu-b-f02-east,ON,NORMAL,14.29,23.90,14.00
src-ahu-0235-011,2026-01-15T11:55:00Z,ahu-b-f02-west,ON,NORMAL,14.38,23.86,14.00
src-ahu-0235-012,2026-01-15T11:55:00Z,ahu-b-f03-east,ON,NORMAL,14.24,23.91,14.00
src-ahu-0235-013,2026-01-15T11:55:00Z,ahu-b-f03-west,ON,NORMAL,14.29,23.99,14.00
src-ahu-0235-014,2026-01-15T11:55:00Z,ahu-b-f04-east,ON,NORMAL,14.31,24.21,14.00
src-ahu-0235-015,2026-01-15T11:55:00Z,ahu-b-f04-west,ON,NORMAL,14.29,24.32,14.00
src-ahu-0235-016,2026-01-15T11:55:00Z,ahu-c-f01-east,ON,NORMAL,14.38,24.26,14.00
src-ahu-0235-017,2026-01-15T11:55:00Z,ahu-c-f01-west,ON,NORMAL,14.42,24.50,14.00
src-ahu-0235-018,2026-01-15T11:55:00Z,ahu-c-f02-east,ON,NORMAL,14.37,24.87,14.00
src-ahu-0235-019,2026-01-15T11:55:00Z,ahu-c-f02-west,ON,NORMAL,14.31,25.02,14.00
src-ahu-0235-020,2026-01-15T11:55:00Z,ahu-c-f03-east,ON,NORMAL,14.19,25.33,14.00
src-ahu-0235-021,2026-01-15T11:55:00Z,ahu-c-f03-west,ON,NORMAL,14.01,25.54,14.00
src-ahu-0235-022,2026-01-15T11:55:00Z,ahu-c-f04-east,ON,NORMAL,14.06,25.92,14.00
src-ahu-0235-023,2026-01-15T11:55:00Z,ahu-c-f04-west,ON,NORMAL,14.01,26.15,14.00
src-ahu-0236-000,2026-01-15T11:56:00Z,ahu-a-f01-east,ON,NORMAL,13.76,25.33,14.00
src-ahu-0236-001,2026-01-15T11:56:00Z,ahu-a-f01-west,ON,NORMAL,13.94,25.19,14.00
src-ahu-0236-002,2026-01-15T11:56:00Z,ahu-a-f02-east,ON,NORMAL,13.85,25.26,14.00
src-ahu-0236-003,2026-01-15T11:56:00Z,ahu-a-f02-west,ON,NORMAL,13.95,25.12,14.00
src-ahu-0236-004,2026-01-15T11:56:00Z,ahu-a-f03-east,ON,NORMAL,14.03,25.11,14.00
src-ahu-0236-005,2026-01-15T11:56:00Z,ahu-a-f03-west,ON,NORMAL,14.16,24.94,14.00
src-ahu-0236-006,2026-01-15T11:56:00Z,ahu-a-f04-east,ON,NORMAL,14.11,24.96,14.00
src-ahu-0236-007,2026-01-15T11:56:00Z,ahu-a-f04-west,ON,NORMAL,14.12,24.80,14.00
src-ahu-0236-008,2026-01-15T11:56:00Z,ahu-b-f01-east,ON,NORMAL,14.12,24.02,14.00
src-ahu-0236-009,2026-01-15T11:56:00Z,ahu-b-f01-west,ON,NORMAL,14.26,23.89,14.00
src-ahu-0236-010,2026-01-15T11:56:00Z,ahu-b-f02-east,ON,NORMAL,14.35,23.91,14.00
src-ahu-0236-011,2026-01-15T11:56:00Z,ahu-b-f02-west,ON,NORMAL,14.27,23.73,14.00
src-ahu-0236-012,2026-01-15T11:56:00Z,ahu-b-f03-east,ON,NORMAL,14.26,23.98,14.00
src-ahu-0236-013,2026-01-15T11:56:00Z,ahu-b-f03-west,ON,NORMAL,14.37,23.91,14.00
src-ahu-0236-014,2026-01-15T11:56:00Z,ahu-b-f04-east,ON,NORMAL,14.25,24.26,14.00
src-ahu-0236-015,2026-01-15T11:56:00Z,ahu-b-f04-west,ON,NORMAL,14.45,24.39,14.00
src-ahu-0236-016,2026-01-15T11:56:00Z,ahu-c-f01-east,ON,NORMAL,14.29,24.34,14.00
src-ahu-0236-017,2026-01-15T11:56:00Z,ahu-c-f01-west,ON,NORMAL,14.19,24.48,14.00
src-ahu-0236-018,2026-01-15T11:56:00Z,ahu-c-f02-east,ON,NORMAL,14.32,24.85,14.00
src-ahu-0236-019,2026-01-15T11:56:00Z,ahu-c-f02-west,ON,NORMAL,14.20,24.98,14.00
src-ahu-0236-020,2026-01-15T11:56:00Z,ahu-c-f03-east,ON,NORMAL,14.08,25.47,14.00
src-ahu-0236-021,2026-01-15T11:56:00Z,ahu-c-f03-west,ON,NORMAL,14.14,25.59,14.00
src-ahu-0236-022,2026-01-15T11:56:00Z,ahu-c-f04-east,ON,NORMAL,14.06,26.02,14.00
src-ahu-0236-023,2026-01-15T11:56:00Z,ahu-c-f04-west,ON,NORMAL,14.04,26.10,14.00
src-ahu-0237-000,2026-01-15T11:57:00Z,ahu-a-f01-east,ON,NORMAL,13.80,25.25,14.00
src-ahu-0237-001,2026-01-15T11:57:00Z,ahu-a-f01-west,ON,NORMAL,13.93,25.23,14.00
src-ahu-0237-002,2026-01-15T11:57:00Z,ahu-a-f02-east,ON,NORMAL,14.00,25.30,14.00
src-ahu-0237-003,2026-01-15T11:57:00Z,ahu-a-f02-west,ON,NORMAL,13.93,25.08,14.00
src-ahu-0237-004,2026-01-15T11:57:00Z,ahu-a-f03-east,ON,NORMAL,14.08,25.08,14.00
src-ahu-0237-005,2026-01-15T11:57:00Z,ahu-a-f03-west,ON,NORMAL,14.08,24.91,14.00
src-ahu-0237-006,2026-01-15T11:57:00Z,ahu-a-f04-east,ON,NORMAL,14.09,24.80,14.00
src-ahu-0237-007,2026-01-15T11:57:00Z,ahu-a-f04-west,ON,NORMAL,14.15,24.59,14.00
src-ahu-0237-008,2026-01-15T11:57:00Z,ahu-b-f01-east,ON,NORMAL,14.29,24.00,14.00
src-ahu-0237-009,2026-01-15T11:57:00Z,ahu-b-f01-west,ON,NORMAL,14.18,23.81,14.00
src-ahu-0237-010,2026-01-15T11:57:00Z,ahu-b-f02-east,ON,NORMAL,14.35,23.87,14.00
src-ahu-0237-011,2026-01-15T11:57:00Z,ahu-b-f02-west,ON,NORMAL,14.38,23.77,14.00
src-ahu-0237-012,2026-01-15T11:57:00Z,ahu-b-f03-east,ON,NORMAL,14.46,24.00,14.00
src-ahu-0237-013,2026-01-15T11:57:00Z,ahu-b-f03-west,ON,NORMAL,14.38,24.04,14.00
src-ahu-0237-014,2026-01-15T11:57:00Z,ahu-b-f04-east,ON,NORMAL,14.37,24.34,14.00
src-ahu-0237-015,2026-01-15T11:57:00Z,ahu-b-f04-west,ON,NORMAL,14.32,24.38,14.00
src-ahu-0237-016,2026-01-15T11:57:00Z,ahu-c-f01-east,ON,NORMAL,14.23,24.30,14.00
src-ahu-0237-017,2026-01-15T11:57:00Z,ahu-c-f01-west,ON,NORMAL,14.18,24.51,14.00
src-ahu-0237-018,2026-01-15T11:57:00Z,ahu-c-f02-east,ON,NORMAL,14.27,24.84,14.00
src-ahu-0237-019,2026-01-15T11:57:00Z,ahu-c-f02-west,ON,NORMAL,14.29,25.06,14.00
src-ahu-0237-020,2026-01-15T11:57:00Z,ahu-c-f03-east,ON,NORMAL,14.01,25.37,14.00
src-ahu-0237-021,2026-01-15T11:57:00Z,ahu-c-f03-west,ON,NORMAL,14.08,25.60,14.00
src-ahu-0237-022,2026-01-15T11:57:00Z,ahu-c-f04-east,ON,NORMAL,14.11,25.96,14.00
src-ahu-0237-023,2026-01-15T11:57:00Z,ahu-c-f04-west,ON,NORMAL,13.94,26.15,14.00
src-ahu-0238-000,2026-01-15T11:58:00Z,ahu-a-f01-east,ON,NORMAL,13.78,25.35,14.00
src-ahu-0238-001,2026-01-15T11:58:00Z,ahu-a-f01-west,ON,NORMAL,13.90,25.21,14.00
src-ahu-0238-002,2026-01-15T11:58:00Z,ahu-a-f02-east,ON,NORMAL,14.04,25.24,14.00
src-ahu-0238-003,2026-01-15T11:58:00Z,ahu-a-f02-west,ON,NORMAL,13.94,25.05,14.00
src-ahu-0238-004,2026-01-15T11:58:00Z,ahu-a-f03-east,ON,NORMAL,13.96,25.01,14.00
src-ahu-0238-005,2026-01-15T11:58:00Z,ahu-a-f03-west,ON,NORMAL,14.18,24.93,14.00
src-ahu-0238-006,2026-01-15T11:58:00Z,ahu-a-f04-east,ON,NORMAL,14.27,24.82,14.00
src-ahu-0238-007,2026-01-15T11:58:00Z,ahu-a-f04-west,ON,NORMAL,14.30,24.69,14.00
src-ahu-0238-008,2026-01-15T11:58:00Z,ahu-b-f01-east,ON,NORMAL,14.24,23.94,14.00
src-ahu-0238-009,2026-01-15T11:58:00Z,ahu-b-f01-west,ON,NORMAL,14.39,23.85,14.00
src-ahu-0238-010,2026-01-15T11:58:00Z,ahu-b-f02-east,ON,NORMAL,14.22,23.86,14.00
src-ahu-0238-011,2026-01-15T11:58:00Z,ahu-b-f02-west,ON,NORMAL,14.41,23.83,14.00
src-ahu-0238-012,2026-01-15T11:58:00Z,ahu-b-f03-east,ON,NORMAL,14.28,23.90,14.00
src-ahu-0238-013,2026-01-15T11:58:00Z,ahu-b-f03-west,ON,NORMAL,14.44,23.98,14.00
src-ahu-0238-014,2026-01-15T11:58:00Z,ahu-b-f04-east,ON,NORMAL,14.28,24.19,14.00
src-ahu-0238-015,2026-01-15T11:58:00Z,ahu-b-f04-west,ON,NORMAL,14.33,24.36,14.00
src-ahu-0238-016,2026-01-15T11:58:00Z,ahu-c-f01-east,ON,NORMAL,14.30,24.41,14.00
src-ahu-0238-017,2026-01-15T11:58:00Z,ahu-c-f01-west,ON,NORMAL,14.29,24.56,14.00
src-ahu-0238-018,2026-01-15T11:58:00Z,ahu-c-f02-east,ON,NORMAL,14.16,24.87,14.00
src-ahu-0238-019,2026-01-15T11:58:00Z,ahu-c-f02-west,ON,NORMAL,14.05,25.07,14.00
src-ahu-0238-020,2026-01-15T11:58:00Z,ahu-c-f03-east,ON,NORMAL,14.01,25.45,14.00
src-ahu-0238-021,2026-01-15T11:58:00Z,ahu-c-f03-west,ON,NORMAL,14.15,25.66,14.00
src-ahu-0238-022,2026-01-15T11:58:00Z,ahu-c-f04-east,ON,NORMAL,13.98,26.02,14.00
src-ahu-0238-023,2026-01-15T11:58:00Z,ahu-c-f04-west,ON,NORMAL,14.04,26.21,14.00
src-ahu-0239-000,2026-01-15T11:59:00Z,ahu-a-f01-east,ON,NORMAL,13.94,25.31,14.00
src-ahu-0239-001,2026-01-15T11:59:00Z,ahu-a-f01-west,ON,NORMAL,13.87,25.20,14.00
src-ahu-0239-002,2026-01-15T11:59:00Z,ahu-a-f02-east,ON,NORMAL,13.93,25.17,14.00
src-ahu-0239-003,2026-01-15T11:59:00Z,ahu-a-f02-west,ON,NORMAL,14.11,25.07,14.00
src-ahu-0239-004,2026-01-15T11:59:00Z,ahu-a-f03-east,ON,NORMAL,14.18,25.09,14.00
src-ahu-0239-005,2026-01-15T11:59:00Z,ahu-a-f03-west,ON,NORMAL,14.06,24.83,14.00
src-ahu-0239-006,2026-01-15T11:59:00Z,ahu-a-f04-east,ON,NORMAL,14.11,24.88,14.00
src-ahu-0239-007,2026-01-15T11:59:00Z,ahu-a-f04-west,ON,NORMAL,14.27,24.59,14.00
src-ahu-0239-008,2026-01-15T11:59:00Z,ahu-b-f01-east,ON,NORMAL,14.18,23.91,14.00
src-ahu-0239-009,2026-01-15T11:59:00Z,ahu-b-f01-west,ON,NORMAL,14.29,23.76,14.00
src-ahu-0239-010,2026-01-15T11:59:00Z,ahu-b-f02-east,ON,NORMAL,14.44,23.89,14.00
src-ahu-0239-011,2026-01-15T11:59:00Z,ahu-b-f02-west,ON,NORMAL,14.27,23.77,14.00
src-ahu-0239-012,2026-01-15T11:59:00Z,ahu-b-f03-east,ON,NORMAL,14.24,24.03,14.00
src-ahu-0239-013,2026-01-15T11:59:00Z,ahu-b-f03-west,ON,NORMAL,14.31,23.94,14.00
src-ahu-0239-014,2026-01-15T11:59:00Z,ahu-b-f04-east,ON,NORMAL,14.31,24.25,14.00
src-ahu-0239-015,2026-01-15T11:59:00Z,ahu-b-f04-west,ON,NORMAL,14.27,24.42,14.00
src-ahu-0239-016,2026-01-15T11:59:00Z,ahu-c-f01-east,ON,NORMAL,14.36,24.41,14.00
src-ahu-0239-017,2026-01-15T11:59:00Z,ahu-c-f01-west,ON,NORMAL,14.25,24.54,14.00
src-ahu-0239-018,2026-01-15T11:59:00Z,ahu-c-f02-east,ON,NORMAL,14.11,24.88,14.00
src-ahu-0239-019,2026-01-15T11:59:00Z,ahu-c-f02-west,ON,NORMAL,14.02,25.21,14.00
src-ahu-0239-020,2026-01-15T11:59:00Z,ahu-c-f03-east,ON,NORMAL,14.09,25.54,14.00
src-ahu-0239-021,2026-01-15T11:59:00Z,ahu-c-f03-west,ON,NORMAL,14.10,25.69,14.00
src-ahu-0239-022,2026-01-15T11:59:00Z,ahu-c-f04-east,ON,NORMAL,14.07,26.04,14.00
src-ahu-0239-023,2026-01-15T11:59:00Z,ahu-c-f04-west,ON,NORMAL,13.90,26.19,14.00
src-ahu-0240-000,2026-01-15T12:00:00Z,ahu-a-f01-east,ON,NORMAL,13.83,25.32,14.00
src-ahu-0240-001,2026-01-15T12:00:00Z,ahu-a-f01-west,ON,NORMAL,13.96,25.19,14.00
src-ahu-0240-002,2026-01-15T12:00:00Z,ahu-a-f02-east,ON,NORMAL,13.88,25.11,14.00
src-ahu-0240-003,2026-01-15T12:00:00Z,ahu-a-f02-west,ON,NORMAL,14.15,24.91,14.00
src-ahu-0240-004,2026-01-15T12:00:00Z,ahu-a-f03-east,ON,NORMAL,14.22,25.07,14.00
src-ahu-0240-005,2026-01-15T12:00:00Z,ahu-a-f03-west,ON,NORMAL,14.04,24.75,14.00
src-ahu-0240-006,2026-01-15T12:00:00Z,ahu-a-f04-east,ON,NORMAL,14.19,24.71,14.00
src-ahu-0240-007,2026-01-15T12:00:00Z,ahu-a-f04-west,ON,NORMAL,14.17,24.62,14.00
src-ahu-0240-008,2026-01-15T12:00:00Z,ahu-b-f01-east,ON,NORMAL,14.21,23.94,14.00
src-ahu-0240-009,2026-01-15T12:00:00Z,ahu-b-f01-west,ON,NORMAL,14.29,23.74,14.00
src-ahu-0240-010,2026-01-15T12:00:00Z,ahu-b-f02-east,ON,NORMAL,14.28,23.98,14.00
src-ahu-0240-011,2026-01-15T12:00:00Z,ahu-b-f02-west,ON,NORMAL,14.40,23.80,14.00
src-ahu-0240-012,2026-01-15T12:00:00Z,ahu-b-f03-east,ON,NORMAL,14.24,23.97,14.00
src-ahu-0240-013,2026-01-15T12:00:00Z,ahu-b-f03-west,ON,NORMAL,14.32,23.91,14.00
src-ahu-0240-014,2026-01-15T12:00:00Z,ahu-b-f04-east,ON,NORMAL,14.39,24.25,14.00
src-ahu-0240-015,2026-01-15T12:00:00Z,ahu-b-f04-west,ON,NORMAL,14.34,24.43,14.00
src-ahu-0240-016,2026-01-15T12:00:00Z,ahu-c-f01-east,ON,NORMAL,14.27,24.44,14.00
src-ahu-0240-017,2026-01-15T12:00:00Z,ahu-c-f01-west,ON,NORMAL,14.28,24.64,14.00
src-ahu-0240-018,2026-01-15T12:00:00Z,ahu-c-f02-east,ON,NORMAL,14.24,24.92,14.00
src-ahu-0240-019,2026-01-15T12:00:00Z,ahu-c-f02-west,ON,NORMAL,14.08,25.16,14.00
src-ahu-0240-020,2026-01-15T12:00:00Z,ahu-c-f03-east,ON,NORMAL,14.01,25.53,14.00
src-ahu-0240-021,2026-01-15T12:00:00Z,ahu-c-f03-west,ON,NORMAL,14.03,25.71,14.00
src-ahu-0240-022,2026-01-15T12:00:00Z,ahu-c-f04-east,ON,NORMAL,14.01,25.99,14.00
src-ahu-0240-023,2026-01-15T12:00:00Z,ahu-c-f04-west,ON,NORMAL,13.78,26.28,14.00
src-ahu-0241-000,2026-01-15T12:01:00Z,ahu-a-f01-east,ON,NORMAL,13.90,25.26,14.00
src-ahu-0241-001,2026-01-15T12:01:00Z,ahu-a-f01-west,ON,NORMAL,13.96,25.15,14.00
src-ahu-0241-002,2026-01-15T12:01:00Z,ahu-a-f02-east,ON,NORMAL,13.92,25.09,14.00
src-ahu-0241-003,2026-01-15T12:01:00Z,ahu-a-f02-west,ON,NORMAL,13.99,25.05,14.00
src-ahu-0241-004,2026-01-15T12:01:00Z,ahu-a-f03-east,ON,NORMAL,14.22,25.04,14.00
src-ahu-0241-005,2026-01-15T12:01:00Z,ahu-a-f03-west,ON,NORMAL,14.27,24.78,14.00
src-ahu-0241-006,2026-01-15T12:01:00Z,ahu-a-f04-east,ON,NORMAL,14.17,24.74,14.00
src-ahu-0241-007,2026-01-15T12:01:00Z,ahu-a-f04-west,ON,NORMAL,14.37,24.65,14.00
src-ahu-0241-008,2026-01-15T12:01:00Z,ahu-b-f01-east,ON,NORMAL,14.19,23.94,14.00
src-ahu-0241-009,2026-01-15T12:01:00Z,ahu-b-f01-west,ON,NORMAL,14.32,23.73,14.00
src-ahu-0241-010,2026-01-15T12:01:00Z,ahu-b-f02-east,ON,NORMAL,14.41,23.79,14.00
src-ahu-0241-011,2026-01-15T12:01:00Z,ahu-b-f02-west,ON,NORMAL,14.46,23.74,14.00
src-ahu-0241-012,2026-01-15T12:01:00Z,ahu-b-f03-east,ON,NORMAL,14.38,24.09,14.00
src-ahu-0241-013,2026-01-15T12:01:00Z,ahu-b-f03-west,ON,NORMAL,14.29,23.97,14.00
src-ahu-0241-014,2026-01-15T12:01:00Z,ahu-b-f04-east,ON,NORMAL,14.32,24.29,14.00
src-ahu-0241-015,2026-01-15T12:01:00Z,ahu-b-f04-west,ON,NORMAL,14.31,24.41,14.00
src-ahu-0241-016,2026-01-15T12:01:00Z,ahu-c-f01-east,ON,NORMAL,14.26,24.45,14.00
src-ahu-0241-017,2026-01-15T12:01:00Z,ahu-c-f01-west,ON,NORMAL,14.11,24.61,14.00
src-ahu-0241-018,2026-01-15T12:01:00Z,ahu-c-f02-east,ON,NORMAL,14.23,24.96,14.00
src-ahu-0241-019,2026-01-15T12:01:00Z,ahu-c-f02-west,ON,NORMAL,14.12,25.26,14.00
src-ahu-0241-020,2026-01-15T12:01:00Z,ahu-c-f03-east,ON,NORMAL,13.91,25.63,14.00
src-ahu-0241-021,2026-01-15T12:01:00Z,ahu-c-f03-west,ON,NORMAL,13.87,25.76,14.00
src-ahu-0241-022,2026-01-15T12:01:00Z,ahu-c-f04-east,ON,NORMAL,14.01,26.09,14.00
src-ahu-0241-023,2026-01-15T12:01:00Z,ahu-c-f04-west,ON,NORMAL,13.93,26.20,14.00
src-ahu-0242-000,2026-01-15T12:02:00Z,ahu-a-f01-east,ON,NORMAL,13.90,25.25,14.00
src-ahu-0242-001,2026-01-15T12:02:00Z,ahu-a-f01-west,ON,NORMAL,14.01,25.02,14.00
src-ahu-0242-002,2026-01-15T12:02:00Z,ahu-a-f02-east,ON,NORMAL,13.97,25.21,14.00
src-ahu-0242-003,2026-01-15T12:02:00Z,ahu-a-f02-west,ON,NORMAL,14.09,24.90,14.00
src-ahu-0242-004,2026-01-15T12:02:00Z,ahu-a-f03-east,ON,NORMAL,14.19,24.96,14.00
src-ahu-0242-005,2026-01-15T12:02:00Z,ahu-a-f03-west,ON,NORMAL,14.13,24.78,14.00
src-ahu-0242-006,2026-01-15T12:02:00Z,ahu-a-f04-east,ON,NORMAL,14.24,24.62,14.00
src-ahu-0242-007,2026-01-15T12:02:00Z,ahu-a-f04-west,ON,NORMAL,14.35,24.61,14.00
src-ahu-0242-008,2026-01-15T12:02:00Z,ahu-b-f01-east,ON,NORMAL,14.43,23.82,14.00
src-ahu-0242-009,2026-01-15T12:02:00Z,ahu-b-f01-west,ON,NORMAL,14.22,23.67,14.00
src-ahu-0242-010,2026-01-15T12:02:00Z,ahu-b-f02-east,ON,NORMAL,14.25,23.90,14.00
src-ahu-0242-011,2026-01-15T12:02:00Z,ahu-b-f02-west,ON,NORMAL,14.46,23.77,14.00
src-ahu-0242-012,2026-01-15T12:02:00Z,ahu-b-f03-east,ON,NORMAL,14.29,24.09,14.00
src-ahu-0242-013,2026-01-15T12:02:00Z,ahu-b-f03-west,ON,NORMAL,14.26,24.09,14.00
src-ahu-0242-014,2026-01-15T12:02:00Z,ahu-b-f04-east,ON,NORMAL,14.26,24.32,14.00
src-ahu-0242-015,2026-01-15T12:02:00Z,ahu-b-f04-west,ON,NORMAL,14.28,24.39,14.00
src-ahu-0242-016,2026-01-15T12:02:00Z,ahu-c-f01-east,ON,NORMAL,14.29,24.40,14.00
src-ahu-0242-017,2026-01-15T12:02:00Z,ahu-c-f01-west,ON,NORMAL,14.20,24.64,14.00
src-ahu-0242-018,2026-01-15T12:02:00Z,ahu-c-f02-east,ON,NORMAL,14.02,25.04,14.00
src-ahu-0242-019,2026-01-15T12:02:00Z,ahu-c-f02-west,ON,NORMAL,14.17,25.29,14.00
src-ahu-0242-020,2026-01-15T12:02:00Z,ahu-c-f03-east,ON,NORMAL,14.02,25.54,14.00
src-ahu-0242-021,2026-01-15T12:02:00Z,ahu-c-f03-west,ON,NORMAL,13.92,25.81,14.00
src-ahu-0242-022,2026-01-15T12:02:00Z,ahu-c-f04-east,ON,NORMAL,13.77,26.15,14.00
src-ahu-0242-023,2026-01-15T12:02:00Z,ahu-c-f04-west,ON,NORMAL,13.94,26.22,14.00
src-ahu-0243-000,2026-01-15T12:03:00Z,ahu-a-f01-east,ON,NORMAL,14.02,25.30,14.00
src-ahu-0243-001,2026-01-15T12:03:00Z,ahu-a-f01-west,ON,NORMAL,13.91,25.02,14.00
src-ahu-0243-002,2026-01-15T12:03:00Z,ahu-a-f02-east,ON,NORMAL,14.13,25.14,14.00
src-ahu-0243-003,2026-01-15T12:03:00Z,ahu-a-f02-west,ON,NORMAL,14.20,24.94,14.00
src-ahu-0243-004,2026-01-15T12:03:00Z,ahu-a-f03-east,ON,NORMAL,14.24,24.91,14.00
src-ahu-0243-005,2026-01-15T12:03:00Z,ahu-a-f03-west,ON,NORMAL,14.20,24.71,14.00
src-ahu-0243-006,2026-01-15T12:03:00Z,ahu-a-f04-east,ON,NORMAL,14.34,24.66,14.00
src-ahu-0243-007,2026-01-15T12:03:00Z,ahu-a-f04-west,ON,NORMAL,14.28,24.48,14.00
src-ahu-0243-008,2026-01-15T12:03:00Z,ahu-b-f01-east,ON,NORMAL,14.41,23.90,14.00
src-ahu-0243-009,2026-01-15T12:03:00Z,ahu-b-f01-west,ON,NORMAL,14.40,23.76,14.00
src-ahu-0243-010,2026-01-15T12:03:00Z,ahu-b-f02-east,ON,NORMAL,14.36,23.85,14.00
src-ahu-0243-011,2026-01-15T12:03:00Z,ahu-b-f02-west,ON,NORMAL,14.44,23.84,14.00
src-ahu-0243-012,2026-01-15T12:03:00Z,ahu-b-f03-east,ON,NORMAL,14.42,24.01,14.00
src-ahu-0243-013,2026-01-15T12:03:00Z,ahu-b-f03-west,ON,NORMAL,14.41,24.09,14.00
src-ahu-0243-014,2026-01-15T12:03:00Z,ahu-b-f04-east,ON,NORMAL,14.31,24.40,14.00
src-ahu-0243-015,2026-01-15T12:03:00Z,ahu-b-f04-west,ON,NORMAL,14.22,24.48,14.00
src-ahu-0243-016,2026-01-15T12:03:00Z,ahu-c-f01-east,ON,NORMAL,14.26,24.56,14.00
src-ahu-0243-017,2026-01-15T12:03:00Z,ahu-c-f01-west,ON,NORMAL,14.12,24.57,14.00
src-ahu-0243-018,2026-01-15T12:03:00Z,ahu-c-f02-east,ON,NORMAL,14.16,25.10,14.00
src-ahu-0243-019,2026-01-15T12:03:00Z,ahu-c-f02-west,ON,NORMAL,14.00,25.27,14.00
src-ahu-0243-020,2026-01-15T12:03:00Z,ahu-c-f03-east,ON,NORMAL,13.97,25.64,14.00
src-ahu-0243-021,2026-01-15T12:03:00Z,ahu-c-f03-west,ON,NORMAL,13.84,25.82,14.00
src-ahu-0243-022,2026-01-15T12:03:00Z,ahu-c-f04-east,ON,NORMAL,13.73,26.08,14.00
src-ahu-0243-023,2026-01-15T12:03:00Z,ahu-c-f04-west,ON,NORMAL,13.92,26.27,14.00
src-ahu-0244-000,2026-01-15T12:04:00Z,ahu-a-f01-east,ON,NORMAL,14.03,25.18,14.00
src-ahu-0244-001,2026-01-15T12:04:00Z,ahu-a-f01-west,ON,NORMAL,14.08,24.97,14.00
src-ahu-0244-002,2026-01-15T12:04:00Z,ahu-a-f02-east,ON,NORMAL,13.97,25.01,14.00
src-ahu-0244-003,2026-01-15T12:04:00Z,ahu-a-f02-west,ON,NORMAL,14.05,24.84,14.00
src-ahu-0244-004,2026-01-15T12:04:00Z,ahu-a-f03-east,ON,NORMAL,14.27,24.88,14.00
src-ahu-0244-005,2026-01-15T12:04:00Z,ahu-a-f03-west,ON,NORMAL,14.36,24.62,14.00
src-ahu-0244-006,2026-01-15T12:04:00Z,ahu-a-f04-east,ON,NORMAL,14.37,24.63,14.00
src-ahu-0244-007,2026-01-15T12:04:00Z,ahu-a-f04-west,ON,NORMAL,14.40,24.48,14.00
src-ahu-0244-008,2026-01-15T12:04:00Z,ahu-b-f01-east,ON,NORMAL,14.29,23.76,14.00
src-ahu-0244-009,2026-01-15T12:04:00Z,ahu-b-f01-west,ON,NORMAL,14.34,23.77,14.00
src-ahu-0244-010,2026-01-15T12:04:00Z,ahu-b-f02-east,ON,NORMAL,14.38,23.80,14.00
src-ahu-0244-011,2026-01-15T12:04:00Z,ahu-b-f02-west,ON,NORMAL,14.23,23.88,14.00
src-ahu-0244-012,2026-01-15T12:04:00Z,ahu-b-f03-east,ON,NORMAL,14.37,24.03,14.00
src-ahu-0244-013,2026-01-15T12:04:00Z,ahu-b-f03-west,ON,NORMAL,14.24,24.15,14.00
src-ahu-0244-014,2026-01-15T12:04:00Z,ahu-b-f04-east,ON,NORMAL,14.18,24.36,14.00
src-ahu-0244-015,2026-01-15T12:04:00Z,ahu-b-f04-west,ON,NORMAL,14.22,24.46,14.00
src-ahu-0244-016,2026-01-15T12:04:00Z,ahu-c-f01-east,ON,NORMAL,14.13,24.50,14.00
src-ahu-0244-017,2026-01-15T12:04:00Z,ahu-c-f01-west,ON,NORMAL,14.12,24.63,14.00
src-ahu-0244-018,2026-01-15T12:04:00Z,ahu-c-f02-east,ON,NORMAL,14.16,24.98,14.00
src-ahu-0244-019,2026-01-15T12:04:00Z,ahu-c-f02-west,ON,NORMAL,14.12,25.33,14.00
src-ahu-0244-020,2026-01-15T12:04:00Z,ahu-c-f03-east,ON,NORMAL,13.82,25.72,14.00
src-ahu-0244-021,2026-01-15T12:04:00Z,ahu-c-f03-west,ON,NORMAL,13.78,25.85,14.00
src-ahu-0244-022,2026-01-15T12:04:00Z,ahu-c-f04-east,ON,NORMAL,13.81,26.05,14.00
src-ahu-0244-023,2026-01-15T12:04:00Z,ahu-c-f04-west,ON,NORMAL,13.86,26.23,14.00
src-ahu-0245-000,2026-01-15T12:05:00Z,ahu-a-f01-east,ON,NORMAL,14.04,25.20,14.00
src-ahu-0245-001,2026-01-15T12:05:00Z,ahu-a-f01-west,ON,NORMAL,13.98,25.04,14.00
src-ahu-0245-002,2026-01-15T12:05:00Z,ahu-a-f02-east,ON,NORMAL,14.22,25.12,14.00
src-ahu-0245-003,2026-01-15T12:05:00Z,ahu-a-f02-west,ON,NORMAL,14.29,24.76,14.00
src-ahu-0245-004,2026-01-15T12:05:00Z,ahu-a-f03-east,ON,NORMAL,14.20,24.80,14.00
src-ahu-0245-005,2026-01-15T12:05:00Z,ahu-a-f03-west,ON,NORMAL,14.19,24.64,14.00
src-ahu-0245-006,2026-01-15T12:05:00Z,ahu-a-f04-east,ON,NORMAL,14.27,24.62,14.00
src-ahu-0245-007,2026-01-15T12:05:00Z,ahu-a-f04-west,ON,NORMAL,14.33,24.50,14.00
src-ahu-0245-008,2026-01-15T12:05:00Z,ahu-b-f01-east,ON,NORMAL,14.27,23.83,14.00
src-ahu-0245-009,2026-01-15T12:05:00Z,ahu-b-f01-west,ON,NORMAL,14.28,23.72,14.00
src-ahu-0245-010,2026-01-15T12:05:00Z,ahu-b-f02-east,ON,NORMAL,14.40,23.83,14.00
src-ahu-0245-011,2026-01-15T12:05:00Z,ahu-b-f02-west,ON,NORMAL,14.32,23.79,14.00
src-ahu-0245-012,2026-01-15T12:05:00Z,ahu-b-f03-east,ON,NORMAL,14.29,24.12,14.00
src-ahu-0245-013,2026-01-15T12:05:00Z,ahu-b-f03-west,ON,NORMAL,14.20,24.02,14.00
src-ahu-0245-014,2026-01-15T12:05:00Z,ahu-b-f04-east,ON,NORMAL,14.23,24.39,14.00
src-ahu-0245-015,2026-01-15T12:05:00Z,ahu-b-f04-west,ON,NORMAL,14.12,24.44,14.00
src-ahu-0245-016,2026-01-15T12:05:00Z,ahu-c-f01-east,ON,NORMAL,14.04,24.58,14.00
src-ahu-0245-017,2026-01-15T12:05:00Z,ahu-c-f01-west,ON,NORMAL,14.17,24.78,14.00
src-ahu-0245-018,2026-01-15T12:05:00Z,ahu-c-f02-east,ON,NORMAL,13.93,25.11,14.00
src-ahu-0245-019,2026-01-15T12:05:00Z,ahu-c-f02-west,ON,NORMAL,13.96,25.36,14.00
src-ahu-0245-020,2026-01-15T12:05:00Z,ahu-c-f03-east,ON,NORMAL,13.91,25.67,14.00
src-ahu-0245-021,2026-01-15T12:05:00Z,ahu-c-f03-west,ON,NORMAL,13.75,25.84,14.00
src-ahu-0245-022,2026-01-15T12:05:00Z,ahu-c-f04-east,ON,NORMAL,13.80,26.21,14.00
src-ahu-0245-023,2026-01-15T12:05:00Z,ahu-c-f04-west,ON,NORMAL,13.67,26.26,14.00
src-ahu-0246-000,2026-01-15T12:06:00Z,ahu-a-f01-east,ON,NORMAL,14.10,25.11,14.00
src-ahu-0246-001,2026-01-15T12:06:00Z,ahu-a-f01-west,ON,NORMAL,14.10,25.04,14.00
src-ahu-0246-002,2026-01-15T12:06:00Z,ahu-a-f02-east,ON,NORMAL,14.08,24.94,14.00
src-ahu-0246-003,2026-01-15T12:06:00Z,ahu-a-f02-west,ON,NORMAL,14.21,24.90,14.00
src-ahu-0246-004,2026-01-15T12:06:00Z,ahu-a-f03-east,ON,NORMAL,14.29,24.87,14.00
src-ahu-0246-005,2026-01-15T12:06:00Z,ahu-a-f03-west,ON,NORMAL,14.23,24.70,14.00
src-ahu-0246-006,2026-01-15T12:06:00Z,ahu-a-f04-east,ON,NORMAL,14.20,24.68,14.00
src-ahu-0246-007,2026-01-15T12:06:00Z,ahu-a-f04-west,ON,NORMAL,14.38,24.34,14.00
src-ahu-0246-008,2026-01-15T12:06:00Z,ahu-b-f01-east,ON,NORMAL,14.40,23.69,14.00
src-ahu-0246-009,2026-01-15T12:06:00Z,ahu-b-f01-west,ON,NORMAL,14.28,23.62,14.00
src-ahu-0246-010,2026-01-15T12:06:00Z,ahu-b-f02-east,ON,NORMAL,14.37,23.80,14.00
src-ahu-0246-011,2026-01-15T12:06:00Z,ahu-b-f02-west,ON,NORMAL,14.41,23.80,14.00
src-ahu-0246-012,2026-01-15T12:06:00Z,ahu-b-f03-east,ON,NORMAL,14.29,24.10,14.00
src-ahu-0246-013,2026-01-15T12:06:00Z,ahu-b-f03-west,ON,NORMAL,14.24,24.08,14.00
src-ahu-0246-014,2026-01-15T12:06:00Z,ahu-b-f04-east,ON,NORMAL,14.22,24.36,14.00
src-ahu-0246-015,2026-01-15T12:06:00Z,ahu-b-f04-west,ON,NORMAL,14.21,24.57,14.00
src-ahu-0246-016,2026-01-15T12:06:00Z,ahu-c-f01-east,ON,NORMAL,14.06,24.68,14.00
src-ahu-0246-017,2026-01-15T12:06:00Z,ahu-c-f01-west,ON,NORMAL,14.05,24.75,14.00
src-ahu-0246-018,2026-01-15T12:06:00Z,ahu-c-f02-east,ON,NORMAL,13.90,25.12,14.00
src-ahu-0246-019,2026-01-15T12:06:00Z,ahu-c-f02-west,ON,NORMAL,13.92,25.41,14.00
src-ahu-0246-020,2026-01-15T12:06:00Z,ahu-c-f03-east,ON,NORMAL,13.84,25.73,14.00
src-ahu-0246-021,2026-01-15T12:06:00Z,ahu-c-f03-west,ON,NORMAL,13.94,25.83,14.00
src-ahu-0246-022,2026-01-15T12:06:00Z,ahu-c-f04-east,ON,NORMAL,13.67,26.12,14.00
src-ahu-0246-023,2026-01-15T12:06:00Z,ahu-c-f04-west,ON,NORMAL,13.78,26.25,14.00
src-ahu-0247-000,2026-01-15T12:07:00Z,ahu-a-f01-east,ON,NORMAL,14.16,25.12,14.00
src-ahu-0247-001,2026-01-15T12:07:00Z,ahu-a-f01-west,ON,NORMAL,14.05,24.95,14.00
src-ahu-0247-002,2026-01-15T12:07:00Z,ahu-a-f02-east,ON,NORMAL,14.27,25.07,14.00
src-ahu-0247-003,2026-01-15T12:07:00Z,ahu-a-f02-west,ON,NORMAL,14.27,24.84,14.00
src-ahu-0247-004,2026-01-15T12:07:00Z,ahu-a-f03-east,ON,NORMAL,14.34,24.70,14.00
src-ahu-0247-005,2026-01-15T12:07:00Z,ahu-a-f03-west,ON,NORMAL,14.22,24.66,14.00
src-ahu-0247-006,2026-01-15T12:07:00Z,ahu-a-f04-east,ON,NORMAL,14.25,24.55,14.00
src-ahu-0247-007,2026-01-15T12:07:00Z,ahu-a-f04-west,ON,NORMAL,14.27,24.44,14.00
src-ahu-0247-008,2026-01-15T12:07:00Z,ahu-b-f01-east,ON,NORMAL,14.24,23.88,14.00
src-ahu-0247-009,2026-01-15T12:07:00Z,ahu-b-f01-west,ON,NORMAL,14.32,23.73,14.00
src-ahu-0247-010,2026-01-15T12:07:00Z,ahu-b-f02-east,ON,NORMAL,14.30,23.87,14.00
src-ahu-0247-011,2026-01-15T12:07:00Z,ahu-b-f02-west,ON,NORMAL,14.22,23.89,14.00
src-ahu-0247-012,2026-01-15T12:07:00Z,ahu-b-f03-east,ON,NORMAL,14.19,23.93,14.00
src-ahu-0247-013,2026-01-15T12:07:00Z,ahu-b-f03-west,ON,NORMAL,14.36,24.07,14.00
src-ahu-0247-014,2026-01-15T12:07:00Z,ahu-b-f04-east,ON,NORMAL,14.12,24.36,14.00
src-ahu-0247-015,2026-01-15T12:07:00Z,ahu-b-f04-west,ON,NORMAL,14.12,24.52,14.00
src-ahu-0247-016,2026-01-15T12:07:00Z,ahu-c-f01-east,ON,NORMAL,14.17,24.62,14.00
src-ahu-0247-017,2026-01-15T12:07:00Z,ahu-c-f01-west,ON,NORMAL,14.06,24.83,14.00
src-ahu-0247-018,2026-01-15T12:07:00Z,ahu-c-f02-east,ON,NORMAL,13.94,25.18,14.00
src-ahu-0247-019,2026-01-15T12:07:00Z,ahu-c-f02-west,ON,NORMAL,13.85,25.34,14.00
src-ahu-0247-020,2026-01-15T12:07:00Z,ahu-c-f03-east,ON,NORMAL,13.86,25.74,14.00
src-ahu-0247-021,2026-01-15T12:07:00Z,ahu-c-f03-west,ON,NORMAL,13.79,25.82,14.00
src-ahu-0247-022,2026-01-15T12:07:00Z,ahu-c-f04-east,ON,NORMAL,13.72,26.15,14.00
src-ahu-0247-023,2026-01-15T12:07:00Z,ahu-c-f04-west,ON,NORMAL,13.62,26.32,14.00
src-ahu-0248-000,2026-01-15T12:08:00Z,ahu-a-f01-east,ON,NORMAL,13.99,25.17,14.00
src-ahu-0248-001,2026-01-15T12:08:00Z,ahu-a-f01-west,ON,NORMAL,14.21,24.94,14.00
src-ahu-0248-002,2026-01-15T12:08:00Z,ahu-a-f02-east,ON,NORMAL,14.08,24.91,14.00
src-ahu-0248-003,2026-01-15T12:08:00Z,ahu-a-f02-west,ON,NORMAL,14.16,24.76,14.00
src-ahu-0248-004,2026-01-15T12:08:00Z,ahu-a-f03-east,ON,NORMAL,14.17,24.75,14.00
src-ahu-0248-005,2026-01-15T12:08:00Z,ahu-a-f03-west,ON,NORMAL,14.40,24.58,14.00
src-ahu-0248-006,2026-01-15T12:08:00Z,ahu-a-f04-east,ON,NORMAL,14.30,24.45,14.00
src-ahu-0248-007,2026-01-15T12:08:00Z,ahu-a-f04-west,ON,NORMAL,14.45,24.42,14.00
src-ahu-0248-008,2026-01-15T12:08:00Z,ahu-b-f01-east,ON,NORMAL,14.44,23.77,14.00
src-ahu-0248-009,2026-01-15T12:08:00Z,ahu-b-f01-west,ON,NORMAL,14.36,23.64,14.00
src-ahu-0248-010,2026-01-15T12:08:00Z,ahu-b-f02-east,ON,NORMAL,14.22,23.75,14.00
src-ahu-0248-011,2026-01-15T12:08:00Z,ahu-b-f02-west,ON,NORMAL,14.35,23.87,14.00
src-ahu-0248-012,2026-01-15T12:08:00Z,ahu-b-f03-east,ON,NORMAL,14.32,23.98,14.00
src-ahu-0248-013,2026-01-15T12:08:00Z,ahu-b-f03-west,ON,NORMAL,14.18,24.10,14.00
src-ahu-0248-014,2026-01-15T12:08:00Z,ahu-b-f04-east,ON,NORMAL,14.18,24.40,14.00
src-ahu-0248-015,2026-01-15T12:08:00Z,ahu-b-f04-west,ON,NORMAL,14.21,24.68,14.00
src-ahu-0248-016,2026-01-15T12:08:00Z,ahu-c-f01-east,ON,NORMAL,13.98,24.69,14.00
src-ahu-0248-017,2026-01-15T12:08:00Z,ahu-c-f01-west,ON,NORMAL,13.90,24.85,14.00
src-ahu-0248-018,2026-01-15T12:08:00Z,ahu-c-f02-east,ON,NORMAL,13.83,25.20,14.00
src-ahu-0248-019,2026-01-15T12:08:00Z,ahu-c-f02-west,ON,NORMAL,13.88,25.48,14.00
src-ahu-0248-020,2026-01-15T12:08:00Z,ahu-c-f03-east,ON,NORMAL,13.79,25.82,14.00
src-ahu-0248-021,2026-01-15T12:08:00Z,ahu-c-f03-west,ON,NORMAL,13.71,25.94,14.00
src-ahu-0248-022,2026-01-15T12:08:00Z,ahu-c-f04-east,ON,NORMAL,13.83,26.26,14.00
src-ahu-0248-023,2026-01-15T12:08:00Z,ahu-c-f04-west,ON,NORMAL,13.59,26.32,14.00
src-ahu-0249-000,2026-01-15T12:09:00Z,ahu-a-f01-east,ON,NORMAL,14.22,25.19,14.00
src-ahu-0249-001,2026-01-15T12:09:00Z,ahu-a-f01-west,ON,NORMAL,14.24,24.89,14.00
src-ahu-0249-002,2026-01-15T12:09:00Z,ahu-a-f02-east,ON,NORMAL,14.30,24.84,14.00
src-ahu-0249-003,2026-01-15T12:09:00Z,ahu-a-f02-west,ON,NORMAL,14.35,24.65,14.00
src-ahu-0249-004,2026-01-15T12:09:00Z,ahu-a-f03-east,ON,NORMAL,14.23,24.70,14.00
src-ahu-0249-005,2026-01-15T12:09:00Z,ahu-a-f03-west,ON,NORMAL,14.21,24.50,14.00
src-ahu-0249-006,2026-01-15T12:09:00Z,ahu-a-f04-east,ON,NORMAL,14.39,24.62,14.00
src-ahu-0249-007,2026-01-15T12:09:00Z,ahu-a-f04-west,ON,NORMAL,14.31,24.40,14.00
src-ahu-0249-008,2026-01-15T12:09:00Z,ahu-b-f01-east,ON,NORMAL,14.31,23.73,14.00
src-ahu-0249-009,2026-01-15T12:09:00Z,ahu-b-f01-west,ON,NORMAL,14.43,23.69,14.00
src-ahu-0249-010,2026-01-15T12:09:00Z,ahu-b-f02-east,ON,NORMAL,14.30,23.85,14.00
src-ahu-0249-011,2026-01-15T12:09:00Z,ahu-b-f02-west,ON,NORMAL,14.36,23.84,14.00
src-ahu-0249-012,2026-01-15T12:09:00Z,ahu-b-f03-east,ON,NORMAL,14.16,24.08,14.00
src-ahu-0249-013,2026-01-15T12:09:00Z,ahu-b-f03-west,ON,NORMAL,14.16,24.13,14.00
src-ahu-0249-014,2026-01-15T12:09:00Z,ahu-b-f04-east,ON,NORMAL,14.19,24.45,14.00
src-ahu-0249-015,2026-01-15T12:09:00Z,ahu-b-f04-west,ON,NORMAL,13.99,24.55,14.00
src-ahu-0249-016,2026-01-15T12:09:00Z,ahu-c-f01-east,ON,NORMAL,14.04,24.65,14.00
src-ahu-0249-017,2026-01-15T12:09:00Z,ahu-c-f01-west,ON,NORMAL,14.00,24.88,14.00
src-ahu-0249-018,2026-01-15T12:09:00Z,ahu-c-f02-east,ON,NORMAL,13.84,25.27,14.00
src-ahu-0249-019,2026-01-15T12:09:00Z,ahu-c-f02-west,ON,NORMAL,13.94,25.45,14.00
src-ahu-0249-020,2026-01-15T12:09:00Z,ahu-c-f03-east,ON,NORMAL,13.89,25.67,14.00
src-ahu-0249-021,2026-01-15T12:09:00Z,ahu-c-f03-west,ON,NORMAL,13.81,25.93,14.00
src-ahu-0249-022,2026-01-15T12:09:00Z,ahu-c-f04-east,ON,NORMAL,13.74,26.14,14.00
src-ahu-0249-023,2026-01-15T12:09:00Z,ahu-c-f04-west,ON,NORMAL,13.79,26.37,14.00
src-ahu-0250-000,2026-01-15T12:10:00Z,ahu-a-f01-east,ON,NORMAL,14.04,25.14,14.00
src-ahu-0250-001,2026-01-15T12:10:00Z,ahu-a-f01-west,ON,NORMAL,14.27,24.89,14.00
src-ahu-0250-002,2026-01-15T12:10:00Z,ahu-a-f02-east,ON,NORMAL,14.21,24.81,14.00
src-ahu-0250-003,2026-01-15T12:10:00Z,ahu-a-f02-west,ON,NORMAL,14.22,24.74,14.00
src-ahu-0250-004,2026-01-15T12:10:00Z,ahu-a-f03-east,ON,NORMAL,14.40,24.68,14.00
src-ahu-0250-005,2026-01-15T12:10:00Z,ahu-a-f03-west,ON,NORMAL,14.29,24.45,14.00
src-ahu-0250-006,2026-01-15T12:10:00Z,ahu-a-f04-east,ON,NORMAL,14.39,24.50,14.00
src-ahu-0250-007,2026-01-15T12:10:00Z,ahu-a-f04-west,ON,NORMAL,14.37,24.41,
src-ahu-0250-008,2026-01-15T12:10:00Z,ahu-b-f01-east,ON,NORMAL,14.34,23.66,14.00
src-ahu-0250-009,2026-01-15T12:10:00Z,ahu-b-f01-west,ON,NORMAL,14.35,23.77,14.00
src-ahu-0250-010,2026-01-15T12:10:00Z,ahu-b-f02-east,ON,NORMAL,14.41,23.83,14.00
src-ahu-0250-011,2026-01-15T12:10:00Z,ahu-b-f02-west,ON,NORMAL,14.22,23.83,14.00
src-ahu-0250-012,2026-01-15T12:10:00Z,ahu-b-f03-east,ON,NORMAL,14.33,24.14,14.00
src-ahu-0250-013,2026-01-15T12:10:00Z,ahu-b-f03-west,ON,NORMAL,14.12,24.12,14.00
src-ahu-0250-014,2026-01-15T12:10:00Z,ahu-b-f04-east,ON,NORMAL,14.23,24.59,14.00
src-ahu-0250-015,2026-01-15T12:10:00Z,ahu-b-f04-west,ON,NORMAL,14.09,24.71,14.00
src-ahu-0250-016,2026-01-15T12:10:00Z,ahu-c-f01-east,ON,NORMAL,14.05,24.64,14.00
src-ahu-0250-017,2026-01-15T12:10:00Z,ahu-c-f01-west,ON,NORMAL,14.01,24.93,14.00
src-ahu-0250-018,2026-01-15T12:10:00Z,ahu-c-f02-east,ON,NORMAL,13.97,25.30,14.00
src-ahu-0250-019,2026-01-15T12:10:00Z,ahu-c-f02-west,ON,NORMAL,13.86,25.41,14.00
src-ahu-0250-020,2026-01-15T12:10:00Z,ahu-c-f03-east,ON,NORMAL,13.72,25.84,14.00
src-ahu-0250-021,2026-01-15T12:10:00Z,ahu-c-f03-west,ON,NORMAL,13.86,25.96,14.00
src-ahu-0250-022,2026-01-15T12:10:00Z,ahu-c-f04-east,ON,NORMAL,13.66,26.25,14.00
src-ahu-0250-023,2026-01-15T12:10:00Z,ahu-c-f04-west,ON,NORMAL,13.74,26.30,14.00
src-ahu-0251-000,2026-01-15T12:11:00Z,ahu-a-f01-east,ON,NORMAL,14.06,25.11,14.00
src-ahu-0251-001,2026-01-15T12:11:00Z,ahu-a-f01-west,ON,NORMAL,14.25,24.86,14.00
src-ahu-0251-002,2026-01-15T12:11:00Z,ahu-a-f02-east,ON,NORMAL,14.32,24.84,14.00
src-ahu-0251-003,2026-01-15T12:11:00Z,ahu-a-f02-west,ON,NORMAL,14.17,24.69,14.00
src-ahu-0251-004,2026-01-15T12:11:00Z,ahu-a-f03-east,ON,NORMAL,14.39,24.71,14.00
src-ahu-0251-005,2026-01-15T12:11:00Z,ahu-a-f03-west,ON,NORMAL,14.26,24.45,14.00
src-ahu-0251-006,2026-01-15T12:11:00Z,ahu-a-f04-east,ON,NORMAL,14.37,24.50,14.00
src-ahu-0251-007,2026-01-15T12:11:00Z,ahu-a-f04-west,ON,NORMAL,14.45,24.28,
src-ahu-0251-008,2026-01-15T12:11:00Z,ahu-b-f01-east,ON,NORMAL,14.40,23.80,14.00
src-ahu-0251-009,2026-01-15T12:11:00Z,ahu-b-f01-west,ON,NORMAL,14.36,23.64,14.00
src-ahu-0251-010,2026-01-15T12:11:00Z,ahu-b-f02-east,ON,NORMAL,14.18,23.85,14.00
src-ahu-0251-011,2026-01-15T12:11:00Z,ahu-b-f02-west,ON,NORMAL,14.19,23.73,14.00
src-ahu-0251-012,2026-01-15T12:11:00Z,ahu-b-f03-east,ON,NORMAL,14.11,24.04,14.00
src-ahu-0251-013,2026-01-15T12:11:00Z,ahu-b-f03-west,ON,NORMAL,14.25,24.18,14.00
src-ahu-0251-014,2026-01-15T12:11:00Z,ahu-b-f04-east,ON,NORMAL,14.08,24.54,14.00
src-ahu-0251-015,2026-01-15T12:11:00Z,ahu-b-f04-west,ON,NORMAL,14.07,24.73,14.00
src-ahu-0251-016,2026-01-15T12:11:00Z,ahu-c-f01-east,ON,NORMAL,13.93,24.79,14.00
src-ahu-0251-017,2026-01-15T12:11:00Z,ahu-c-f01-west,ON,NORMAL,14.02,24.87,14.00
src-ahu-0251-018,2026-01-15T12:11:00Z,ahu-c-f02-east,ON,NORMAL,13.83,25.30,14.00
src-ahu-0251-019,2026-01-15T12:11:00Z,ahu-c-f02-west,ON,NORMAL,13.79,25.47,14.00
src-ahu-0251-020,2026-01-15T12:11:00Z,ahu-c-f03-east,ON,NORMAL,13.79,25.80,14.00
src-ahu-0251-021,2026-01-15T12:11:00Z,ahu-c-f03-west,ON,NORMAL,13.78,26.06,14.00
src-ahu-0251-022,2026-01-15T12:11:00Z,ahu-c-f04-east,ON,NORMAL,13.77,26.31,14.00
src-ahu-0251-023,2026-01-15T12:11:00Z,ahu-c-f04-west,ON,NORMAL,13.68,26.34,14.00
src-ahu-0252-000,2026-01-15T12:12:00Z,ahu-a-f01-east,ON,NORMAL,14.19,24.97,14.00
src-ahu-0252-001,2026-01-15T12:12:00Z,ahu-a-f01-west,ON,NORMAL,14.27,24.90,14.00
src-ahu-0252-002,2026-01-15T12:12:00Z,ahu-a-f02-east,ON,NORMAL,14.18,24.88,14.00
src-ahu-0252-003,2026-01-15T12:12:00Z,ahu-a-f02-west,ON,NORMAL,14.26,24.65,14.00
src-ahu-0252-004,2026-01-15T12:12:00Z,ahu-a-f03-east,ON,NORMAL,14.26,24.63,14.00
src-ahu-0252-005,2026-01-15T12:12:00Z,ahu-a-f03-west,ON,NORMAL,14.45,24.40,14.00
src-ahu-0252-006,2026-01-15T12:12:00Z,ahu-a-f04-east,ON,NORMAL,14.32,24.43,14.00
src-ahu-0252-007,2026-01-15T12:12:00Z,ahu-a-f04-west,ON,NORMAL,14.42,24.33,
src-ahu-0252-008,2026-01-15T12:12:00Z,ahu-b-f01-east,ON,NORMAL,14.39,23.80,14.00
src-ahu-0252-009,2026-01-15T12:12:00Z,ahu-b-f01-west,ON,NORMAL,14.41,23.65,14.00
src-ahu-0252-010,2026-01-15T12:12:00Z,ahu-b-f02-east,ON,NORMAL,14.30,23.80,14.00
src-ahu-0252-011,2026-01-15T12:12:00Z,ahu-b-f02-west,ON,NORMAL,14.16,23.83,14.00
src-ahu-0252-012,2026-01-15T12:12:00Z,ahu-b-f03-east,ON,NORMAL,14.17,24.17,14.00
src-ahu-0252-013,2026-01-15T12:12:00Z,ahu-b-f03-west,ON,NORMAL,14.11,24.18,14.00
src-ahu-0252-014,2026-01-15T12:12:00Z,ahu-b-f04-east,ON,NORMAL,14.15,24.48,14.00
src-ahu-0252-015,2026-01-15T12:12:00Z,ahu-b-f04-west,ON,NORMAL,14.02,24.69,14.00
src-ahu-0252-016,2026-01-15T12:12:00Z,ahu-c-f01-east,ON,NORMAL,13.95,24.73,14.00
src-ahu-0252-017,2026-01-15T12:12:00Z,ahu-c-f01-west,ON,NORMAL,13.79,24.89,14.00
src-ahu-0252-018,2026-01-15T12:12:00Z,ahu-c-f02-east,ON,NORMAL,13.80,25.39,14.00
src-ahu-0252-019,2026-01-15T12:12:00Z,ahu-c-f02-west,ON,NORMAL,13.84,25.50,14.00
src-ahu-0252-020,2026-01-15T12:12:00Z,ahu-c-f03-east,ON,NORMAL,13.67,25.89,14.00
src-ahu-0252-021,2026-01-15T12:12:00Z,ahu-c-f03-west,ON,NORMAL,13.64,25.95,14.00
src-ahu-0252-022,2026-01-15T12:12:00Z,ahu-c-f04-east,ON,NORMAL,13.80,26.28,14.00
src-ahu-0252-023,2026-01-15T12:12:00Z,ahu-c-f04-west,ON,NORMAL,13.58,26.40,14.00
src-ahu-0253-000,2026-01-15T12:13:00Z,ahu-a-f01-east,ON,NORMAL,14.28,24.97,14.00
src-ahu-0253-001,2026-01-15T12:13:00Z,ahu-a-f01-west,ON,NORMAL,14.23,24.82,14.00
src-ahu-0253-002,2026-01-15T12:13:00Z,ahu-a-f02-east,ON,NORMAL,14.21,24.88,14.00
src-ahu-0253-003,2026-01-15T12:13:00Z,ahu-a-f02-west,ON,NORMAL,14.23,24.64,14.00
src-ahu-0253-004,2026-01-15T12:13:00Z,ahu-a-f03-east,ON,NORMAL,14.32,24.55,14.00
src-ahu-0253-005,2026-01-15T12:13:00Z,ahu-a-f03-west,ON,NORMAL,14.43,24.51,14.00
src-ahu-0253-006,2026-01-15T12:13:00Z,ahu-a-f04-east,ON,NORMAL,14.25,24.44,14.00
src-ahu-0253-007,2026-01-15T12:13:00Z,ahu-a-f04-west,ON,NORMAL,14.39,24.23,
src-ahu-0253-008,2026-01-15T12:13:00Z,ahu-b-f01-east,ON,NORMAL,14.21,23.66,14.00
src-ahu-0253-009,2026-01-15T12:13:00Z,ahu-b-f01-west,ON,NORMAL,14.30,23.70,14.00
src-ahu-0253-010,2026-01-15T12:13:00Z,ahu-b-f02-east,ON,NORMAL,14.23,23.77,14.00
src-ahu-0253-011,2026-01-15T12:13:00Z,ahu-b-f02-west,ON,NORMAL,14.16,23.86,14.00
src-ahu-0253-012,2026-01-15T12:13:00Z,ahu-b-f03-east,ON,NORMAL,14.21,24.09,14.00
src-ahu-0253-013,2026-01-15T12:13:00Z,ahu-b-f03-west,ON,NORMAL,14.15,24.19,14.00
src-ahu-0253-014,2026-01-15T12:13:00Z,ahu-b-f04-east,ON,NORMAL,14.00,24.54,14.00
src-ahu-0253-015,2026-01-15T12:13:00Z,ahu-b-f04-west,ON,NORMAL,13.98,24.67,14.00
src-ahu-0253-016,2026-01-15T12:13:00Z,ahu-c-f01-east,ON,NORMAL,13.93,24.88,14.00
src-ahu-0253-017,2026-01-15T12:13:00Z,ahu-c-f01-west,ON,NORMAL,13.99,24.96,14.00
src-ahu-0253-018,2026-01-15T12:13:00Z,ahu-c-f02-east,ON,NORMAL,13.87,25.32,14.00
src-ahu-0253-019,2026-01-15T12:13:00Z,ahu-c-f02-west,ON,NORMAL,13.71,25.46,14.00
src-ahu-0253-020,2026-01-15T12:13:00Z,ahu-c-f03-east,ON,NORMAL,13.68,25.83,14.00
src-ahu-0253-021,2026-01-15T12:13:00Z,ahu-c-f03-west,ON,NORMAL,13.61,25.95,14.00
src-ahu-0253-022,2026-01-15T12:13:00Z,ahu-c-f04-east,ON,NORMAL,13.71,26.30,14.00
src-ahu-0253-023,2026-01-15T12:13:00Z,ahu-c-f04-west,ON,NORMAL,13.73,26.25,14.00
src-ahu-0254-000,2026-01-15T12:14:00Z,ahu-a-f01-east,ON,NORMAL,14.16,24.95,14.00
src-ahu-0254-001,2026-01-15T12:14:00Z,ahu-a-f01-west,ON,NORMAL,14.32,24.82,14.00
src-ahu-0254-002,2026-01-15T12:14:00Z,ahu-a-f02-east,ON,NORMAL,14.37,24.72,14.00
src-ahu-0254-003,2026-01-15T12:14:00Z,ahu-a-f02-west,ON,NORMAL,14.22,24.57,14.00
src-ahu-0254-004,2026-01-15T12:14:00Z,ahu-a-f03-east,ON,NORMAL,14.31,24.53,14.00
src-ahu-0254-005,2026-01-15T12:14:00Z,ahu-a-f03-west,ON,NORMAL,14.44,24.46,14.00
src-ahu-0254-006,2026-01-15T12:14:00Z,ahu-a-f04-east,ON,NORMAL,14.24,24.45,14.00
src-ahu-0254-007,2026-01-15T12:14:00Z,ahu-a-f04-west,ON,NORMAL,14.45,24.22,
src-ahu-0254-008,2026-01-15T12:14:00Z,ahu-b-f01-east,ON,NORMAL,14.29,23.69,14.00
src-ahu-0254-009,2026-01-15T12:14:00Z,ahu-b-f01-west,ON,NORMAL,14.19,23.62,14.00
src-ahu-0254-010,2026-01-15T12:14:00Z,ahu-b-f02-east,ON,NORMAL,14.24,23.75,14.00
src-ahu-0254-011,2026-01-15T12:14:00Z,ahu-b-f02-west,ON,NORMAL,14.13,23.95,14.00
src-ahu-0254-012,2026-01-15T12:14:00Z,ahu-b-f03-east,ON,NORMAL,14.08,24.09,14.00
src-ahu-0254-013,2026-01-15T12:14:00Z,ahu-b-f03-west,ON,NORMAL,14.09,24.23,14.00
src-ahu-0254-014,2026-01-15T12:14:00Z,ahu-b-f04-east,ON,NORMAL,14.09,24.65,14.00
src-ahu-0254-015,2026-01-15T12:14:00Z,ahu-b-f04-west,ON,NORMAL,13.90,24.71,14.00
src-ahu-0254-016,2026-01-15T12:14:00Z,ahu-c-f01-east,ON,NORMAL,13.88,24.86,14.00
src-ahu-0254-017,2026-01-15T12:14:00Z,ahu-c-f01-west,ON,NORMAL,13.76,25.08,14.00
src-ahu-0254-018,2026-01-15T12:14:00Z,ahu-c-f02-east,ON,NORMAL,13.82,25.38,14.00
src-ahu-0254-019,2026-01-15T12:14:00Z,ahu-c-f02-west,ON,NORMAL,13.72,25.48,14.00
src-ahu-0254-020,2026-01-15T12:14:00Z,ahu-c-f03-east,ON,NORMAL,13.79,25.87,14.00
src-ahu-0254-021,2026-01-15T12:14:00Z,ahu-c-f03-west,ON,NORMAL,13.66,26.06,14.00
src-ahu-0254-022,2026-01-15T12:14:00Z,ahu-c-f04-east,ON,NORMAL,13.63,26.27,14.00
src-ahu-0254-023,2026-01-15T12:14:00Z,ahu-c-f04-west,ON,NORMAL,13.60,26.41,14.00
src-ahu-0255-000,2026-01-15T12:15:00Z,ahu-a-f01-east,ON,NORMAL,14.23,24.94,14.00
src-ahu-0255-001,2026-01-15T12:15:00Z,ahu-a-f01-west,ON,NORMAL,14.24,24.67,14.00
src-ahu-0255-002,2026-01-15T12:15:00Z,ahu-a-f02-east,ON,NORMAL,14.38,24.76,14.00
src-ahu-0255-003,2026-01-15T12:15:00Z,ahu-a-f02-west,ON,NORMAL,14.40,24.46,14.00
src-ahu-0255-004,2026-01-15T12:15:00Z,ahu-a-f03-east,ON,NORMAL,14.28,24.48,14.00
src-ahu-0255-005,2026-01-15T12:15:00Z,ahu-a-f03-west,ON,NORMAL,14.37,24.41,14.00
src-ahu-0255-006,2026-01-15T12:15:00Z,ahu-a-f04-east,ON,NORMAL,14.43,24.43,14.00
src-ahu-0255-007,2026-01-15T12:15:00Z,ahu-a-f04-west,ON,NORMAL,14.42,24.25,
src-ahu-0255-008,2026-01-15T12:15:00Z,ahu-b-f01-east,ON,NORMAL,14.38,23.69,14.00
src-ahu-0255-009,2026-01-15T12:15:00Z,ahu-b-f01-west,ON,NORMAL,14.31,23.62,14.00
src-ahu-0255-010,2026-01-15T12:15:00Z,ahu-b-f02-east,ON,NORMAL,14.22,23.81,14.00
src-ahu-0255-011,2026-01-15T12:15:00Z,ahu-b-f02-west,ON,NORMAL,14.10,23.89,14.00
src-ahu-0255-012,2026-01-15T12:15:00Z,ahu-b-f03-east,ON,NORMAL,14.20,24.17,14.00
src-ahu-0255-013,2026-01-15T12:15:00Z,ahu-b-f03-west,ON,NORMAL,13.97,24.17,14.00
src-ahu-0255-014,2026-01-15T12:15:00Z,ahu-b-f04-east,ON,NORMAL,14.10,24.55,14.00
src-ahu-0255-015,2026-01-15T12:15:00Z,ahu-b-f04-west,ON,NORMAL,14.02,24.77,14.00
src-ahu-0255-016,2026-01-15T12:15:00Z,ahu-c-f01-east,ON,NORMAL,13.84,24.78,14.00
src-ahu-0255-017,2026-01-15T12:15:00Z,ahu-c-f01-west,ON,NORMAL,13.93,25.01,14.00
src-ahu-0255-018,2026-01-15T12:15:00Z,ahu-c-f02-east,ON,NORMAL,13.84,25.41,14.00
src-ahu-0255-019,2026-01-15T12:15:00Z,ahu-c-f02-west,ON,NORMAL,13.64,25.66,14.00
src-ahu-0255-020,2026-01-15T12:15:00Z,ahu-c-f03-east,ON,NORMAL,13.82,25.89,14.00
src-ahu-0255-021,2026-01-15T12:15:00Z,ahu-c-f03-west,ON,NORMAL,13.75,26.12,14.00
src-ahu-0255-022,2026-01-15T12:15:00Z,ahu-c-f04-east,ON,NORMAL,13.66,26.34,14.00
src-ahu-0255-023,2026-01-15T12:15:00Z,ahu-c-f04-west,ON,NORMAL,13.57,26.32,14.00
src-ahu-0256-000,2026-01-15T12:16:00Z,ahu-a-f01-east,ON,NORMAL,14.17,24.91,14.00
src-ahu-0256-001,2026-01-15T12:16:00Z,ahu-a-f01-west,ON,NORMAL,14.24,24.67,14.00
src-ahu-0256-002,2026-01-15T12:16:00Z,ahu-a-f02-east,ON,NORMAL,14.37,24.73,14.00
src-ahu-0256-003,2026-01-15T12:16:00Z,ahu-a-f02-west,ON,NORMAL,14.33,24.50,14.00
src-ahu-0256-004,2026-01-15T12:16:00Z,ahu-a-f03-east,ON,NORMAL,14.44,24.46,14.00
src-ahu-0256-005,2026-01-15T12:16:00Z,ahu-a-f03-west,ON,NORMAL,14.43,24.26,14.00
src-ahu-0256-006,2026-01-15T12:16:00Z,ahu-a-f04-east,ON,NORMAL,14.27,24.48,14.00
src-ahu-0256-007,2026-01-15T12:16:00Z,ahu-a-f04-west,ON,NORMAL,14.31,24.38,14.00
src-ahu-0256-008,2026-01-15T12:16:00Z,ahu-b-f01-east,ON,NORMAL,14.21,23.55,14.00
src-ahu-0256-009,2026-01-15T12:16:00Z,ahu-b-f01-west,ON,NORMAL,14.24,23.67,14.00
src-ahu-0256-010,2026-01-15T12:16:00Z,ahu-b-f02-east,ON,NORMAL,14.12,23.72,14.00
src-ahu-0256-011,2026-01-15T12:16:00Z,ahu-b-f02-west,ON,NORMAL,14.05,23.91,14.00
src-ahu-0256-012,2026-01-15T12:16:00Z,ahu-b-f03-east,ON,NORMAL,14.11,24.19,14.00
src-ahu-0256-013,2026-01-15T12:16:00Z,ahu-b-f03-west,ON,NORMAL,14.11,24.27,14.00
src-ahu-0256-014,2026-01-15T12:16:00Z,ahu-b-f04-east,ON,NORMAL,13.94,24.67,14.00
src-ahu-0256-015,2026-01-15T12:16:00Z,ahu-b-f04-west,ON,NORMAL,13.91,24.87,14.00
src-ahu-0256-016,2026-01-15T12:16:00Z,ahu-c-f01-east,ON,NORMAL,13.93,24.93,14.00
src-ahu-0256-017,2026-01-15T12:16:00Z,ahu-c-f01-west,ON,NORMAL,13.74,25.04,14.00
src-ahu-0256-018,2026-01-15T12:16:00Z,ahu-c-f02-east,ON,NORMAL,13.84,25.46,14.00
src-ahu-0256-019,2026-01-15T12:16:00Z,ahu-c-f02-west,ON,NORMAL,13.78,25.58,14.00
src-ahu-0256-020,2026-01-15T12:16:00Z,ahu-c-f03-east,ON,NORMAL,13.62,25.96,14.00
src-ahu-0256-021,2026-01-15T12:16:00Z,ahu-c-f03-west,ON,NORMAL,13.61,26.13,14.00
src-ahu-0256-022,2026-01-15T12:16:00Z,ahu-c-f04-east,ON,NORMAL,13.72,26.32,14.00
src-ahu-0256-023,2026-01-15T12:16:00Z,ahu-c-f04-west,ON,NORMAL,13.54,26.37,14.00
src-ahu-0257-000,2026-01-15T12:17:00Z,ahu-a-f01-east,ON,NORMAL,14.36,24.84,14.00
src-ahu-0257-001,2026-01-15T12:17:00Z,ahu-a-f01-west,ON,NORMAL,14.37,24.63,14.00
src-ahu-0257-002,2026-01-15T12:17:00Z,ahu-a-f02-east,ON,NORMAL,14.36,24.73,14.00
src-ahu-0257-003,2026-01-15T12:17:00Z,ahu-a-f02-west,ON,NORMAL,14.26,24.46,14.00
src-ahu-0257-004,2026-01-15T12:17:00Z,ahu-a-f03-east,ON,NORMAL,14.47,24.53,14.00
src-ahu-0257-005,2026-01-15T12:17:00Z,ahu-a-f03-west,ON,NORMAL,14.28,24.32,14.00
src-ahu-0257-006,2026-01-15T12:17:00Z,ahu-a-f04-east,ON,NORMAL,14.42,24.27,14.00
src-ahu-0257-007,2026-01-15T12:17:00Z,ahu-a-f04-west,ON,NORMAL,14.31,24.19,14.00
src-ahu-0257-008,2026-01-15T12:17:00Z,ahu-b-f01-east,ON,NORMAL,14.30,23.67,14.00
src-ahu-0257-009,2026-01-15T12:17:00Z,ahu-b-f01-west,ON,NORMAL,14.17,23.63,14.00
src-ahu-0257-010,2026-01-15T12:17:00Z,ahu-b-f02-east,ON,NORMAL,14.25,23.86,14.00
src-ahu-0257-011,2026-01-15T12:17:00Z,ahu-b-f02-west,ON,NORMAL,14.09,23.80,14.00
src-ahu-0257-012,2026-01-15T12:17:00Z,ahu-b-f03-east,ON,NORMAL,13.95,24.14,14.00
src-ahu-0257-013,2026-01-15T12:17:00Z,ahu-b-f03-west,ON,NORMAL,13.99,24.30,14.00
src-ahu-0257-014,2026-01-15T12:17:00Z,ahu-b-f04-east,ON,NORMAL,13.96,24.66,14.00
src-ahu-0257-015,2026-01-15T12:17:00Z,ahu-b-f04-west,ON,NORMAL,13.85,24.78,14.00
src-ahu-0257-016,2026-01-15T12:17:00Z,ahu-c-f01-east,ON,NORMAL,13.72,25.00,14.00
src-ahu-0257-017,2026-01-15T12:17:00Z,ahu-c-f01-west,ON,NORMAL,13.88,25.02,14.00
src-ahu-0257-018,2026-01-15T12:17:00Z,ahu-c-f02-east,ON,NORMAL,13.67,25.53,14.00
src-ahu-0257-019,2026-01-15T12:17:00Z,ahu-c-f02-west,ON,NORMAL,13.81,25.60,14.00
src-ahu-0257-020,2026-01-15T12:17:00Z,ahu-c-f03-east,ON,NORMAL,13.66,25.98,14.00
src-ahu-0257-021,2026-01-15T12:17:00Z,ahu-c-f03-west,ON,NORMAL,13.59,26.09,14.00
src-ahu-0257-022,2026-01-15T12:17:00Z,ahu-c-f04-east,ON,NORMAL,13.55,26.28,14.00
src-ahu-0257-023,2026-01-15T12:17:00Z,ahu-c-f04-west,ON,NORMAL,13.57,26.36,14.00
src-ahu-0258-000,2026-01-15T12:18:00Z,ahu-a-f01-east,ON,NORMAL,14.31,24.88,14.00
src-ahu-0258-001,2026-01-15T12:18:00Z,ahu-a-f01-west,ON,NORMAL,14.33,24.75,14.00
src-ahu-0258-002,2026-01-15T12:18:00Z,ahu-a-f02-east,ON,NORMAL,14.34,24.60,14.00
src-ahu-0258-003,2026-01-15T12:18:00Z,ahu-a-f02-west,ON,NORMAL,14.39,24.41,14.00
src-ahu-0258-004,2026-01-15T12:18:00Z,ahu-a-f03-east,ON,NORMAL,14.40,24.40,14.00
src-ahu-0258-005,2026-01-15T12:18:00Z,ahu-a-f03-west,ON,NORMAL,14.22,24.23,14.00
src-ahu-0258-006,2026-01-15T12:18:00Z,ahu-a-f04-east,ON,NORMAL,14.22,24.41,14.00
src-ahu-0258-007,2026-01-15T12:18:00Z,ahu-a-f04-west,ON,NORMAL,14.17,24.23,14.00
src-ahu-0258-008,2026-01-15T12:18:00Z,ahu-b-f01-east,ON,NORMAL,14.35,23.73,14.00
src-ahu-0258-009,2026-01-15T12:18:00Z,ahu-b-f01-west,ON,NORMAL,14.17,23.70,14.00
src-ahu-0258-010,2026-01-15T12:18:00Z,ahu-b-f02-east,ON,NORMAL,14.13,23.89,14.00
src-ahu-0258-011,2026-01-15T12:18:00Z,ahu-b-f02-west,ON,NORMAL,14.04,23.91,14.00
src-ahu-0258-012,2026-01-15T12:18:00Z,ahu-b-f03-east,ON,NORMAL,14.11,24.14,14.00
src-ahu-0258-013,2026-01-15T12:18:00Z,ahu-b-f03-west,ON,NORMAL,14.06,24.32,14.00
src-ahu-0258-014,2026-01-15T12:18:00Z,ahu-b-f04-east,ON,NORMAL,13.87,24.72,14.00
src-ahu-0258-015,2026-01-15T12:18:00Z,ahu-b-f04-west,ON,NORMAL,13.92,24.87,14.00
src-ahu-0258-016,2026-01-15T12:18:00Z,ahu-c-f01-east,ON,NORMAL,13.91,24.98,14.00
src-ahu-0258-017,2026-01-15T12:18:00Z,ahu-c-f01-west,ON,NORMAL,13.83,25.14,14.00
src-ahu-0258-018,2026-01-15T12:18:00Z,ahu-c-f02-east,ON,NORMAL,13.61,25.41,14.00
src-ahu-0258-019,2026-01-15T12:18:00Z,ahu-c-f02-west,ON,NORMAL,13.59,25.68,14.00
src-ahu-0258-020,2026-01-15T12:18:00Z,ahu-c-f03-east,ON,NORMAL,13.63,26.01,14.00
src-ahu-0258-021,2026-01-15T12:18:00Z,ahu-c-f03-west,ON,NORMAL,13.71,26.10,14.00
src-ahu-0258-022,2026-01-15T12:18:00Z,ahu-c-f04-east,ON,NORMAL,13.76,26.34,14.00
src-ahu-0258-023,2026-01-15T12:18:00Z,ahu-c-f04-west,ON,NORMAL,13.62,26.33,14.00
src-ahu-0259-000,2026-01-15T12:19:00Z,ahu-a-f01-east,ON,NORMAL,14.37,24.79,14.00
src-ahu-0259-001,2026-01-15T12:19:00Z,ahu-a-f01-west,ON,NORMAL,14.43,24.62,14.00
src-ahu-0259-002,2026-01-15T12:19:00Z,ahu-a-f02-east,ON,NORMAL,14.34,24.58,14.00
src-ahu-0259-003,2026-01-15T12:19:00Z,ahu-a-f02-west,ON,NORMAL,14.37,24.41,14.00
src-ahu-0259-004,2026-01-15T12:19:00Z,ahu-a-f03-east,ON,NORMAL,14.24,24.38,14.00
src-ahu-0259-005,2026-01-15T12:19:00Z,ahu-a-f03-west,ON,NORMAL,14.28,24.25,14.00
src-ahu-0259-006,2026-01-15T12:19:00Z,ahu-a-f04-east,ON,NORMAL,14.21,24.41,14.00
src-ahu-0259-007,2026-01-15T12:19:00Z,ahu-a-f04-west,ON,NORMAL,14.19,24.19,14.00
src-ahu-0259-008,2026-01-15T12:19:00Z,ahu-b-f01-east,ON,NORMAL,14.18,23.68,14.00
src-ahu-0259-009,2026-01-15T12:19:00Z,ahu-b-f01-west,ON,NORMAL,14.25,23.64,14.00
src-ahu-0259-010,2026-01-15T12:19:00Z,ahu-b-f02-east,ON,NORMAL,14.12,23.78,14.00
src-ahu-0259-011,2026-01-15T12:19:00Z,ahu-b-f02-west,ON,NORMAL,14.02,23.94,14.00
src-ahu-0259-012,2026-01-15T12:19:00Z,ahu-b-f03-east,ON,NORMAL,14.02,24.21,14.00
src-ahu-0259-013,2026-01-15T12:19:00Z,ahu-b-f03-west,ON,NORMAL,14.01,24.40,14.00
src-ahu-0259-014,2026-01-15T12:19:00Z,ahu-b-f04-east,ON,NORMAL,13.81,24.69,14.00
src-ahu-0259-015,2026-01-15T12:19:00Z,ahu-b-f04-west,ON,NORMAL,13.75,24.87,14.00
src-ahu-0259-016,2026-01-15T12:19:00Z,ahu-c-f01-east,ON,NORMAL,13.69,25.06,14.00
src-ahu-0259-017,2026-01-15T12:19:00Z,ahu-c-f01-west,ON,NORMAL,13.71,25.16,14.00
src-ahu-0259-018,2026-01-15T12:19:00Z,ahu-c-f02-east,ON,NORMAL,13.72,25.48,14.00
src-ahu-0259-019,2026-01-15T12:19:00Z,ahu-c-f02-west,ON,NORMAL,13.76,25.75,14.00
src-ahu-0259-020,2026-01-15T12:19:00Z,ahu-c-f03-east,ON,NORMAL,13.68,26.10,14.00
src-ahu-0259-021,2026-01-15T12:19:00Z,ahu-c-f03-west,ON,NORMAL,13.61,26.20,14.00
src-ahu-0259-022,2026-01-15T12:19:00Z,ahu-c-f04-east,ON,NORMAL,13.75,26.30,14.00
src-ahu-0259-023,2026-01-15T12:19:00Z,ahu-c-f04-west,ON,NORMAL,13.75,26.33,14.00
src-ahu-0260-000,2026-01-15T12:20:00Z,ahu-a-f01-east,ON,NORMAL,14.24,24.78,14.00
src-ahu-0260-001,2026-01-15T12:20:00Z,ahu-a-f01-west,ON,NORMAL,14.29,24.53,14.00
src-ahu-0260-002,2026-01-15T12:20:00Z,ahu-a-f02-east,ON,NORMAL,14.43,24.64,14.00
src-ahu-0260-003,2026-01-15T12:20:00Z,ahu-a-f02-west,ON,NORMAL,14.24,24.33,14.00
src-ahu-0260-004,2026-01-15T12:20:00Z,ahu-a-f03-east,ON,NORMAL,14.25,24.31,14.00
src-ahu-0260-005,2026-01-15T12:20:00Z,ahu-a-f03-west,ON,NORMAL,14.36,24.32,14.00
src-ahu-0260-006,2026-01-15T12:20:00Z,ahu-a-f04-east,ON,NORMAL,14.23,24.30,14.00
src-ahu-0260-007,2026-01-15T12:20:00Z,ahu-a-f04-west,ON,NORMAL,14.31,24.22,14.00
src-ahu-0260-008,2026-01-15T12:20:00Z,ahu-b-f01-east,ON,NORMAL,14.22,23.59,14.00
src-ahu-0260-009,2026-01-15T12:20:00Z,ahu-b-f01-west,ON,NORMAL,14.18,23.62,14.00
src-ahu-0260-010,2026-01-15T12:20:00Z,ahu-b-f02-east,ON,NORMAL,14.06,23.85,14.00
src-ahu-0260-011,2026-01-15T12:20:00Z,ahu-b-f02-west,ON,NORMAL,14.12,24.01,14.00
src-ahu-0260-012,2026-01-15T12:20:00Z,ahu-b-f03-east,ON,NORMAL,14.06,24.24,14.00
src-ahu-0260-013,2026-01-15T12:20:00Z,ahu-b-f03-west,ON,NORMAL,13.90,24.43,14.00
src-ahu-0260-014,2026-01-15T12:20:00Z,ahu-b-f04-east,ON,NORMAL,13.83,24.70,14.00
src-ahu-0260-015,2026-01-15T12:20:00Z,ahu-b-f04-west,ON,NORMAL,13.92,24.93,14.00
src-ahu-0260-016,2026-01-15T12:20:00Z,ahu-c-f01-east,ON,NORMAL,13.82,25.07,14.00
src-ahu-0260-017,2026-01-15T12:20:00Z,ahu-c-f01-west,ON,NORMAL,13.63,25.16,14.00
src-ahu-0260-018,2026-01-15T12:20:00Z,ahu-c-f02-east,ON,NORMAL,13.63,25.59,14.00
src-ahu-0260-019,2026-01-15T12:20:00Z,ahu-c-f02-west,ON,NORMAL,13.72,25.62,14.00
src-ahu-0260-020,2026-01-15T12:20:00Z,ahu-c-f03-east,ON,NORMAL,13.61,25.98,14.00
src-ahu-0260-021,2026-01-15T12:20:00Z,ahu-c-f03-west,ON,NORMAL,13.64,26.16,14.00
src-ahu-0260-022,2026-01-15T12:20:00Z,ahu-c-f04-east,ON,NORMAL,13.57,26.44,14.00
src-ahu-0260-023,2026-01-15T12:20:00Z,ahu-c-f04-west,ON,NORMAL,13.67,26.28,14.00
src-ahu-0261-000,2026-01-15T12:21:00Z,ahu-a-f01-east,ON,NORMAL,14.26,24.71,14.00
src-ahu-0261-001,2026-01-15T12:21:00Z,ahu-a-f01-west,ON,NORMAL,14.35,24.60,14.00
src-ahu-0261-002,2026-01-15T12:21:00Z,ahu-a-f02-east,ON,NORMAL,14.43,24.57,14.00
src-ahu-0261-003,2026-01-15T12:21:00Z,ahu-a-f02-west,ON,NORMAL,14.26,24.41,14.00
src-ahu-0261-004,2026-01-15T12:21:00Z,ahu-a-f03-east,ON,NORMAL,14.33,24.44,14.00
src-ahu-0261-005,2026-01-15T12:21:00Z,ahu-a-f03-west,ON,NORMAL,14.39,24.20,14.00
src-ahu-0261-006,2026-01-15T12:21:00Z,ahu-a-f04-east,ON,NORMAL,14.26,24.30,14.00
src-ahu-0261-007,2026-01-15T12:21:00Z,ahu-a-f04-west,ON,NORMAL,14.31,24.10,14.00
src-ahu-0261-008,2026-01-15T12:21:00Z,ahu-b-f01-east,ON,NORMAL,14.09,23.70,14.00
src-ahu-0261-009,2026-01-15T12:21:00Z,ahu-b-f01-west,ON,NORMAL,14.21,23.64,14.00
src-ahu-0261-010,2026-01-15T12:21:00Z,ahu-b-f02-east,ON,NORMAL,14.03,23.95,14.00
src-ahu-0261-011,2026-01-15T12:21:00Z,ahu-b-f02-west,ON,NORMAL,13.96,23.97,14.00
src-ahu-0261-012,2026-01-15T12:21:00Z,ahu-b-f03-east,ON,NORMAL,14.07,24.33,14.00
src-ahu-0261-013,2026-01-15T12:21:00Z,ahu-b-f03-west,ON,NORMAL,13.94,24.43,14.00
src-ahu-0261-014,2026-01-15T12:21:00Z,ahu-b-f04-east,ON,NORMAL,13.76,24.80,14.00
src-ahu-0261-015,2026-01-15T12:21:00Z,ahu-b-f04-west,ON,NORMAL,13.86,25.04,14.00
src-ahu-0261-016,2026-01-15T12:21:00Z,ahu-c-f01-east,ON,NORMAL,13.69,25.05,14.00
src-ahu-0261-017,2026-01-15T12:21:00Z,ahu-c-f01-west,ON,NORMAL,13.63,25.23,14.00
src-ahu-0261-018,2026-01-15T12:21:00Z,ahu-c-f02-east,ON,NORMAL,13.70,25.48,14.00
src-ahu-0261-019,2026-01-15T12:21:00Z,ahu-c-f02-west,ON,NORMAL,13.67,25.77,14.00
src-ahu-0261-020,2026-01-15T12:21:00Z,ahu-c-f03-east,ON,NORMAL,13.66,26.04,14.00
src-ahu-0261-021,2026-01-15T12:21:00Z,ahu-c-f03-west,ON,NORMAL,13.63,26.14,14.00
src-ahu-0261-022,2026-01-15T12:21:00Z,ahu-c-f04-east,ON,NORMAL,13.65,26.41,14.00
src-ahu-0261-023,2026-01-15T12:21:00Z,ahu-c-f04-west,ON,NORMAL,13.67,26.44,14.00
src-ahu-0262-000,2026-01-15T12:22:00Z,ahu-a-f01-east,ON,NORMAL,14.43,24.77,14.00
src-ahu-0262-001,2026-01-15T12:22:00Z,ahu-a-f01-west,ON,NORMAL,14.44,24.60,14.00
src-ahu-0262-002,2026-01-15T12:22:00Z,ahu-a-f02-east,ON,NORMAL,14.30,24.52,14.00
src-ahu-0262-003,2026-01-15T12:22:00Z,ahu-a-f02-west,ON,NORMAL,14.39,24.36,14.00
src-ahu-0262-004,2026-01-15T12:22:00Z,ahu-a-f03-east,ON,NORMAL,14.37,24.30,14.00
src-ahu-0262-005,2026-01-15T12:22:00Z,ahu-a-f03-west,ON,NORMAL,14.23,24.26,14.00
src-ahu-0262-006,2026-01-15T12:22:00Z,ahu-a-f04-east,ON,NORMAL,14.18,24.19,14.00
src-ahu-0262-007,2026-01-15T12:22:00Z,ahu-a-f04-west,ON,NORMAL,14.27,24.28,14.00
src-ahu-0262-008,2026-01-15T12:22:00Z,ahu-b-f01-east,ON,NORMAL,14.05,23.68,14.00
src-ahu-0262-009,2026-01-15T12:22:00Z,ahu-b-f01-west,ON,NORMAL,14.03,23.57,14.00
src-ahu-0262-010,2026-01-15T12:22:00Z,ahu-b-f02-east,ON,NORMAL,14.13,23.92,14.00
src-ahu-0262-011,2026-01-15T12:22:00Z,ahu-b-f02-west,ON,NORMAL,13.91,23.96,14.00
src-ahu-0262-012,2026-01-15T12:22:00Z,ahu-b-f03-east,ON,NORMAL,13.88,24.19,14.00
src-ahu-0262-013,2026-01-15T12:22:00Z,ahu-b-f03-west,ON,NORMAL,13.88,24.54,14.00
src-ahu-0262-014,2026-01-15T12:22:00Z,ahu-b-f04-east,ON,NORMAL,13.94,24.89,14.00
src-ahu-0262-015,2026-01-15T12:22:00Z,ahu-b-f04-west,ON,NORMAL,13.68,25.05,14.00
src-ahu-0262-016,2026-01-15T12:22:00Z,ahu-c-f01-east,ON,NORMAL,13.63,25.00,14.00
src-ahu-0262-017,2026-01-15T12:22:00Z,ahu-c-f01-west,ON,NORMAL,13.76,25.25,14.00
src-ahu-0262-018,2026-01-15T12:22:00Z,ahu-c-f02-east,ON,NORMAL,13.62,25.59,14.00
src-ahu-0262-019,2026-01-15T12:22:00Z,ahu-c-f02-west,ON,NORMAL,13.70,25.66,14.00
src-ahu-0262-020,2026-01-15T12:22:00Z,ahu-c-f03-east,ON,NORMAL,13.61,26.15,14.00
src-ahu-0262-021,2026-01-15T12:22:00Z,ahu-c-f03-west,ON,NORMAL,13.77,26.11,14.00
src-ahu-0262-022,2026-01-15T12:22:00Z,ahu-c-f04-east,ON,NORMAL,13.67,26.35,14.00
src-ahu-0262-023,2026-01-15T12:22:00Z,ahu-c-f04-west,ON,NORMAL,13.77,26.30,14.00
src-ahu-0263-000,2026-01-15T12:23:00Z,ahu-a-f01-east,ON,NORMAL,14.23,24.76,14.00
src-ahu-0263-001,2026-01-15T12:23:00Z,ahu-a-f01-west,ON,NORMAL,14.29,24.43,14.00
src-ahu-0263-002,2026-01-15T12:23:00Z,ahu-a-f02-east,ON,NORMAL,14.44,24.48,14.00
src-ahu-0263-003,2026-01-15T12:23:00Z,ahu-a-f02-west,ON,NORMAL,14.24,24.28,14.00
src-ahu-0263-004,2026-01-15T12:23:00Z,ahu-a-f03-east,ON,NORMAL,14.29,24.35,14.00
src-ahu-0263-005,2026-01-15T12:23:00Z,ahu-a-f03-west,ON,NORMAL,14.18,24.14,14.00
src-ahu-0263-006,2026-01-15T12:23:00Z,ahu-a-f04-east,ON,NORMAL,14.30,24.15,14.00
src-ahu-0263-007,2026-01-15T12:23:00Z,ahu-a-f04-west,ON,NORMAL,14.22,24.11,14.00
src-ahu-0263-008,2026-01-15T12:23:00Z,ahu-b-f01-east,ON,NORMAL,14.14,23.59,14.00
src-ahu-0263-009,2026-01-15T12:23:00Z,ahu-b-f01-west,ON,NORMAL,13.97,23.66,14.00
src-ahu-0263-010,2026-01-15T12:23:00Z,ahu-b-f02-east,ON,NORMAL,14.01,23.84,14.00
src-ahu-0263-011,2026-01-15T12:23:00Z,ahu-b-f02-west,ON,NORMAL,13.95,23.98,14.00
src-ahu-0263-012,2026-01-15T12:23:00Z,ahu-b-f03-east,ON,NORMAL,13.79,24.39,14.00
src-ahu-0263-013,2026-01-15T12:23:00Z,ahu-b-f03-west,ON,NORMAL,13.77,24.50,14.00
src-ahu-0263-014,2026-01-15T12:23:00Z,ahu-b-f04-east,ON,NORMAL,13.84,24.87,14.00
src-ahu-0263-015,2026-01-15T12:23:00Z,ahu-b-f04-west,ON,NORMAL,13.75,24.95,14.00
src-ahu-0263-016,2026-01-15T12:23:00Z,ahu-c-f01-east,ON,NORMAL,13.82,25.07,14.00
src-ahu-0263-017,2026-01-15T12:23:00Z,ahu-c-f01-west,ON,NORMAL,13.76,25.32,14.00
src-ahu-0263-018,2026-01-15T12:23:00Z,ahu-c-f02-east,ON,NORMAL,13.75,25.67,14.00
src-ahu-0263-019,2026-01-15T12:23:00Z,ahu-c-f02-west,ON,NORMAL,13.68,25.70,14.00
src-ahu-0263-020,2026-01-15T12:23:00Z,ahu-c-f03-east,ON,NORMAL,13.55,26.15,14.00
src-ahu-0263-021,2026-01-15T12:23:00Z,ahu-c-f03-west,ON,NORMAL,13.57,26.19,14.00
src-ahu-0263-022,2026-01-15T12:23:00Z,ahu-c-f04-east,ON,NORMAL,13.57,26.36,14.00
src-ahu-0263-023,2026-01-15T12:23:00Z,ahu-c-f04-west,ON,NORMAL,13.75,26.34,14.00
src-ahu-0264-000,2026-01-15T12:24:00Z,ahu-a-f01-east,ON,NORMAL,14.34,24.66,14.00
src-ahu-0264-001,2026-01-15T12:24:00Z,ahu-a-f01-west,ON,NORMAL,14.26,24.54,14.00
src-ahu-0264-002,2026-01-15T12:24:00Z,ahu-a-f02-east,ON,NORMAL,14.29,24.43,14.00
src-ahu-0264-003,2026-01-15T12:24:00Z,ahu-a-f02-west,ON,NORMAL,14.34,24.27,14.00
src-ahu-0264-004,2026-01-15T12:24:00Z,ahu-a-f03-east,ON,NORMAL,14.18,24.32,14.00
src-ahu-0264-005,2026-01-15T12:24:00Z,ahu-a-f03-west,ON,NORMAL,14.37,24.21,14.00
src-ahu-0264-006,2026-01-15T12:24:00Z,ahu-a-f04-east,ON,NORMAL,14.26,24.33,14.00
src-ahu-0264-007,2026-01-15T12:24:00Z,ahu-a-f04-west,ON,NORMAL,14.19,24.08,14.00
src-ahu-0264-008,2026-01-15T12:24:00Z,ahu-b-f01-east,ON,NORMAL,13.99,23.71,14.00
src-ahu-0264-009,2026-01-15T12:24:00Z,ahu-b-f01-west,ON,NORMAL,14.06,23.73,14.00
src-ahu-0264-010,2026-01-15T12:24:00Z,ahu-b-f02-east,ON,NORMAL,13.94,23.94,14.00
src-ahu-0264-011,2026-01-15T12:24:00Z,ahu-b-f02-west,ON,NORMAL,13.92,24.09,14.00
src-ahu-0264-012,2026-01-15T12:24:00Z,ahu-b-f03-east,ON,NORMAL,13.89,24.33,14.00
src-ahu-0264-013,2026-01-15T12:24:00Z,ahu-b-f03-west,ON,NORMAL,13.83,24.55,14.00
src-ahu-0264-014,2026-01-15T12:24:00Z,ahu-b-f04-east,ON,NORMAL,13.72,24.97,14.00
src-ahu-0264-015,2026-01-15T12:24:00Z,ahu-b-f04-west,ON,NORMAL,13.79,25.05,14.00
src-ahu-0264-016,2026-01-15T12:24:00Z,ahu-c-f01-east,ON,NORMAL,13.82,25.11,14.00
src-ahu-0264-017,2026-01-15T12:24:00Z,ahu-c-f01-west,ON,NORMAL,13.58,25.40,14.00
src-ahu-0264-018,2026-01-15T12:24:00Z,ahu-c-f02-east,ON,NORMAL,13.57,25.73,14.00
src-ahu-0264-019,2026-01-15T12:24:00Z,ahu-c-f02-west,ON,NORMAL,13.61,25.70,14.00
src-ahu-0264-020,2026-01-15T12:24:00Z,ahu-c-f03-east,ON,NORMAL,13.58,26.14,14.00
src-ahu-0264-021,2026-01-15T12:24:00Z,ahu-c-f03-west,ON,NORMAL,13.62,26.18,14.00
src-ahu-0264-022,2026-01-15T12:24:00Z,ahu-c-f04-east,ON,NORMAL,13.68,26.46,14.00
src-ahu-0264-023,2026-01-15T12:24:00Z,ahu-c-f04-west,ON,NORMAL,13.78,26.34,14.00
src-ahu-0265-000,2026-01-15T12:25:00Z,ahu-a-f01-east,ON,NORMAL,14.46,24.57,14.00
src-ahu-0265-001,2026-01-15T12:25:00Z,ahu-a-f01-west,ON,NORMAL,14.34,24.46,14.00
src-ahu-0265-002,2026-01-15T12:25:00Z,ahu-a-f02-east,ON,NORMAL,14.31,24.46,14.00
src-ahu-0265-003,2026-01-15T12:25:00Z,ahu-a-f02-west,ON,NORMAL,14.23,24.26,14.00
src-ahu-0265-004,2026-01-15T12:25:00Z,ahu-a-f03-east,ON,NORMAL,14.23,24.32,14.00
src-ahu-0265-005,2026-01-15T12:25:00Z,ahu-a-f03-west,ON,NORMAL,14.21,24.16,14.00
src-ahu-0265-006,2026-01-15T12:25:00Z,ahu-a-f04-east,ON,NORMAL,14.16,24.20,14.00
src-ahu-0265-007,2026-01-15T12:25:00Z,ahu-a-f04-west,ON,NORMAL,14.21,24.16,14.00
src-ahu-0265-008,2026-01-15T12:25:00Z,ahu-b-f01-east,ON,NORMAL,14.10,23.54,14.00
src-ahu-0265-009,2026-01-15T12:25:00Z,ahu-b-f01-west,ON,NORMAL,14.09,23.66,14.00
src-ahu-0265-010,2026-01-15T12:25:00Z,ahu-b-f02-east,ON,NORMAL,14.06,23.90,14.00
src-ahu-0265-011,2026-01-15T12:25:00Z,ahu-b-f02-west,ON,NORMAL,13.99,23.97,14.00
src-ahu-0265-012,2026-01-15T12:25:00Z,ahu-b-f03-east,ON,NORMAL,13.95,24.41,14.00
src-ahu-0265-013,2026-01-15T12:25:00Z,ahu-b-f03-west,ON,NORMAL,13.86,24.56,14.00
src-ahu-0265-014,2026-01-15T12:25:00Z,ahu-b-f04-east,ON,NORMAL,13.80,25.02,14.00
src-ahu-0265-015,2026-01-15T12:25:00Z,ahu-b-f04-west,ON,NORMAL,13.75,25.14,14.00
src-ahu-0265-016,2026-01-15T12:25:00Z,ahu-c-f01-east,ON,NORMAL,13.70,25.15,14.00
src-ahu-0265-017,2026-01-15T12:25:00Z,ahu-c-f01-west,ON,NORMAL,13.65,25.27,14.00
src-ahu-0265-018,2026-01-15T12:25:00Z,ahu-c-f02-east,ON,NORMAL,13.64,25.78,14.00
src-ahu-0265-019,2026-01-15T12:25:00Z,ahu-c-f02-west,ON,NORMAL,13.64,25.77,14.00
src-ahu-0265-020,2026-01-15T12:25:00Z,ahu-c-f03-east,ON,NORMAL,13.59,26.15,14.00
src-ahu-0265-021,2026-01-15T12:25:00Z,ahu-c-f03-west,ON,NORMAL,13.60,26.16,14.00
src-ahu-0265-022,2026-01-15T12:25:00Z,ahu-c-f04-east,ON,NORMAL,13.61,26.33,14.00
src-ahu-0265-023,2026-01-15T12:25:00Z,ahu-c-f04-west,ON,NORMAL,13.73,26.25,14.00
src-ahu-0266-000,2026-01-15T12:26:00Z,ahu-a-f01-east,ON,NORMAL,14.30,24.62,14.00
src-ahu-0266-001,2026-01-15T12:26:00Z,ahu-a-f01-west,ON,NORMAL,14.35,24.38,14.00
src-ahu-0266-002,2026-01-15T12:26:00Z,ahu-a-f02-east,ON,NORMAL,14.28,24.48,14.00
src-ahu-0266-003,2026-01-15T12:26:00Z,ahu-a-f02-west,ON,NORMAL,14.36,24.22,14.00
src-ahu-0266-004,2026-01-15T12:26:00Z,ahu-a-f03-east,ON,NORMAL,14.29,24.16,14.00
src-ahu-0266-005,2026-01-15T12:26:00Z,ahu-a-f03-west,ON,NORMAL,14.17,24.06,14.00
src-ahu-0266-006,2026-01-15T12:26:00Z,ahu-a-f04-east,ON,NORMAL,14.27,24.23,14.00
src-ahu-0266-007,2026-01-15T12:26:00Z,ahu-a-f04-west,ON,NORMAL,14.17,24.19,14.00
src-ahu-0266-008,2026-01-15T12:26:00Z,ahu-b-f01-east,ON,NORMAL,13.96,23.63,14.00
src-ahu-0266-009,2026-01-15T12:26:00Z,ahu-b-f01-west,ON,NORMAL,14.04,23.78,14.00
src-ahu-0266-010,2026-01-15T12:26:00Z,ahu-b-f02-east,ON,NORMAL,13.88,23.95,14.00
src-ahu-0266-011,2026-01-15T12:26:00Z,ahu-b-f02-west,ON,NORMAL,13.92,24.00,14.00
src-ahu-0266-012,2026-01-15T12:26:00Z,ahu-b-f03-east,ON,NORMAL,13.79,24.39,14.00
src-ahu-0266-013,2026-01-15T12:26:00Z,ahu-b-f03-west,ON,NORMAL,13.67,24.62,14.00
src-ahu-0266-014,2026-01-15T12:26:00Z,ahu-b-f04-east,ON,NORMAL,13.81,24.88,14.00
src-ahu-0266-015,2026-01-15T12:26:00Z,ahu-b-f04-west,ON,NORMAL,13.60,25.17,14.00
src-ahu-0266-016,2026-01-15T12:26:00Z,ahu-c-f01-east,ON,NORMAL,13.79,25.11,14.00
src-ahu-0266-017,2026-01-15T12:26:00Z,ahu-c-f01-west,ON,NORMAL,13.59,25.38,14.00
src-ahu-0266-018,2026-01-15T12:26:00Z,ahu-c-f02-east,ON,NORMAL,13.74,25.73,14.00
src-ahu-0266-019,2026-01-15T12:26:00Z,ahu-c-f02-west,ON,NORMAL,13.54,25.82,14.00
src-ahu-0266-020,2026-01-15T12:26:00Z,ahu-c-f03-east,ON,NORMAL,13.64,26.19,14.00
src-ahu-0266-021,2026-01-15T12:26:00Z,ahu-c-f03-west,ON,NORMAL,13.57,26.20,14.00
src-ahu-0266-022,2026-01-15T12:26:00Z,ahu-c-f04-east,ON,NORMAL,13.68,26.38,14.00
src-ahu-0266-023,2026-01-15T12:26:00Z,ahu-c-f04-west,ON,NORMAL,13.76,26.37,14.00
src-ahu-0267-000,2026-01-15T12:27:00Z,ahu-a-f01-east,ON,NORMAL,14.28,24.58,14.00
src-ahu-0267-001,2026-01-15T12:27:00Z,ahu-a-f01-west,ON,NORMAL,14.33,24.44,14.00
src-ahu-0267-002,2026-01-15T12:27:00Z,ahu-a-f02-east,ON,NORMAL,14.20,24.29,14.00
src-ahu-0267-003,2026-01-15T12:27:00Z,ahu-a-f02-west,ON,NORMAL,14.29,24.18,14.00
src-ahu-0267-004,2026-01-15T12:27:00Z,ahu-a-f03-east,ON,NORMAL,14.27,24.19,14.00
src-ahu-0267-005,2026-01-15T12:27:00Z,ahu-a-f03-west,ON,NORMAL,14.15,24.15,14.00
src-ahu-0267-006,2026-01-15T12:27:00Z,ahu-a-f04-east,ON,NORMAL,14.14,24.23,14.00
src-ahu-0267-007,2026-01-15T12:27:00Z,ahu-a-f04-west,ON,NORMAL,14.06,24.16,14.00
src-ahu-0267-008,2026-01-15T12:27:00Z,ahu-b-f01-east,ON,NORMAL,14.02,23.55,14.00
src-ahu-0267-009,2026-01-15T12:27:00Z,ahu-b-f01-west,ON,NORMAL,14.03,23.72,14.00
src-ahu-0267-010,2026-01-15T12:27:00Z,ahu-b-f02-east,ON,NORMAL,13.90,24.04,14.00
src-ahu-0267-011,2026-01-15T12:27:00Z,ahu-b-f02-west,ON,NORMAL,13.90,24.06,14.00
src-ahu-0267-012,2026-01-15T12:27:00Z,ahu-b-f03-east,ON,NORMAL,13.86,24.41,14.00
src-ahu-0267-013,2026-01-15T12:27:00Z,ahu-b-f03-west,ON,NORMAL,13.78,24.59,14.00
src-ahu-0267-014,2026-01-15T12:27:00Z,ahu-b-f04-east,ON,NORMAL,13.83,24.98,14.00
src-ahu-0267-015,2026-01-15T12:27:00Z,ahu-b-f04-west,ON,NORMAL,13.63,25.27,14.00
src-ahu-0267-016,2026-01-15T12:27:00Z,ahu-c-f01-east,ON,NORMAL,13.71,25.29,14.00
src-ahu-0267-017,2026-01-15T12:27:00Z,ahu-c-f01-west,ON,NORMAL,13.75,25.43,14.00
src-ahu-0267-018,2026-01-15T12:27:00Z,ahu-c-f02-east,ON,NORMAL,13.60,25.71,14.00
src-ahu-0267-019,2026-01-15T12:27:00Z,ahu-c-f02-west,ON,NORMAL,13.68,25.87,14.00
src-ahu-0267-020,2026-01-15T12:27:00Z,ahu-c-f03-east,ON,NORMAL,13.59,26.20,14.00
src-ahu-0267-021,2026-01-15T12:27:00Z,ahu-c-f03-west,ON,NORMAL,13.79,26.23,14.00
src-ahu-0267-022,2026-01-15T12:27:00Z,ahu-c-f04-east,ON,NORMAL,13.73,26.43,14.00
src-ahu-0267-023,2026-01-15T12:27:00Z,ahu-c-f04-west,ON,NORMAL,13.85,26.40,14.00
src-ahu-0268-000,2026-01-15T12:28:00Z,ahu-a-f01-east,ON,NORMAL,14.23,24.54,14.00
src-ahu-0268-001,2026-01-15T12:28:00Z,ahu-a-f01-west,ON,NORMAL,14.44,24.28,14.00
src-ahu-0268-002,2026-01-15T12:28:00Z,ahu-a-f02-east,ON,NORMAL,14.23,24.32,14.00
src-ahu-0268-003,2026-01-15T12:28:00Z,ahu-a-f02-west,ON,NORMAL,14.38,24.14,14.00
src-ahu-0268-004,2026-01-15T12:28:00Z,ahu-a-f03-east,ON,NORMAL,14.25,24.24,14.00
src-ahu-0268-005,2026-01-15T12:28:00Z,ahu-a-f03-west,ON,NORMAL,14.22,24.00,14.00
src-ahu-0268-006,2026-01-15T12:28:00Z,ahu-a-f04-east,ON,NORMAL,14.05,24.19,14.00
src-ahu-0268-007,2026-01-15T12:28:00Z,ahu-a-f04-west,ON,NORMAL,14.15,24.19,14.00
src-ahu-0268-008,2026-01-15T12:28:00Z,ahu-b-f01-east,ON,NORMAL,13.93,23.69,14.00
src-ahu-0268-009,2026-01-15T12:28:00Z,ahu-b-f01-west,ON,NORMAL,13.85,23.71,14.00
src-ahu-0268-010,2026-01-15T12:28:00Z,ahu-b-f02-east,ON,NORMAL,13.99,23.91,14.00
src-ahu-0268-011,2026-01-15T12:28:00Z,ahu-b-f02-west,ON,NORMAL,13.77,24.06,14.00
src-ahu-0268-012,2026-01-15T12:28:00Z,ahu-b-f03-east,ON,NORMAL,13.75,24.44,14.00
src-ahu-0268-013,2026-01-15T12:28:00Z,ahu-b-f03-west,ON,NORMAL,13.65,24.68,14.00
src-ahu-0268-014,2026-01-15T12:28:00Z,ahu-b-f04-east,ON,NORMAL,13.68,25.00,14.00
src-ahu-0268-015,2026-01-15T12:28:00Z,ahu-b-f04-west,ON,NORMAL,13.73,25.17,14.00
src-ahu-0268-016,2026-01-15T12:28:00Z,ahu-c-f01-east,ON,NORMAL,13.62,25.20,14.00
src-ahu-0268-017,2026-01-15T12:28:00Z,ahu-c-f01-west,ON,NORMAL,13.64,25.49,14.00
src-ahu-0268-018,2026-01-15T12:28:00Z,ahu-c-f02-east,ON,NORMAL,13.77,25.76,14.00
src-ahu-0268-019,2026-01-15T12:28:00Z,ahu-c-f02-west,ON,NORMAL,13.56,25.87,14.00
src-ahu-0268-020,2026-01-15T12:28:00Z,ahu-c-f03-east,ON,NORMAL,13.58,26.11,14.00
src-ahu-0268-021,2026-01-15T12:28:00Z,ahu-c-f03-west,ON,NORMAL,13.63,26.29,14.00
src-ahu-0268-022,2026-01-15T12:28:00Z,ahu-c-f04-east,ON,NORMAL,13.77,26.45,14.00
src-ahu-0268-023,2026-01-15T12:28:00Z,ahu-c-f04-west,ON,NORMAL,13.88,26.30,14.00
src-ahu-0269-000,2026-01-15T12:29:00Z,ahu-a-f01-east,ON,NORMAL,14.41,24.54,14.00
src-ahu-0269-001,2026-01-15T12:29:00Z,ahu-a-f01-west,ON,NORMAL,14.40,24.28,14.00
src-ahu-0269-002,2026-01-15T12:29:00Z,ahu-a-f02-east,ON,NORMAL,14.21,24.30,14.00
src-ahu-0269-003,2026-01-15T12:29:00Z,ahu-a-f02-west,ON,NORMAL,14.23,24.12,14.00
src-ahu-0269-004,2026-01-15T12:29:00Z,ahu-a-f03-east,ON,NORMAL,14.16,24.22,14.00
src-ahu-0269-005,2026-01-15T12:29:00Z,ahu-a-f03-west,ON,NORMAL,14.07,24.06,14.00
src-ahu-0269-006,2026-01-15T12:29:00Z,ahu-a-f04-east,ON,NORMAL,14.13,24.24,14.00
src-ahu-0269-007,2026-01-15T12:29:00Z,ahu-a-f04-west,ON,NORMAL,14.12,24.19,14.00
src-ahu-0269-008,2026-01-15T12:29:00Z,ahu-b-f01-east,ON,NORMAL,14.01,23.65,14.00
src-ahu-0269-009,2026-01-15T12:29:00Z,ahu-b-f01-west,ON,NORMAL,13.80,23.70,14.00
src-ahu-0269-010,2026-01-15T12:29:00Z,ahu-b-f02-east,ON,NORMAL,13.92,23.98,14.00
src-ahu-0269-011,2026-01-15T12:29:00Z,ahu-b-f02-west,ON,NORMAL,13.85,24.10,14.00
src-ahu-0269-012,2026-01-15T12:29:00Z,ahu-b-f03-east,ON,NORMAL,13.75,24.46,14.00
src-ahu-0269-013,2026-01-15T12:29:00Z,ahu-b-f03-west,ON,NORMAL,13.74,24.63,14.00
src-ahu-0269-014,2026-01-15T12:29:00Z,ahu-b-f04-east,ON,NORMAL,13.75,25.02,14.00
src-ahu-0269-015,2026-01-15T12:29:00Z,ahu-b-f04-west,ON,NORMAL,13.64,25.31,14.00
src-ahu-0269-016,2026-01-15T12:29:00Z,ahu-c-f01-east,ON,NORMAL,13.58,25.36,14.00
src-ahu-0269-017,2026-01-15T12:29:00Z,ahu-c-f01-west,ON,NORMAL,13.53,25.48,14.00
src-ahu-0269-018,2026-01-15T12:29:00Z,ahu-c-f02-east,ON,NORMAL,13.67,25.76,14.00
src-ahu-0269-019,2026-01-15T12:29:00Z,ahu-c-f02-west,ON,NORMAL,13.70,25.84,14.00
src-ahu-0269-020,2026-01-15T12:29:00Z,ahu-c-f03-east,ON,NORMAL,13.73,26.20,14.00
src-ahu-0269-021,2026-01-15T12:29:00Z,ahu-c-f03-west,ON,NORMAL,13.79,26.17,14.00
src-ahu-0269-022,2026-01-15T12:29:00Z,ahu-c-f04-east,ON,NORMAL,13.78,26.45,14.00
src-ahu-0269-023,2026-01-15T12:29:00Z,ahu-c-f04-west,ON,NORMAL,13.89,26.30,14.00
src-ahu-0270-000,2026-01-15T12:30:00Z,ahu-a-f01-east,ON,NORMAL,14.44,24.48,14.00
src-ahu-0270-001,2026-01-15T12:30:00Z,ahu-a-f01-west,ON,NORMAL,14.30,24.20,14.00
src-ahu-0270-002,2026-01-15T12:30:00Z,ahu-a-f02-east,ON,NORMAL,14.16,24.34,14.00
src-ahu-0270-003,2026-01-15T12:30:00Z,ahu-a-f02-west,ON,NORMAL,14.32,24.08,14.00
src-ahu-0270-004,2026-01-15T12:30:00Z,ahu-a-f03-east,ON,NORMAL,14.06,24.13,14.00
src-ahu-0270-005,2026-01-15T12:30:00Z,ahu-a-f03-west,ON,NORMAL,14.17,24.12,14.00
src-ahu-0270-006,2026-01-15T12:30:00Z,ahu-a-f04-east,ON,NORMAL,14.18,24.21,14.00
src-ahu-0270-007,2026-01-15T12:30:00Z,ahu-a-f04-west,ON,NORMAL,14.05,24.11,14.00
src-ahu-0270-008,2026-01-15T12:30:00Z,ahu-b-f01-east,ON,NORMAL,14.07,23.66,14.00
src-ahu-0270-009,2026-01-15T12:30:00Z,ahu-b-f01-west,ON,NORMAL,13.81,23.66,14.00
src-ahu-0270-010,2026-01-15T12:30:00Z,ahu-b-f02-east,ON,NORMAL,13.87,23.94,14.00
src-ahu-0270-011,2026-01-15T12:30:00Z,ahu-b-f02-west,ON,NORMAL,13.84,24.11,14.00
src-ahu-0270-012,2026-01-15T12:30:00Z,ahu-b-f03-east,ON,NORMAL,13.69,24.48,14.00
src-ahu-0270-013,2026-01-15T12:30:00Z,ahu-b-f03-west,ON,NORMAL,13.63,24.65,14.00
src-ahu-0270-014,2026-01-15T12:30:00Z,ahu-b-f04-east,ON,NORMAL,13.62,25.07,14.00
src-ahu-0270-015,2026-01-15T12:30:00Z,ahu-b-f04-west,ON,NORMAL,13.67,25.32,14.00
src-ahu-0270-016,2026-01-15T12:30:00Z,ahu-c-f01-east,ON,NORMAL,13.68,25.27,14.00
src-ahu-0270-017,2026-01-15T12:30:00Z,ahu-c-f01-west,ON,NORMAL,13.72,25.47,14.00
src-ahu-0270-018,2026-01-15T12:30:00Z,ahu-c-f02-east,ON,NORMAL,13.55,25.84,14.00
src-ahu-0270-019,2026-01-15T12:30:00Z,ahu-c-f02-west,ON,NORMAL,13.63,25.86,14.00
src-ahu-0270-020,2026-01-15T12:30:00Z,ahu-c-f03-east,ON,NORMAL,13.65,26.21,14.00
src-ahu-0270-021,2026-01-15T12:30:00Z,ahu-c-f03-west,ON,NORMAL,13.71,26.14,14.00
src-ahu-0270-022,2026-01-15T12:30:00Z,ahu-c-f04-east,ON,NORMAL,13.90,26.40,14.00
src-ahu-0270-023,2026-01-15T12:30:00Z,ahu-c-f04-west,ON,NORMAL,13.80,26.27,14.00
src-ahu-0271-000,2026-01-15T12:31:00Z,ahu-a-f01-east,ON,NORMAL,14.38,24.52,14.00
src-ahu-0271-001,2026-01-15T12:31:00Z,ahu-a-f01-west,ON,NORMAL,14.34,24.25,14.00
src-ahu-0271-002,2026-01-15T12:31:00Z,ahu-a-f02-east,ON,NORMAL,14.33,24.29,14.00
src-ahu-0271-003,2026-01-15T12:31:00Z,ahu-a-f02-west,ON,NORMAL,14.15,24.05,14.00
src-ahu-0271-004,2026-01-15T12:31:00Z,ahu-a-f03-east,ON,NORMAL,14.14,24.17,14.00
src-ahu-0271-005,2026-01-15T12:31:00Z,ahu-a-f03-west,ON,NORMAL,14.05,24.01,14.00
src-ahu-0271-006,2026-01-15T12:31:00Z,ahu-a-f04-east,ON,NORMAL,13.99,24.15,14.00
src-ahu-0271-007,2026-01-15T12:31:00Z,ahu-a-f04-west,ON,NORMAL,13.96,24.18,14.00
src-ahu-0271-008,2026-01-15T12:31:00Z,ahu-b-f01-east,ON,NORMAL,13.90,23.71,14.00
src-ahu-0271-009,2026-01-15T12:31:00Z,ahu-b-f01-west,ON,NORMAL,13.90,23.67,14.00
src-ahu-0271-010,2026-01-15T12:31:00Z,ahu-b-f02-east,ON,NORMAL,13.86,23.98,14.00
src-ahu-0271-011,2026-01-15T12:31:00Z,ahu-b-f02-west,ON,NORMAL,13.81,24.19,14.00
src-ahu-0271-012,2026-01-15T12:31:00Z,ahu-b-f03-east,ON,NORMAL,13.67,24.52,14.00
src-ahu-0271-013,2026-01-15T12:31:00Z,ahu-b-f03-west,ON,NORMAL,13.73,24.82,14.00
src-ahu-0271-014,2026-01-15T12:31:00Z,ahu-b-f04-east,ON,NORMAL,13.77,25.12,14.00
src-ahu-0271-015,2026-01-15T12:31:00Z,ahu-b-f04-west,ON,NORMAL,13.73,25.24,14.00
src-ahu-0271-016,2026-01-15T12:31:00Z,ahu-c-f01-east,ON,NORMAL,13.60,25.38,14.00
src-ahu-0271-017,2026-01-15T12:31:00Z,ahu-c-f01-west,ON,NORMAL,13.62,25.51,14.00
src-ahu-0271-018,2026-01-15T12:31:00Z,ahu-c-f02-east,ON,NORMAL,13.73,25.83,14.00
src-ahu-0271-019,2026-01-15T12:31:00Z,ahu-c-f02-west,ON,NORMAL,13.66,25.90,14.00
src-ahu-0271-020,2026-01-15T12:31:00Z,ahu-c-f03-east,ON,NORMAL,13.64,26.12,14.00
src-ahu-0271-021,2026-01-15T12:31:00Z,ahu-c-f03-west,ON,NORMAL,13.76,26.23,14.00
src-ahu-0271-022,2026-01-15T12:31:00Z,ahu-c-f04-east,ON,NORMAL,13.79,26.32,14.00
src-ahu-0271-023,2026-01-15T12:31:00Z,ahu-c-f04-west,ON,NORMAL,13.85,26.30,14.00
src-ahu-0272-000,2026-01-15T12:32:00Z,ahu-a-f01-east,ON,NORMAL,14.24,24.34,14.00
src-ahu-0272-001,2026-01-15T12:32:00Z,ahu-a-f01-west,ON,NORMAL,14.31,24.20,14.00
src-ahu-0272-002,2026-01-15T12:32:00Z,ahu-a-f02-east,ON,NORMAL,14.16,24.28,14.00
src-ahu-0272-003,2026-01-15T12:32:00Z,ahu-a-f02-west,ON,NORMAL,14.19,24.06,14.00
src-ahu-0272-004,2026-01-15T12:32:00Z,ahu-a-f03-east,ON,NORMAL,14.18,24.12,14.00
src-ahu-0272-005,2026-01-15T12:32:00Z,ahu-a-f03-west,ON,NORMAL,14.06,23.95,14.00
src-ahu-0272-006,2026-01-15T12:32:00Z,ahu-a-f04-east,ON,NORMAL,13.98,24.19,14.00
src-ahu-0272-007,2026-01-15T12:32:00Z,ahu-a-f04-west,ON,NORMAL,13.85,24.16,14.00
src-ahu-0272-008,2026-01-15T12:32:00Z,ahu-b-f01-east,ON,NORMAL,13.85,23.70,14.00
src-ahu-0272-009,2026-01-15T12:32:00Z,ahu-b-f01-west,ON,NORMAL,13.92,23.77,14.00
src-ahu-0272-010,2026-01-15T12:32:00Z,ahu-b-f02-east,ON,NORMAL,13.72,24.04,14.00
src-ahu-0272-011,2026-01-15T12:32:00Z,ahu-b-f02-west,ON,NORMAL,13.65,24.23,14.00
src-ahu-0272-012,2026-01-15T12:32:00Z,ahu-b-f03-east,ON,NORMAL,13.65,24.54,14.00
src-ahu-0272-013,2026-01-15T12:32:00Z,ahu-b-f03-west,ON,NORMAL,13.72,24.71,14.00
src-ahu-0272-014,2026-01-15T12:32:00Z,ahu-b-f04-east,ON,NORMAL,13.67,25.12,14.00
src-ahu-0272-015,2026-01-15T12:32:00Z,ahu-b-f04-west,ON,NORMAL,13.74,25.25,14.00
src-ahu-0272-016,2026-01-15T12:32:00Z,ahu-c-f01-east,ON,NORMAL,13.76,25.38,14.00
src-ahu-0272-017,2026-01-15T12:32:00Z,ahu-c-f01-west,ON,NORMAL,13.63,25.53,14.00
src-ahu-0272-018,2026-01-15T12:32:00Z,ahu-c-f02-east,ON,NORMAL,13.56,25.82,14.00
src-ahu-0272-019,2026-01-15T12:32:00Z,ahu-c-f02-west,ON,NORMAL,13.77,25.91,14.00
src-ahu-0272-020,2026-01-15T12:32:00Z,ahu-c-f03-east,ON,NORMAL,13.70,26.10,14.00
src-ahu-0272-021,2026-01-15T12:32:00Z,ahu-c-f03-west,ON,NORMAL,13.88,26.23,14.00
src-ahu-0272-022,2026-01-15T12:32:00Z,ahu-c-f04-east,ON,NORMAL,13.72,26.45,14.00
src-ahu-0272-023,2026-01-15T12:32:00Z,ahu-c-f04-west,ON,NORMAL,13.99,26.28,14.00
src-ahu-0273-000,2026-01-15T12:33:00Z,ahu-a-f01-east,ON,NORMAL,14.18,24.36,14.00
src-ahu-0273-001,2026-01-15T12:33:00Z,ahu-a-f01-west,ON,NORMAL,14.35,24.19,14.00
src-ahu-0273-002,2026-01-15T12:33:00Z,ahu-a-f02-east,ON,NORMAL,14.33,24.12,14.00
src-ahu-0273-003,2026-01-15T12:33:00Z,ahu-a-f02-west,ON,NORMAL,14.21,24.02,14.00
src-ahu-0273-004,2026-01-15T12:33:00Z,ahu-a-f03-east,ON,NORMAL,14.08,24.08,14.00
src-ahu-0273-005,2026-01-15T12:33:00Z,ahu-a-f03-west,ON,NORMAL,14.15,24.00,14.00
src-ahu-0273-006,2026-01-15T12:33:00Z,ahu-a-f04-east,ON,NORMAL,13.97,24.15,14.00
src-ahu-0273-007,2026-01-15T12:33:00Z,ahu-a-f04-west,ON,NORMAL,14.00,24.15,14.00
src-ahu-0273-008,2026-01-15T12:33:00Z,ahu-b-f01-east,ON,NORMAL,13.92,23.72,14.00
src-ahu-0273-009,2026-01-15T12:33:00Z,ahu-b-f01-west,ON,NORMAL,13.90,23.79,14.00
src-ahu-0273-010,2026-01-15T12:33:00Z,ahu-b-f02-east,ON,NORMAL,13.84,24.14,14.00
src-ahu-0273-011,2026-01-15T12:33:00Z,ahu-b-f02-west,ON,NORMAL,13.74,24.27,14.00
src-ahu-0273-012,2026-01-15T12:33:00Z,ahu-b-f03-east,ON,NORMAL,13.66,24.60,14.00
src-ahu-0273-013,2026-01-15T12:33:00Z,ahu-b-f03-west,ON,NORMAL,13.56,24.78,14.00
src-ahu-0273-014,2026-01-15T12:33:00Z,ahu-b-f04-east,ON,NORMAL,13.69,25.18,14.00
src-ahu-0273-015,2026-01-15T12:33:00Z,ahu-b-f04-west,ON,NORMAL,13.66,25.46,14.00
src-ahu-0273-016,2026-01-15T12:33:00Z,ahu-c-f01-east,ON,NORMAL,13.75,25.43,14.00
src-ahu-0273-017,2026-01-15T12:33:00Z,ahu-c-f01-west,ON,NORMAL,13.75,25.62,14.00
src-ahu-0273-018,2026-01-15T12:33:00Z,ahu-c-f02-east,ON,NORMAL,13.68,25.86,14.00
src-ahu-0273-019,2026-01-15T12:33:00Z,ahu-c-f02-west,ON,NORMAL,13.63,25.94,14.00
src-ahu-0273-020,2026-01-15T12:33:00Z,ahu-c-f03-east,ON,NORMAL,13.66,26.25,14.00
src-ahu-0273-021,2026-01-15T12:33:00Z,ahu-c-f03-west,ON,NORMAL,13.72,26.20,14.00
src-ahu-0273-022,2026-01-15T12:33:00Z,ahu-c-f04-east,ON,NORMAL,13.79,26.34,14.00
src-ahu-0273-023,2026-01-15T12:33:00Z,ahu-c-f04-west,ON,NORMAL,13.94,26.22,14.00
src-ahu-0274-000,2026-01-15T12:34:00Z,ahu-a-f01-east,ON,NORMAL,14.29,24.40,14.00
src-ahu-0274-001,2026-01-15T12:34:00Z,ahu-a-f01-west,ON,NORMAL,14.26,24.11,14.00
src-ahu-0274-002,2026-01-15T12:34:00Z,ahu-a-f02-east,ON,NORMAL,14.16,24.18,14.00
src-ahu-0274-003,2026-01-15T12:34:00Z,ahu-a-f02-west,ON,NORMAL,14.18,24.04,14.00
src-ahu-0274-004,2026-01-15T12:34:00Z,ahu-a-f03-east,ON,NORMAL,14.01,24.07,14.00
src-ahu-0274-005,2026-01-15T12:34:00Z,ahu-a-f03-west,ON,NORMAL,14.14,23.97,14.00
src-ahu-0274-006,2026-01-15T12:34:00Z,ahu-a-f04-east,ON,NORMAL,14.04,24.10,14.00
src-ahu-0274-007,2026-01-15T12:34:00Z,ahu-a-f04-west,ON,NORMAL,13.95,24.17,14.00
src-ahu-0274-008,2026-01-15T12:34:00Z,ahu-b-f01-east,ON,NORMAL,13.87,23.65,14.00
src-ahu-0274-009,2026-01-15T12:34:00Z,ahu-b-f01-west,ON,NORMAL,13.80,23.83,14.00
src-ahu-0274-010,2026-01-15T12:34:00Z,ahu-b-f02-east,ON,NORMAL,13.64,24.06,14.00
src-ahu-0274-011,2026-01-15T12:34:00Z,ahu-b-f02-west,ON,NORMAL,13.68,24.21,14.00
src-ahu-0274-012,2026-01-15T12:34:00Z,ahu-b-f03-east,ON,NORMAL,13.58,24.71,14.00
src-ahu-0274-013,2026-01-15T12:34:00Z,ahu-b-f03-west,ON,NORMAL,13.56,24.76,14.00
src-ahu-0274-014,2026-01-15T12:34:00Z,ahu-b-f04-east,ON,NORMAL,13.54,25.25,14.00
src-ahu-0274-015,2026-01-15T12:34:00Z,ahu-b-f04-west,ON,NORMAL,13.73,25.37,14.00
src-ahu-0274-016,2026-01-15T12:34:00Z,ahu-c-f01-east,ON,NORMAL,13.71,25.41,14.00
src-ahu-0274-017,2026-01-15T12:34:00Z,ahu-c-f01-west,ON,NORMAL,13.62,25.54,14.00
src-ahu-0274-018,2026-01-15T12:34:00Z,ahu-c-f02-east,ON,NORMAL,13.75,25.91,14.00
src-ahu-0274-019,2026-01-15T12:34:00Z,ahu-c-f02-west,ON,NORMAL,13.82,25.92,14.00
src-ahu-0274-020,2026-01-15T12:34:00Z,ahu-c-f03-east,ON,NORMAL,13.85,26.21,14.00
src-ahu-0274-021,2026-01-15T12:34:00Z,ahu-c-f03-west,ON,NORMAL,13.76,26.24,14.00
src-ahu-0274-022,2026-01-15T12:34:00Z,ahu-c-f04-east,ON,NORMAL,13.97,26.34,14.00
src-ahu-0274-023,2026-01-15T12:34:00Z,ahu-c-f04-west,ON,NORMAL,13.83,26.19,14.00
src-ahu-0275-000,2026-01-15T12:35:00Z,ahu-a-f01-east,ON,NORMAL,14.28,24.34,14.00
src-ahu-0275-001,2026-01-15T12:35:00Z,ahu-a-f01-west,ON,NORMAL,14.33,24.08,14.00
src-ahu-0275-002,2026-01-15T12:35:00Z,ahu-a-f02-east,ON,NORMAL,14.25,24.12,14.00
src-ahu-0275-003,2026-01-15T12:35:00Z,ahu-a-f02-west,ON,NORMAL,14.19,24.04,14.00
src-ahu-0275-004,2026-01-15T12:35:00Z,ahu-a-f03-east,ON,NORMAL,13.98,24.17,14.00
src-ahu-0275-005,2026-01-15T12:35:00Z,ahu-a-f03-west,ON,NORMAL,13.98,24.10,14.00
src-ahu-0275-006,2026-01-15T12:35:00Z,ahu-a-f04-east,ON,NORMAL,13.95,24.10,14.00
src-ahu-0275-007,2026-01-15T12:35:00Z,ahu-a-f04-west,ON,NORMAL,13.98,24.25,14.00
src-ahu-0275-008,2026-01-15T12:35:00Z,ahu-b-f01-east,ON,NORMAL,13.75,23.73,14.00
src-ahu-0275-009,2026-01-15T12:35:00Z,ahu-b-f01-west,ON,NORMAL,13.66,23.90,14.00
src-ahu-0275-010,2026-01-15T12:35:00Z,ahu-b-f02-east,ON,NORMAL,13.74,24.05,14.00
src-ahu-0275-011,2026-01-15T12:35:00Z,ahu-b-f02-west,ON,NORMAL,13.79,24.25,14.00
src-ahu-0275-012,2026-01-15T12:35:00Z,ahu-b-f03-east,ON,NORMAL,13.78,24.56,14.00
src-ahu-0275-013,2026-01-15T12:35:00Z,ahu-b-f03-west,ON,NORMAL,13.56,24.90,14.00
src-ahu-0275-014,2026-01-15T12:35:00Z,ahu-b-f04-east,ON,NORMAL,13.74,25.20,14.00
src-ahu-0275-015,2026-01-15T12:35:00Z,ahu-b-f04-west,ON,NORMAL,13.77,25.43,14.00
src-ahu-0275-016,2026-01-15T12:35:00Z,ahu-c-f01-east,ON,NORMAL,13.78,25.47,14.00
src-ahu-0275-017,2026-01-15T12:35:00Z,ahu-c-f01-west,ON,NORMAL,13.74,25.60,14.00
src-ahu-0275-018,2026-01-15T12:35:00Z,ahu-c-f02-east,ON,NORMAL,13.77,25.85,14.00
src-ahu-0275-019,2026-01-15T12:35:00Z,ahu-c-f02-west,ON,NORMAL,13.72,26.00,14.00
src-ahu-0275-020,2026-01-15T12:35:00Z,ahu-c-f03-east,ON,NORMAL,13.72,26.20,14.00
src-ahu-0275-021,2026-01-15T12:35:00Z,ahu-c-f03-west,ON,NORMAL,13.90,26.19,14.00
src-ahu-0275-022,2026-01-15T12:35:00Z,ahu-c-f04-east,ON,NORMAL,14.03,26.28,14.00
src-ahu-0275-023,2026-01-15T12:35:00Z,ahu-c-f04-west,ON,NORMAL,13.90,26.28,14.00
src-ahu-0276-000,2026-01-15T12:36:00Z,ahu-a-f01-east,ON,NORMAL,14.13,24.40,14.00
src-ahu-0276-001,2026-01-15T12:36:00Z,ahu-a-f01-west,ON,NORMAL,14.20,24.01,14.00
src-ahu-0276-002,2026-01-15T12:36:00Z,ahu-a-f02-east,ON,NORMAL,14.24,24.12,14.00
src-ahu-0276-003,2026-01-15T12:36:00Z,ahu-a-f02-west,ON,NORMAL,14.07,23.99,14.00
src-ahu-0276-004,2026-01-15T12:36:00Z,ahu-a-f03-east,ON,NORMAL,14.11,24.04,14.00
src-ahu-0276-005,2026-01-15T12:36:00Z,ahu-a-f03-west,ON,NORMAL,14.01,23.92,14.00
src-ahu-0276-006,2026-01-15T12:36:00Z,ahu-a-f04-east,ON,NORMAL,13.86,24.22,14.00
src-ahu-0276-007,2026-01-15T12:36:00Z,ahu-a-f04-west,ON,NORMAL,13.83,24.20,14.00
src-ahu-0276-008,2026-01-15T12:36:00Z,ahu-b-f01-east,ON,NORMAL,13.86,23.77,14.00
src-ahu-0276-009,2026-01-15T12:36:00Z,ahu-b-f01-west,ON,NORMAL,13.68,23.83,14.00
src-ahu-0276-010,2026-01-15T12:36:00Z,ahu-b-f02-east,ON,NORMAL,13.63,24.23,14.00
src-ahu-0276-011,2026-01-15T12:36:00Z,ahu-b-f02-west,ON,NORMAL,13.74,24.40,14.00
src-ahu-0276-012,2026-01-15T12:36:00Z,ahu-b-f03-east,ON,NORMAL,13.70,24.63,14.00
src-ahu-0276-013,2026-01-15T12:36:00Z,ahu-b-f03-west,ON,NORMAL,13.56,24.88,14.00
src-ahu-0276-014,2026-01-15T12:36:00Z,ahu-b-f04-east,ON,NORMAL,13.63,25.30,14.00
src-ahu-0276-015,2026-01-15T12:36:00Z,ahu-b-f04-west,ON,NORMAL,13.56,25.41,14.00
src-ahu-0276-016,2026-01-15T12:36:00Z,ahu-c-f01-east,ON,NORMAL,13.64,25.51,14.00
src-ahu-0276-017,2026-01-15T12:36:00Z,ahu-c-f01-west,ON,NORMAL,13.63,25.65,14.00
src-ahu-0276-018,2026-01-15T12:36:00Z,ahu-c-f02-east,ON,NORMAL,13.81,25.94,14.00
src-ahu-0276-019,2026-01-15T12:36:00Z,ahu-c-f02-west,ON,NORMAL,13.79,25.91,14.00
src-ahu-0276-020,2026-01-15T12:36:00Z,ahu-c-f03-east,ON,NORMAL,13.90,26.29,14.00
src-ahu-0276-021,2026-01-15T12:36:00Z,ahu-c-f03-west,ON,NORMAL,13.95,26.14,14.00
src-ahu-0276-022,2026-01-15T12:36:00Z,ahu-c-f04-east,ON,NORMAL,14.05,26.29,14.00
src-ahu-0276-023,2026-01-15T12:36:00Z,ahu-c-f04-west,ON,NORMAL,14.09,26.25,14.00
src-ahu-0277-000,2026-01-15T12:37:00Z,ahu-a-f01-east,ON,NORMAL,14.21,24.19,14.00
src-ahu-0277-001,2026-01-15T12:37:00Z,ahu-a-f01-west,ON,NORMAL,14.16,24.04,14.00
src-ahu-0277-002,2026-01-15T12:37:00Z,ahu-a-f02-east,ON,NORMAL,14.18,23.99,14.00
src-ahu-0277-003,2026-01-15T12:37:00Z,ahu-a-f02-west,ON,NORMAL,14.01,23.89,14.00
src-ahu-0277-004,2026-01-15T12:37:00Z,ahu-a-f03-east,ON,NORMAL,14.07,24.02,14.00
src-ahu-0277-005,2026-01-15T12:37:00Z,ahu-a-f03-west,ON,NORMAL,14.06,24.10,14.00
src-ahu-0277-006,2026-01-15T12:37:00Z,ahu-a-f04-east,ON,NORMAL,13.87,24.09,14.00
src-ahu-0277-007,2026-01-15T12:37:00Z,ahu-a-f04-west,ON,NORMAL,13.72,24.23,14.00
src-ahu-0277-008,2026-01-15T12:37:00Z,ahu-b-f01-east,ON,NORMAL,13.79,23.82,14.00
src-ahu-0277-009,2026-01-15T12:37:00Z,ahu-b-f01-west,ON,NORMAL,13.75,23.83,14.00
src-ahu-0277-010,2026-01-15T12:37:00Z,ahu-b-f02-east,ON,NORMAL,13.69,24.18,14.00
src-ahu-0277-011,2026-01-15T12:37:00Z,ahu-b-f02-west,ON,NORMAL,13.62,24.41,14.00
src-ahu-0277-012,2026-01-15T12:37:00Z,ahu-b-f03-east,ON,NORMAL,13.75,24.74,14.00
src-ahu-0277-013,2026-01-15T12:37:00Z,ahu-b-f03-west,ON,NORMAL,13.74,24.89,14.00
src-ahu-0277-014,2026-01-15T12:37:00Z,ahu-b-f04-east,ON,NORMAL,13.54,25.29,14.00
src-ahu-0277-015,2026-01-15T12:37:00Z,ahu-b-f04-west,ON,NORMAL,13.71,25.51,14.00
src-ahu-0277-016,2026-01-15T12:37:00Z,ahu-c-f01-east,ON,NORMAL,13.64,25.53,14.00
src-ahu-0277-017,2026-01-15T12:37:00Z,ahu-c-f01-west,ON,NORMAL,13.73,25.72,14.00
src-ahu-0277-018,2026-01-15T12:37:00Z,ahu-c-f02-east,ON,NORMAL,13.72,25.95,14.00
src-ahu-0277-019,2026-01-15T12:37:00Z,ahu-c-f02-west,ON,NORMAL,13.90,25.94,14.00
src-ahu-0277-020,2026-01-15T12:37:00Z,ahu-c-f03-east,ON,NORMAL,13.88,26.21,14.00
src-ahu-0277-021,2026-01-15T12:37:00Z,ahu-c-f03-west,ON,NORMAL,13.88,26.23,14.00
src-ahu-0277-022,2026-01-15T12:37:00Z,ahu-c-f04-east,ON,NORMAL,13.86,26.40,14.00
src-ahu-0277-023,2026-01-15T12:37:00Z,ahu-c-f04-west,ON,NORMAL,13.95,26.13,14.00
src-ahu-0278-000,2026-01-15T12:38:00Z,ahu-a-f01-east,ON,NORMAL,14.14,24.21,14.00
src-ahu-0278-001,2026-01-15T12:38:00Z,ahu-a-f01-west,ON,NORMAL,14.04,24.02,14.00
src-ahu-0278-002,2026-01-15T12:38:00Z,ahu-a-f02-east,ON,NORMAL,14.11,24.15,14.00
src-ahu-0278-003,2026-01-15T12:38:00Z,ahu-a-f02-west,ON,NORMAL,14.06,23.94,14.00
src-ahu-0278-004,2026-01-15T12:38:00Z,ahu-a-f03-east,ON,NORMAL,13.86,24.05,14.00
src-ahu-0278-005,2026-01-15T12:38:00Z,ahu-a-f03-west,ON,NORMAL,13.81,24.02,14.00
src-ahu-0278-006,2026-01-15T12:38:00Z,ahu-a-f04-east,ON,NORMAL,13.74,24.18,14.00
src-ahu-0278-007,2026-01-15T12:38:00Z,ahu-a-f04-west,ON,NORMAL,13.70,24.16,14.00
src-ahu-0278-008,2026-01-15T12:38:00Z,ahu-b-f01-east,ON,NORMAL,13.82,23.72,14.00
src-ahu-0278-009,2026-01-15T12:38:00Z,ahu-b-f01-west,ON,NORMAL,13.75,23.97,14.00
src-ahu-0278-010,2026-01-15T12:38:00Z,ahu-b-f02-east,ON,NORMAL,13.81,24.24,14.00
src-ahu-0278-011,2026-01-15T12:38:00Z,ahu-b-f02-west,ON,NORMAL,13.55,24.40,14.00
src-ahu-0278-012,2026-01-15T12:38:00Z,ahu-b-f03-east,ON,NORMAL,13.59,24.71,14.00
src-ahu-0278-013,2026-01-15T12:38:00Z,ahu-b-f03-west,ON,NORMAL,13.57,24.96,14.00
src-ahu-0278-014,2026-01-15T12:38:00Z,ahu-b-f04-east,ON,NORMAL,13.64,25.30,14.00
src-ahu-0278-015,2026-01-15T12:38:00Z,ahu-b-f04-west,ON,NORMAL,13.75,25.57,14.00
src-ahu-0278-016,2026-01-15T12:38:00Z,ahu-c-f01-east,ON,NORMAL,13.72,25.42,14.00
src-ahu-0278-017,2026-01-15T12:38:00Z,ahu-c-f01-west,ON,NORMAL,13.84,25.71,14.00
src-ahu-0278-018,2026-01-15T12:38:00Z,ahu-c-f02-east,ON,NORMAL,13.69,25.88,14.00
src-ahu-0278-019,2026-01-15T12:38:00Z,ahu-c-f02-west,ON,NORMAL,13.76,26.05,14.00
src-ahu-0278-020,2026-01-15T12:38:00Z,ahu-c-f03-east,ON,NORMAL,13.94,26.22,14.00
src-ahu-0278-021,2026-01-15T12:38:00Z,ahu-c-f03-west,ON,NORMAL,13.87,26.22,14.00
src-ahu-0278-022,2026-01-15T12:38:00Z,ahu-c-f04-east,ON,NORMAL,13.93,26.25,14.00
src-ahu-0278-023,2026-01-15T12:38:00Z,ahu-c-f04-west,ON,NORMAL,14.02,26.12,14.00
src-ahu-0279-000,2026-01-15T12:39:00Z,ahu-a-f01-east,ON,NORMAL,14.24,24.18,14.00
src-ahu-0279-001,2026-01-15T12:39:00Z,ahu-a-f01-west,ON,NORMAL,14.19,23.96,14.00
src-ahu-0279-002,2026-01-15T12:39:00Z,ahu-a-f02-east,ON,NORMAL,14.14,24.08,14.00
src-ahu-0279-003,2026-01-15T12:39:00Z,ahu-a-f02-west,ON,NORMAL,14.07,23.96,14.00
src-ahu-0279-004,2026-01-15T12:39:00Z,ahu-a-f03-east,ON,NORMAL,14.01,24.00,14.00
src-ahu-0279-005,2026-01-15T12:39:00Z,ahu-a-f03-west,ON,NORMAL,13.92,23.94,14.00
src-ahu-0279-006,2026-01-15T12:39:00Z,ahu-a-f04-east,ON,NORMAL,13.77,24.19,14.00
src-ahu-0279-007,2026-01-15T12:39:00Z,ahu-a-f04-west,ON,NORMAL,13.74,24.23,14.00
src-ahu-0279-008,2026-01-15T12:39:00Z,ahu-b-f01-east,ON,NORMAL,13.65,23.71,14.00
src-ahu-0279-009,2026-01-15T12:39:00Z,ahu-b-f01-west,ON,NORMAL,13.74,23.96,14.00
src-ahu-0279-010,2026-01-15T12:39:00Z,ahu-b-f02-east,ON,NORMAL,13.68,24.22,14.00
src-ahu-0279-011,2026-01-15T12:39:00Z,ahu-b-f02-west,ON,NORMAL,13.77,24.37,14.00
src-ahu-0279-012,2026-01-15T12:39:00Z,ahu-b-f03-east,ON,NORMAL,13.70,24.77,14.00
src-ahu-0279-013,2026-01-15T12:39:00Z,ahu-b-f03-west,ON,NORMAL,13.66,25.06,14.00
src-ahu-0279-014,2026-01-15T12:39:00Z,ahu-b-f04-east,ON,NORMAL,13.57,25.36,14.00
src-ahu-0279-015,2026-01-15T12:39:00Z,ahu-b-f04-west,ON,NORMAL,13.67,25.58,14.00
src-ahu-0279-016,2026-01-15T12:39:00Z,ahu-c-f01-east,ON,NORMAL,13.65,25.58,14.00
src-ahu-0279-017,2026-01-15T12:39:00Z,ahu-c-f01-west,ON,NORMAL,13.69,25.70,14.00
src-ahu-0279-018,2026-01-15T12:39:00Z,ahu-c-f02-east,ON,NORMAL,13.87,25.92,14.00
src-ahu-0279-019,2026-01-15T12:39:00Z,ahu-c-f02-west,ON,NORMAL,13.94,25.98,14.00
src-ahu-0279-020,2026-01-15T12:39:00Z,ahu-c-f03-east,ON,NORMAL,13.91,26.30,14.00
src-ahu-0279-021,2026-01-15T12:39:00Z,ahu-c-f03-west,ON,NORMAL,13.86,26.18,14.00
src-ahu-0279-022,2026-01-15T12:39:00Z,ahu-c-f04-east,ON,NORMAL,14.08,26.24,14.00
src-ahu-0279-023,2026-01-15T12:39:00Z,ahu-c-f04-west,ON,NORMAL,14.07,26.11,14.00
src-ahu-0280-000,2026-01-15T12:40:00Z,ahu-a-f01-east,ON,NORMAL,14.20,24.16,14.00
src-ahu-0280-001,2026-01-15T12:40:00Z,ahu-a-f01-west,ON,NORMAL,14.21,24.06,14.00
src-ahu-0280-002,2026-01-15T12:40:00Z,ahu-a-f02-east,ON,NORMAL,14.03,24.03,14.00
src-ahu-0280-003,2026-01-15T12:40:00Z,ahu-a-f02-west,ON,NORMAL,14.02,23.92,14.00
src-ahu-0280-004,2026-01-15T12:40:00Z,ahu-a-f03-east,ON,NORMAL,14.02,24.10,14.00
src-ahu-0280-005,2026-01-15T12:40:00Z,ahu-a-f03-west,ON,NORMAL,13.75,24.05,14.00
src-ahu-0280-006,2026-01-15T12:40:00Z,ahu-a-f04-east,ON,NORMAL,13.80,24.09,14.00
src-ahu-0280-007,2026-01-15T12:40:00Z,ahu-a-f04-west,ON,NORMAL,13.74,24.23,14.00
src-ahu-0280-008,2026-01-15T12:40:00Z,ahu-b-f01-east,ON,NORMAL,13.79,23.75,14.00
src-ahu-0280-009,2026-01-15T12:40:00Z,ahu-b-f01-west,ON,NORMAL,13.60,24.01,14.00
src-ahu-0280-010,2026-01-15T12:40:00Z,ahu-b-f02-east,ON,NORMAL,13.55,24.23,14.00
src-ahu-0280-011,2026-01-15T12:40:00Z,ahu-b-f02-west,ON,NORMAL,13.70,24.45,14.00
src-ahu-0280-012,2026-01-15T12:40:00Z,ahu-b-f03-east,ON,NORMAL,13.75,24.73,14.00
src-ahu-0280-013,2026-01-15T12:40:00Z,ahu-b-f03-west,ON,NORMAL,13.54,24.96,14.00
src-ahu-0280-014,2026-01-15T12:40:00Z,ahu-b-f04-east,ON,NORMAL,13.71,25.34,14.00
src-ahu-0280-015,2026-01-15T12:40:00Z,ahu-b-f04-west,ON,NORMAL,13.74,25.53,14.00
src-ahu-0280-016,2026-01-15T12:40:00Z,ahu-c-f01-east,ON,NORMAL,13.85,25.54,14.00
src-ahu-0280-017,2026-01-15T12:40:00Z,ahu-c-f01-west,ON,NORMAL,13.83,25.64,14.00
src-ahu-0280-018,2026-01-15T12:40:00Z,ahu-c-f02-east,ON,NORMAL,13.93,25.95,14.00
src-ahu-0280-019,2026-01-15T12:40:00Z,ahu-c-f02-west,ON,NORMAL,13.95,25.94,14.00
src-ahu-0280-020,2026-01-15T12:40:00Z,ahu-c-f03-east,ON,NORMAL,14.01,26.12,14.00
src-ahu-0280-021,2026-01-15T12:40:00Z,ahu-c-f03-west,ON,NORMAL,14.01,26.19,14.00
src-ahu-0280-022,2026-01-15T12:40:00Z,ahu-c-f04-east,ON,NORMAL,14.03,26.30,14.00
src-ahu-0280-023,2026-01-15T12:40:00Z,ahu-c-f04-west,ON,NORMAL,14.11,26.10,14.00
src-ahu-0281-000,2026-01-15T12:41:00Z,ahu-a-f01-east,ON,NORMAL,14.05,24.12,14.00
src-ahu-0281-001,2026-01-15T12:41:00Z,ahu-a-f01-west,ON,NORMAL,14.17,24.04,14.00
src-ahu-0281-002,2026-01-15T12:41:00Z,ahu-a-f02-east,ON,NORMAL,14.03,24.01,14.00
src-ahu-0281-003,2026-01-15T12:41:00Z,ahu-a-f02-west,ON,NORMAL,14.07,23.89,14.00
src-ahu-0281-004,2026-01-15T12:41:00Z,ahu-a-f03-east,ON,NORMAL,13.98,23.99,14.00
src-ahu-0281-005,2026-01-15T12:41:00Z,ahu-a-f03-west,ON,NORMAL,13.94,24.08,14.00
src-ahu-0281-006,2026-01-15T12:41:00Z,ahu-a-f04-east,ON,NORMAL,13.72,24.20,14.00
src-ahu-0281-007,2026-01-15T12:41:00Z,ahu-a-f04-west,ON,NORMAL,13.82,24.23,14.00
src-ahu-0281-008,2026-01-15T12:41:00Z,ahu-b-f01-east,ON,NORMAL,13.67,23.86,14.00
src-ahu-0281-009,2026-01-15T12:41:00Z,ahu-b-f01-west,ON,NORMAL,13.74,23.94,14.00
src-ahu-0281-010,2026-01-15T12:41:00Z,ahu-b-f02-east,ON,NORMAL,13.56,24.30,14.00
src-ahu-0281-011,2026-01-15T12:41:00Z,ahu-b-f02-west,ON,NORMAL,13.69,24.47,14.00
src-ahu-0281-012,2026-01-15T12:41:00Z,ahu-b-f03-east,ON,NORMAL,13.75,24.80,14.00
src-ahu-0281-013,2026-01-15T12:41:00Z,ahu-b-f03-west,ON,NORMAL,13.60,25.06,14.00
src-ahu-0281-014,2026-01-15T12:41:00Z,ahu-b-f04-east,ON,NORMAL,13.60,25.37,14.00
src-ahu-0281-015,2026-01-15T12:41:00Z,ahu-b-f04-west,ON,NORMAL,13.76,25.54,14.00
src-ahu-0281-016,2026-01-15T12:41:00Z,ahu-c-f01-east,ON,NORMAL,13.80,25.63,14.00
src-ahu-0281-017,2026-01-15T12:41:00Z,ahu-c-f01-west,ON,NORMAL,13.75,25.68,14.00
src-ahu-0281-018,2026-01-15T12:41:00Z,ahu-c-f02-east,ON,NORMAL,13.77,26.07,14.00
src-ahu-0281-019,2026-01-15T12:41:00Z,ahu-c-f02-west,ON,NORMAL,13.82,26.08,14.00
src-ahu-0281-020,2026-01-15T12:41:00Z,ahu-c-f03-east,ON,NORMAL,13.84,26.18,14.00
src-ahu-0281-021,2026-01-15T12:41:00Z,ahu-c-f03-west,ON,NORMAL,13.93,26.16,14.00
src-ahu-0281-022,2026-01-15T12:41:00Z,ahu-c-f04-east,ON,NORMAL,14.06,26.23,14.00
src-ahu-0281-023,2026-01-15T12:41:00Z,ahu-c-f04-west,ON,NORMAL,14.11,26.04,14.00
src-ahu-0282-000,2026-01-15T12:42:00Z,ahu-a-f01-east,ON,NORMAL,14.18,24.07,14.00
src-ahu-0282-001,2026-01-15T12:42:00Z,ahu-a-f01-west,ON,NORMAL,14.10,23.97,14.00
src-ahu-0282-002,2026-01-15T12:42:00Z,ahu-a-f02-east,ON,NORMAL,13.98,23.95,14.00
src-ahu-0282-003,2026-01-15T12:42:00Z,ahu-a-f02-west,ON,NORMAL,14.01,23.84,14.00
src-ahu-0282-004,2026-01-15T12:42:00Z,ahu-a-f03-east,ON,NORMAL,13.89,24.10,14.00
src-ahu-0282-005,2026-01-15T12:42:00Z,ahu-a-f03-west,ON,NORMAL,13.89,23.99,14.00
src-ahu-0282-006,2026-01-15T12:42:00Z,ahu-a-f04-east,ON,NORMAL,13.85,24.18,14.00
src-ahu-0282-007,2026-01-15T12:42:00Z,ahu-a-f04-west,ON,NORMAL,13.79,24.24,14.00
src-ahu-0282-008,2026-01-15T12:42:00Z,ahu-b-f01-east,ON,NORMAL,13.74,23.76,14.00
src-ahu-0282-009,2026-01-15T12:42:00Z,ahu-b-f01-west,ON,NORMAL,13.61,23.95,14.00
src-ahu-0282-010,2026-01-15T12:42:00Z,ahu-b-f02-east,ON,NORMAL,13.68,24.32,14.00
src-ahu-0282-011,2026-01-15T12:42:00Z,ahu-b-f02-west,ON,NORMAL,13.57,24.53,14.00
src-ahu-0282-012,2026-01-15T12:42:00Z,ahu-b-f03-east,ON,NORMAL,13.59,24.88,14.00
src-ahu-0282-013,2026-01-15T12:42:00Z,ahu-b-f03-west,ON,NORMAL,13.76,25.02,14.00
src-ahu-0282-014,2026-01-15T12:42:00Z,ahu-b-f04-east,ON,NORMAL,13.66,25.53,14.00
src-ahu-0282-015,2026-01-15T12:42:00Z,ahu-b-f04-west,ON,NORMAL,13.66,25.65,14.00
src-ahu-0282-016,2026-01-15T12:42:00Z,ahu-c-f01-east,ON,NORMAL,13.80,25.62,14.00
src-ahu-0282-017,2026-01-15T12:42:00Z,ahu-c-f01-west,ON,NORMAL,13.84,25.81,14.00
src-ahu-0282-018,2026-01-15T12:42:00Z,ahu-c-f02-east,ON,NORMAL,13.76,25.95,14.00
src-ahu-0282-019,2026-01-15T12:42:00Z,ahu-c-f02-west,ON,NORMAL,14.02,26.00,14.00
src-ahu-0282-020,2026-01-15T12:42:00Z,ahu-c-f03-east,ON,NORMAL,14.07,26.12,14.00
src-ahu-0282-021,2026-01-15T12:42:00Z,ahu-c-f03-west,ON,NORMAL,14.10,26.05,14.00
src-ahu-0282-022,2026-01-15T12:42:00Z,ahu-c-f04-east,ON,NORMAL,14.06,26.25,14.00
src-ahu-0282-023,2026-01-15T12:42:00Z,ahu-c-f04-west,ON,NORMAL,14.24,26.19,14.00
src-ahu-0283-000,2026-01-15T12:43:00Z,ahu-a-f01-east,ON,NORMAL,13.96,24.07,14.00
src-ahu-0283-001,2026-01-15T12:43:00Z,ahu-a-f01-west,ON,NORMAL,13.98,23.87,14.00
src-ahu-0283-002,2026-01-15T12:43:00Z,ahu-a-f02-east,ON,NORMAL,14.03,23.96,14.00
src-ahu-0283-003,2026-01-15T12:43:00Z,ahu-a-f02-west,ON,NORMAL,13.83,23.79,14.00
src-ahu-0283-004,2026-01-15T12:43:00Z,ahu-a-f03-east,ON,NORMAL,13.93,23.98,14.00
src-ahu-0283-005,2026-01-15T12:43:00Z,ahu-a-f03-west,ON,NORMAL,13.83,23.97,14.00
src-ahu-0283-006,2026-01-15T12:43:00Z,ahu-a-f04-east,ON,NORMAL,13.77,24.20,14.00
src-ahu-0283-007,2026-01-15T12:43:00Z,ahu-a-f04-west,ON,NORMAL,13.67,24.22,14.00
src-ahu-0283-008,2026-01-15T12:43:00Z,ahu-b-f01-east,ON,NORMAL,13.56,23.91,14.00
src-ahu-0283-009,2026-01-15T12:43:00Z,ahu-b-f01-west,ON,NORMAL,13.55,24.02,14.00
src-ahu-0283-010,2026-01-15T12:43:00Z,ahu-b-f02-east,ON,NORMAL,13.61,24.40,14.00
src-ahu-0283-011,2026-01-15T12:43:00Z,ahu-b-f02-west,ON,NORMAL,13.71,24.49,14.00
src-ahu-0283-012,2026-01-15T12:43:00Z,ahu-b-f03-east,ON,NORMAL,13.74,24.84,14.00
src-ahu-0283-013,2026-01-15T12:43:00Z,ahu-b-f03-west,ON,NORMAL,13.66,25.12,14.00
src-ahu-0283-014,2026-01-15T12:43:00Z,ahu-b-f04-east,ON,NORMAL,13.64,25.52,14.00
src-ahu-0283-015,2026-01-15T12:43:00Z,ahu-b-f04-west,ON,NORMAL,13.75,25.61,14.00
src-ahu-0283-016,2026-01-15T12:43:00Z,ahu-c-f01-east,ON,NORMAL,13.78,25.66,14.00
src-ahu-0283-017,2026-01-15T12:43:00Z,ahu-c-f01-west,ON,NORMAL,13.85,25.71,14.00
src-ahu-0283-018,2026-01-15T12:43:00Z,ahu-c-f02-east,ON,NORMAL,13.81,25.96,14.00
src-ahu-0283-019,2026-01-15T12:43:00Z,ahu-c-f02-west,ON,NORMAL,13.89,26.01,14.00
src-ahu-0283-020,2026-01-15T12:43:00Z,ahu-c-f03-east,ON,NORMAL,13.97,26.09,14.00
src-ahu-0283-021,2026-01-15T12:43:00Z,ahu-c-f03-west,ON,NORMAL,14.08,26.10,14.00
src-ahu-0283-022,2026-01-15T12:43:00Z,ahu-c-f04-east,ON,NORMAL,14.16,26.19,14.00
src-ahu-0283-023,2026-01-15T12:43:00Z,ahu-c-f04-west,ON,NORMAL,14.26,26.05,14.00
src-ahu-0284-000,2026-01-15T12:44:00Z,ahu-a-f01-east,ON,NORMAL,13.98,24.05,14.00
src-ahu-0284-001,2026-01-15T12:44:00Z,ahu-a-f01-west,ON,NORMAL,14.09,24.00,14.00
src-ahu-0284-002,2026-01-15T12:44:00Z,ahu-a-f02-east,ON,NORMAL,13.88,24.03,14.00
src-ahu-0284-003,2026-01-15T12:44:00Z,ahu-a-f02-west,ON,NORMAL,13.78,23.88,14.00
src-ahu-0284-004,2026-01-15T12:44:00Z,ahu-a-f03-east,ON,NORMAL,13.74,24.04,14.00
src-ahu-0284-005,2026-01-15T12:44:00Z,ahu-a-f03-west,ON,NORMAL,13.70,24.03,14.00
src-ahu-0284-006,2026-01-15T12:44:00Z,ahu-a-f04-east,ON,NORMAL,13.80,24.30,14.00
src-ahu-0284-007,2026-01-15T12:44:00Z,ahu-a-f04-west,ON,NORMAL,13.61,24.27,14.00
src-ahu-0284-008,2026-01-15T12:44:00Z,ahu-b-f01-east,ON,NORMAL,13.57,23.86,14.00
src-ahu-0284-009,2026-01-15T12:44:00Z,ahu-b-f01-west,ON,NORMAL,13.67,24.02,14.00
src-ahu-0284-010,2026-01-15T12:44:00Z,ahu-b-f02-east,ON,NORMAL,13.61,24.35,14.00
src-ahu-0284-011,2026-01-15T12:44:00Z,ahu-b-f02-west,ON,NORMAL,13.76,24.57,14.00
src-ahu-0284-012,2026-01-15T12:44:00Z,ahu-b-f03-east,ON,NORMAL,13.63,24.95,14.00
src-ahu-0284-013,2026-01-15T12:44:00Z,ahu-b-f03-west,ON,NORMAL,13.66,25.09,14.00
src-ahu-0284-014,2026-01-15T12:44:00Z,ahu-b-f04-east,ON,NORMAL,13.70,25.48,14.00
src-ahu-0284-015,2026-01-15T12:44:00Z,ahu-b-f04-west,ON,NORMAL,13.88,25.71,14.00
src-ahu-0284-016,2026-01-15T12:44:00Z,ahu-c-f01-east,ON,NORMAL,13.72,25.59,14.00
src-ahu-0284-017,2026-01-15T12:44:00Z,ahu-c-f01-west,ON,NORMAL,13.86,25.82,14.00
src-ahu-0284-018,2026-01-15T12:44:00Z,ahu-c-f02-east,ON,NORMAL,13.86,26.04,14.00
src-ahu-0284-019,2026-01-15T12:44:00Z,ahu-c-f02-west,ON,NORMAL,13.98,26.08,14.00
src-ahu-0284-020,2026-01-15T12:44:00Z,ahu-c-f03-east,ON,NORMAL,14.16,26.16,14.00
src-ahu-0284-021,2026-01-15T12:44:00Z,ahu-c-f03-west,ON,NORMAL,14.11,26.01,14.00
src-ahu-0284-022,2026-01-15T12:44:00Z,ahu-c-f04-east,ON,NORMAL,14.21,26.11,14.00
src-ahu-0284-023,2026-01-15T12:44:00Z,ahu-c-f04-west,ON,NORMAL,14.19,25.99,14.00
src-ahu-0285-000,2026-01-15T12:45:00Z,ahu-a-f01-east,ON,NORMAL,13.98,24.01,14.00
src-ahu-0285-001,2026-01-15T12:45:00Z,ahu-a-f01-west,ON,NORMAL,13.91,23.98,14.00
src-ahu-0285-002,2026-01-15T12:45:00Z,ahu-a-f02-east,ON,NORMAL,13.90,23.86,14.00
src-ahu-0285-003,2026-01-15T12:45:00Z,ahu-a-f02-west,ON,NORMAL,13.83,23.91,14.00
src-ahu-0285-004,2026-01-15T12:45:00Z,ahu-a-f03-east,ON,NORMAL,13.70,23.97,14.00
src-ahu-0285-005,2026-01-15T12:45:00Z,ahu-a-f03-west,ON,NORMAL,13.74,23.98,14.00
src-ahu-0285-006,2026-01-15T12:45:00Z,ahu-a-f04-east,ON,NORMAL,13.65,24.15,14.00
src-ahu-0285-007,2026-01-15T12:45:00Z,ahu-a-f04-west,ON,NORMAL,13.68,24.34,14.00
src-ahu-0285-008,2026-01-15T12:45:00Z,ahu-b-f01-east,ON,NORMAL,13.67,23.80,14.00
src-ahu-0285-009,2026-01-15T12:45:00Z,ahu-b-f01-west,ON,NORMAL,13.75,24.07,14.00
src-ahu-0285-010,2026-01-15T12:45:00Z,ahu-b-f02-east,ON,NORMAL,13.70,24.47,14.00
src-ahu-0285-011,2026-01-15T12:45:00Z,ahu-b-f02-west,ON,NORMAL,13.76,24.63,14.00
src-ahu-0285-012,2026-01-15T12:45:00Z,ahu-b-f03-east,ON,NORMAL,13.77,24.96,14.00
src-ahu-0285-013,2026-01-15T12:45:00Z,ahu-b-f03-west,ON,NORMAL,13.72,25.08,14.00
src-ahu-0285-014,2026-01-15T12:45:00Z,ahu-b-f04-east,ON,NORMAL,13.82,25.45,14.00
src-ahu-0285-015,2026-01-15T12:45:00Z,ahu-b-f04-west,ON,NORMAL,13.90,25.58,14.00
src-ahu-0285-016,2026-01-15T12:45:00Z,ahu-c-f01-east,ON,NORMAL,13.95,25.64,14.00
src-ahu-0285-017,2026-01-15T12:45:00Z,ahu-c-f01-west,ON,NORMAL,13.90,25.74,14.00
src-ahu-0285-018,2026-01-15T12:45:00Z,ahu-c-f02-east,ON,NORMAL,13.97,26.02,14.00
src-ahu-0285-019,2026-01-15T12:45:00Z,ahu-c-f02-west,ON,NORMAL,14.00,25.98,14.00
src-ahu-0285-020,2026-01-15T12:45:00Z,ahu-c-f03-east,ON,NORMAL,14.14,26.19,14.00
src-ahu-0285-021,2026-01-15T12:45:00Z,ahu-c-f03-west,ON,NORMAL,14.06,26.04,14.00
src-ahu-0285-022,2026-01-15T12:45:00Z,ahu-c-f04-east,ON,NORMAL,14.28,26.24,14.00
src-ahu-0285-023,2026-01-15T12:45:00Z,ahu-c-f04-west,ON,NORMAL,14.16,26.12,14.00
src-ahu-0286-000,2026-01-15T12:46:00Z,ahu-a-f01-east,ON,NORMAL,13.89,24.04,14.00
src-ahu-0286-001,2026-01-15T12:46:00Z,ahu-a-f01-west,ON,NORMAL,13.85,23.87,14.00
src-ahu-0286-002,2026-01-15T12:46:00Z,ahu-a-f02-east,ON,NORMAL,13.96,24.04,14.00
src-ahu-0286-003,2026-01-15T12:46:00Z,ahu-a-f02-west,ON,NORMAL,13.74,23.90,14.00
src-ahu-0286-004,2026-01-15T12:46:00Z,ahu-a-f03-east,ON,NORMAL,13.66,24.05,14.00
src-ahu-0286-005,2026-01-15T12:46:00Z,ahu-a-f03-west,ON,NORMAL,13.70,24.09,14.00
src-ahu-0286-006,2026-01-15T12:46:00Z,ahu-a-f04-east,ON,NORMAL,13.70,24.34,14.00
src-ahu-0286-007,2026-01-15T12:46:00Z,ahu-a-f04-west,ON,NORMAL,13.76,24.33,14.00
src-ahu-0286-008,2026-01-15T12:46:00Z,ahu-b-f01-east,ON,NORMAL,13.75,23.87,14.00
src-ahu-0286-009,2026-01-15T12:46:00Z,ahu-b-f01-west,ON,NORMAL,13.71,24.05,14.00
src-ahu-0286-010,2026-01-15T12:46:00Z,ahu-b-f02-east,ON,NORMAL,13.55,24.34,14.00
src-ahu-0286-011,2026-01-15T12:46:00Z,ahu-b-f02-west,ON,NORMAL,13.74,24.65,14.00
src-ahu-0286-012,2026-01-15T12:46:00Z,ahu-b-f03-east,ON,NORMAL,13.65,25.02,14.00
src-ahu-0286-013,2026-01-15T12:46:00Z,ahu-b-f03-west,ON,NORMAL,13.60,25.22,14.00
src-ahu-0286-014,2026-01-15T12:46:00Z,ahu-b-f04-east,ON,NORMAL,13.86,25.55,14.00
src-ahu-0286-015,2026-01-15T12:46:00Z,ahu-b-f04-west,ON,NORMAL,13.89,25.75,14.00
src-ahu-0286-016,2026-01-15T12:46:00Z,ahu-c-f01-east,ON,NORMAL,13.84,25.62,14.00
src-ahu-0286-017,2026-01-15T12:46:00Z,ahu-c-f01-west,ON,NORMAL,13.90,25.75,14.00
src-ahu-0286-018,2026-01-15T12:46:00Z,ahu-c-f02-east,ON,NORMAL,13.86,26.02,14.00
src-ahu-0286-019,2026-01-15T12:46:00Z,ahu-c-f02-west,ON,NORMAL,13.94,25.90,14.00
src-ahu-0286-020,2026-01-15T12:46:00Z,ahu-c-f03-east,ON,NORMAL,14.08,26.23,14.00
src-ahu-0286-021,2026-01-15T12:46:00Z,ahu-c-f03-west,ON,NORMAL,14.14,26.02,14.00
src-ahu-0286-022,2026-01-15T12:46:00Z,ahu-c-f04-east,ON,NORMAL,14.09,26.19,14.00
src-ahu-0286-023,2026-01-15T12:46:00Z,ahu-c-f04-west,ON,NORMAL,14.36,25.98,14.00
src-ahu-0287-000,2026-01-15T12:47:00Z,ahu-a-f01-east,ON,NORMAL,14.09,24.00,14.00
src-ahu-0287-001,2026-01-15T12:47:00Z,ahu-a-f01-west,ON,NORMAL,13.99,23.84,14.00
src-ahu-0287-002,2026-01-15T12:47:00Z,ahu-a-f02-east,ON,NORMAL,13.80,23.86,14.00
src-ahu-0287-003,2026-01-15T12:47:00Z,ahu-a-f02-west,ON,NORMAL,13.84,23.77,14.00
src-ahu-0287-004,2026-01-15T12:47:00Z,ahu-a-f03-east,ON,NORMAL,13.71,23.99,14.00
src-ahu-0287-005,2026-01-15T12:47:00Z,ahu-a-f03-west,ON,NORMAL,13.67,24.01,14.00
src-ahu-0287-006,2026-01-15T12:47:00Z,ahu-a-f04-east,ON,NORMAL,13.74,24.17,14.00
src-ahu-0287-007,2026-01-15T12:47:00Z,ahu-a-f04-west,ON,NORMAL,13.77,24.38,14.00
src-ahu-0287-008,2026-01-15T12:47:00Z,ahu-b-f01-east,ON,NORMAL,13.61,23.88,14.00
src-ahu-0287-009,2026-01-15T12:47:00Z,ahu-b-f01-west,ON,NORMAL,13.59,23.98,14.00
src-ahu-0287-010,2026-01-15T12:47:00Z,ahu-b-f02-east,ON,NORMAL,13.62,24.49,14.00
src-ahu-0287-011,2026-01-15T12:47:00Z,ahu-b-f02-west,ON,NORMAL,13.67,24.70,14.00
src-ahu-0287-012,2026-01-15T12:47:00Z,ahu-b-f03-east,ON,NORMAL,13.76,25.07,14.00
src-ahu-0287-013,2026-01-15T12:47:00Z,ahu-b-f03-west,ON,NORMAL,13.81,25.29,14.00
src-ahu-0287-014,2026-01-15T12:47:00Z,ahu-b-f04-east,ON,NORMAL,13.69,25.61,14.00
src-ahu-0287-015,2026-01-15T12:47:00Z,ahu-b-f04-west,ON,NORMAL,13.77,25.63,14.00
src-ahu-0287-016,2026-01-15T12:47:00Z,ahu-c-f01-east,ON,NORMAL,13.96,25.72,14.00
src-ahu-0287-017,2026-01-15T12:47:00Z,ahu-c-f01-west,ON,NORMAL,14.03,25.77,14.00
src-ahu-0287-018,2026-01-15T12:47:00Z,ahu-c-f02-east,ON,NORMAL,13.90,25.94,14.00
src-ahu-0287-019,2026-01-15T12:47:00Z,ahu-c-f02-west,ON,NORMAL,13.98,26.02,14.00
src-ahu-0287-020,2026-01-15T12:47:00Z,ahu-c-f03-east,ON,NORMAL,14.14,26.14,14.00
src-ahu-0287-021,2026-01-15T12:47:00Z,ahu-c-f03-west,ON,NORMAL,14.08,26.02,14.00
src-ahu-0287-022,2026-01-15T12:47:00Z,ahu-c-f04-east,ON,NORMAL,14.10,26.12,14.00
src-ahu-0287-023,2026-01-15T12:47:00Z,ahu-c-f04-west,ON,NORMAL,14.16,26.05,14.00
src-ahu-0288-000,2026-01-15T12:48:00Z,ahu-a-f01-east,ON,NORMAL,13.84,23.94,14.00
src-ahu-0288-001,2026-01-15T12:48:00Z,ahu-a-f01-west,ON,NORMAL,13.96,23.77,14.00
src-ahu-0288-002,2026-01-15T12:48:00Z,ahu-a-f02-east,ON,NORMAL,13.90,23.86,14.00
src-ahu-0288-003,2026-01-15T12:48:00Z,ahu-a-f02-west,ON,NORMAL,13.82,23.84,14.00
src-ahu-0288-004,2026-01-15T12:48:00Z,ahu-a-f03-east,ON,NORMAL,13.77,23.98,14.00
src-ahu-0288-005,2026-01-15T12:48:00Z,ahu-a-f03-west,ON,NORMAL,13.82,24.02,14.00
src-ahu-0288-006,2026-01-15T12:48:00Z,ahu-a-f04-east,ON,NORMAL,13.60,24.21,14.00
src-ahu-0288-007,2026-01-15T12:48:00Z,ahu-a-f04-west,ON,NORMAL,13.74,24.35,14.00
src-ahu-0288-008,2026-01-15T12:48:00Z,ahu-b-f01-east,ON,NORMAL,13.74,23.94,14.00
src-ahu-0288-009,2026-01-15T12:48:00Z,ahu-b-f01-west,ON,NORMAL,13.77,24.16,14.00
src-ahu-0288-010,2026-01-15T12:48:00Z,ahu-b-f02-east,ON,NORMAL,13.77,24.51,14.00
src-ahu-0288-011,2026-01-15T12:48:00Z,ahu-b-f02-west,ON,NORMAL,13.60,24.69,14.00
src-ahu-0288-012,2026-01-15T12:48:00Z,ahu-b-f03-east,ON,NORMAL,13.65,25.05,14.00
src-ahu-0288-013,2026-01-15T12:48:00Z,ahu-b-f03-west,ON,NORMAL,13.85,25.30,14.00
src-ahu-0288-014,2026-01-15T12:48:00Z,ahu-b-f04-east,ON,NORMAL,13.90,25.58,14.00
src-ahu-0288-015,2026-01-15T12:48:00Z,ahu-b-f04-west,ON,NORMAL,13.90,25.71,14.00
src-ahu-0288-016,2026-01-15T12:48:00Z,ahu-c-f01-east,ON,NORMAL,13.92,25.76,14.00
src-ahu-0288-017,2026-01-15T12:48:00Z,ahu-c-f01-west,ON,NORMAL,13.89,25.75,14.00
src-ahu-0288-018,2026-01-15T12:48:00Z,ahu-c-f02-east,ON,NORMAL,14.11,25.98,14.00
src-ahu-0288-019,2026-01-15T12:48:00Z,ahu-c-f02-west,ON,NORMAL,14.14,26.00,14.00
src-ahu-0288-020,2026-01-15T12:48:00Z,ahu-c-f03-east,ON,NORMAL,14.18,26.16,14.00
src-ahu-0288-021,2026-01-15T12:48:00Z,ahu-c-f03-west,ON,NORMAL,14.27,25.94,14.00
src-ahu-0288-022,2026-01-15T12:48:00Z,ahu-c-f04-east,ON,NORMAL,14.31,26.05,14.00
src-ahu-0288-023,2026-01-15T12:48:00Z,ahu-c-f04-west,ON,NORMAL,14.22,25.92,14.00
src-ahu-0289-000,2026-01-15T12:49:00Z,ahu-a-f01-east,ON,NORMAL,13.81,23.98,14.00
src-ahu-0289-001,2026-01-15T12:49:00Z,ahu-a-f01-west,ON,NORMAL,13.83,23.84,14.00
src-ahu-0289-002,2026-01-15T12:49:00Z,ahu-a-f02-east,ON,NORMAL,13.73,23.86,14.00
src-ahu-0289-003,2026-01-15T12:49:00Z,ahu-a-f02-west,ON,NORMAL,13.86,23.88,14.00
src-ahu-0289-004,2026-01-15T12:49:00Z,ahu-a-f03-east,ON,NORMAL,13.61,23.94,14.00
src-ahu-0289-005,2026-01-15T12:49:00Z,ahu-a-f03-west,ON,NORMAL,13.73,24.04,14.00
src-ahu-0289-006,2026-01-15T12:49:00Z,ahu-a-f04-east,ON,NORMAL,13.62,24.33,14.00
src-ahu-0289-007,2026-01-15T12:49:00Z,ahu-a-f04-west,ON,NORMAL,13.65,24.41,14.00
src-ahu-0289-008,2026-01-15T12:49:00Z,ahu-b-f01-east,ON,NORMAL,13.54,24.02,14.00
src-ahu-0289-009,2026-01-15T12:49:00Z,ahu-b-f01-west,ON,NORMAL,13.72,24.11,14.00
src-ahu-0289-010,2026-01-15T12:49:00Z,ahu-b-f02-east,ON,NORMAL,13.66,24.55,14.00
src-ahu-0289-011,2026-01-15T12:49:00Z,ahu-b-f02-west,ON,NORMAL,13.72,24.75,14.00
src-ahu-0289-012,2026-01-15T12:49:00Z,ahu-b-f03-east,ON,NORMAL,13.84,25.12,14.00
src-ahu-0289-013,2026-01-15T12:49:00Z,ahu-b-f03-west,ON,NORMAL,13.69,25.29,14.00
src-ahu-0289-014,2026-01-15T12:49:00Z,ahu-b-f04-east,ON,NORMAL,13.80,25.65,14.00
src-ahu-0289-015,2026-01-15T12:49:00Z,ahu-b-f04-west,ON,NORMAL,13.90,25.77,14.00
src-ahu-0289-016,2026-01-15T12:49:00Z,ahu-c-f01-east,ON,NORMAL,14.00,25.75,14.00
src-ahu-0289-017,2026-01-15T12:49:00Z,ahu-c-f01-west,ON,NORMAL,14.08,25.84,14.00
src-ahu-0289-018,2026-01-15T12:49:00Z,ahu-c-f02-east,ON,NORMAL,14.17,26.00,14.00
src-ahu-0289-019,2026-01-15T12:49:00Z,ahu-c-f02-west,ON,NORMAL,14.01,26.01,14.00
src-ahu-0289-020,2026-01-15T12:49:00Z,ahu-c-f03-east,ON,NORMAL,14.26,26.08,14.00
src-ahu-0289-021,2026-01-15T12:49:00Z,ahu-c-f03-west,ON,NORMAL,14.32,26.09,14.00
src-ahu-0289-022,2026-01-15T12:49:00Z,ahu-c-f04-east,ON,NORMAL,14.27,26.04,14.00
src-ahu-0289-023,2026-01-15T12:49:00Z,ahu-c-f04-west,ON,NORMAL,14.26,25.96,14.00
src-ahu-0290-000,2026-01-15T12:50:00Z,ahu-a-f01-east,ON,NORMAL,13.82,24.00,14.00
src-ahu-0290-001,2026-01-15T12:50:00Z,ahu-a-f01-west,ON,NORMAL,13.75,23.79,14.00
src-ahu-0290-002,2026-01-15T12:50:00Z,ahu-a-f02-east,ON,NORMAL,13.72,23.82,14.00
src-ahu-0290-003,2026-01-15T12:50:00Z,ahu-a-f02-west,ON,NORMAL,13.67,23.87,14.00
src-ahu-0290-004,2026-01-15T12:50:00Z,ahu-a-f03-east,ON,NORMAL,13.80,24.00,14.00
src-ahu-0290-005,2026-01-15T12:50:00Z,ahu-a-f03-west,ON,NORMAL,13.70,24.07,14.00
src-ahu-0290-006,2026-01-15T12:50:00Z,ahu-a-f04-east,ON,NORMAL,13.72,24.26,14.00
src-ahu-0290-007,2026-01-15T12:50:00Z,ahu-a-f04-west,ON,NORMAL,13.53,24.36,14.00
src-ahu-0290-008,2026-01-15T12:50:00Z,ahu-b-f01-east,ON,NORMAL,13.75,24.05,14.00
src-ahu-0290-009,2026-01-15T12:50:00Z,ahu-b-f01-west,ON,NORMAL,13.69,24.23,14.00
src-ahu-0290-010,2026-01-15T12:50:00Z,ahu-b-f02-east,ON,NORMAL,13.65,24.46,14.00
src-ahu-0290-011,2026-01-15T12:50:00Z,ahu-b-f02-west,ON,NORMAL,13.83,24.65,14.00
src-ahu-0290-012,2026-01-15T12:50:00Z,ahu-b-f03-east,ON,NORMAL,13.68,25.12,14.00
src-ahu-0290-013,2026-01-15T12:50:00Z,ahu-b-f03-west,ON,NORMAL,13.69,25.34,14.00
src-ahu-0290-014,2026-01-15T12:50:00Z,ahu-b-f04-east,ON,NORMAL,13.93,25.62,14.00
src-ahu-0290-015,2026-01-15T12:50:00Z,ahu-b-f04-west,ON,NORMAL,13.79,25.86,14.00
src-ahu-0290-016,2026-01-15T12:50:00Z,ahu-c-f01-east,ON,NORMAL,13.95,25.66,14.00
src-ahu-0290-017,2026-01-15T12:50:00Z,ahu-c-f01-west,ON,NORMAL,13.99,25.83,14.00
src-ahu-0290-018,2026-01-15T12:50:00Z,ahu-c-f02-east,ON,NORMAL,14.03,25.96,14.00
src-ahu-0290-019,2026-01-15T12:50:00Z,ahu-c-f02-west,ON,NORMAL,14.09,26.00,14.00
src-ahu-0290-020,2026-01-15T12:50:00Z,ahu-c-f03-east,ON,NORMAL,14.20,26.14,14.00
src-ahu-0290-021,2026-01-15T12:50:00Z,ahu-c-f03-west,ON,NORMAL,14.25,26.03,14.00
src-ahu-0290-022,2026-01-15T12:50:00Z,ahu-c-f04-east,ON,NORMAL,14.39,26.05,14.00
src-ahu-0290-023,2026-01-15T12:50:00Z,ahu-c-f04-west,ON,NORMAL,14.24,25.86,14.00
src-ahu-0291-000,2026-01-15T12:51:00Z,ahu-a-f01-east,ON,NORMAL,13.79,23.87,14.00
src-ahu-0291-001,2026-01-15T12:51:00Z,ahu-a-f01-west,ON,NORMAL,13.92,23.66,14.00
src-ahu-0291-002,2026-01-15T12:51:00Z,ahu-a-f02-east,ON,NORMAL,13.84,23.86,14.00
src-ahu-0291-003,2026-01-15T12:51:00Z,ahu-a-f02-west,ON,NORMAL,13.70,23.78,14.00
src-ahu-0291-004,2026-01-15T12:51:00Z,ahu-a-f03-east,ON,NORMAL,13.73,23.96,14.00
src-ahu-0291-005,2026-01-15T12:51:00Z,ahu-a-f03-west,ON,NORMAL,13.69,24.11,14.00
src-ahu-0291-006,2026-01-15T12:51:00Z,ahu-a-f04-east,ON,NORMAL,13.67,24.30,14.00
src-ahu-0291-007,2026-01-15T12:51:00Z,ahu-a-f04-west,ON,NORMAL,13.64,24.43,14.00
src-ahu-0291-008,2026-01-15T12:51:00Z,ahu-b-f01-east,ON,NORMAL,13.75,23.95,14.00
src-ahu-0291-009,2026-01-15T12:51:00Z,ahu-b-f01-west,ON,NORMAL,13.63,24.23,14.00
src-ahu-0291-010,2026-01-15T12:51:00Z,ahu-b-f02-east,ON,NORMAL,13.64,24.55,14.00
src-ahu-0291-011,2026-01-15T12:51:00Z,ahu-b-f02-west,ON,NORMAL,13.76,24.67,14.00
src-ahu-0291-012,2026-01-15T12:51:00Z,ahu-b-f03-east,ON,NORMAL,13.76,25.11,14.00
src-ahu-0291-013,2026-01-15T12:51:00Z,ahu-b-f03-west,ON,NORMAL,13.76,25.35,14.00
src-ahu-0291-014,2026-01-15T12:51:00Z,ahu-b-f04-east,ON,NORMAL,13.78,25.70,14.00
src-ahu-0291-015,2026-01-15T12:51:00Z,ahu-b-f04-west,ON,NORMAL,13.85,25.76,14.00
src-ahu-0291-016,2026-01-15T12:51:00Z,ahu-c-f01-east,ON,NORMAL,13.95,25.82,14.00
src-ahu-0291-017,2026-01-15T12:51:00Z,ahu-c-f01-west,ON,NORMAL,14.11,25.87,14.00
src-ahu-0291-018,2026-01-15T12:51:00Z,ahu-c-f02-east,ON,NORMAL,14.18,26.03,14.00
src-ahu-0291-019,2026-01-15T12:51:00Z,ahu-c-f02-west,ON,NORMAL,14.27,25.92,14.00
src-ahu-0291-020,2026-01-15T12:51:00Z,ahu-c-f03-east,ON,NORMAL,14.13,26.05,14.00
src-ahu-0291-021,2026-01-15T12:51:00Z,ahu-c-f03-west,ON,NORMAL,14.19,26.04,14.00
src-ahu-0291-022,2026-01-15T12:51:00Z,ahu-c-f04-east,ON,NORMAL,14.26,25.94,14.00
src-ahu-0291-023,2026-01-15T12:51:00Z,ahu-c-f04-west,ON,NORMAL,14.32,25.77,14.00
src-ahu-0292-000,2026-01-15T12:52:00Z,ahu-a-f01-east,ON,NORMAL,13.89,23.82,14.00
src-ahu-0292-001,2026-01-15T12:52:00Z,ahu-a-f01-west,ON,NORMAL,13.75,23.80,14.00
src-ahu-0292-002,2026-01-15T12:52:00Z,ahu-a-f02-east,ON,NORMAL,13.76,23.89,14.00
src-ahu-0292-003,2026-01-15T12:52:00Z,ahu-a-f02-west,ON,NORMAL,13.79,23.86,14.00
src-ahu-0292-004,2026-01-15T12:52:00Z,ahu-a-f03-east,ON,NORMAL,13.67,24.09,14.00
src-ahu-0292-005,2026-01-15T12:52:00Z,ahu-a-f03-west,ON,NORMAL,13.78,24.05,14.00
src-ahu-0292-006,2026-01-15T12:52:00Z,ahu-a-f04-east,ON,NORMAL,13.70,24.27,14.00
src-ahu-0292-007,2026-01-15T12:52:00Z,ahu-a-f04-west,ON,NORMAL,13.71,24.45,14.00
src-ahu-0292-008,2026-01-15T12:52:00Z,ahu-b-f01-east,ON,NORMAL,13.57,24.07,14.00
src-ahu-0292-009,2026-01-15T12:52:00Z,ahu-b-f01-west,ON,NORMAL,13.64,24.22,14.00
src-ahu-0292-010,2026-01-15T12:52:00Z,ahu-b-f02-east,ON,NORMAL,13.69,24.55,14.00
src-ahu-0292-011,2026-01-15T12:52:00Z,ahu-b-f02-west,ON,NORMAL,13.76,24.81,14.00
src-ahu-0292-012,2026-01-15T12:52:00Z,ahu-b-f03-east,ON,NORMAL,13.90,25.11,14.00
src-ahu-0292-013,2026-01-15T12:52:00Z,ahu-b-f03-west,ON,NORMAL,13.77,25.33,14.00
src-ahu-0292-014,2026-01-15T12:52:00Z,ahu-b-f04-east,ON,NORMAL,13.78,25.67,14.00
src-ahu-0292-015,2026-01-15T12:52:00Z,ahu-b-f04-west,ON,NORMAL,14.03,25.80,14.00
src-ahu-0292-016,2026-01-15T12:52:00Z,ahu-c-f01-east,ON,NORMAL,14.11,25.86,14.00
src-ahu-0292-017,2026-01-15T12:52:00Z,ahu-c-f01-west,ON,NORMAL,14.03,25.81,14.00
src-ahu-0292-018,2026-01-15T12:52:00Z,ahu-c-f02-east,ON,NORMAL,14.24,26.00,14.00
src-ahu-0292-019,2026-01-15T12:52:00Z,ahu-c-f02-west,ON,NORMAL,14.13,25.93,14.00
src-ahu-0292-020,2026-01-15T12:52:00Z,ahu-c-f03-east,ON,NORMAL,14.31,26.15,14.00
src-ahu-0292-021,2026-01-15T12:52:00Z,ahu-c-f03-west,ON,NORMAL,14.26,25.89,14.00
src-ahu-0292-022,2026-01-15T12:52:00Z,ahu-c-f04-east,ON,NORMAL,14.31,26.07,14.00
src-ahu-0292-023,2026-01-15T12:52:00Z,ahu-c-f04-west,ON,NORMAL,14.22,25.89,14.00
src-ahu-0293-000,2026-01-15T12:53:00Z,ahu-a-f01-east,ON,NORMAL,13.89,23.84,14.00
src-ahu-0293-001,2026-01-15T12:53:00Z,ahu-a-f01-west,ON,NORMAL,13.76,23.65,14.00
src-ahu-0293-002,2026-01-15T12:53:00Z,ahu-a-f02-east,ON,NORMAL,13.62,23.80,14.00
src-ahu-0293-003,2026-01-15T12:53:00Z,ahu-a-f02-west,ON,NORMAL,13.64,23.84,14.00
src-ahu-0293-004,2026-01-15T12:53:00Z,ahu-a-f03-east,ON,NORMAL,13.57,24.05,14.00
src-ahu-0293-005,2026-01-15T12:53:00Z,ahu-a-f03-west,ON,NORMAL,13.71,24.06,14.00
src-ahu-0293-006,2026-01-15T12:53:00Z,ahu-a-f04-east,ON,NORMAL,13.69,24.36,14.00
src-ahu-0293-007,2026-01-15T12:53:00Z,ahu-a-f04-west,ON,NORMAL,13.71,24.50,14.00
src-ahu-0293-008,2026-01-15T12:53:00Z,ahu-b-f01-east,ON,NORMAL,13.73,24.01,14.00
src-ahu-0293-009,2026-01-15T12:53:00Z,ahu-b-f01-west,ON,NORMAL,13.66,24.22,14.00
src-ahu-0293-010,2026-01-15T12:53:00Z,ahu-b-f02-east,ON,NORMAL,13.63,24.69,14.00
src-ahu-0293-011,2026-01-15T12:53:00Z,ahu-b-f02-west,ON,NORMAL,13.80,24.89,14.00
src-ahu-0293-012,2026-01-15T12:53:00Z,ahu-b-f03-east,ON,NORMAL,13.71,25.25,14.00
src-ahu-0293-013,2026-01-15T12:53:00Z,ahu-b-f03-west,ON,NORMAL,13.79,25.36,14.00
src-ahu-0293-014,2026-01-15T12:53:00Z,ahu-b-f04-east,ON,NORMAL,13.89,25.74,14.00
src-ahu-0293-015,2026-01-15T12:53:00Z,ahu-b-f04-west,ON,NORMAL,14.08,25.85,14.00
src-ahu-0293-016,2026-01-15T12:53:00Z,ahu-c-f01-east,ON,NORMAL,14.16,25.79,14.00
src-ahu-0293-017,2026-01-15T12:53:00Z,ahu-c-f01-west,ON,NORMAL,14.17,25.77,14.00
src-ahu-0293-018,2026-01-15T12:53:00Z,ahu-c-f02-east,ON,NORMAL,14.25,26.07,14.00
src-ahu-0293-019,2026-01-15T12:53:00Z,ahu-c-f02-west,ON,NORMAL,14.30,25.92,14.00
src-ahu-0293-020,2026-01-15T12:53:00Z,ahu-c-f03-east,ON,NORMAL,14.15,26.01,14.00
src-ahu-0293-021,2026-01-15T12:53:00Z,ahu-c-f03-west,ON,NORMAL,14.41,25.92,14.00
src-ahu-0293-022,2026-01-15T12:53:00Z,ahu-c-f04-east,ON,NORMAL,14.38,25.91,14.00
src-ahu-0293-023,2026-01-15T12:53:00Z,ahu-c-f04-west,ON,NORMAL,14.28,25.83,14.00
src-ahu-0294-000,2026-01-15T12:54:00Z,ahu-a-f01-east,ON,NORMAL,13.73,23.84,14.00
src-ahu-0294-001,2026-01-15T12:54:00Z,ahu-a-f01-west,ON,NORMAL,13.79,23.76,14.00
src-ahu-0294-002,2026-01-15T12:54:00Z,ahu-a-f02-east,ON,NORMAL,13.69,23.77,14.00
src-ahu-0294-003,2026-01-15T12:54:00Z,ahu-a-f02-west,ON,NORMAL,13.70,23.71,14.00
src-ahu-0294-004,2026-01-15T12:54:00Z,ahu-a-f03-east,ON,NORMAL,13.74,24.10,14.00
src-ahu-0294-005,2026-01-15T12:54:00Z,ahu-a-f03-west,ON,NORMAL,13.65,24.06,14.00
src-ahu-0294-006,2026-01-15T12:54:00Z,ahu-a-f04-east,ON,NORMAL,13.57,24.37,14.00
src-ahu-0294-007,2026-01-15T12:54:00Z,ahu-a-f04-west,ON,NORMAL,13.62,24.48,14.00
src-ahu-0294-008,2026-01-15T12:54:00Z,ahu-b-f01-east,ON,NORMAL,13.59,24.18,14.00
src-ahu-0294-009,2026-01-15T12:54:00Z,ahu-b-f01-west,ON,NORMAL,13.74,24.32,14.00
src-ahu-0294-010,2026-01-15T12:54:00Z,ahu-b-f02-east,ON,NORMAL,13.65,24.77,14.00
src-ahu-0294-011,2026-01-15T12:54:00Z,ahu-b-f02-west,ON,NORMAL,13.74,24.83,14.00
src-ahu-0294-012,2026-01-15T12:54:00Z,ahu-b-f03-east,ON,NORMAL,13.73,25.23,14.00
src-ahu-0294-013,2026-01-15T12:54:00Z,ahu-b-f03-west,ON,NORMAL,13.97,25.45,14.00
src-ahu-0294-014,2026-01-15T12:54:00Z,ahu-b-f04-east,ON,NORMAL,13.98,25.74,14.00
src-ahu-0294-015,2026-01-15T12:54:00Z,ahu-b-f04-west,ON,NORMAL,14.11,25.90,14.00
src-ahu-0294-016,2026-01-15T12:54:00Z,ahu-c-f01-east,ON,NORMAL,14.09,25.82,14.00
src-ahu-0294-017,2026-01-15T12:54:00Z,ahu-c-f01-west,ON,NORMAL,14.25,25.79,14.00
src-ahu-0294-018,2026-01-15T12:54:00Z,ahu-c-f02-east,ON,NORMAL,14.29,26.02,14.00
src-ahu-0294-019,2026-01-15T12:54:00Z,ahu-c-f02-west,ON,NORMAL,14.16,25.95,14.00
src-ahu-0294-020,2026-01-15T12:54:00Z,ahu-c-f03-east,ON,NORMAL,14.28,26.09,14.00
src-ahu-0294-021,2026-01-15T12:54:00Z,ahu-c-f03-west,ON,NORMAL,14.23,25.91,14.00
src-ahu-0294-022,2026-01-15T12:54:00Z,ahu-c-f04-east,ON,NORMAL,14.25,26.01,14.00
src-ahu-0294-023,2026-01-15T12:54:00Z,ahu-c-f04-west,ON,NORMAL,14.27,25.78,14.00
src-ahu-0295-000,2026-01-15T12:55:00Z,ahu-a-f01-east,ON,NORMAL,13.77,23.83,14.00
src-ahu-0295-001,2026-01-15T12:55:00Z,ahu-a-f01-west,ON,NORMAL,13.76,23.65,14.00
src-ahu-0295-002,2026-01-15T12:55:00Z,ahu-a-f02-east,ON,NORMAL,13.75,23.84,14.00
src-ahu-0295-003,2026-01-15T12:55:00Z,ahu-a-f02-west,ON,NORMAL,13.74,23.83,14.00
src-ahu-0295-004,2026-01-15T12:55:00Z,ahu-a-f03-east,ON,NORMAL,13.55,23.97,14.00
src-ahu-0295-005,2026-01-15T12:55:00Z,ahu-a-f03-west,ON,NORMAL,13.65,24.08,14.00
src-ahu-0295-006,2026-01-15T12:55:00Z,ahu-a-f04-east,ON,NORMAL,13.59,24.41,14.00
src-ahu-0295-007,2026-01-15T12:55:00Z,ahu-a-f04-west,ON,NORMAL,13.61,24.55,14.00
src-ahu-0295-008,2026-01-15T12:55:00Z,ahu-b-f01-east,ON,NORMAL,13.70,24.19,14.00
src-ahu-0295-009,2026-01-15T12:55:00Z,ahu-b-f01-west,ON,NORMAL,13.63,24.30,14.00
src-ahu-0295-010,2026-01-15T12:55:00Z,ahu-b-f02-east,ON,NORMAL,13.66,24.63,14.00
src-ahu-0295-011,2026-01-15T12:55:00Z,ahu-b-f02-west,ON,NORMAL,13.83,24.84,14.00
src-ahu-0295-012,2026-01-15T12:55:00Z,ahu-b-f03-east,ON,NORMAL,13.97,25.34,14.00
src-ahu-0295-013,2026-01-15T12:55:00Z,ahu-b-f03-west,ON,NORMAL,13.85,25.48,14.00
src-ahu-0295-014,2026-01-15T12:55:00Z,ahu-b-f04-east,ON,NORMAL,13.93,25.76,14.00
src-ahu-0295-015,2026-01-15T12:55:00Z,ahu-b-f04-west,ON,NORMAL,14.02,25.89,14.00
src-ahu-0295-016,2026-01-15T12:55:00Z,ahu-c-f01-east,ON,NORMAL,14.07,25.75,14.00
src-ahu-0295-017,2026-01-15T12:55:00Z,ahu-c-f01-west,ON,NORMAL,14.13,25.80,14.00
src-ahu-0295-018,2026-01-15T12:55:00Z,ahu-c-f02-east,ON,NORMAL,14.13,25.90,14.00
src-ahu-0295-019,2026-01-15T12:55:00Z,ahu-c-f02-west,ON,NORMAL,14.14,25.95,14.00
src-ahu-0295-020,2026-01-15T12:55:00Z,ahu-c-f03-east,ON,NORMAL,14.19,26.00,14.00
src-ahu-0295-021,2026-01-15T12:55:00Z,ahu-c-f03-west,ON,NORMAL,14.44,25.79,14.00
src-ahu-0295-022,2026-01-15T12:55:00Z,ahu-c-f04-east,ON,NORMAL,14.36,25.93,14.00
src-ahu-0295-023,2026-01-15T12:55:00Z,ahu-c-f04-west,ON,NORMAL,14.36,25.76,14.00
src-ahu-0296-000,2026-01-15T12:56:00Z,ahu-a-f01-east,ON,NORMAL,13.65,23.82,14.00
src-ahu-0296-001,2026-01-15T12:56:00Z,ahu-a-f01-west,ON,NORMAL,13.75,23.69,14.00
src-ahu-0296-002,2026-01-15T12:56:00Z,ahu-a-f02-east,ON,NORMAL,13.65,23.73,14.00
src-ahu-0296-003,2026-01-15T12:56:00Z,ahu-a-f02-west,ON,NORMAL,13.57,23.80,14.00
src-ahu-0296-004,2026-01-15T12:56:00Z,ahu-a-f03-east,ON,NORMAL,13.58,24.07,14.00
src-ahu-0296-005,2026-01-15T12:56:00Z,ahu-a-f03-west,ON,NORMAL,13.71,24.20,14.00
src-ahu-0296-006,2026-01-15T12:56:00Z,ahu-a-f04-east,ON,NORMAL,13.61,24.42,14.00
src-ahu-0296-007,2026-01-15T12:56:00Z,ahu-a-f04-west,ON,NORMAL,13.61,24.52,14.00
src-ahu-0296-008,2026-01-15T12:56:00Z,ahu-b-f01-east,ON,NORMAL,13.68,24.13,14.00
src-ahu-0296-009,2026-01-15T12:56:00Z,ahu-b-f01-west,ON,NORMAL,13.78,24.40,14.00
src-ahu-0296-010,2026-01-15T12:56:00Z,ahu-b-f02-east,ON,NORMAL,13.87,24.82,14.00
src-ahu-0296-011,2026-01-15T12:56:00Z,ahu-b-f02-west,ON,NORMAL,13.79,24.95,14.00
src-ahu-0296-012,2026-01-15T12:56:00Z,ahu-b-f03-east,ON,NORMAL,13.96,25.33,14.00
src-ahu-0296-013,2026-01-15T12:56:00Z,ahu-b-f03-west,ON,NORMAL,13.87,25.41,14.00
src-ahu-0296-014,2026-01-15T12:56:00Z,ahu-b-f04-east,ON,NORMAL,14.07,25.84,14.00
src-ahu-0296-015,2026-01-15T12:56:00Z,ahu-b-f04-west,ON,NORMAL,13.95,25.95,14.00
src-ahu-0296-016,2026-01-15T12:56:00Z,ahu-c-f01-east,ON,NORMAL,14.05,25.75,14.00
src-ahu-0296-017,2026-01-15T12:56:00Z,ahu-c-f01-west,ON,NORMAL,14.10,25.84,14.00
src-ahu-0296-018,2026-01-15T12:56:00Z,ahu-c-f02-east,ON,NORMAL,14.24,26.04,14.00
src-ahu-0296-019,2026-01-15T12:56:00Z,ahu-c-f02-west,ON,NORMAL,14.25,25.93,14.00
src-ahu-0296-020,2026-01-15T12:56:00Z,ahu-c-f03-east,ON,NORMAL,14.28,26.11,14.00
src-ahu-0296-021,2026-01-15T12:56:00Z,ahu-c-f03-west,ON,NORMAL,14.32,25.97,14.00
src-ahu-0296-022,2026-01-15T12:56:00Z,ahu-c-f04-east,ON,NORMAL,14.33,25.93,14.00
src-ahu-0296-023,2026-01-15T12:56:00Z,ahu-c-f04-west,ON,NORMAL,14.36,25.70,14.00
src-ahu-0297-000,2026-01-15T12:57:00Z,ahu-a-f01-east,ON,NORMAL,13.70,23.81,14.00
src-ahu-0297-001,2026-01-15T12:57:00Z,ahu-a-f01-west,ON,NORMAL,13.69,23.66,14.00
src-ahu-0297-002,2026-01-15T12:57:00Z,ahu-a-f02-east,ON,NORMAL,13.75,23.86,14.00
src-ahu-0297-003,2026-01-15T12:57:00Z,ahu-a-f02-west,ON,NORMAL,13.60,23.79,14.00
src-ahu-0297-004,2026-01-15T12:57:00Z,ahu-a-f03-east,ON,NORMAL,13.67,24.12,14.00
src-ahu-0297-005,2026-01-15T12:57:00Z,ahu-a-f03-west,ON,NORMAL,13.73,24.11,14.00
src-ahu-0297-006,2026-01-15T12:57:00Z,ahu-a-f04-east,ON,NORMAL,13.59,24.41,14.00
src-ahu-0297-007,2026-01-15T12:57:00Z,ahu-a-f04-west,ON,NORMAL,13.77,24.57,14.00
src-ahu-0297-008,2026-01-15T12:57:00Z,ahu-b-f01-east,ON,NORMAL,13.68,24.26,14.00
src-ahu-0297-009,2026-01-15T12:57:00Z,ahu-b-f01-west,ON,NORMAL,13.76,24.37,14.00
src-ahu-0297-010,2026-01-15T12:57:00Z,ahu-b-f02-east,ON,NORMAL,13.70,24.71,14.00
src-ahu-0297-011,2026-01-15T12:57:00Z,ahu-b-f02-west,ON,NORMAL,13.88,24.90,14.00
src-ahu-0297-012,2026-01-15T12:57:00Z,ahu-b-f03-east,ON,NORMAL,13.99,25.30,14.00
src-ahu-0297-013,2026-01-15T12:57:00Z,ahu-b-f03-west,ON,NORMAL,13.98,25.48,14.00
src-ahu-0297-014,2026-01-15T12:57:00Z,ahu-b-f04-east,ON,NORMAL,14.14,25.70,14.00
src-ahu-0297-015,2026-01-15T12:57:00Z,ahu-b-f04-west,ON,NORMAL,14.05,25.94,14.00
src-ahu-0297-016,2026-01-15T12:57:00Z,ahu-c-f01-east,ON,NORMAL,14.04,25.84,14.00
src-ahu-0297-017,2026-01-15T12:57:00Z,ahu-c-f01-west,ON,NORMAL,14.29,25.87,14.00
src-ahu-0297-018,2026-01-15T12:57:00Z,ahu-c-f02-east,ON,NORMAL,14.35,26.00,14.00
src-ahu-0297-019,2026-01-15T12:57:00Z,ahu-c-f02-west,ON,NORMAL,14.25,25.95,14.00
src-ahu-0297-020,2026-01-15T12:57:00Z,ahu-c-f03-east,ON,NORMAL,14.23,26.07,14.00
src-ahu-0297-021,2026-01-15T12:57:00Z,ahu-c-f03-west,ON,NORMAL,14.45,25.82,14.00
src-ahu-0297-022,2026-01-15T12:57:00Z,ahu-c-f04-east,ON,NORMAL,14.43,25.90,14.00
src-ahu-0297-023,2026-01-15T12:57:00Z,ahu-c-f04-west,ON,NORMAL,14.34,25.69,14.00
src-ahu-0298-000,2026-01-15T12:58:00Z,ahu-a-f01-east,ON,NORMAL,13.63,23.76,14.00
src-ahu-0298-001,2026-01-15T12:58:00Z,ahu-a-f01-west,ON,NORMAL,13.72,23.69,14.00
src-ahu-0298-002,2026-01-15T12:58:00Z,ahu-a-f02-east,ON,NORMAL,13.61,23.82,14.00
src-ahu-0298-003,2026-01-15T12:58:00Z,ahu-a-f02-west,ON,NORMAL,13.59,23.80,14.00
src-ahu-0298-004,2026-01-15T12:58:00Z,ahu-a-f03-east,ON,NORMAL,13.59,24.05,14.00
src-ahu-0298-005,2026-01-15T12:58:00Z,ahu-a-f03-west,ON,NORMAL,13.70,24.15,14.00
src-ahu-0298-006,2026-01-15T12:58:00Z,ahu-a-f04-east,ON,NORMAL,13.57,24.37,14.00
src-ahu-0298-007,2026-01-15T12:58:00Z,ahu-a-f04-west,ON,NORMAL,13.65,24.57,14.00
src-ahu-0298-008,2026-01-15T12:58:00Z,ahu-b-f01-east,ON,NORMAL,13.79,24.27,14.00
src-ahu-0298-009,2026-01-15T12:58:00Z,ahu-b-f01-west,ON,NORMAL,13.84,24.41,14.00
src-ahu-0298-010,2026-01-15T12:58:00Z,ahu-b-f02-east,ON,NORMAL,13.84,24.84,14.00
src-ahu-0298-011,2026-01-15T12:58:00Z,ahu-b-f02-west,ON,NORMAL,13.79,24.98,14.00
src-ahu-0298-012,2026-01-15T12:58:00Z,ahu-b-f03-east,ON,NORMAL,13.96,25.32,14.00
src-ahu-0298-013,2026-01-15T12:58:00Z,ahu-b-f03-west,ON,NORMAL,13.91,25.51,14.00
src-ahu-0298-014,2026-01-15T12:58:00Z,ahu-b-f04-east,ON,NORMAL,14.01,25.89,14.00
src-ahu-0298-015,2026-01-15T12:58:00Z,ahu-b-f04-west,ON,NORMAL,14.01,25.84,14.00
src-ahu-0298-016,2026-01-15T12:58:00Z,ahu-c-f01-east,ON,NORMAL,14.27,25.82,14.00
src-ahu-0298-017,2026-01-15T12:58:00Z,ahu-c-f01-west,ON,NORMAL,14.12,25.79,14.00
src-ahu-0298-018,2026-01-15T12:58:00Z,ahu-c-f02-east,ON,NORMAL,14.37,26.09,14.00
src-ahu-0298-019,2026-01-15T12:58:00Z,ahu-c-f02-west,ON,NORMAL,14.26,25.82,14.00
src-ahu-0298-020,2026-01-15T12:58:00Z,ahu-c-f03-east,ON,NORMAL,14.22,26.07,14.00
src-ahu-0298-021,2026-01-15T12:58:00Z,ahu-c-f03-west,ON,NORMAL,14.36,25.80,14.00
src-ahu-0298-022,2026-01-15T12:58:00Z,ahu-c-f04-east,ON,NORMAL,14.30,25.86,14.00
src-ahu-0298-023,2026-01-15T12:58:00Z,ahu-c-f04-west,ON,NORMAL,14.33,25.69,14.00
src-ahu-0299-000,2026-01-15T12:59:00Z,ahu-a-f01-east,ON,NORMAL,13.63,23.78,14.00
src-ahu-0299-001,2026-01-15T12:59:00Z,ahu-a-f01-west,ON,NORMAL,13.66,23.59,14.00
src-ahu-0299-002,2026-01-15T12:59:00Z,ahu-a-f02-east,ON,NORMAL,13.69,23.91,14.00
src-ahu-0299-003,2026-01-15T12:59:00Z,ahu-a-f02-west,ON,NORMAL,13.68,23.77,14.00
src-ahu-0299-004,2026-01-15T12:59:00Z,ahu-a-f03-east,ON,NORMAL,13.64,23.97,14.00
src-ahu-0299-005,2026-01-15T12:59:00Z,ahu-a-f03-west,ON,NORMAL,13.61,24.16,14.00
src-ahu-0299-006,2026-01-15T12:59:00Z,ahu-a-f04-east,ON,NORMAL,13.70,24.45,14.00
src-ahu-0299-007,2026-01-15T12:59:00Z,ahu-a-f04-west,ON,NORMAL,13.81,24.57,14.00
src-ahu-0299-008,2026-01-15T12:59:00Z,ahu-b-f01-east,ON,NORMAL,13.67,24.32,14.00
src-ahu-0299-009,2026-01-15T12:59:00Z,ahu-b-f01-west,ON,NORMAL,13.74,24.49,14.00
src-ahu-0299-010,2026-01-15T12:59:00Z,ahu-b-f02-east,ON,NORMAL,13.88,24.82,14.00
src-ahu-0299-011,2026-01-15T12:59:00Z,ahu-b-f02-west,ON,NORMAL,13.98,25.02,14.00
src-ahu-0299-012,2026-01-15T12:59:00Z,ahu-b-f03-east,ON,NORMAL,13.85,25.35,14.00
src-ahu-0299-013,2026-01-15T12:59:00Z,ahu-b-f03-west,ON,NORMAL,14.05,25.49,14.00
src-ahu-0299-014,2026-01-15T12:59:00Z,ahu-b-f04-east,ON,NORMAL,14.17,25.79,14.00
src-ahu-0299-015,2026-01-15T12:59:00Z,ahu-b-f04-west,ON,NORMAL,14.11,25.97,14.00
src-ahu-0299-016,2026-01-15T12:59:00Z,ahu-c-f01-east,ON,NORMAL,14.21,25.87,14.00
src-ahu-0299-017,2026-01-15T12:59:00Z,ahu-c-f01-west,ON,NORMAL,14.25,25.74,14.00
src-ahu-0299-018,2026-01-15T12:59:00Z,ahu-c-f02-east,ON,NORMAL,14.30,25.96,14.00
src-ahu-0299-019,2026-01-15T12:59:00Z,ahu-c-f02-west,ON,NORMAL,14.26,25.91,14.00
src-ahu-0299-020,2026-01-15T12:59:00Z,ahu-c-f03-east,ON,NORMAL,14.35,25.89,14.00
src-ahu-0299-021,2026-01-15T12:59:00Z,ahu-c-f03-west,ON,NORMAL,14.32,25.80,14.00
src-ahu-0299-022,2026-01-15T12:59:00Z,ahu-c-f04-east,ON,NORMAL,14.23,25.74,14.00
src-ahu-0299-023,2026-01-15T12:59:00Z,ahu-c-f04-west,ON,NORMAL,14.30,25.67,14.00
src-ahu-0300-000,2026-01-15T13:00:00Z,ahu-a-f01-east,ON,NORMAL,13.80,23.71,14.00
src-ahu-0300-001,2026-01-15T13:00:00Z,ahu-a-f01-west,ON,NORMAL,13.64,23.68,14.00
src-ahu-0300-002,2026-01-15T13:00:00Z,ahu-a-f02-east,ON,NORMAL,13.68,23.79,14.00
src-ahu-0300-003,2026-01-15T13:00:00Z,ahu-a-f02-west,ON,NORMAL,13.60,23.74,14.00
src-ahu-0300-004,2026-01-15T13:00:00Z,ahu-a-f03-east,ON,NORMAL,13.77,24.10,14.00
src-ahu-0300-005,2026-01-15T13:00:00Z,ahu-a-f03-west,ON,NORMAL,13.61,24.20,14.00
src-ahu-0300-006,2026-01-15T13:00:00Z,ahu-a-f04-east,ON,NORMAL,13.63,24.47,14.00
src-ahu-0300-007,2026-01-15T13:00:00Z,ahu-a-f04-west,ON,NORMAL,13.73,24.65,14.00
src-ahu-0300-008,2026-01-15T13:00:00Z,ahu-b-f01-east,ON,NORMAL,13.75,24.24,14.00
src-ahu-0300-009,2026-01-15T13:00:00Z,ahu-b-f01-west,ON,NORMAL,13.87,24.59,14.00
src-ahu-0300-010,2026-01-15T13:00:00Z,ahu-b-f02-east,ON,NORMAL,13.97,24.83,14.00
src-ahu-0300-011,2026-01-15T13:00:00Z,ahu-b-f02-west,ON,NORMAL,13.87,25.12,14.00
src-ahu-0300-012,2026-01-15T13:00:00Z,ahu-b-f03-east,ON,NORMAL,14.04,25.48,14.00
src-ahu-0300-013,2026-01-15T13:00:00Z,ahu-b-f03-west,ON,NORMAL,14.16,25.58,14.00
src-ahu-0300-014,2026-01-15T13:00:00Z,ahu-b-f04-east,ON,NORMAL,14.06,25.82,14.00
src-ahu-0300-015,2026-01-15T13:00:00Z,ahu-b-f04-west,ON,NORMAL,14.22,25.96,14.00
src-ahu-0300-016,2026-01-15T13:00:00Z,ahu-c-f01-east,ON,NORMAL,14.21,25.91,14.00
src-ahu-0300-017,2026-01-15T13:00:00Z,ahu-c-f01-west,ON,NORMAL,14.26,25.81,14.00
src-ahu-0300-018,2026-01-15T13:00:00Z,ahu-c-f02-east,ON,NORMAL,14.39,25.95,14.00
src-ahu-0300-019,2026-01-15T13:00:00Z,ahu-c-f02-west,ON,NORMAL,14.40,25.89,14.00
src-ahu-0300-020,2026-01-15T13:00:00Z,ahu-c-f03-east,ON,NORMAL,14.28,25.91,14.00
src-ahu-0300-021,2026-01-15T13:00:00Z,ahu-c-f03-west,ON,NORMAL,14.41,25.82,14.00
src-ahu-0300-022,2026-01-15T13:00:00Z,ahu-c-f04-east,ON,NORMAL,14.42,25.67,14.00
src-ahu-0300-023,2026-01-15T13:00:00Z,ahu-c-f04-west,ON,NORMAL,14.39,25.61,14.00
src-ahu-0301-000,2026-01-15T13:01:00Z,ahu-a-f01-east,ON,NORMAL,13.72,23.78,14.00
src-ahu-0301-001,2026-01-15T13:01:00Z,ahu-a-f01-west,ON,NORMAL,13.73,23.68,14.00
src-ahu-0301-002,2026-01-15T13:01:00Z,ahu-a-f02-east,ON,NORMAL,13.67,23.82,14.00
src-ahu-0301-003,2026-01-15T13:01:00Z,ahu-a-f02-west,ON,NORMAL,13.66,23.84,14.00
src-ahu-0301-004,2026-01-15T13:01:00Z,ahu-a-f03-east,ON,NORMAL,13.66,24.04,14.00
src-ahu-0301-005,2026-01-15T13:01:00Z,ahu-a-f03-west,ON,NORMAL,13.75,24.22,14.00
src-ahu-0301-006,2026-01-15T13:01:00Z,ahu-a-f04-east,ON,NORMAL,13.61,24.44,14.00
src-ahu-0301-007,2026-01-15T13:01:00Z,ahu-a-f04-west,ON,NORMAL,13.65,24.69,14.00
src-ahu-0301-008,2026-01-15T13:01:00Z,ahu-b-f01-east,ON,NORMAL,13.75,24.30,14.00
src-ahu-0301-009,2026-01-15T13:01:00Z,ahu-b-f01-west,ON,NORMAL,13.94,24.47,14.00
src-ahu-0301-010,2026-01-15T13:01:00Z,ahu-b-f02-east,ON,NORMAL,13.96,24.90,14.00
src-ahu-0301-011,2026-01-15T13:01:00Z,ahu-b-f02-west,ON,NORMAL,13.95,25.11,14.00
src-ahu-0301-012,2026-01-15T13:01:00Z,ahu-b-f03-east,ON,NORMAL,14.04,25.45,14.00
src-ahu-0301-013,2026-01-15T13:01:00Z,ahu-b-f03-west,ON,NORMAL,14.10,25.61,14.00
src-ahu-0301-014,2026-01-15T13:01:00Z,ahu-b-f04-east,ON,NORMAL,14.06,25.84,14.00
src-ahu-0301-015,2026-01-15T13:01:00Z,ahu-b-f04-west,ON,NORMAL,14.31,25.86,14.00
src-ahu-0301-016,2026-01-15T13:01:00Z,ahu-c-f01-east,ON,NORMAL,14.33,25.85,14.00
src-ahu-0301-017,2026-01-15T13:01:00Z,ahu-c-f01-west,ON,NORMAL,14.24,25.87,14.00
src-ahu-0301-018,2026-01-15T13:01:00Z,ahu-c-f02-east,ON,NORMAL,14.23,25.95,14.00
src-ahu-0301-019,2026-01-15T13:01:00Z,ahu-c-f02-west,ON,NORMAL,14.39,25.78,14.00
src-ahu-0301-020,2026-01-15T13:01:00Z,ahu-c-f03-east,ON,NORMAL,14.41,25.88,14.00
src-ahu-0301-021,2026-01-15T13:01:00Z,ahu-c-f03-west,ON,NORMAL,14.24,25.82,14.00
src-ahu-0301-022,2026-01-15T13:01:00Z,ahu-c-f04-east,ON,NORMAL,14.37,25.79,14.00
src-ahu-0301-023,2026-01-15T13:01:00Z,ahu-c-f04-west,ON,NORMAL,14.26,25.62,14.00
src-ahu-0302-000,2026-01-15T13:02:00Z,ahu-a-f01-east,ON,NORMAL,13.76,23.67,14.00
src-ahu-0302-001,2026-01-15T13:02:00Z,ahu-a-f01-west,ON,NORMAL,13.58,23.57,14.00
src-ahu-0302-002,2026-01-15T13:02:00Z,ahu-a-f02-east,ON,NORMAL,13.71,23.77,14.00
src-ahu-0302-003,2026-01-15T13:02:00Z,ahu-a-f02-west,ON,NORMAL,13.76,23.82,14.00
src-ahu-0302-004,2026-01-15T13:02:00Z,ahu-a-f03-east,ON,NORMAL,13.70,24.11,14.00
src-ahu-0302-005,2026-01-15T13:02:00Z,ahu-a-f03-west,ON,NORMAL,13.68,24.27,14.00
src-ahu-0302-006,2026-01-15T13:02:00Z,ahu-a-f04-east,ON,NORMAL,13.69,24.52,14.00
src-ahu-0302-007,2026-01-15T13:02:00Z,ahu-a-f04-west,ON,NORMAL,13.70,24.67,14.00
src-ahu-0302-008,2026-01-15T13:02:00Z,ahu-b-f01-east,ON,NORMAL,13.88,24.38,14.00
src-ahu-0302-009,2026-01-15T13:02:00Z,ahu-b-f01-west,ON,NORMAL,13.97,24.61,14.00
src-ahu-0302-010,2026-01-15T13:02:00Z,ahu-b-f02-east,ON,NORMAL,13.96,24.87,14.00
src-ahu-0302-011,2026-01-15T13:02:00Z,ahu-b-f02-west,ON,NORMAL,14.08,25.06,14.00
src-ahu-0302-012,2026-01-15T13:02:00Z,ahu-b-f03-east,ON,NORMAL,14.07,25.44,14.00
src-ahu-0302-013,2026-01-15T13:02:00Z,ahu-b-f03-west,ON,NORMAL,14.15,25.58,14.00
src-ahu-0302-014,2026-01-15T13:02:00Z,ahu-b-f04-east,ON,NORMAL,14.20,25.82,14.00
src-ahu-0302-015,2026-01-15T13:02:00Z,ahu-b-f04-west,ON,NORMAL,14.12,25.87,14.00
src-ahu-0302-016,2026-01-15T13:02:00Z,ahu-c-f01-east,ON,NORMAL,14.29,25.83,14.00
src-ahu-0302-017,2026-01-15T13:02:00Z,ahu-c-f01-west,ON,NORMAL,14.23,25.73,14.00
src-ahu-0302-018,2026-01-15T13:02:00Z,ahu-c-f02-east,ON,NORMAL,14.20,25.91,14.00
src-ahu-0302-019,2026-01-15T13:02:00Z,ahu-c-f02-west,ON,NORMAL,14.23,25.80,14.00
src-ahu-0302-020,2026-01-15T13:02:00Z,ahu-c-f03-east,ON,NORMAL,14.46,25.87,14.00
src-ahu-0302-021,2026-01-15T13:02:00Z,ahu-c-f03-west,ON,NORMAL,14.32,25.68,14.00
src-ahu-0302-022,2026-01-15T13:02:00Z,ahu-c-f04-east,ON,NORMAL,14.26,25.70,14.00
src-ahu-0302-023,2026-01-15T13:02:00Z,ahu-c-f04-west,ON,NORMAL,14.31,25.51,14.00
src-ahu-0303-000,2026-01-15T13:03:00Z,ahu-a-f01-east,ON,NORMAL,13.61,23.65,14.00
src-ahu-0303-001,2026-01-15T13:03:00Z,ahu-a-f01-west,ON,NORMAL,13.60,23.69,14.00
src-ahu-0303-002,2026-01-15T13:03:00Z,ahu-a-f02-east,ON,NORMAL,13.76,23.79,14.00
src-ahu-0303-003,2026-01-15T13:03:00Z,ahu-a-f02-west,ON,NORMAL,13.78,23.78,14.00
src-ahu-0303-004,2026-01-15T13:03:00Z,ahu-a-f03-east,ON,NORMAL,13.64,24.07,14.00
src-ahu-0303-005,2026-01-15T13:03:00Z,ahu-a-f03-west,ON,NORMAL,13.71,24.21,14.00
src-ahu-0303-006,2026-01-15T13:03:00Z,ahu-a-f04-east,ON,NORMAL,13.71,24.59,14.00
src-ahu-0303-007,2026-01-15T13:03:00Z,ahu-a-f04-west,ON,NORMAL,13.84,24.71,14.00
src-ahu-0303-008,2026-01-15T13:03:00Z,ahu-b-f01-east,ON,NORMAL,13.89,24.40,14.00
src-ahu-0303-009,2026-01-15T13:03:00Z,ahu-b-f01-west,ON,NORMAL,13.90,24.60,14.00
src-ahu-0303-010,2026-01-15T13:03:00Z,ahu-b-f02-east,ON,NORMAL,13.96,25.03,14.00
src-ahu-0303-011,2026-01-15T13:03:00Z,ahu-b-f02-west,ON,NORMAL,14.02,25.19,14.00
src-ahu-0303-012,2026-01-15T13:03:00Z,ahu-b-f03-east,ON,NORMAL,14.07,25.51,14.00
src-ahu-0303-013,2026-01-15T13:03:00Z,ahu-b-f03-west,ON,NORMAL,14.20,25.64,14.00
src-ahu-0303-014,2026-01-15T13:03:00Z,ahu-b-f04-east,ON,NORMAL,14.24,25.89,14.00
src-ahu-0303-015,2026-01-15T13:03:00Z,ahu-b-f04-west,ON,NORMAL,14.29,25.89,14.00
src-ahu-0303-016,2026-01-15T13:03:00Z,ahu-c-f01-east,ON,NORMAL,14.26,25.73,14.00
src-ahu-0303-017,2026-01-15T13:03:00Z,ahu-c-f01-west,ON,NORMAL,14.29,25.85,14.00
src-ahu-0303-018,2026-01-15T13:03:00Z,ahu-c-f02-east,ON,NORMAL,14.42,25.87,14.00
src-ahu-0303-019,2026-01-15T13:03:00Z,ahu-c-f02-west,ON,NORMAL,14.26,25.71,14.00
src-ahu-0303-020,2026-01-15T13:03:00Z,ahu-c-f03-east,ON,NORMAL,14.42,25.82,14.00
src-ahu-0303-021,2026-01-15T13:03:00Z,ahu-c-f03-west,ON,NORMAL,14.31,25.65,14.00
src-ahu-0303-022,2026-01-15T13:03:00Z,ahu-c-f04-east,ON,NORMAL,14.44,25.67,14.00
src-ahu-0303-023,2026-01-15T13:03:00Z,ahu-c-f04-west,ON,NORMAL,14.21,25.48,14.00
src-ahu-0304-000,2026-01-15T13:04:00Z,ahu-a-f01-east,ON,NORMAL,13.60,23.70,14.00
src-ahu-0304-001,2026-01-15T13:04:00Z,ahu-a-f01-west,ON,NORMAL,13.66,23.65,14.00
src-ahu-0304-002,2026-01-15T13:04:00Z,ahu-a-f02-east,ON,NORMAL,13.57,23.84,14.00
src-ahu-0304-003,2026-01-15T13:04:00Z,ahu-a-f02-west,ON,NORMAL,13.73,23.87,14.00
src-ahu-0304-004,2026-01-15T13:04:00Z,ahu-a-f03-east,ON,NORMAL,13.58,24.21,14.00
src-ahu-0304-005,2026-01-15T13:04:00Z,ahu-a-f03-west,ON,NORMAL,13.68,24.32,14.00
src-ahu-0304-006,2026-01-15T13:04:00Z,ahu-a-f04-east,ON,NORMAL,13.66,24.59,14.00
src-ahu-0304-007,2026-01-15T13:04:00Z,ahu-a-f04-west,ON,NORMAL,13.93,24.82,14.00
src-ahu-0304-008,2026-01-15T13:04:00Z,ahu-b-f01-east,ON,NORMAL,13.92,24.44,14.00
src-ahu-0304-009,2026-01-15T13:04:00Z,ahu-b-f01-west,ON,NORMAL,13.81,24.62,14.00
src-ahu-0304-010,2026-01-15T13:04:00Z,ahu-b-f02-east,ON,NORMAL,14.05,25.03,14.00
src-ahu-0304-011,2026-01-15T13:04:00Z,ahu-b-f02-west,ON,NORMAL,14.05,25.15,14.00
src-ahu-0304-012,2026-01-15T13:04:00Z,ahu-b-f03-east,ON,NORMAL,14.20,25.48,14.00
src-ahu-0304-013,2026-01-15T13:04:00Z,ahu-b-f03-west,ON,NORMAL,14.22,25.66,14.00
src-ahu-0304-014,2026-01-15T13:04:00Z,ahu-b-f04-east,ON,NORMAL,14.13,25.94,14.00
src-ahu-0304-015,2026-01-15T13:04:00Z,ahu-b-f04-west,ON,NORMAL,14.13,25.95,14.00
src-ahu-0304-016,2026-01-15T13:04:00Z,ahu-c-f01-east,ON,NORMAL,14.41,25.88,14.00
src-ahu-0304-017,2026-01-15T13:04:00Z,ahu-c-f01-west,ON,NORMAL,14.22,25.81,14.00
src-ahu-0304-018,2026-01-15T13:04:00Z,ahu-c-f02-east,ON,NORMAL,14.34,25.98,14.00
src-ahu-0304-019,2026-01-15T13:04:00Z,ahu-c-f02-west,ON,NORMAL,14.31,25.77,14.00
src-ahu-0304-020,2026-01-15T13:04:00Z,ahu-c-f03-east,ON,NORMAL,14.27,25.75,14.00
src-ahu-0304-021,2026-01-15T13:04:00Z,ahu-c-f03-west,ON,NORMAL,14.25,25.73,14.00
src-ahu-0304-022,2026-01-15T13:04:00Z,ahu-c-f04-east,ON,NORMAL,14.43,25.62,14.00
src-ahu-0304-023,2026-01-15T13:04:00Z,ahu-c-f04-west,ON,NORMAL,14.32,25.44,14.00
src-ahu-0305-000,2026-01-15T13:05:00Z,ahu-a-f01-east,ON,NORMAL,13.77,23.71,14.00
src-ahu-0305-001,2026-01-15T13:05:00Z,ahu-a-f01-west,ON,NORMAL,13.73,23.66,14.00
src-ahu-0305-002,2026-01-15T13:05:00Z,ahu-a-f02-east,ON,NORMAL,13.54,23.90,14.00
src-ahu-0305-003,2026-01-15T13:05:00Z,ahu-a-f02-west,ON,NORMAL,13.66,23.91,14.00
src-ahu-0305-004,2026-01-15T13:05:00Z,ahu-a-f03-east,ON,NORMAL,13.82,24.16,14.00
src-ahu-0305-005,2026-01-15T13:05:00Z,ahu-a-f03-west,ON,NORMAL,13.86,24.37,14.00
src-ahu-0305-006,2026-01-15T13:05:00Z,ahu-a-f04-east,ON,NORMAL,13.83,24.66,14.00
src-ahu-0305-007,2026-01-15T13:05:00Z,ahu-a-f04-west,ON,NORMAL,13.94,24.84,14.00
src-ahu-0305-008,2026-01-15T13:05:00Z,ahu-b-f01-east,ON,NORMAL,13.87,24.44,14.00
src-ahu-0305-009,2026-01-15T13:05:00Z,ahu-b-f01-west,ON,NORMAL,14.06,24.61,14.00
src-ahu-0305-010,2026-01-15T13:05:00Z,ahu-b-f02-east,ON,NORMAL,13.92,24.98,14.00
src-ahu-0305-011,2026-01-15T13:05:00Z,ahu-b-f02-west,ON,NORMAL,14.16,25.16,14.00
src-ahu-0305-012,2026-01-15T13:05:00Z,ahu-b-f03-east,ON,NORMAL,14.03,25.60,14.00
src-ahu-0305-013,2026-01-15T13:05:00Z,ahu-b-f03-west,ON,NORMAL,14.11,25.60,14.00
src-ahu-0305-014,2026-01-15T13:05:00Z,ahu-b-f04-east,ON,NORMAL,14.25,26.01,14.00
src-ahu-0305-015,2026-01-15T13:05:00Z,ahu-b-f04-west,ON,NORMAL,14.26,25.92,14.00
src-ahu-0305-016,2026-01-15T13:05:00Z,ahu-c-f01-east,ON,NORMAL,14.36,25.80,14.00
src-ahu-0305-017,2026-01-15T13:05:00Z,ahu-c-f01-west,ON,NORMAL,14.43,25.82,14.00
src-ahu-0305-018,2026-01-15T13:05:00Z,ahu-c-f02-east,ON,NORMAL,14.31,25.90,14.00
src-ahu-0305-019,2026-01-15T13:05:00Z,ahu-c-f02-west,ON,NORMAL,14.26,25.75,14.00
src-ahu-0305-020,2026-01-15T13:05:00Z,ahu-c-f03-east,ON,NORMAL,14.46,25.71,14.00
src-ahu-0305-021,2026-01-15T13:05:00Z,ahu-c-f03-west,ON,NORMAL,14.29,25.61,14.00
src-ahu-0305-022,2026-01-15T13:05:00Z,ahu-c-f04-east,ON,NORMAL,14.38,25.60,14.00
src-ahu-0305-023,2026-01-15T13:05:00Z,ahu-c-f04-west,ON,NORMAL,14.21,25.50,14.00
src-ahu-0306-000,2026-01-15T13:06:00Z,ahu-a-f01-east,ON,NORMAL,13.67,23.66,14.00
src-ahu-0306-001,2026-01-15T13:06:00Z,ahu-a-f01-west,ON,NORMAL,13.74,23.68,14.00
src-ahu-0306-002,2026-01-15T13:06:00Z,ahu-a-f02-east,ON,NORMAL,13.63,23.88,14.00
src-ahu-0306-003,2026-01-15T13:06:00Z,ahu-a-f02-west,ON,NORMAL,13.59,24.00,14.00
src-ahu-0306-004,2026-01-15T13:06:00Z,ahu-a-f03-east,ON,NORMAL,13.81,24.22,14.00
src-ahu-0306-005,2026-01-15T13:06:00Z,ahu-a-f03-west,ON,NORMAL,13.66,24.40,14.00
src-ahu-0306-006,2026-01-15T13:06:00Z,ahu-a-f04-east,ON,NORMAL,13.72,24.71,14.00
src-ahu-0306-007,2026-01-15T13:06:00Z,ahu-a-f04-west,ON,NORMAL,13.94,24.88,14.00
src-ahu-0306-008,2026-01-15T13:06:00Z,ahu-b-f01-east,ON,NORMAL,13.86,24.40,14.00
src-ahu-0306-009,2026-01-15T13:06:00Z,ahu-b-f01-west,ON,NORMAL,13.95,24.72,14.00
src-ahu-0306-010,2026-01-15T13:06:00Z,ahu-b-f02-east,ON,NORMAL,13.92,25.15,14.00
src-ahu-0306-011,2026-01-15T13:06:00Z,ahu-b-f02-west,ON,NORMAL,13.99,25.32,14.00
src-ahu-0306-012,2026-01-15T13:06:00Z,ahu-b-f03-east,ON,NORMAL,14.09,25.47,14.00
src-ahu-0306-013,2026-01-15T13:06:00Z,ahu-b-f03-west,ON,NORMAL,14.16,25.58,14.00
src-ahu-0306-014,2026-01-15T13:06:00Z,ahu-b-f04-east,ON,NORMAL,14.23,25.88,14.00
src-ahu-0306-015,2026-01-15T13:06:00Z,ahu-b-f04-west,ON,NORMAL,14.20,25.94,14.00
src-ahu-0306-016,2026-01-15T13:06:00Z,ahu-c-f01-east,ON,NORMAL,14.33,25.83,14.00
src-ahu-0306-017,2026-01-15T13:06:00Z,ahu-c-f01-west,ON,NORMAL,14.27,25.82,14.00
src-ahu-0306-018,2026-01-15T13:06:00Z,ahu-c-f02-east,ON,NORMAL,14.25,25.91,14.00
src-ahu-0306-019,2026-01-15T13:06:00Z,ahu-c-f02-west,ON,NORMAL,14.41,25.80,14.00
src-ahu-0306-020,2026-01-15T13:06:00Z,ahu-c-f03-east,ON,NORMAL,14.40,25.81,14.00
src-ahu-0306-021,2026-01-15T13:06:00Z,ahu-c-f03-west,ON,NORMAL,14.22,25.69,14.00
src-ahu-0306-022,2026-01-15T13:06:00Z,ahu-c-f04-east,ON,NORMAL,14.38,25.59,14.00
src-ahu-0306-023,2026-01-15T13:06:00Z,ahu-c-f04-west,ON,NORMAL,14.35,25.38,14.00
src-ahu-0307-000,2026-01-15T13:07:00Z,ahu-a-f01-east,ON,NORMAL,13.61,23.73,14.00
src-ahu-0307-001,2026-01-15T13:07:00Z,ahu-a-f01-west,ON,NORMAL,13.60,23.61,14.00
src-ahu-0307-002,2026-01-15T13:07:00Z,ahu-a-f02-east,ON,NORMAL,13.67,23.86,14.00
src-ahu-0307-003,2026-01-15T13:07:00Z,ahu-a-f02-west,ON,NORMAL,13.71,23.86,14.00
src-ahu-0307-004,2026-01-15T13:07:00Z,ahu-a-f03-east,ON,NORMAL,13.78,24.25,14.00
src-ahu-0307-005,2026-01-15T13:07:00Z,ahu-a-f03-west,ON,NORMAL,13.87,24.25,14.00
src-ahu-0307-006,2026-01-15T13:07:00Z,ahu-a-f04-east,ON,NORMAL,13.80,24.74,14.00
src-ahu-0307-007,2026-01-15T13:07:00Z,ahu-a-f04-west,ON,NORMAL,13.88,24.94,14.00
src-ahu-0307-008,2026-01-15T13:07:00Z,ahu-b-f01-east,ON,NORMAL,13.83,24.50,14.00
src-ahu-0307-009,2026-01-15T13:07:00Z,ahu-b-f01-west,ON,NORMAL,13.89,24.73,14.00
src-ahu-0307-010,2026-01-15T13:07:00Z,ahu-b-f02-east,ON,NORMAL,13.97,25.08,14.00
src-ahu-0307-011,2026-01-15T13:07:00Z,ahu-b-f02-west,ON,NORMAL,14.11,25.21,14.00
src-ahu-0307-012,2026-01-15T13:07:00Z,ahu-b-f03-east,ON,NORMAL,14.11,25.59,14.00
src-ahu-0307-013,2026-01-15T13:07:00Z,ahu-b-f03-west,ON,NORMAL,14.24,25.75,14.00
src-ahu-0307-014,2026-01-15T13:07:00Z,ahu-b-f04-east,ON,NORMAL,14.25,25.89,14.00
src-ahu-0307-015,2026-01-15T13:07:00Z,ahu-b-f04-west,ON,NORMAL,14.25,25.99,14.00
src-ahu-0307-016,2026-01-15T13:07:00Z,ahu-c-f01-east,ON,NORMAL,14.37,25.91,14.00
src-ahu-0307-017,2026-01-15T13:07:00Z,ahu-c-f01-west,ON,NORMAL,14.31,25.78,14.00
src-ahu-0307-018,2026-01-15T13:07:00Z,ahu-c-f02-east,ON,NORMAL,14.44,25.83,14.00
src-ahu-0307-019,2026-01-15T13:07:00Z,ahu-c-f02-west,ON,NORMAL,14.31,25.73,14.00
src-ahu-0307-020,2026-01-15T13:07:00Z,ahu-c-f03-east,ON,NORMAL,14.31,25.75,14.00
src-ahu-0307-021,2026-01-15T13:07:00Z,ahu-c-f03-west,ON,NORMAL,14.37,25.60,14.00
src-ahu-0307-022,2026-01-15T13:07:00Z,ahu-c-f04-east,ON,NORMAL,14.31,25.65,14.00
src-ahu-0307-023,2026-01-15T13:07:00Z,ahu-c-f04-west,ON,NORMAL,14.14,25.38,14.00
src-ahu-0308-000,2026-01-15T13:08:00Z,ahu-a-f01-east,ON,NORMAL,13.72,23.59,14.00
src-ahu-0308-001,2026-01-15T13:08:00Z,ahu-a-f01-west,ON,NORMAL,13.71,23.56,14.00
src-ahu-0308-002,2026-01-15T13:08:00Z,ahu-a-f02-east,ON,NORMAL,13.71,23.87,14.00
src-ahu-0308-003,2026-01-15T13:08:00Z,ahu-a-f02-west,ON,NORMAL,13.72,23.97,14.00
src-ahu-0308-004,2026-01-15T13:08:00Z,ahu-a-f03-east,ON,NORMAL,13.71,24.18,14.00
src-ahu-0308-005,2026-01-15T13:08:00Z,ahu-a-f03-west,ON,NORMAL,13.73,24.24,14.00
src-ahu-0308-006,2026-01-15T13:08:00Z,ahu-a-f04-east,ON,NORMAL,13.93,24.65,14.00
src-ahu-0308-007,2026-01-15T13:08:00Z,ahu-a-f04-west,ON,NORMAL,13.95,24.89,14.00
src-ahu-0308-008,2026-01-15T13:08:00Z,ahu-b-f01-east,ON,NORMAL,13.87,24.53,14.00
src-ahu-0308-009,2026-01-15T13:08:00Z,ahu-b-f01-west,ON,NORMAL,13.94,24.73,14.00
src-ahu-0308-010,2026-01-15T13:08:00Z,ahu-b-f02-east,ON,NORMAL,13.98,25.08,14.00
src-ahu-0308-011,2026-01-15T13:08:00Z,ahu-b-f02-west,ON,NORMAL,14.26,25.26,14.00
src-ahu-0308-012,2026-01-15T13:08:00Z,ahu-b-f03-east,ON,NORMAL,14.23,25.59,14.00
src-ahu-0308-013,2026-01-15T13:08:00Z,ahu-b-f03-west,ON,NORMAL,14.29,25.72,14.00
src-ahu-0308-014,2026-01-15T13:08:00Z,ahu-b-f04-east,ON,NORMAL,14.39,26.03,14.00
src-ahu-0308-015,2026-01-15T13:08:00Z,ahu-b-f04-west,ON,NORMAL,14.20,25.93,14.00
src-ahu-0308-016,2026-01-15T13:08:00Z,ahu-c-f01-east,ON,NORMAL,14.27,25.88,14.00
src-ahu-0308-017,2026-01-15T13:08:00Z,ahu-c-f01-west,ON,NORMAL,14.45,25.68,14.00
src-ahu-0308-018,2026-01-15T13:08:00Z,ahu-c-f02-east,ON,NORMAL,14.32,25.80,14.00
src-ahu-0308-019,2026-01-15T13:08:00Z,ahu-c-f02-west,ON,NORMAL,14.27,25.69,14.00
src-ahu-0308-020,2026-01-15T13:08:00Z,ahu-c-f03-east,ON,NORMAL,14.24,25.66,14.00
src-ahu-0308-021,2026-01-15T13:08:00Z,ahu-c-f03-west,ON,NORMAL,14.26,25.61,14.00
src-ahu-0308-022,2026-01-15T13:08:00Z,ahu-c-f04-east,ON,NORMAL,14.17,25.52,14.00
src-ahu-0308-023,2026-01-15T13:08:00Z,ahu-c-f04-west,ON,NORMAL,14.29,25.41,14.00
src-ahu-0309-000,2026-01-15T13:09:00Z,ahu-a-f01-east,ON,NORMAL,13.61,23.63,14.00
src-ahu-0309-001,2026-01-15T13:09:00Z,ahu-a-f01-west,ON,NORMAL,13.74,23.66,14.00
src-ahu-0309-002,2026-01-15T13:09:00Z,ahu-a-f02-east,ON,NORMAL,13.74,23.79,14.00
src-ahu-0309-003,2026-01-15T13:09:00Z,ahu-a-f02-west,ON,NORMAL,13.62,23.96,14.00
src-ahu-0309-004,2026-01-15T13:09:00Z,ahu-a-f03-east,ON,NORMAL,13.82,24.27,14.00
src-ahu-0309-005,2026-01-15T13:09:00Z,ahu-a-f03-west,ON,NORMAL,13.78,24.39,14.00
src-ahu-0309-006,2026-01-15T13:09:00Z,ahu-a-f04-east,ON,NORMAL,13.79,24.77,14.00
src-ahu-0309-007,2026-01-15T13:09:00Z,ahu-a-f04-west,ON,NORMAL,13.99,24.88,14.00
src-ahu-0309-008,2026-01-15T13:09:00Z,ahu-b-f01-east,ON,NORMAL,13.90,24.55,14.00
src-ahu-0309-009,2026-01-15T13:09:00Z,ahu-b-f01-west,ON,NORMAL,14.06,24.71,14.00
src-ahu-0309-010,2026-01-15T13:09:00Z,ahu-b-f02-east,ON,NORMAL,14.21,25.08,14.00
src-ahu-0309-011,2026-01-15T13:09:00Z,ahu-b-f02-west,ON,NORMAL,14.12,25.26,14.00
src-ahu-0309-012,2026-01-15T13:09:00Z,ahu-b-f03-east,ON,NORMAL,14.15,25.51,14.00
src-ahu-0309-013,2026-01-15T13:09:00Z,ahu-b-f03-west,ON,NORMAL,14.26,25.66,14.00
src-ahu-0309-014,2026-01-15T13:09:00Z,ahu-b-f04-east,ON,NORMAL,14.33,25.95,14.00
src-ahu-0309-015,2026-01-15T13:09:00Z,ahu-b-f04-west,ON,NORMAL,14.29,26.01,14.00
src-ahu-0309-016,2026-01-15T13:09:00Z,ahu-c-f01-east,ON,NORMAL,14.40,25.82,14.00
src-ahu-0309-017,2026-01-15T13:09:00Z,ahu-c-f01-west,ON,NORMAL,14.46,25.71,14.00
src-ahu-0309-018,2026-01-15T13:09:00Z,ahu-c-f02-east,ON,NORMAL,14.26,25.72,14.00
src-ahu-0309-019,2026-01-15T13:09:00Z,ahu-c-f02-west,ON,NORMAL,14.43,25.64,14.00
src-ahu-0309-020,2026-01-15T13:09:00Z,ahu-c-f03-east,ON,NORMAL,14.20,25.67,14.00
src-ahu-0309-021,2026-01-15T13:09:00Z,ahu-c-f03-west,ON,NORMAL,14.23,25.48,14.00
src-ahu-0309-022,2026-01-15T13:09:00Z,ahu-c-f04-east,ON,NORMAL,14.26,25.53,14.00
src-ahu-0309-023,2026-01-15T13:09:00Z,ahu-c-f04-west,ON,NORMAL,14.30,25.33,14.00
src-ahu-0310-000,2026-01-15T13:10:00Z,ahu-a-f01-east,ON,NORMAL,13.75,23.66,14.00
src-ahu-0310-001,2026-01-15T13:10:00Z,ahu-a-f01-west,ON,NORMAL,13.58,23.59,14.00
src-ahu-0310-002,2026-01-15T13:10:00Z,ahu-a-f02-east,ON,NORMAL,13.61,23.91,14.00
src-ahu-0310-003,2026-01-15T13:10:00Z,ahu-a-f02-west,ON,NORMAL,13.75,23.94,14.00
src-ahu-0310-004,2026-01-15T13:10:00Z,ahu-a-f03-east,ON,NORMAL,13.88,24.21,14.00
src-ahu-0310-005,2026-01-15T13:10:00Z,ahu-a-f03-west,ON,NORMAL,13.75,24.44,14.00
src-ahu-0310-006,2026-01-15T13:10:00Z,ahu-a-f04-east,ON,NORMAL,13.88,24.66,14.00
src-ahu-0310-007,2026-01-15T13:10:00Z,ahu-a-f04-west,ON,NORMAL,13.90,24.89,14.00
src-ahu-0310-008,2026-01-15T13:10:00Z,ahu-b-f01-east,ON,NORMAL,14.04,24.65,14.00
src-ahu-0310-009,2026-01-15T13:10:00Z,ahu-b-f01-west,ON,NORMAL,13.99,24.79,14.00
src-ahu-0310-010,2026-01-15T13:10:00Z,ahu-b-f02-east,ON,NORMAL,14.05,25.16,14.00
src-ahu-0310-011,2026-01-15T13:10:00Z,ahu-b-f02-west,ON,NORMAL,14.10,25.34,14.00
src-ahu-0310-012,2026-01-15T13:10:00Z,ahu-b-f03-east,ON,NORMAL,14.31,25.70,14.00
src-ahu-0310-013,2026-01-15T13:10:00Z,ahu-b-f03-west,ON,NORMAL,14.18,25.77,14.00
src-ahu-0310-014,2026-01-15T13:10:00Z,ahu-b-f04-east,ON,NORMAL,14.31,25.92,14.00
src-ahu-0310-015,2026-01-15T13:10:00Z,ahu-b-f04-west,ON,NORMAL,14.27,25.98,14.00
src-ahu-0310-016,2026-01-15T13:10:00Z,ahu-c-f01-east,ON,NORMAL,14.25,25.76,14.00
src-ahu-0310-017,2026-01-15T13:10:00Z,ahu-c-f01-west,ON,NORMAL,14.46,25.68,14.00
src-ahu-0310-018,2026-01-15T13:10:00Z,ahu-c-f02-east,ON,NORMAL,14.30,25.76,14.00
src-ahu-0310-019,2026-01-15T13:10:00Z,ahu-c-f02-west,ON,NORMAL,14.23,25.62,14.00
src-ahu-0310-020,2026-01-15T13:10:00Z,ahu-c-f03-east,ON,NORMAL,14.24,25.75,14.00
src-ahu-0310-021,2026-01-15T13:10:00Z,ahu-c-f03-west,ON,NORMAL,14.25,25.42,14.00
src-ahu-0310-022,2026-01-15T13:10:00Z,ahu-c-f04-east,ON,NORMAL,14.28,25.42,14.00
src-ahu-0310-023,2026-01-15T13:10:00Z,ahu-c-f04-west,ON,NORMAL,14.18,25.21,14.00
src-ahu-0311-000,2026-01-15T13:11:00Z,ahu-a-f01-east,ON,NORMAL,13.74,23.65,14.00
src-ahu-0311-001,2026-01-15T13:11:00Z,ahu-a-f01-west,ON,NORMAL,13.71,23.62,14.00
src-ahu-0311-002,2026-01-15T13:11:00Z,ahu-a-f02-east,ON,NORMAL,13.66,23.98,14.00
src-ahu-0311-003,2026-01-15T13:11:00Z,ahu-a-f02-west,ON,NORMAL,13.69,23.88,14.00
src-ahu-0311-004,2026-01-15T13:11:00Z,ahu-a-f03-east,ON,NORMAL,13.82,24.21,14.00
src-ahu-0311-005,2026-01-15T13:11:00Z,ahu-a-f03-west,ON,NORMAL,13.79,24.38,14.00
src-ahu-0311-006,2026-01-15T13:11:00Z,ahu-a-f04-east,ON,NORMAL,13.93,24.79,14.00
src-ahu-0311-007,2026-01-15T13:11:00Z,ahu-a-f04-west,ON,NORMAL,13.95,24.98,14.00
src-ahu-0311-008,2026-01-15T13:11:00Z,ahu-b-f01-east,ON,NORMAL,14.12,24.67,14.00
src-ahu-0311-009,2026-01-15T13:11:00Z,ahu-b-f01-west,ON,NORMAL,14.18,24.89,14.00
src-ahu-0311-010,2026-01-15T13:11:00Z,ahu-b-f02-east,ON,NORMAL,14.19,25.14,14.00
src-ahu-0311-011,2026-01-15T13:11:00Z,ahu-b-f02-west,ON,NORMAL,14.30,25.34,14.00
src-ahu-0311-012,2026-01-15T13:11:00Z,ahu-b-f03-east,ON,NORMAL,14.25,25.71,14.00
src-ahu-0311-013,2026-01-15T13:11:00Z,ahu-b-f03-west,ON,NORMAL,14.30,25.75,14.00
src-ahu-0311-014,2026-01-15T13:11:00Z,ahu-b-f04-east,ON,NORMAL,14.22,25.96,14.00
src-ahu-0311-015,2026-01-15T13:11:00Z,ahu-b-f04-west,ON,NORMAL,14.39,25.97,14.00
src-ahu-0311-016,2026-01-15T13:11:00Z,ahu-c-f01-east,ON,NORMAL,14.46,25.69,14.00
src-ahu-0311-017,2026-01-15T13:11:00Z,ahu-c-f01-west,ON,NORMAL,14.27,25.75,14.00
src-ahu-0311-018,2026-01-15T13:11:00Z,ahu-c-f02-east,ON,NORMAL,14.37,25.77,14.00
src-ahu-0311-019,2026-01-15T13:11:00Z,ahu-c-f02-west,ON,NORMAL,14.25,25.62,14.00
src-ahu-0311-020,2026-01-15T13:11:00Z,ahu-c-f03-east,ON,NORMAL,14.34,25.59,14.00
src-ahu-0311-021,2026-01-15T13:11:00Z,ahu-c-f03-west,ON,NORMAL,14.20,25.48,14.00
src-ahu-0311-022,2026-01-15T13:11:00Z,ahu-c-f04-east,ON,NORMAL,14.25,25.43,14.00
src-ahu-0311-023,2026-01-15T13:11:00Z,ahu-c-f04-west,ON,NORMAL,14.27,25.20,14.00
src-ahu-0312-000,2026-01-15T13:12:00Z,ahu-a-f01-east,ON,NORMAL,13.72,23.66,14.00
src-ahu-0312-001,2026-01-15T13:12:00Z,ahu-a-f01-west,ON,NORMAL,13.74,23.68,14.00
src-ahu-0312-002,2026-01-15T13:12:00Z,ahu-a-f02-east,ON,NORMAL,13.74,23.85,14.00
src-ahu-0312-003,2026-01-15T13:12:00Z,ahu-a-f02-west,ON,NORMAL,13.85,24.06,14.00
src-ahu-0312-004,2026-01-15T13:12:00Z,ahu-a-f03-east,ON,NORMAL,13.75,24.39,14.00
src-ahu-0312-005,2026-01-15T13:12:00Z,ahu-a-f03-west,ON,NORMAL,13.98,24.48,14.00
src-ahu-0312-006,2026-01-15T13:12:00Z,ahu-a-f04-east,ON,NORMAL,13.98,24.76,14.00
src-ahu-0312-007,2026-01-15T13:12:00Z,ahu-a-f04-west,ON,NORMAL,14.11,25.05,14.00
src-ahu-0312-008,2026-01-15T13:12:00Z,ahu-b-f01-east,ON,NORMAL,14.04,24.64,14.00
src-ahu-0312-009,2026-01-15T13:12:00Z,ahu-b-f01-west,ON,NORMAL,14.14,24.85,14.00
src-ahu-0312-010,2026-01-15T13:12:00Z,ahu-b-f02-east,ON,NORMAL,14.28,25.22,14.00
src-ahu-0312-011,2026-01-15T13:12:00Z,ahu-b-f02-west,ON,NORMAL,14.12,25.42,14.00
src-ahu-0312-012,2026-01-15T13:12:00Z,ahu-b-f03-east,ON,NORMAL,14.16,25.67,14.00
src-ahu-0312-013,2026-01-15T13:12:00Z,ahu-b-f03-west,ON,NORMAL,14.21,25.77,14.00
src-ahu-0312-014,2026-01-15T13:12:00Z,ahu-b-f04-east,ON,NORMAL,14.40,25.93,14.00
src-ahu-0312-015,2026-01-15T13:12:00Z,ahu-b-f04-west,ON,NORMAL,14.27,25.94,14.00
src-ahu-0312-016,2026-01-15T13:12:00Z,ahu-c-f01-east,ON,NORMAL,14.29,25.80,14.00
src-ahu-0312-017,2026-01-15T13:12:00Z,ahu-c-f01-west,ON,NORMAL,14.31,25.70,14.00
src-ahu-0312-018,2026-01-15T13:12:00Z,ahu-c-f02-east,ON,NORMAL,14.44,25.69,14.00
src-ahu-0312-019,2026-01-15T13:12:00Z,ahu-c-f02-west,ON,NORMAL,14.30,25.54,14.00
src-ahu-0312-020,2026-01-15T13:12:00Z,ahu-c-f03-east,ON,NORMAL,14.19,25.60,14.00
src-ahu-0312-021,2026-01-15T13:12:00Z,ahu-c-f03-west,ON,NORMAL,14.29,25.46,14.00
src-ahu-0312-022,2026-01-15T13:12:00Z,ahu-c-f04-east,ON,NORMAL,14.22,25.43,14.00
src-ahu-0312-023,2026-01-15T13:12:00Z,ahu-c-f04-west,ON,NORMAL,14.01,25.20,14.00
src-ahu-0313-000,2026-01-15T13:13:00Z,ahu-a-f01-east,ON,NORMAL,13.65,23.60,14.00
src-ahu-0313-001,2026-01-15T13:13:00Z,ahu-a-f01-west,ON,NORMAL,13.66,23.64,14.00
src-ahu-0313-002,2026-01-15T13:13:00Z,ahu-a-f02-east,ON,NORMAL,13.74,23.95,14.00
src-ahu-0313-003,2026-01-15T13:13:00Z,ahu-a-f02-west,ON,NORMAL,13.91,24.05,14.00
src-ahu-0313-004,2026-01-15T13:13:00Z,ahu-a-f03-east,ON,NORMAL,13.91,24.28,14.00
src-ahu-0313-005,2026-01-15T13:13:00Z,ahu-a-f03-west,ON,NORMAL,13.99,24.48,14.00
src-ahu-0313-006,2026-01-15T13:13:00Z,ahu-a-f04-east,ON,NORMAL,14.05,24.87,14.00
src-ahu-0313-007,2026-01-15T13:13:00Z,ahu-a-f04-west,ON,NORMAL,13.96,24.95,14.00
src-ahu-0313-008,2026-01-15T13:13:00Z,ahu-b-f01-east,ON,NORMAL,14.11,24.74,14.00
src-ahu-0313-009,2026-01-15T13:13:00Z,ahu-b-f01-west,ON,NORMAL,14.23,24.85,14.00
src-ahu-0313-010,2026-01-15T13:13:00Z,ahu-b-f02-east,ON,NORMAL,14.14,25.25,14.00
src-ahu-0313-011,2026-01-15T13:13:00Z,ahu-b-f02-west,ON,NORMAL,14.25,25.38,14.00
src-ahu-0313-012,2026-01-15T13:13:00Z,ahu-b-f03-east,ON,NORMAL,14.38,25.73,14.00
src-ahu-0313-013,2026-01-15T13:13:00Z,ahu-b-f03-west,ON,NORMAL,14.43,25.74,14.00
src-ahu-0313-014,2026-01-15T13:13:00Z,ahu-b-f04-east,ON,NORMAL,14.23,25.97,14.00
src-ahu-0313-015,2026-01-15T13:13:00Z,ahu-b-f04-west,ON,NORMAL,14.38,25.97,14.00
src-ahu-0313-016,2026-01-15T13:13:00Z,ahu-c-f01-east,ON,NORMAL,14.34,25.78,14.00
src-ahu-0313-017,2026-01-15T13:13:00Z,ahu-c-f01-west,ON,NORMAL,14.25,25.65,14.00
src-ahu-0313-018,2026-01-15T13:13:00Z,ahu-c-f02-east,ON,NORMAL,14.38,25.70,14.00
src-ahu-0313-019,2026-01-15T13:13:00Z,ahu-c-f02-west,ON,NORMAL,14.39,25.56,14.00
src-ahu-0313-020,2026-01-15T13:13:00Z,ahu-c-f03-east,ON,NORMAL,14.24,25.50,14.00
src-ahu-0313-021,2026-01-15T13:13:00Z,ahu-c-f03-west,ON,NORMAL,14.24,25.36,14.00
src-ahu-0313-022,2026-01-15T13:13:00Z,ahu-c-f04-east,ON,NORMAL,14.12,25.40,14.00
src-ahu-0313-023,2026-01-15T13:13:00Z,ahu-c-f04-west,ON,NORMAL,14.18,25.16,14.00
src-ahu-0314-000,2026-01-15T13:14:00Z,ahu-a-f01-east,ON,NORMAL,13.70,23.61,14.00
src-ahu-0314-001,2026-01-15T13:14:00Z,ahu-a-f01-west,ON,NORMAL,13.67,23.58,14.00
src-ahu-0314-002,2026-01-15T13:14:00Z,ahu-a-f02-east,ON,NORMAL,13.82,23.89,14.00
src-ahu-0314-003,2026-01-15T13:14:00Z,ahu-a-f02-west,ON,NORMAL,13.89,24.01,14.00
src-ahu-0314-004,2026-01-15T13:14:00Z,ahu-a-f03-east,ON,NORMAL,13.93,24.37,14.00
src-ahu-0314-005,2026-01-15T13:14:00Z,ahu-a-f03-west,ON,NORMAL,13.88,24.48,14.00
src-ahu-0314-006,2026-01-15T13:14:00Z,ahu-a-f04-east,ON,NORMAL,14.04,24.92,14.00
src-ahu-0314-007,2026-01-15T13:14:00Z,ahu-a-f04-west,ON,NORMAL,14.05,25.14,14.00
src-ahu-0314-008,2026-01-15T13:14:00Z,ahu-b-f01-east,ON,NORMAL,14.08,24.76,14.00
src-ahu-0314-009,2026-01-15T13:14:00Z,ahu-b-f01-west,ON,NORMAL,14.27,24.83,14.00
src-ahu-0314-010,2026-01-15T13:14:00Z,ahu-b-f02-east,ON,NORMAL,14.21,25.33,14.00
src-ahu-0314-011,2026-01-15T13:14:00Z,ahu-b-f02-west,ON,NORMAL,14.22,25.33,14.00
src-ahu-0314-012,2026-01-15T13:14:00Z,ahu-b-f03-east,ON,NORMAL,14.36,25.69,14.00
src-ahu-0314-013,2026-01-15T13:14:00Z,ahu-b-f03-west,ON,NORMAL,14.42,25.82,14.00
src-ahu-0314-014,2026-01-15T13:14:00Z,ahu-b-f04-east,ON,NORMAL,14.42,25.98,14.00
src-ahu-0314-015,2026-01-15T13:14:00Z,ahu-b-f04-west,ON,NORMAL,14.29,25.93,14.00
src-ahu-0314-016,2026-01-15T13:14:00Z,ahu-c-f01-east,ON,NORMAL,14.29,25.80,14.00
src-ahu-0314-017,2026-01-15T13:14:00Z,ahu-c-f01-west,ON,NORMAL,14.41,25.65,14.00
src-ahu-0314-018,2026-01-15T13:14:00Z,ahu-c-f02-east,ON,NORMAL,14.33,25.66,14.00
src-ahu-0314-019,2026-01-15T13:14:00Z,ahu-c-f02-west,ON,NORMAL,14.18,25.58,14.00
src-ahu-0314-020,2026-01-15T13:14:00Z,ahu-c-f03-east,ON,NORMAL,14.19,25.59,14.00
src-ahu-0314-021,2026-01-15T13:14:00Z,ahu-c-f03-west,ON,NORMAL,14.10,25.26,14.00
src-ahu-0314-022,2026-01-15T13:14:00Z,ahu-c-f04-east,ON,NORMAL,14.20,25.34,14.00
src-ahu-0314-023,2026-01-15T13:14:00Z,ahu-c-f04-west,ON,NORMAL,14.19,25.20,14.00
src-ahu-0315-000,2026-01-15T13:15:00Z,ahu-a-f01-east,ON,NORMAL,13.78,23.62,14.00
src-ahu-0315-001,2026-01-15T13:15:00Z,ahu-a-f01-west,ON,NORMAL,13.81,23.68,14.00
src-ahu-0315-002,2026-01-15T13:15:00Z,ahu-a-f02-east,ON,NORMAL,13.80,23.97,14.00
src-ahu-0315-003,2026-01-15T13:15:00Z,ahu-a-f02-west,ON,NORMAL,13.89,24.06,14.00
src-ahu-0315-004,2026-01-15T13:15:00Z,ahu-a-f03-east,ON,NORMAL,13.81,24.34,14.00
src-ahu-0315-005,2026-01-15T13:15:00Z,ahu-a-f03-west,ON,NORMAL,14.00,24.43,14.00
src-ahu-0315-006,2026-01-15T13:15:00Z,ahu-a-f04-east,ON,NORMAL,14.10,24.88,14.00
src-ahu-0315-007,2026-01-15T13:15:00Z,ahu-a-f04-west,ON,NORMAL,14.07,25.12,14.00
src-ahu-0315-008,2026-01-15T13:15:00Z,ahu-b-f01-east,ON,NORMAL,14.12,24.70,14.00
src-ahu-0315-009,2026-01-15T13:15:00Z,ahu-b-f01-west,ON,NORMAL,14.29,24.97,14.00
src-ahu-0315-010,2026-01-15T13:15:00Z,ahu-b-f02-east,ON,NORMAL,14.25,25.28,14.00
src-ahu-0315-011,2026-01-15T13:15:00Z,ahu-b-f02-west,ON,NORMAL,14.24,25.51,14.00
src-ahu-0315-012,2026-01-15T13:15:00Z,ahu-b-f03-east,ON,NORMAL,14.44,25.80,14.00
src-ahu-0315-013,2026-01-15T13:15:00Z,ahu-b-f03-west,ON,NORMAL,14.43,25.71,14.00
src-ahu-0315-014,2026-01-15T13:15:00Z,ahu-b-f04-east,ON,NORMAL,14.23,25.94,14.00
src-ahu-0315-015,2026-01-15T13:15:00Z,ahu-b-f04-west,ON,NORMAL,14.46,25.84,14.00
src-ahu-0315-016,2026-01-15T13:15:00Z,ahu-c-f01-east,ON,NORMAL,14.30,25.75,14.00
src-ahu-0315-017,2026-01-15T13:15:00Z,ahu-c-f01-west,ON,NORMAL,14.41,25.60,14.00
src-ahu-0315-018,2026-01-15T13:15:00Z,ahu-c-f02-east,ON,NORMAL,14.17,25.70,14.00
src-ahu-0315-019,2026-01-15T13:15:00Z,ahu-c-f02-west,ON,NORMAL,14.26,25.51,14.00
src-ahu-0315-020,2026-01-15T13:15:00Z,ahu-c-f03-east,ON,NORMAL,14.27,25.48,14.00
src-ahu-0315-021,2026-01-15T13:15:00Z,ahu-c-f03-west,ON,NORMAL,14.19,25.32,14.00
src-ahu-0315-022,2026-01-15T13:15:00Z,ahu-c-f04-east,ON,NORMAL,14.07,25.34,14.00
src-ahu-0315-023,2026-01-15T13:15:00Z,ahu-c-f04-west,ON,NORMAL,13.96,25.10,14.00
src-ahu-0316-000,2026-01-15T13:16:00Z,ahu-a-f01-east,ON,NORMAL,13.81,23.55,14.00
src-ahu-0316-001,2026-01-15T13:16:00Z,ahu-a-f01-west,ON,NORMAL,13.79,23.67,14.00
src-ahu-0316-002,2026-01-15T13:16:00Z,ahu-a-f02-east,ON,NORMAL,13.93,23.94,14.00
src-ahu-0316-003,2026-01-15T13:16:00Z,ahu-a-f02-west,ON,NORMAL,13.88,24.12,14.00
src-ahu-0316-004,2026-01-15T13:16:00Z,ahu-a-f03-east,ON,NORMAL,13.83,24.44,14.00
src-ahu-0316-005,2026-01-15T13:16:00Z,ahu-a-f03-west,ON,NORMAL,13.93,24.57,14.00
src-ahu-0316-006,2026-01-15T13:16:00Z,ahu-a-f04-east,ON,NORMAL,14.00,24.91,14.00
src-ahu-0316-007,2026-01-15T13:16:00Z,ahu-a-f04-west,ON,NORMAL,14.22,25.10,14.00
src-ahu-0316-008,2026-01-15T13:16:00Z,ahu-b-f01-east,ON,NORMAL,14.19,24.79,14.00
src-ahu-0316-009,2026-01-15T13:16:00Z,ahu-b-f01-west,ON,NORMAL,14.15,24.86,14.00
src-ahu-0316-010,2026-01-15T13:16:00Z,ahu-b-f02-east,ON,NORMAL,14.16,25.29,14.00
src-ahu-0316-011,2026-01-15T13:16:00Z,ahu-b-f02-west,ON,NORMAL,14.36,25.41,14.00
src-ahu-0316-012,2026-01-15T13:16:00Z,ahu-b-f03-east,ON,NORMAL,14.38,25.69,14.00
src-ahu-0316-013,2026-01-15T13:16:00Z,ahu-b-f03-west,ON,NORMAL,14.31,25.70,14.00
src-ahu-0316-014,2026-01-15T13:16:00Z,ahu-b-f04-east,ON,NORMAL,14.38,25.96,14.00
src-ahu-0316-015,2026-01-15T13:16:00Z,ahu-b-f04-west,ON,NORMAL,14.38,25.94,14.00
src-ahu-0316-016,2026-01-15T13:16:00Z,ahu-c-f01-east,ON,NORMAL,14.28,25.69,14.00
src-ahu-0316-017,2026-01-15T13:16:00Z,ahu-c-f01-west,ON,NORMAL,14.29,25.57,14.00
src-ahu-0316-018,2026-01-15T13:16:00Z,ahu-c-f02-east,ON,NORMAL,14.20,25.59,14.00
src-ahu-0316-019,2026-01-15T13:16:00Z,ahu-c-f02-west,ON,NORMAL,14.25,25.47,14.00
src-ahu-0316-020,2026-01-15T13:16:00Z,ahu-c-f03-east,ON,NORMAL,14.19,25.50,14.00
src-ahu-0316-021,2026-01-15T13:16:00Z,ahu-c-f03-west,ON,NORMAL,14.05,25.30,14.00
src-ahu-0316-022,2026-01-15T13:16:00Z,ahu-c-f04-east,ON,NORMAL,14.16,25.23,14.00
src-ahu-0316-023,2026-01-15T13:16:00Z,ahu-c-f04-west,ON,NORMAL,13.91,25.04,14.00
src-ahu-0317-000,2026-01-15T13:17:00Z,ahu-a-f01-east,ON,NORMAL,13.69,23.69,14.00
src-ahu-0317-001,2026-01-15T13:17:00Z,ahu-a-f01-west,ON,NORMAL,13.75,23.64,14.00
src-ahu-0317-002,2026-01-15T13:17:00Z,ahu-a-f02-east,ON,NORMAL,13.95,23.98,14.00
src-ahu-0317-003,2026-01-15T13:17:00Z,ahu-a-f02-west,ON,NORMAL,13.85,23.97,14.00
src-ahu-0317-004,2026-01-15T13:17:00Z,ahu-a-f03-east,ON,NORMAL,14.02,24.41,14.00
src-ahu-0317-005,2026-01-15T13:17:00Z,ahu-a-f03-west,ON,NORMAL,13.98,24.64,14.00
src-ahu-0317-006,2026-01-15T13:17:00Z,ahu-a-f04-east,ON,NORMAL,14.00,24.95,14.00
src-ahu-0317-007,2026-01-15T13:17:00Z,ahu-a-f04-west,ON,NORMAL,14.27,25.16,14.00
src-ahu-0317-008,2026-01-15T13:17:00Z,ahu-b-f01-east,ON,NORMAL,14.11,24.80,14.00
src-ahu-0317-009,2026-01-15T13:17:00Z,ahu-b-f01-west,ON,NORMAL,14.13,25.01,14.00
src-ahu-0317-010,2026-01-15T13:17:00Z,ahu-b-f02-east,ON,NORMAL,14.20,25.37,14.00
src-ahu-0317-011,2026-01-15T13:17:00Z,ahu-b-f02-west,ON,NORMAL,14.27,25.51,14.00
src-ahu-0317-012,2026-01-15T13:17:00Z,ahu-b-f03-east,ON,NORMAL,14.35,25.74,14.00
src-ahu-0317-013,2026-01-15T13:17:00Z,ahu-b-f03-west,ON,NORMAL,14.37,25.71,14.00
src-ahu-0317-014,2026-01-15T13:17:00Z,ahu-b-f04-east,ON,NORMAL,14.31,25.91,14.00
src-ahu-0317-015,2026-01-15T13:17:00Z,ahu-b-f04-west,ON,NORMAL,14.34,25.92,14.00
src-ahu-0317-016,2026-01-15T13:17:00Z,ahu-c-f01-east,ON,NORMAL,14.31,25.67,14.00
src-ahu-0317-017,2026-01-15T13:17:00Z,ahu-c-f01-west,ON,NORMAL,14.33,25.65,14.00
src-ahu-0317-018,2026-01-15T13:17:00Z,ahu-c-f02-east,ON,NORMAL,14.30,25.58,14.00
src-ahu-0317-019,2026-01-15T13:17:00Z,ahu-c-f02-west,ON,NORMAL,14.19,25.48,14.00
src-ahu-0317-020,2026-01-15T13:17:00Z,ahu-c-f03-east,ON,NORMAL,14.07,25.46,14.00
src-ahu-0317-021,2026-01-15T13:17:00Z,ahu-c-f03-west,ON,NORMAL,14.08,25.32,14.00
src-ahu-0317-022,2026-01-15T13:17:00Z,ahu-c-f04-east,ON,NORMAL,13.97,25.27,14.00
src-ahu-0317-023,2026-01-15T13:17:00Z,ahu-c-f04-west,ON,NORMAL,13.95,25.14,14.00
src-ahu-0318-000,2026-01-15T13:18:00Z,ahu-a-f01-east,ON,NORMAL,13.80,23.70,14.00
src-ahu-0318-001,2026-01-15T13:18:00Z,ahu-a-f01-west,ON,NORMAL,13.77,23.66,14.00
src-ahu-0318-002,2026-01-15T13:18:00Z,ahu-a-f02-east,ON,NORMAL,13.96,23.94,14.00
src-ahu-0318-003,2026-01-15T13:18:00Z,ahu-a-f02-west,ON,NORMAL,13.93,24.10,14.00
src-ahu-0318-004,2026-01-15T13:18:00Z,ahu-a-f03-east,ON,NORMAL,14.11,24.47,14.00
src-ahu-0318-005,2026-01-15T13:18:00Z,ahu-a-f03-west,ON,NORMAL,14.13,24.68,14.00
src-ahu-0318-006,2026-01-15T13:18:00Z,ahu-a-f04-east,ON,NORMAL,14.11,25.02,14.00
src-ahu-0318-007,2026-01-15T13:18:00Z,ahu-a-f04-west,ON,NORMAL,14.20,25.20,14.00
src-ahu-0318-008,2026-01-15T13:18:00Z,ahu-b-f01-east,ON,NORMAL,14.10,24.82,14.00
src-ahu-0318-009,2026-01-15T13:18:00Z,ahu-b-f01-west,ON,NORMAL,14.32,25.09,14.00
src-ahu-0318-010,2026-01-15T13:18:00Z,ahu-b-f02-east,ON,NORMAL,14.20,25.40,14.00
src-ahu-0318-011,2026-01-15T13:18:00Z,ahu-b-f02-west,ON,NORMAL,14.32,25.36,14.00
src-ahu-0318-012,2026-01-15T13:18:00Z,ahu-b-f03-east,ON,NORMAL,14.43,25.75,14.00
src-ahu-0318-013,2026-01-15T13:18:00Z,ahu-b-f03-west,ON,NORMAL,14.35,25.73,14.00
src-ahu-0318-014,2026-01-15T13:18:00Z,ahu-b-f04-east,ON,NORMAL,14.37,26.08,14.00
src-ahu-0318-015,2026-01-15T13:18:00Z,ahu-b-f04-west,ON,NORMAL,14.39,25.86,14.00
src-ahu-0318-016,2026-01-15T13:18:00Z,ahu-c-f01-east,ON,NORMAL,14.25,25.75,14.00
src-ahu-0318-017,2026-01-15T13:18:00Z,ahu-c-f01-west,ON,NORMAL,14.16,25.54,14.00
src-ahu-0318-018,2026-01-15T13:18:00Z,ahu-c-f02-east,ON,NORMAL,14.30,25.69,14.00
src-ahu-0318-019,2026-01-15T13:18:00Z,ahu-c-f02-west,ON,NORMAL,14.30,25.48,14.00
src-ahu-0318-020,2026-01-15T13:18:00Z,ahu-c-f03-east,ON,NORMAL,14.06,25.37,14.00
src-ahu-0318-021,2026-01-15T13:18:00Z,ahu-c-f03-west,ON,NORMAL,13.97,25.19,14.00
src-ahu-0318-022,2026-01-15T13:18:00Z,ahu-c-f04-east,ON,NORMAL,13.97,25.15,14.00
src-ahu-0318-023,2026-01-15T13:18:00Z,ahu-c-f04-west,ON,NORMAL,13.86,25.07,14.00
src-ahu-0319-000,2026-01-15T13:19:00Z,ahu-a-f01-east,ON,NORMAL,13.79,23.58,14.00
src-ahu-0319-001,2026-01-15T13:19:00Z,ahu-a-f01-west,ON,NORMAL,13.80,23.65,14.00
src-ahu-0319-002,2026-01-15T13:19:00Z,ahu-a-f02-east,ON,NORMAL,13.98,23.98,14.00
src-ahu-0319-003,2026-01-15T13:19:00Z,ahu-a-f02-west,ON,NORMAL,13.92,24.10,14.00
src-ahu-0319-004,2026-01-15T13:19:00Z,ahu-a-f03-east,ON,NORMAL,13.93,24.51,14.00
src-ahu-0319-005,2026-01-15T13:19:00Z,ahu-a-f03-west,ON,NORMAL,14.08,24.56,14.00
src-ahu-0319-006,2026-01-15T13:19:00Z,ahu-a-f04-east,ON,NORMAL,14.26,25.04,14.00
src-ahu-0319-007,2026-01-15T13:19:00Z,ahu-a-f04-west,ON,NORMAL,14.11,25.16,14.00
src-ahu-0319-008,2026-01-15T13:19:00Z,ahu-b-f01-east,ON,NORMAL,14.20,24.88,14.00
src-ahu-0319-009,2026-01-15T13:19:00Z,ahu-b-f01-west,ON,NORMAL,14.18,25.03,14.00
src-ahu-0319-010,2026-01-15T13:19:00Z,ahu-b-f02-east,ON,NORMAL,14.22,25.41,14.00
src-ahu-0319-011,2026-01-15T13:19:00Z,ahu-b-f02-west,ON,NORMAL,14.30,25.57,14.00
src-ahu-0319-012,2026-01-15T13:19:00Z,ahu-b-f03-east,ON,NORMAL,14.41,25.74,14.00
src-ahu-0319-013,2026-01-15T13:19:00Z,ahu-b-f03-west,ON,NORMAL,14.29,25.77,14.00
src-ahu-0319-014,2026-01-15T13:19:00Z,ahu-b-f04-east,ON,NORMAL,14.36,25.89,14.00
src-ahu-0319-015,2026-01-15T13:19:00Z,ahu-b-f04-west,ON,NORMAL,14.39,25.98,14.00
src-ahu-0319-016,2026-01-15T13:19:00Z,ahu-c-f01-east,ON,NORMAL,14.26,25.62,14.00
src-ahu-0319-017,2026-01-15T13:19:00Z,ahu-c-f01-west,ON,NORMAL,14.38,25.49,14.00
src-ahu-0319-018,2026-01-15T13:19:00Z,ahu-c-f02-east,ON,NORMAL,14.25,25.61,14.00
src-ahu-0319-019,2026-01-15T13:19:00Z,ahu-c-f02-west,ON,NORMAL,14.15,25.50,14.00
src-ahu-0319-020,2026-01-15T13:19:00Z,ahu-c-f03-east,ON,NORMAL,14.02,25.43,14.00
src-ahu-0319-021,2026-01-15T13:19:00Z,ahu-c-f03-west,ON,NORMAL,13.95,25.19,14.00
src-ahu-0319-022,2026-01-15T13:19:00Z,ahu-c-f04-east,ON,NORMAL,13.93,25.11,14.00
src-ahu-0319-023,2026-01-15T13:19:00Z,ahu-c-f04-west,ON,NORMAL,13.93,25.06,14.00
src-ahu-0320-000,2026-01-15T13:20:00Z,ahu-a-f01-east,ON,NORMAL,13.71,23.71,14.00
src-ahu-0320-001,2026-01-15T13:20:00Z,ahu-a-f01-west,ON,NORMAL,13.93,23.66,14.00
src-ahu-0320-002,2026-01-15T13:20:00Z,ahu-a-f02-east,ON,NORMAL,13.90,24.08,14.00
src-ahu-0320-003,2026-01-15T13:20:00Z,ahu-a-f02-west,ON,NORMAL,14.09,24.09,14.00
src-ahu-0320-004,2026-01-15T13:20:00Z,ahu-a-f03-east,ON,NORMAL,14.04,24.53,14.00
src-ahu-0320-005,2026-01-15T13:20:00Z,ahu-a-f03-west,ON,NORMAL,14.12,24.68,14.00
src-ahu-0320-006,2026-01-15T13:20:00Z,ahu-a-f04-east,ON,NORMAL,14.20,25.00,14.00
src-ahu-0320-007,2026-01-15T13:20:00Z,ahu-a-f04-west,ON,NORMAL,14.10,25.36,14.00
src-ahu-0320-008,2026-01-15T13:20:00Z,ahu-b-f01-east,ON,NORMAL,14.20,24.96,14.00
src-ahu-0320-009,2026-01-15T13:20:00Z,ahu-b-f01-west,ON,NORMAL,14.40,25.05,14.00
src-ahu-0320-010,2026-01-15T13:20:00Z,ahu-b-f02-east,ON,NORMAL,14.30,25.34,14.00
src-ahu-0320-011,2026-01-15T13:20:00Z,ahu-b-f02-west,ON,NORMAL,14.26,25.45,14.00
src-ahu-0320-012,2026-01-15T13:20:00Z,ahu-b-f03-east,ON,NORMAL,14.32,25.83,14.00
src-ahu-0320-013,2026-01-15T13:20:00Z,ahu-b-f03-west,ON,NORMAL,14.26,25.77,14.00
src-ahu-0320-014,2026-01-15T13:20:00Z,ahu-b-f04-east,ON,NORMAL,14.32,25.86,14.00
src-ahu-0320-015,2026-01-15T13:20:00Z,ahu-b-f04-west,ON,NORMAL,14.39,25.94,14.00
src-ahu-0320-016,2026-01-15T13:20:00Z,ahu-c-f01-east,ON,NORMAL,14.19,25.72,14.00
src-ahu-0320-017,2026-01-15T13:20:00Z,ahu-c-f01-west,ON,NORMAL,14.27,25.57,14.00
src-ahu-0320-018,2026-01-15T13:20:00Z,ahu-c-f02-east,ON,NORMAL,14.08,25.48,14.00
src-ahu-0320-019,2026-01-15T13:20:00Z,ahu-c-f02-west,ON,NORMAL,14.24,25.44,14.00
src-ahu-0320-020,2026-01-15T13:20:00Z,ahu-c-f03-east,ON,NORMAL,14.02,25.32,14.00
src-ahu-0320-021,2026-01-15T13:20:00Z,ahu-c-f03-west,ON,NORMAL,14.12,25.23,14.00
src-ahu-0320-022,2026-01-15T13:20:00Z,ahu-c-f04-east,ON,NORMAL,14.05,25.12,14.00
src-ahu-0320-023,2026-01-15T13:20:00Z,ahu-c-f04-west,ON,NORMAL,13.92,24.98,14.00
src-ahu-0321-000,2026-01-15T13:21:00Z,ahu-a-f01-east,ON,NORMAL,13.79,23.70,14.00
src-ahu-0321-001,2026-01-15T13:21:00Z,ahu-a-f01-west,ON,NORMAL,13.85,23.74,14.00
src-ahu-0321-002,2026-01-15T13:21:00Z,ahu-a-f02-east,ON,NORMAL,13.96,23.93,14.00
src-ahu-0321-003,2026-01-15T13:21:00Z,ahu-a-f02-west,ON,NORMAL,14.13,24.14,14.00
src-ahu-0321-004,2026-01-15T13:21:00Z,ahu-a-f03-east,ON,NORMAL,14.02,24.60,14.00
src-ahu-0321-005,2026-01-15T13:21:00Z,ahu-a-f03-west,ON,NORMAL,14.12,24.67,14.00
src-ahu-0321-006,2026-01-15T13:21:00Z,ahu-a-f04-east,ON,NORMAL,14.18,25.09,14.00
src-ahu-0321-007,2026-01-15T13:21:00Z,ahu-a-f04-west,ON,NORMAL,14.27,25.31,14.00
src-ahu-0321-008,2026-01-15T13:21:00Z,ahu-b-f01-east,ON,NORMAL,14.21,24.96,14.00
src-ahu-0321-009,2026-01-15T13:21:00Z,ahu-b-f01-west,ON,NORMAL,14.38,25.04,14.00
src-ahu-0321-010,2026-01-15T13:21:00Z,ahu-b-f02-east,ON,NORMAL,14.41,25.42,14.00
src-ahu-0321-011,2026-01-15T13:21:00Z,ahu-b-f02-west,ON,NORMAL,14.30,25.57,14.00
src-ahu-0321-012,2026-01-15T13:21:00Z,ahu-b-f03-east,ON,NORMAL,14.36,25.75,14.00
src-ahu-0321-013,2026-01-15T13:21:00Z,ahu-b-f03-west,ON,NORMAL,14.43,25.71,14.00
src-ahu-0321-014,2026-01-15T13:21:00Z,ahu-b-f04-east,ON,NORMAL,14.22,25.95,14.00
src-ahu-0321-015,2026-01-15T13:21:00Z,ahu-b-f04-west,ON,NORMAL,14.37,25.93,14.00
src-ahu-0321-016,2026-01-15T13:21:00Z,ahu-c-f01-east,ON,NORMAL,14.28,25.62,14.00
src-ahu-0321-017,2026-01-15T13:21:00Z,ahu-c-f01-west,ON,NORMAL,14.11,25.46,14.00
src-ahu-0321-018,2026-01-15T13:21:00Z,ahu-c-f02-east,ON,NORMAL,14.12,25.52,14.00
src-ahu-0321-019,2026-01-15T13:21:00Z,ahu-c-f02-west,ON,NORMAL,14.23,25.26,14.00
src-ahu-0321-020,2026-01-15T13:21:00Z,ahu-c-f03-east,ON,NORMAL,14.10,25.29,14.00
src-ahu-0321-021,2026-01-15T13:21:00Z,ahu-c-f03-west,ON,NORMAL,14.04,25.12,14.00
src-ahu-0321-022,2026-01-15T13:21:00Z,ahu-c-f04-east,ON,NORMAL,13.95,25.09,14.00
src-ahu-0321-023,2026-01-15T13:21:00Z,ahu-c-f04-west,ON,NORMAL,13.82,24.91,14.00
src-ahu-0322-000,2026-01-15T13:22:00Z,ahu-a-f01-east,ON,NORMAL,13.94,23.69,14.00
src-ahu-0322-001,2026-01-15T13:22:00Z,ahu-a-f01-west,ON,NORMAL,13.86,23.67,14.00
src-ahu-0322-002,2026-01-15T13:22:00Z,ahu-a-f02-east,ON,NORMAL,13.99,24.08,14.00
src-ahu-0322-003,2026-01-15T13:22:00Z,ahu-a-f02-west,ON,NORMAL,14.13,24.16,14.00
src-ahu-0322-004,2026-01-15T13:22:00Z,ahu-a-f03-east,ON,NORMAL,14.04,24.53,14.00
src-ahu-0322-005,2026-01-15T13:22:00Z,ahu-a-f03-west,ON,NORMAL,14.16,24.67,14.00
src-ahu-0322-006,2026-01-15T13:22:00Z,ahu-a-f04-east,ON,NORMAL,14.13,25.09,14.00
src-ahu-0322-007,2026-01-15T13:22:00Z,ahu-a-f04-west,ON,NORMAL,14.16,25.23,14.00
src-ahu-0322-008,2026-01-15T13:22:00Z,ahu-b-f01-east,ON,NORMAL,14.39,24.93,14.00
src-ahu-0322-009,2026-01-15T13:22:00Z,ahu-b-f01-west,ON,NORMAL,14.24,25.14,14.00
src-ahu-0322-010,2026-01-15T13:22:00Z,ahu-b-f02-east,ON,NORMAL,14.34,25.40,14.00
src-ahu-0322-011,2026-01-15T13:22:00Z,ahu-b-f02-west,ON,NORMAL,14.23,25.51,14.00
src-ahu-0322-012,2026-01-15T13:22:00Z,ahu-b-f03-east,ON,NORMAL,14.40,25.71,14.00
src-ahu-0322-013,2026-01-15T13:22:00Z,ahu-b-f03-west,ON,NORMAL,14.38,25.72,14.00
src-ahu-0322-014,2026-01-15T13:22:00Z,ahu-b-f04-east,ON,NORMAL,14.23,25.88,14.00
src-ahu-0322-015,2026-01-15T13:22:00Z,ahu-b-f04-west,ON,NORMAL,14.32,25.94,14.00
src-ahu-0322-016,2026-01-15T13:22:00Z,ahu-c-f01-east,ON,NORMAL,14.35,25.68,14.00
src-ahu-0322-017,2026-01-15T13:22:00Z,ahu-c-f01-west,ON,NORMAL,14.23,25.41,14.00
src-ahu-0322-018,2026-01-15T13:22:00Z,ahu-c-f02-east,ON,NORMAL,14.25,25.41,14.00
src-ahu-0322-019,2026-01-15T13:22:00Z,ahu-c-f02-west,ON,NORMAL,14.03,25.32,14.00
src-ahu-0322-020,2026-01-15T13:22:00Z,ahu-c-f03-east,ON,NORMAL,14.13,25.28,14.00
src-ahu-0322-021,2026-01-15T13:22:00Z,ahu-c-f03-west,ON,NORMAL,13.90,25.01,14.00
src-ahu-0322-022,2026-01-15T13:22:00Z,ahu-c-f04-east,ON,NORMAL,13.84,25.10,14.00
src-ahu-0322-023,2026-01-15T13:22:00Z,ahu-c-f04-west,ON,NORMAL,13.80,24.87,14.00
src-ahu-0323-000,2026-01-15T13:23:00Z,ahu-a-f01-east,ON,NORMAL,13.95,23.69,14.00
src-ahu-0323-001,2026-01-15T13:23:00Z,ahu-a-f01-west,ON,NORMAL,14.07,23.73,14.00
src-ahu-0323-002,2026-01-15T13:23:00Z,ahu-a-f02-east,ON,NORMAL,14.03,24.03,14.00
src-ahu-0323-003,2026-01-15T13:23:00Z,ahu-a-f02-west,ON,NORMAL,14.04,24.12,14.00
src-ahu-0323-004,2026-01-15T13:23:00Z,ahu-a-f03-east,ON,NORMAL,14.21,24.65,14.00
src-ahu-0323-005,2026-01-15T13:23:00Z,ahu-a-f03-west,ON,NORMAL,14.23,24.80,14.00
src-ahu-0323-006,2026-01-15T13:23:00Z,ahu-a-f04-east,ON,NORMAL,14.26,25.25,14.00
src-ahu-0323-007,2026-01-15T13:23:00Z,ahu-a-f04-west,ON,NORMAL,14.27,25.40,14.00
src-ahu-0323-008,2026-01-15T13:23:00Z,ahu-b-f01-east,ON,NORMAL,14.22,24.92,14.00
src-ahu-0323-009,2026-01-15T13:23:00Z,ahu-b-f01-west,ON,NORMAL,14.34,25.07,14.00
src-ahu-0323-010,2026-01-15T13:23:00Z,ahu-b-f02-east,ON,NORMAL,14.29,25.50,14.00
src-ahu-0323-011,2026-01-15T13:23:00Z,ahu-b-f02-west,ON,NORMAL,14.32,25.50,14.00
src-ahu-0323-012,2026-01-15T13:23:00Z,ahu-b-f03-east,ON,NORMAL,14.27,25.77,14.00
src-ahu-0323-013,2026-01-15T13:23:00Z,ahu-b-f03-west,ON,NORMAL,14.28,25.84,14.00
src-ahu-0323-014,2026-01-15T13:23:00Z,ahu-b-f04-east,ON,NORMAL,14.28,25.96,14.00
src-ahu-0323-015,2026-01-15T13:23:00Z,ahu-b-f04-west,ON,NORMAL,14.21,25.84,14.00
src-ahu-0323-016,2026-01-15T13:23:00Z,ahu-c-f01-east,ON,NORMAL,14.16,25.57,14.00
src-ahu-0323-017,2026-01-15T13:23:00Z,ahu-c-f01-west,ON,NORMAL,14.23,25.53,14.00
src-ahu-0323-018,2026-01-15T13:23:00Z,ahu-c-f02-east,ON,NORMAL,14.09,25.45,14.00
src-ahu-0323-019,2026-01-15T13:23:00Z,ahu-c-f02-west,ON,NORMAL,13.97,25.23,14.00
src-ahu-0323-020,2026-01-15T13:23:00Z,ahu-c-f03-east,ON,NORMAL,13.96,25.33,14.00
src-ahu-0323-021,2026-01-15T13:23:00Z,ahu-c-f03-west,ON,NORMAL,14.02,25.01,14.00
src-ahu-0323-022,2026-01-15T13:23:00Z,ahu-c-f04-east,ON,NORMAL,13.91,25.17,14.00
src-ahu-0323-023,2026-01-15T13:23:00Z,ahu-c-f04-west,ON,NORMAL,13.73,24.91,14.00
src-ahu-0324-000,2026-01-15T13:24:00Z,ahu-a-f01-east,ON,NORMAL,13.97,23.69,14.00
src-ahu-0324-001,2026-01-15T13:24:00Z,ahu-a-f01-west,ON,NORMAL,13.96,23.73,14.00
src-ahu-0324-002,2026-01-15T13:24:00Z,ahu-a-f02-east,ON,NORMAL,14.16,24.14,14.00
src-ahu-0324-003,2026-01-15T13:24:00Z,ahu-a-f02-west,ON,NORMAL,14.08,24.23,14.00
src-ahu-0324-004,2026-01-15T13:24:00Z,ahu-a-f03-east,ON,NORMAL,14.10,24.63,14.00
src-ahu-0324-005,2026-01-15T13:24:00Z,ahu-a-f03-west,ON,NORMAL,14.17,24.88,14.00
src-ahu-0324-006,2026-01-15T13:24:00Z,ahu-a-f04-east,ON,NORMAL,14.35,25.10,14.00
src-ahu-0324-007,2026-01-15T13:24:00Z,ahu-a-f04-west,ON,NORMAL,14.28,25.34,14.00
src-ahu-0324-008,2026-01-15T13:24:00Z,ahu-b-f01-east,ON,NORMAL,14.42,25.01,14.00
src-ahu-0324-009,2026-01-15T13:24:00Z,ahu-b-f01-west,ON,NORMAL,14.44,25.17,14.00
src-ahu-0324-010,2026-01-15T13:24:00Z,ahu-b-f02-east,ON,NORMAL,14.45,25.42,14.00
src-ahu-0324-011,2026-01-15T13:24:00Z,ahu-b-f02-west,ON,NORMAL,14.29,25.52,14.00
src-ahu-0324-012,2026-01-15T13:24:00Z,ahu-b-f03-east,ON,NORMAL,14.30,25.80,14.00
src-ahu-0324-013,2026-01-15T13:24:00Z,ahu-b-f03-west,ON,NORMAL,14.40,25.70,14.00
src-ahu-0324-014,2026-01-15T13:24:00Z,ahu-b-f04-east,ON,NORMAL,14.35,25.89,14.00
src-ahu-0324-015,2026-01-15T13:24:00Z,ahu-b-f04-west,ON,NORMAL,14.26,25.82,14.00
src-ahu-0324-016,2026-01-15T13:24:00Z,ahu-c-f01-east,ON,NORMAL,14.18,25.55,14.00
src-ahu-0324-017,2026-01-15T13:24:00Z,ahu-c-f01-west,ON,NORMAL,14.13,25.42,14.00
src-ahu-0324-018,2026-01-15T13:24:00Z,ahu-c-f02-east,ON,NORMAL,13.98,25.45,14.00
src-ahu-0324-019,2026-01-15T13:24:00Z,ahu-c-f02-west,ON,NORMAL,14.08,25.32,14.00
src-ahu-0324-020,2026-01-15T13:24:00Z,ahu-c-f03-east,ON,NORMAL,14.03,25.18,14.00
src-ahu-0324-021,2026-01-15T13:24:00Z,ahu-c-f03-west,ON,NORMAL,13.96,25.11,14.00
src-ahu-0324-022,2026-01-15T13:24:00Z,ahu-c-f04-east,ON,NORMAL,13.96,25.04,14.00
src-ahu-0324-023,2026-01-15T13:24:00Z,ahu-c-f04-west,ON,NORMAL,13.90,24.87,14.00
src-ahu-0325-000,2026-01-15T13:25:00Z,ahu-a-f01-east,ON,NORMAL,14.06,23.73,14.00
src-ahu-0325-001,2026-01-15T13:25:00Z,ahu-a-f01-west,ON,NORMAL,14.09,23.77,14.00
src-ahu-0325-002,2026-01-15T13:25:00Z,ahu-a-f02-east,ON,NORMAL,14.03,24.07,14.00
src-ahu-0325-003,2026-01-15T13:25:00Z,ahu-a-f02-west,ON,NORMAL,14.16,24.29,14.00
src-ahu-0325-004,2026-01-15T13:25:00Z,ahu-a-f03-east,ON,NORMAL,14.24,24.66,14.00
src-ahu-0325-005,2026-01-15T13:25:00Z,ahu-a-f03-west,ON,NORMAL,14.29,24.89,14.00
src-ahu-0325-006,2026-01-15T13:25:00Z,ahu-a-f04-east,ON,NORMAL,14.19,25.19,14.00
src-ahu-0325-007,2026-01-15T13:25:00Z,ahu-a-f04-west,ON,NORMAL,14.36,25.36,14.00
src-ahu-0325-008,2026-01-15T13:25:00Z,ahu-b-f01-east,ON,NORMAL,14.40,25.05,14.00
src-ahu-0325-009,2026-01-15T13:25:00Z,ahu-b-f01-west,ON,NORMAL,14.28,25.23,14.00
src-ahu-0325-010,2026-01-15T13:25:00Z,ahu-b-f02-east,ON,NORMAL,14.33,25.45,14.00
src-ahu-0325-011,2026-01-15T13:25:00Z,ahu-b-f02-west,ON,NORMAL,14.23,25.58,14.00
src-ahu-0325-012,2026-01-15T13:25:00Z,ahu-b-f03-east,ON,NORMAL,14.38,25.73,14.00
src-ahu-0325-013,2026-01-15T13:25:00Z,ahu-b-f03-west,ON,NORMAL,14.31,25.69,14.00
src-ahu-0325-014,2026-01-15T13:25:00Z,ahu-b-f04-east,ON,NORMAL,14.26,25.95,14.00
src-ahu-0325-015,2026-01-15T13:25:00Z,ahu-b-f04-west,ON,NORMAL,14.29,25.73,14.00
src-ahu-0325-016,2026-01-15T13:25:00Z,ahu-c-f01-east,ON,NORMAL,14.30,25.59,14.00
src-ahu-0325-017,2026-01-15T13:25:00Z,ahu-c-f01-west,ON,NORMAL,14.17,25.41,14.00
src-ahu-0325-018,2026-01-15T13:25:00Z,ahu-c-f02-east,ON,NORMAL,14.12,25.37,14.00
src-ahu-0325-019,2026-01-15T13:25:00Z,ahu-c-f02-west,ON,NORMAL,13.96,25.27,14.00
src-ahu-0325-020,2026-01-15T13:25:00Z,ahu-c-f03-east,ON,NORMAL,13.90,25.14,14.00
src-ahu-0325-021,2026-01-15T13:25:00Z,ahu-c-f03-west,ON,NORMAL,14.01,24.97,14.00
src-ahu-0325-022,2026-01-15T13:25:00Z,ahu-c-f04-east,ON,NORMAL,13.86,24.98,14.00
src-ahu-0325-023,2026-01-15T13:25:00Z,ahu-c-f04-west,ON,NORMAL,13.72,24.91,14.00
src-ahu-0326-000,2026-01-15T13:26:00Z,ahu-a-f01-east,ON,NORMAL,14.07,23.73,14.00
src-ahu-0326-001,2026-01-15T13:26:00Z,ahu-a-f01-west,ON,NORMAL,14.08,23.91,14.00
src-ahu-0326-002,2026-01-15T13:26:00Z,ahu-a-f02-east,ON,NORMAL,14.05,24.10,14.00
src-ahu-0326-003,2026-01-15T13:26:00Z,ahu-a-f02-west,ON,NORMAL,14.15,24.27,14.00
src-ahu-0326-004,2026-01-15T13:26:00Z,ahu-a-f03-east,ON,NORMAL,14.27,24.56,14.00
src-ahu-0326-005,2026-01-15T13:26:00Z,ahu-a-f03-west,ON,NORMAL,14.27,24.91,14.00
src-ahu-0326-006,2026-01-15T13:26:00Z,ahu-a-f04-east,ON,NORMAL,14.18,25.24,14.00
src-ahu-0326-007,2026-01-15T13:26:00Z,ahu-a-f04-west,ON,NORMAL,14.30,25.34,14.00
src-ahu-0326-008,2026-01-15T13:26:00Z,ahu-b-f01-east,ON,NORMAL,14.25,25.05,14.00
src-ahu-0326-009,2026-01-15T13:26:00Z,ahu-b-f01-west,ON,NORMAL,14.26,25.20,14.00
src-ahu-0326-010,2026-01-15T13:26:00Z,ahu-b-f02-east,ON,NORMAL,14.25,25.46,14.00
src-ahu-0326-011,2026-01-15T13:26:00Z,ahu-b-f02-west,ON,NORMAL,14.24,25.51,14.00
src-ahu-0326-012,2026-01-15T13:26:00Z,ahu-b-f03-east,ON,NORMAL,14.35,25.77,14.00
src-ahu-0326-013,2026-01-15T13:26:00Z,ahu-b-f03-west,ON,NORMAL,14.18,25.70,14.00
src-ahu-0326-014,2026-01-15T13:26:00Z,ahu-b-f04-east,ON,NORMAL,14.14,25.92,14.00
src-ahu-0326-015,2026-01-15T13:26:00Z,ahu-b-f04-west,ON,NORMAL,14.28,25.75,14.00
src-ahu-0326-016,2026-01-15T13:26:00Z,ahu-c-f01-east,ON,NORMAL,14.18,25.53,14.00
src-ahu-0326-017,2026-01-15T13:26:00Z,ahu-c-f01-west,ON,NORMAL,14.02,25.30,14.00
src-ahu-0326-018,2026-01-15T13:26:00Z,ahu-c-f02-east,ON,NORMAL,14.06,25.37,14.00
src-ahu-0326-019,2026-01-15T13:26:00Z,ahu-c-f02-west,ON,NORMAL,13.96,25.15,14.00
src-ahu-0326-020,2026-01-15T13:26:00Z,ahu-c-f03-east,ON,NORMAL,13.95,25.12,14.00
src-ahu-0326-021,2026-01-15T13:26:00Z,ahu-c-f03-west,ON,NORMAL,13.78,25.03,14.00
src-ahu-0326-022,2026-01-15T13:26:00Z,ahu-c-f04-east,ON,NORMAL,13.71,25.02,14.00
src-ahu-0326-023,2026-01-15T13:26:00Z,ahu-c-f04-west,ON,NORMAL,13.70,24.83,14.00
src-ahu-0327-000,2026-01-15T13:27:00Z,ahu-a-f01-east,ON,NORMAL,14.11,23.69,14.00
src-ahu-0327-001,2026-01-15T13:27:00Z,ahu-a-f01-west,ON,NORMAL,14.12,23.82,14.00
src-ahu-0327-002,2026-01-15T13:27:00Z,ahu-a-f02-east,ON,NORMAL,14.24,24.15,14.00
src-ahu-0327-003,2026-01-15T13:27:00Z,ahu-a-f02-west,ON,NORMAL,14.11,24.34,14.00
src-ahu-0327-004,2026-01-15T13:27:00Z,ahu-a-f03-east,ON,NORMAL,14.22,24.71,14.00
src-ahu-0327-005,2026-01-15T13:27:00Z,ahu-a-f03-west,ON,NORMAL,14.18,24.88,14.00
src-ahu-0327-006,2026-01-15T13:27:00Z,ahu-a-f04-east,ON,NORMAL,14.34,25.27,14.00
src-ahu-0327-007,2026-01-15T13:27:00Z,ahu-a-f04-west,ON,NORMAL,14.29,25.44,14.00
src-ahu-0327-008,2026-01-15T13:27:00Z,ahu-b-f01-east,ON,NORMAL,14.22,25.14,14.00
src-ahu-0327-009,2026-01-15T13:27:00Z,ahu-b-f01-west,ON,NORMAL,14.46,25.20,14.00
src-ahu-0327-010,2026-01-15T13:27:00Z,ahu-b-f02-east,ON,NORMAL,14.29,25.54,14.00
src-ahu-0327-011,2026-01-15T13:27:00Z,ahu-b-f02-west,ON,NORMAL,14.34,25.54,14.00
src-ahu-0327-012,2026-01-15T13:27:00Z,ahu-b-f03-east,ON,NORMAL,14.22,25.75,14.00
src-ahu-0327-013,2026-01-15T13:27:00Z,ahu-b-f03-west,ON,NORMAL,14.36,25.80,14.00
src-ahu-0327-014,2026-01-15T13:27:00Z,ahu-b-f04-east,ON,NORMAL,14.29,25.96,14.00
src-ahu-0327-015,2026-01-15T13:27:00Z,ahu-b-f04-west,ON,NORMAL,14.08,25.85,14.00
src-ahu-0327-016,2026-01-15T13:27:00Z,ahu-c-f01-east,ON,NORMAL,14.07,25.53,14.00
src-ahu-0327-017,2026-01-15T13:27:00Z,ahu-c-f01-west,ON,NORMAL,14.15,25.35,14.00
src-ahu-0327-018,2026-01-15T13:27:00Z,ahu-c-f02-east,ON,NORMAL,13.97,25.38,14.00
src-ahu-0327-019,2026-01-15T13:27:00Z,ahu-c-f02-west,ON,NORMAL,13.97,25.15,14.00
src-ahu-0327-020,2026-01-15T13:27:00Z,ahu-c-f03-east,ON,NORMAL,13.89,25.21,14.00
src-ahu-0327-021,2026-01-15T13:27:00Z,ahu-c-f03-west,ON,NORMAL,13.83,25.00,14.00
src-ahu-0327-022,2026-01-15T13:27:00Z,ahu-c-f04-east,ON,NORMAL,13.69,24.97,14.00
src-ahu-0327-023,2026-01-15T13:27:00Z,ahu-c-f04-west,ON,NORMAL,13.80,24.79,14.00
src-ahu-0328-000,2026-01-15T13:28:00Z,ahu-a-f01-east,ON,NORMAL,14.10,23.80,14.00
src-ahu-0328-001,2026-01-15T13:28:00Z,ahu-a-f01-west,ON,NORMAL,13.98,23.80,14.00
src-ahu-0328-002,2026-01-15T13:28:00Z,ahu-a-f02-east,ON,NORMAL,14.25,24.19,14.00
src-ahu-0328-003,2026-01-15T13:28:00Z,ahu-a-f02-west,ON,NORMAL,14.24,24.33,14.00
src-ahu-0328-004,2026-01-15T13:28:00Z,ahu-a-f03-east,ON,NORMAL,14.24,24.73,14.00
src-ahu-0328-005,2026-01-15T13:28:00Z,ahu-a-f03-west,ON,NORMAL,14.24,24.92,14.00
src-ahu-0328-006,2026-01-15T13:28:00Z,ahu-a-f04-east,ON,NORMAL,14.28,25.23,14.00
src-ahu-0328-007,2026-01-15T13:28:00Z,ahu-a-f04-west,ON,NORMAL,14.32,25.46,14.00
src-ahu-0328-008,2026-01-15T13:28:00Z,ahu-b-f01-east,ON,NORMAL,14.28,25.08,14.00
src-ahu-0328-009,2026-01-15T13:28:00Z,ahu-b-f01-west,ON,NORMAL,14.28,25.25,14.00
src-ahu-0328-010,2026-01-15T13:28:00Z,ahu-b-f02-east,ON,NORMAL,14.24,25.55,14.00
src-ahu-0328-011,2026-01-15T13:28:00Z,ahu-b-f02-west,ON,NORMAL,14.34,25.59,14.00
src-ahu-0328-012,2026-01-15T13:28:00Z,ahu-b-f03-east,ON,NORMAL,14.26,25.75,14.00
src-ahu-0328-013,2026-01-15T13:28:00Z,ahu-b-f03-west,ON,NORMAL,14.36,25.84,14.00
src-ahu-0328-014,2026-01-15T13:28:00Z,ahu-b-f04-east,ON,NORMAL,14.27,25.93,14.00
src-ahu-0328-015,2026-01-15T13:28:00Z,ahu-b-f04-west,ON,NORMAL,14.22,25.69,14.00
src-ahu-0328-016,2026-01-15T13:28:00Z,ahu-c-f01-east,ON,NORMAL,14.20,25.40,14.00
src-ahu-0328-017,2026-01-15T13:28:00Z,ahu-c-f01-west,ON,NORMAL,14.14,25.40,14.00
src-ahu-0328-018,2026-01-15T13:28:00Z,ahu-c-f02-east,ON,NORMAL,13.97,25.30,14.00
src-ahu-0328-019,2026-01-15T13:28:00Z,ahu-c-f02-west,ON,NORMAL,13.92,25.11,14.00
src-ahu-0328-020,2026-01-15T13:28:00Z,ahu-c-f03-east,ON,NORMAL,13.87,25.07,14.00
src-ahu-0328-021,2026-01-15T13:28:00Z,ahu-c-f03-west,ON,NORMAL,13.73,24.87,14.00
src-ahu-0328-022,2026-01-15T13:28:00Z,ahu-c-f04-east,ON,NORMAL,13.69,24.84,14.00
src-ahu-0328-023,2026-01-15T13:28:00Z,ahu-c-f04-west,ON,NORMAL,13.68,24.77,14.00
src-ahu-0329-000,2026-01-15T13:29:00Z,ahu-a-f01-east,ON,NORMAL,14.17,23.71,14.00
src-ahu-0329-001,2026-01-15T13:29:00Z,ahu-a-f01-west,ON,NORMAL,14.23,23.89,14.00
src-ahu-0329-002,2026-01-15T13:29:00Z,ahu-a-f02-east,ON,NORMAL,14.21,24.27,14.00
src-ahu-0329-003,2026-01-15T13:29:00Z,ahu-a-f02-west,ON,NORMAL,14.20,24.39,14.00
src-ahu-0329-004,2026-01-15T13:29:00Z,ahu-a-f03-east,ON,NORMAL,14.19,24.82,14.00
src-ahu-0329-005,2026-01-15T13:29:00Z,ahu-a-f03-west,ON,NORMAL,14.27,25.02,14.00
src-ahu-0329-006,2026-01-15T13:29:00Z,ahu-a-f04-east,ON,NORMAL,14.25,25.34,14.00
src-ahu-0329-007,2026-01-15T13:29:00Z,ahu-a-f04-west,ON,NORMAL,14.32,25.48,14.00
src-ahu-0329-008,2026-01-15T13:29:00Z,ahu-b-f01-east,ON,NORMAL,14.39,25.12,14.00
src-ahu-0329-009,2026-01-15T13:29:00Z,ahu-b-f01-west,ON,NORMAL,14.30,25.19,14.00
src-ahu-0329-010,2026-01-15T13:29:00Z,ahu-b-f02-east,ON,NORMAL,14.40,25.51,14.00
src-ahu-0329-011,2026-01-15T13:29:00Z,ahu-b-f02-west,ON,NORMAL,14.39,25.59,14.00
src-ahu-0329-012,2026-01-15T13:29:00Z,ahu-b-f03-east,ON,NORMAL,14.34,25.78,14.00
src-ahu-0329-013,2026-01-15T13:29:00Z,ahu-b-f03-west,ON,NORMAL,14.17,25.75,14.00
src-ahu-0329-014,2026-01-15T13:29:00Z,ahu-b-f04-east,ON,NORMAL,14.11,25.86,14.00
src-ahu-0329-015,2026-01-15T13:29:00Z,ahu-b-f04-west,ON,NORMAL,14.09,25.81,14.00
src-ahu-0329-016,2026-01-15T13:29:00Z,ahu-c-f01-east,ON,NORMAL,14.20,25.45,14.00
src-ahu-0329-017,2026-01-15T13:29:00Z,ahu-c-f01-west,ON,NORMAL,14.12,25.28,14.00
src-ahu-0329-018,2026-01-15T13:29:00Z,ahu-c-f02-east,ON,NORMAL,13.89,25.36,14.00
src-ahu-0329-019,2026-01-15T13:29:00Z,ahu-c-f02-west,ON,NORMAL,13.86,25.15,14.00
src-ahu-0329-020,2026-01-15T13:29:00Z,ahu-c-f03-east,ON,NORMAL,13.94,25.10,14.00
src-ahu-0329-021,2026-01-15T13:29:00Z,ahu-c-f03-west,ON,NORMAL,13.76,24.88,14.00
src-ahu-0329-022,2026-01-15T13:29:00Z,ahu-c-f04-east,ON,NORMAL,13.72,24.95,14.00
src-ahu-0329-023,2026-01-15T13:29:00Z,ahu-c-f04-west,ON,NORMAL,13.72,24.84,14.00
src-ahu-0330-000,2026-01-15T13:30:00Z,ahu-a-f01-east,ON,NORMAL,14.04,23.84,14.00
src-ahu-0330-001,2026-01-15T13:30:00Z,ahu-a-f01-west,ON,NORMAL,14.19,23.98,14.00
src-ahu-0330-002,2026-01-15T13:30:00Z,ahu-a-f02-east,ON,NORMAL,14.31,24.27,14.00
src-ahu-0330-003,2026-01-15T13:30:00Z,ahu-a-f02-west,ON,NORMAL,14.20,24.40,14.00
src-ahu-0330-004,2026-01-15T13:30:00Z,ahu-a-f03-east,ON,NORMAL,14.22,24.69,14.00
src-ahu-0330-005,2026-01-15T13:30:00Z,ahu-a-f03-west,ON,NORMAL,14.35,24.95,14.00
src-ahu-0330-006,2026-01-15T13:30:00Z,ahu-a-f04-east,ON,NORMAL,14.32,25.36,14.00
src-ahu-0330-007,2026-01-15T13:30:00Z,ahu-a-f04-west,ON,NORMAL,14.34,25.50,14.00
src-ahu-0330-008,2026-01-15T13:30:00Z,ahu-b-f01-east,ON,NORMAL,14.28,25.16,14.00
src-ahu-0330-009,2026-01-15T13:30:00Z,ahu-b-f01-west,ON,NORMAL,14.23,25.20,14.00
src-ahu-0330-010,2026-01-15T13:30:00Z,ahu-b-f02-east,ON,NORMAL,14.29,25.62,14.00
src-ahu-0330-011,2026-01-15T13:30:00Z,ahu-b-f02-west,ON,NORMAL,14.33,25.62,14.00
src-ahu-0330-012,2026-01-15T13:30:00Z,ahu-b-f03-east,ON,NORMAL,14.25,25.73,14.00
src-ahu-0330-013,2026-01-15T13:30:00Z,ahu-b-f03-west,ON,NORMAL,14.31,25.78,14.00
src-ahu-0330-014,2026-01-15T13:30:00Z,ahu-b-f04-east,ON,NORMAL,14.20,25.87,14.00
src-ahu-0330-015,2026-01-15T13:30:00Z,ahu-b-f04-west,ON,NORMAL,14.21,25.70,14.00
src-ahu-0330-016,2026-01-15T13:30:00Z,ahu-c-f01-east,ON,NORMAL,13.99,25.44,14.00
src-ahu-0330-017,2026-01-15T13:30:00Z,ahu-c-f01-west,ON,NORMAL,14.01,25.26,14.00
src-ahu-0330-018,2026-01-15T13:30:00Z,ahu-c-f02-east,ON,NORMAL,14.00,25.26,14.00
src-ahu-0330-019,2026-01-15T13:30:00Z,ahu-c-f02-west,ON,NORMAL,13.88,25.16,14.00
src-ahu-0330-020,2026-01-15T13:30:00Z,ahu-c-f03-east,ON,NORMAL,13.73,25.12,14.00
src-ahu-0330-021,2026-01-15T13:30:00Z,ahu-c-f03-west,ON,NORMAL,13.74,24.82,14.00
src-ahu-0330-022,2026-01-15T13:30:00Z,ahu-c-f04-east,ON,NORMAL,13.62,24.93,14.00
src-ahu-0330-023,2026-01-15T13:30:00Z,ahu-c-f04-west,ON,NORMAL,13.59,24.78,14.00
src-ahu-0331-000,2026-01-15T13:31:00Z,ahu-a-f01-east,ON,NORMAL,14.05,23.80,14.00
src-ahu-0331-001,2026-01-15T13:31:00Z,ahu-a-f01-west,ON,NORMAL,14.28,23.85,14.00
src-ahu-0331-002,2026-01-15T13:31:00Z,ahu-a-f02-east,ON,NORMAL,14.28,24.36,14.00
src-ahu-0331-003,2026-01-15T13:31:00Z,ahu-a-f02-west,ON,NORMAL,14.30,24.47,14.00
src-ahu-0331-004,2026-01-15T13:31:00Z,ahu-a-f03-east,ON,NORMAL,14.25,24.75,14.00
src-ahu-0331-005,2026-01-15T13:31:00Z,ahu-a-f03-west,ON,NORMAL,14.36,25.09,14.00
src-ahu-0331-006,2026-01-15T13:31:00Z,ahu-a-f04-east,ON,NORMAL,14.36,25.42,14.00
src-ahu-0331-007,2026-01-15T13:31:00Z,ahu-a-f04-west,ON,NORMAL,14.41,25.57,14.00
src-ahu-0331-008,2026-01-15T13:31:00Z,ahu-b-f01-east,ON,NORMAL,14.34,25.11,14.00
src-ahu-0331-009,2026-01-15T13:31:00Z,ahu-b-f01-west,ON,NORMAL,14.23,25.37,14.00
src-ahu-0331-010,2026-01-15T13:31:00Z,ahu-b-f02-east,ON,NORMAL,14.30,25.47,14.00
src-ahu-0331-011,2026-01-15T13:31:00Z,ahu-b-f02-west,ON,NORMAL,14.35,25.61,14.00
src-ahu-0331-012,2026-01-15T13:31:00Z,ahu-b-f03-east,ON,NORMAL,14.35,25.83,14.00
src-ahu-0331-013,2026-01-15T13:31:00Z,ahu-b-f03-west,ON,NORMAL,14.14,25.71,14.00
src-ahu-0331-014,2026-01-15T13:31:00Z,ahu-b-f04-east,ON,NORMAL,14.18,25.82,14.00
src-ahu-0331-015,2026-01-15T13:31:00Z,ahu-b-f04-west,ON,NORMAL,13.98,25.73,14.00
src-ahu-0331-016,2026-01-15T13:31:00Z,ahu-c-f01-east,ON,NORMAL,13.93,25.43,14.00
src-ahu-0331-017,2026-01-15T13:31:00Z,ahu-c-f01-west,ON,NORMAL,13.91,25.29,14.00
src-ahu-0331-018,2026-01-15T13:31:00Z,ahu-c-f02-east,ON,NORMAL,13.98,25.22,14.00
src-ahu-0331-019,2026-01-15T13:31:00Z,ahu-c-f02-west,ON,NORMAL,13.90,25.05,14.00
src-ahu-0331-020,2026-01-15T13:31:00Z,ahu-c-f03-east,ON,NORMAL,13.87,25.02,14.00
src-ahu-0331-021,2026-01-15T13:31:00Z,ahu-c-f03-west,ON,NORMAL,13.79,24.79,14.00
src-ahu-0331-022,2026-01-15T13:31:00Z,ahu-c-f04-east,ON,NORMAL,13.76,24.90,14.00
src-ahu-0331-023,2026-01-15T13:31:00Z,ahu-c-f04-west,ON,NORMAL,13.61,24.77,14.00
src-ahu-0332-000,2026-01-15T13:32:00Z,ahu-a-f01-east,ON,NORMAL,14.05,23.82,14.00
src-ahu-0332-001,2026-01-15T13:32:00Z,ahu-a-f01-west,ON,NORMAL,14.20,24.02,14.00
src-ahu-0332-002,2026-01-15T13:32:00Z,ahu-a-f02-east,ON,NORMAL,14.16,24.35,14.00
src-ahu-0332-003,2026-01-15T13:32:00Z,ahu-a-f02-west,ON,NORMAL,14.17,24.58,14.00
src-ahu-0332-004,2026-01-15T13:32:00Z,ahu-a-f03-east,ON,NORMAL,14.39,24.83,14.00
src-ahu-0332-005,2026-01-15T13:32:00Z,ahu-a-f03-west,ON,NORMAL,14.32,25.04,14.00
src-ahu-0332-006,2026-01-15T13:32:00Z,ahu-a-f04-east,ON,NORMAL,14.28,25.45,14.00
src-ahu-0332-007,2026-01-15T13:32:00Z,ahu-a-f04-west,ON,NORMAL,14.31,25.52,14.00
src-ahu-0332-008,2026-01-15T13:32:00Z,ahu-b-f01-east,ON,NORMAL,14.30,25.30,14.00
src-ahu-0332-009,2026-01-15T13:32:00Z,ahu-b-f01-west,ON,NORMAL,14.44,25.32,14.00
src-ahu-0332-010,2026-01-15T13:32:00Z,ahu-b-f02-east,ON,NORMAL,14.24,25.66,14.00
src-ahu-0332-011,2026-01-15T13:32:00Z,ahu-b-f02-west,ON,NORMAL,14.18,25.64,14.00
src-ahu-0332-012,2026-01-15T13:32:00Z,ahu-b-f03-east,ON,NORMAL,14.21,25.73,14.00
src-ahu-0332-013,2026-01-15T13:32:00Z,ahu-b-f03-west,ON,NORMAL,14.14,25.77,14.00
src-ahu-0332-014,2026-01-15T13:32:00Z,ahu-b-f04-east,ON,NORMAL,14.17,25.87,14.00
src-ahu-0332-015,2026-01-15T13:32:00Z,ahu-b-f04-west,ON,NORMAL,14.06,25.75,14.00
src-ahu-0332-016,2026-01-15T13:32:00Z,ahu-c-f01-east,ON,NORMAL,13.95,25.31,14.00
src-ahu-0332-017,2026-01-15T13:32:00Z,ahu-c-f01-west,ON,NORMAL,13.87,25.22,14.00
src-ahu-0332-018,2026-01-15T13:32:00Z,ahu-c-f02-east,ON,NORMAL,13.79,25.22,14.00
src-ahu-0332-019,2026-01-15T13:32:00Z,ahu-c-f02-west,ON,NORMAL,13.89,24.95,14.00
src-ahu-0332-020,2026-01-15T13:32:00Z,ahu-c-f03-east,ON,NORMAL,13.67,25.03,14.00
src-ahu-0332-021,2026-01-15T13:32:00Z,ahu-c-f03-west,ON,NORMAL,13.66,24.86,14.00
src-ahu-0332-022,2026-01-15T13:32:00Z,ahu-c-f04-east,ON,NORMAL,13.65,24.84,14.00
src-ahu-0332-023,2026-01-15T13:32:00Z,ahu-c-f04-west,ON,NORMAL,13.68,24.64,14.00
src-ahu-0333-000,2026-01-15T13:33:00Z,ahu-a-f01-east,ON,NORMAL,14.07,23.78,14.00
src-ahu-0333-001,2026-01-15T13:33:00Z,ahu-a-f01-west,ON,NORMAL,14.23,24.01,14.00
src-ahu-0333-002,2026-01-15T13:33:00Z,ahu-a-f02-east,ON,NORMAL,14.35,24.24,14.00
src-ahu-0333-003,2026-01-15T13:33:00Z,ahu-a-f02-west,ON,NORMAL,14.22,24.54,14.00
src-ahu-0333-004,2026-01-15T13:33:00Z,ahu-a-f03-east,ON,NORMAL,14.21,24.85,14.00
src-ahu-0333-005,2026-01-15T13:33:00Z,ahu-a-f03-west,ON,NORMAL,14.25,25.12,14.00
src-ahu-0333-006,2026-01-15T13:33:00Z,ahu-a-f04-east,ON,NORMAL,14.39,25.49,14.00
src-ahu-0333-007,2026-01-15T13:33:00Z,ahu-a-f04-west,ON,NORMAL,14.35,25.58,14.00
src-ahu-0333-008,2026-01-15T13:33:00Z,ahu-b-f01-east,ON,NORMAL,14.33,25.31,14.00
src-ahu-0333-009,2026-01-15T13:33:00Z,ahu-b-f01-west,ON,NORMAL,14.31,25.41,14.00
src-ahu-0333-010,2026-01-15T13:33:00Z,ahu-b-f02-east,ON,NORMAL,14.36,25.61,14.00
src-ahu-0333-011,2026-01-15T13:33:00Z,ahu-b-f02-west,ON,NORMAL,14.18,25.63,14.00
src-ahu-0333-012,2026-01-15T13:33:00Z,ahu-b-f03-east,ON,NORMAL,14.31,25.84,14.00
src-ahu-0333-013,2026-01-15T13:33:00Z,ahu-b-f03-west,ON,NORMAL,14.05,25.71,14.00
src-ahu-0333-014,2026-01-15T13:33:00Z,ahu-b-f04-east,ON,NORMAL,14.08,25.81,14.00
src-ahu-0333-015,2026-01-15T13:33:00Z,ahu-b-f04-west,ON,NORMAL,13.96,25.65,14.00
src-ahu-0333-016,2026-01-15T13:33:00Z,ahu-c-f01-east,ON,NORMAL,13.88,25.29,14.00
src-ahu-0333-017,2026-01-15T13:33:00Z,ahu-c-f01-west,ON,NORMAL,13.86,25.24,14.00
src-ahu-0333-018,2026-01-15T13:33:00Z,ahu-c-f02-east,ON,NORMAL,13.96,25.14,14.00
src-ahu-0333-019,2026-01-15T13:33:00Z,ahu-c-f02-west,ON,NORMAL,13.93,25.05,14.00
src-ahu-0333-020,2026-01-15T13:33:00Z,ahu-c-f03-east,ON,NORMAL,13.68,24.97,14.00
src-ahu-0333-021,2026-01-15T13:33:00Z,ahu-c-f03-west,ON,NORMAL,13.60,24.78,14.00
src-ahu-0333-022,2026-01-15T13:33:00Z,ahu-c-f04-east,ON,NORMAL,13.62,24.86,14.00
src-ahu-0333-023,2026-01-15T13:33:00Z,ahu-c-f04-west,ON,NORMAL,13.64,24.70,14.00
src-ahu-0334-000,2026-01-15T13:34:00Z,ahu-a-f01-east,ON,NORMAL,14.24,23.79,14.00
src-ahu-0334-001,2026-01-15T13:34:00Z,ahu-a-f01-west,ON,NORMAL,14.32,23.98,14.00
src-ahu-0334-002,2026-01-15T13:34:00Z,ahu-a-f02-east,ON,NORMAL,14.30,24.26,14.00
src-ahu-0334-003,2026-01-15T13:34:00Z,ahu-a-f02-west,ON,NORMAL,14.31,24.56,14.00
src-ahu-0334-004,2026-01-15T13:34:00Z,ahu-a-f03-east,ON,NORMAL,14.35,24.85,14.00
src-ahu-0334-005,2026-01-15T13:34:00Z,ahu-a-f03-west,ON,NORMAL,14.30,25.19,14.00
src-ahu-0334-006,2026-01-15T13:34:00Z,ahu-a-f04-east,ON,NORMAL,14.41,25.55,14.00
src-ahu-0334-007,2026-01-15T13:34:00Z,ahu-a-f04-west,ON,NORMAL,14.37,25.76,14.00
src-ahu-0334-008,2026-01-15T13:34:00Z,ahu-b-f01-east,ON,NORMAL,14.32,25.24,14.00
src-ahu-0334-009,2026-01-15T13:34:00Z,ahu-b-f01-west,ON,NORMAL,14.33,25.38,14.00
src-ahu-0334-010,2026-01-15T13:34:00Z,ahu-b-f02-east,ON,NORMAL,14.26,25.54,14.00
src-ahu-0334-011,2026-01-15T13:34:00Z,ahu-b-f02-west,ON,NORMAL,14.29,25.54,14.00
src-ahu-0334-012,2026-01-15T13:34:00Z,ahu-b-f03-east,ON,NORMAL,14.15,25.73,14.00
src-ahu-0334-013,2026-01-15T13:34:00Z,ahu-b-f03-west,ON,NORMAL,14.25,25.78,14.00
src-ahu-0334-014,2026-01-15T13:34:00Z,ahu-b-f04-east,ON,NORMAL,14.04,25.78,14.00
src-ahu-0334-015,2026-01-15T13:34:00Z,ahu-b-f04-west,ON,NORMAL,14.07,25.71,14.00
src-ahu-0334-016,2026-01-15T13:34:00Z,ahu-c-f01-east,ON,NORMAL,13.96,25.34,14.00
src-ahu-0334-017,2026-01-15T13:34:00Z,ahu-c-f01-west,ON,NORMAL,13.94,25.16,14.00
src-ahu-0334-018,2026-01-15T13:34:00Z,ahu-c-f02-east,ON,NORMAL,13.85,25.21,14.00
src-ahu-0334-019,2026-01-15T13:34:00Z,ahu-c-f02-west,ON,NORMAL,13.71,24.95,14.00
src-ahu-0334-020,2026-01-15T13:34:00Z,ahu-c-f03-east,ON,NORMAL,13.71,24.99,14.00
src-ahu-0334-021,2026-01-15T13:34:00Z,ahu-c-f03-west,ON,NORMAL,13.71,24.80,14.00
src-ahu-0334-022,2026-01-15T13:34:00Z,ahu-c-f04-east,ON,NORMAL,13.65,24.81,14.00
src-ahu-0334-023,2026-01-15T13:34:00Z,ahu-c-f04-west,ON,NORMAL,13.64,24.73,14.00
src-ahu-0335-000,2026-01-15T13:35:00Z,ahu-a-f01-east,ON,NORMAL,14.14,23.78,14.00
src-ahu-0335-001,2026-01-15T13:35:00Z,ahu-a-f01-west,ON,NORMAL,14.33,24.00,14.00
src-ahu-0335-002,2026-01-15T13:35:00Z,ahu-a-f02-east,ON,NORMAL,14.34,24.34,14.00
src-ahu-0335-003,2026-01-15T13:35:00Z,ahu-a-f02-west,ON,NORMAL,14.43,24.61,14.00
src-ahu-0335-004,2026-01-15T13:35:00Z,ahu-a-f03-east,ON,NORMAL,14.32,24.90,14.00
src-ahu-0335-005,2026-01-15T13:35:00Z,ahu-a-f03-west,ON,NORMAL,14.47,25.14,14.00
src-ahu-0335-006,2026-01-15T13:35:00Z,ahu-a-f04-east,ON,NORMAL,14.25,25.57,14.00
src-ahu-0335-007,2026-01-15T13:35:00Z,ahu-a-f04-west,ON,NORMAL,14.31,25.65,14.00
src-ahu-0335-008,2026-01-15T13:35:00Z,ahu-b-f01-east,ON,NORMAL,14.32,25.30,14.00
src-ahu-0335-009,2026-01-15T13:35:00Z,ahu-b-f01-west,ON,NORMAL,14.32,25.33,14.00
src-ahu-0335-010,2026-01-15T13:35:00Z,ahu-b-f02-east,ON,NORMAL,14.32,25.55,14.00
src-ahu-0335-011,2026-01-15T13:35:00Z,ahu-b-f02-west,ON,NORMAL,14.21,25.57,14.00
src-ahu-0335-012,2026-01-15T13:35:00Z,ahu-b-f03-east,ON,NORMAL,14.23,25.77,14.00
src-ahu-0335-013,2026-01-15T13:35:00Z,ahu-b-f03-west,ON,NORMAL,14.09,25.70,14.00
src-ahu-0335-014,2026-01-15T13:35:00Z,ahu-b-f04-east,ON,NORMAL,14.07,25.86,14.00
src-ahu-0335-015,2026-01-15T13:35:00Z,ahu-b-f04-west,ON,NORMAL,13.94,25.58,14.00
src-ahu-0335-016,2026-01-15T13:35:00Z,ahu-c-f01-east,ON,NORMAL,13.99,25.35,14.00
src-ahu-0335-017,2026-01-15T13:35:00Z,ahu-c-f01-west,ON,NORMAL,13.85,25.07,14.00
src-ahu-0335-018,2026-01-15T13:35:00Z,ahu-c-f02-east,ON,NORMAL,13.86,25.03,14.00
src-ahu-0335-019,2026-01-15T13:35:00Z,ahu-c-f02-west,ON,NORMAL,13.81,24.87,14.00
src-ahu-0335-020,2026-01-15T13:35:00Z,ahu-c-f03-east,ON,NORMAL,13.62,24.88,14.00
src-ahu-0335-021,2026-01-15T13:35:00Z,ahu-c-f03-west,ON,NORMAL,13.76,24.76,14.00
src-ahu-0335-022,2026-01-15T13:35:00Z,ahu-c-f04-east,ON,NORMAL,13.64,24.79,14.00
src-ahu-0335-023,2026-01-15T13:35:00Z,ahu-c-f04-west,ON,NORMAL,13.74,24.64,14.00
src-ahu-0336-000,2026-01-15T13:36:00Z,ahu-a-f01-east,ON,NORMAL,14.20,23.92,14.00
src-ahu-0336-001,2026-01-15T13:36:00Z,ahu-a-f01-west,ON,NORMAL,14.38,24.05,14.00
src-ahu-0336-002,2026-01-15T13:36:00Z,ahu-a-f02-east,ON,NORMAL,14.40,24.43,14.00
src-ahu-0336-003,2026-01-15T13:36:00Z,ahu-a-f02-west,ON,NORMAL,14.44,24.60,14.00
src-ahu-0336-004,2026-01-15T13:36:00Z,ahu-a-f03-east,ON,NORMAL,14.28,25.04,14.00
src-ahu-0336-005,2026-01-15T13:36:00Z,ahu-a-f03-west,ON,NORMAL,14.46,25.25,14.00
src-ahu-0336-006,2026-01-15T13:36:00Z,ahu-a-f04-east,ON,NORMAL,14.35,25.51,14.00
src-ahu-0336-007,2026-01-15T13:36:00Z,ahu-a-f04-west,ON,NORMAL,14.36,25.69,14.00
src-ahu-0336-008,2026-01-15T13:36:00Z,ahu-b-f01-east,ON,NORMAL,14.20,25.29,14.00
src-ahu-0336-009,2026-01-15T13:36:00Z,ahu-b-f01-west,ON,NORMAL,14.16,25.43,14.00
src-ahu-0336-010,2026-01-15T13:36:00Z,ahu-b-f02-east,ON,NORMAL,14.35,25.54,14.00
src-ahu-0336-011,2026-01-15T13:36:00Z,ahu-b-f02-west,ON,NORMAL,14.19,25.61,14.00
src-ahu-0336-012,2026-01-15T13:36:00Z,ahu-b-f03-east,ON,NORMAL,14.15,25.72,14.00
src-ahu-0336-013,2026-01-15T13:36:00Z,ahu-b-f03-west,ON,NORMAL,14.02,25.59,14.00
src-ahu-0336-014,2026-01-15T13:36:00Z,ahu-b-f04-east,ON,NORMAL,14.08,25.69,14.00
src-ahu-0336-015,2026-01-15T13:36:00Z,ahu-b-f04-west,ON,NORMAL,14.03,25.64,14.00
src-ahu-0336-016,2026-01-15T13:36:00Z,ahu-c-f01-east,ON,NORMAL,13.86,25.27,14.00
src-ahu-0336-017,2026-01-15T13:36:00Z,ahu-c-f01-west,ON,NORMAL,13.87,25.09,14.00
src-ahu-0336-018,2026-01-15T13:36:00Z,ahu-c-f02-east,ON,NORMAL,13.71,25.02,14.00
src-ahu-0336-019,2026-01-15T13:36:00Z,ahu-c-f02-west,ON,NORMAL,13.80,24.86,14.00
src-ahu-0336-020,2026-01-15T13:36:00Z,ahu-c-f03-east,ON,NORMAL,13.61,24.97,14.00
src-ahu-0336-021,2026-01-15T13:36:00Z,ahu-c-f03-west,ON,NORMAL,13.70,24.71,14.00
src-ahu-0336-022,2026-01-15T13:36:00Z,ahu-c-f04-east,ON,NORMAL,13.73,24.73,14.00
src-ahu-0336-023,2026-01-15T13:36:00Z,ahu-c-f04-west,ON,NORMAL,13.61,24.59,14.00
src-ahu-0337-000,2026-01-15T13:37:00Z,ahu-a-f01-east,ON,NORMAL,14.15,23.99,14.00
src-ahu-0337-001,2026-01-15T13:37:00Z,ahu-a-f01-west,ON,NORMAL,14.26,24.14,14.00
src-ahu-0337-002,2026-01-15T13:37:00Z,ahu-a-f02-east,ON,NORMAL,14.34,24.48,14.00
src-ahu-0337-003,2026-01-15T13:37:00Z,ahu-a-f02-west,ON,NORMAL,14.38,24.64,14.00
src-ahu-0337-004,2026-01-15T13:37:00Z,ahu-a-f03-east,ON,NORMAL,14.47,24.91,14.00
src-ahu-0337-005,2026-01-15T13:37:00Z,ahu-a-f03-west,ON,NORMAL,14.33,25.19,14.00
src-ahu-0337-006,2026-01-15T13:37:00Z,ahu-a-f04-east,ON,NORMAL,14.39,25.47,14.00
src-ahu-0337-007,2026-01-15T13:37:00Z,ahu-a-f04-west,ON,NORMAL,14.42,25.61,14.00
src-ahu-0337-008,2026-01-15T13:37:00Z,ahu-b-f01-east,ON,NORMAL,14.26,25.29,14.00
src-ahu-0337-009,2026-01-15T13:37:00Z,ahu-b-f01-west,ON,NORMAL,14.15,25.35,14.00
src-ahu-0337-010,2026-01-15T13:37:00Z,ahu-b-f02-east,ON,NORMAL,14.13,25.64,14.00
src-ahu-0337-011,2026-01-15T13:37:00Z,ahu-b-f02-west,ON,NORMAL,14.06,25.65,14.00
src-ahu-0337-012,2026-01-15T13:37:00Z,ahu-b-f03-east,ON,NORMAL,14.18,25.69,14.00
src-ahu-0337-013,2026-01-15T13:37:00Z,ahu-b-f03-west,ON,NORMAL,13.95,25.76,14.00
src-ahu-0337-014,2026-01-15T13:37:00Z,ahu-b-f04-east,ON,NORMAL,14.08,25.65,14.00
src-ahu-0337-015,2026-01-15T13:37:00Z,ahu-b-f04-west,ON,NORMAL,14.02,25.66,14.00
src-ahu-0337-016,2026-01-15T13:37:00Z,ahu-c-f01-east,ON,NORMAL,13.77,25.22,14.00
src-ahu-0337-017,2026-01-15T13:37:00Z,ahu-c-f01-west,ON,NORMAL,13.81,25.04,14.00
src-ahu-0337-018,2026-01-15T13:37:00Z,ahu-c-f02-east,ON,NORMAL,13.69,25.07,14.00
src-ahu-0337-019,2026-01-15T13:37:00Z,ahu-c-f02-west,ON,NORMAL,13.85,24.83,14.00
src-ahu-0337-020,2026-01-15T13:37:00Z,ahu-c-f03-east,ON,NORMAL,13.73,24.88,14.00
src-ahu-0337-021,2026-01-15T13:37:00Z,ahu-c-f03-west,ON,NORMAL,13.56,24.68,14.00
src-ahu-0337-022,2026-01-15T13:37:00Z,ahu-c-f04-east,ON,NORMAL,13.54,24.73,14.00
src-ahu-0337-023,2026-01-15T13:37:00Z,ahu-c-f04-west,ON,NORMAL,13.58,24.70,14.00
src-ahu-0338-000,2026-01-15T13:38:00Z,ahu-a-f01-east,ON,NORMAL,14.25,23.93,14.00
src-ahu-0338-001,2026-01-15T13:38:00Z,ahu-a-f01-west,ON,NORMAL,14.36,24.05,14.00
src-ahu-0338-002,2026-01-15T13:38:00Z,ahu-a-f02-east,ON,NORMAL,14.32,24.46,14.00
src-ahu-0338-003,2026-01-15T13:38:00Z,ahu-a-f02-west,ON,NORMAL,14.30,24.65,14.00
src-ahu-0338-004,2026-01-15T13:38:00Z,ahu-a-f03-east,ON,NORMAL,14.44,25.11,14.00
src-ahu-0338-005,2026-01-15T13:38:00Z,ahu-a-f03-west,ON,NORMAL,14.28,25.20,14.00
src-ahu-0338-006,2026-01-15T13:38:00Z,ahu-a-f04-east,ON,NORMAL,14.37,25.63,14.00
src-ahu-0338-007,2026-01-15T13:38:00Z,ahu-a-f04-west,ON,NORMAL,14.24,25.66,14.00
src-ahu-0338-008,2026-01-15T13:38:00Z,ahu-b-f01-east,ON,NORMAL,14.20,25.30,14.00
src-ahu-0338-009,2026-01-15T13:38:00Z,ahu-b-f01-west,ON,NORMAL,14.33,25.36,14.00
src-ahu-0338-010,2026-01-15T13:38:00Z,ahu-b-f02-east,ON,NORMAL,14.11,25.66,14.00
src-ahu-0338-011,2026-01-15T13:38:00Z,ahu-b-f02-west,ON,NORMAL,14.16,25.60,14.00
src-ahu-0338-012,2026-01-15T13:38:00Z,ahu-b-f03-east,ON,NORMAL,14.13,25.80,14.00
src-ahu-0338-013,2026-01-15T13:38:00Z,ahu-b-f03-west,ON,NORMAL,13.97,25.58,14.00
src-ahu-0338-014,2026-01-15T13:38:00Z,ahu-b-f04-east,ON,NORMAL,13.99,25.72,14.00
src-ahu-0338-015,2026-01-15T13:38:00Z,ahu-b-f04-west,ON,NORMAL,13.90,25.48,14.00
src-ahu-0338-016,2026-01-15T13:38:00Z,ahu-c-f01-east,ON,NORMAL,13.85,25.22,14.00
src-ahu-0338-017,2026-01-15T13:38:00Z,ahu-c-f01-west,ON,NORMAL,13.68,25.14,14.00
src-ahu-0338-018,2026-01-15T13:38:00Z,ahu-c-f02-east,ON,NORMAL,13.65,25.00,14.00
src-ahu-0338-019,2026-01-15T13:38:00Z,ahu-c-f02-west,ON,NORMAL,13.80,24.81,14.00
src-ahu-0338-020,2026-01-15T13:38:00Z,ahu-c-f03-east,ON,NORMAL,13.75,24.86,14.00
src-ahu-0338-021,2026-01-15T13:38:00Z,ahu-c-f03-west,ON,NORMAL,13.66,24.65,14.00
src-ahu-0338-022,2026-01-15T13:38:00Z,ahu-c-f04-east,ON,NORMAL,13.75,24.68,14.00
src-ahu-0338-023,2026-01-15T13:38:00Z,ahu-c-f04-west,ON,NORMAL,13.67,24.57,14.00
src-ahu-0339-000,2026-01-15T13:39:00Z,ahu-a-f01-east,ON,NORMAL,14.37,24.04,14.00
src-ahu-0339-001,2026-01-15T13:39:00Z,ahu-a-f01-west,ON,NORMAL,14.32,24.09,14.00
src-ahu-0339-002,2026-01-15T13:39:00Z,ahu-a-f02-east,ON,NORMAL,14.24,24.56,14.00
src-ahu-0339-003,2026-01-15T13:39:00Z,ahu-a-f02-west,ON,NORMAL,14.31,24.72,14.00
src-ahu-0339-004,2026-01-15T13:39:00Z,ahu-a-f03-east,ON,NORMAL,14.39,25.15,14.00
src-ahu-0339-005,2026-01-15T13:39:00Z,ahu-a-f03-west,ON,NORMAL,14.38,25.20,14.00
src-ahu-0339-006,2026-01-15T13:39:00Z,ahu-a-f04-east,ON,NORMAL,14.31,25.56,14.00
src-ahu-0339-007,2026-01-15T13:39:00Z,ahu-a-f04-west,ON,NORMAL,14.30,25.73,14.00
src-ahu-0339-008,2026-01-15T13:39:00Z,ahu-b-f01-east,ON,NORMAL,14.20,25.37,14.00
src-ahu-0339-009,2026-01-15T13:39:00Z,ahu-b-f01-west,ON,NORMAL,14.18,25.34,14.00
src-ahu-0339-010,2026-01-15T13:39:00Z,ahu-b-f02-east,ON,NORMAL,14.21,25.55,14.00
src-ahu-0339-011,2026-01-15T13:39:00Z,ahu-b-f02-west,ON,NORMAL,14.10,25.61,14.00
src-ahu-0339-012,2026-01-15T13:39:00Z,ahu-b-f03-east,ON,NORMAL,14.14,25.78,14.00
src-ahu-0339-013,2026-01-15T13:39:00Z,ahu-b-f03-west,ON,NORMAL,14.07,25.64,14.00
src-ahu-0339-014,2026-01-15T13:39:00Z,ahu-b-f04-east,ON,NORMAL,13.82,25.63,14.00
src-ahu-0339-015,2026-01-15T13:39:00Z,ahu-b-f04-west,ON,NORMAL,13.96,25.48,14.00
src-ahu-0339-016,2026-01-15T13:39:00Z,ahu-c-f01-east,ON,NORMAL,13.85,25.23,14.00
src-ahu-0339-017,2026-01-15T13:39:00Z,ahu-c-f01-west,ON,NORMAL,13.79,25.01,14.00
src-ahu-0339-018,2026-01-15T13:39:00Z,ahu-c-f02-east,ON,NORMAL,13.76,25.01,14.00
src-ahu-0339-019,2026-01-15T13:39:00Z,ahu-c-f02-west,ON,NORMAL,13.77,24.75,14.00
src-ahu-0339-020,2026-01-15T13:39:00Z,ahu-c-f03-east,ON,NORMAL,13.75,24.84,14.00
src-ahu-0339-021,2026-01-15T13:39:00Z,ahu-c-f03-west,ON,NORMAL,13.75,24.59,14.00
src-ahu-0339-022,2026-01-15T13:39:00Z,ahu-c-f04-east,ON,NORMAL,13.68,24.76,14.00
src-ahu-0339-023,2026-01-15T13:39:00Z,ahu-c-f04-west,ON,NORMAL,13.60,24.62,14.00
src-ahu-0340-000,2026-01-15T13:40:00Z,ahu-a-f01-east,ON,NORMAL,14.40,23.90,14.00
src-ahu-0340-001,2026-01-15T13:40:00Z,ahu-a-f01-west,ON,NORMAL,14.23,24.14,14.00
src-ahu-0340-002,2026-01-15T13:40:00Z,ahu-a-f02-east,ON,NORMAL,14.37,24.44,14.00
src-ahu-0340-003,2026-01-15T13:40:00Z,ahu-a-f02-west,ON,NORMAL,14.24,24.62,14.00
src-ahu-0340-004,2026-01-15T13:40:00Z,ahu-a-f03-east,ON,NORMAL,14.25,25.09,14.00
src-ahu-0340-005,2026-01-15T13:40:00Z,ahu-a-f03-west,ON,NORMAL,14.41,25.28,14.00
src-ahu-0340-006,2026-01-15T13:40:00Z,ahu-a-f04-east,ON,NORMAL,14.38,25.69,14.00
src-ahu-0340-007,2026-01-15T13:40:00Z,ahu-a-f04-west,ON,NORMAL,14.19,25.73,14.00
src-ahu-0340-008,2026-01-15T13:40:00Z,ahu-b-f01-east,ON,NORMAL,14.28,25.32,14.00
src-ahu-0340-009,2026-01-15T13:40:00Z,ahu-b-f01-west,ON,NORMAL,14.24,25.40,14.00
src-ahu-0340-010,2026-01-15T13:40:00Z,ahu-b-f02-east,ON,NORMAL,14.18,25.65,14.00
src-ahu-0340-011,2026-01-15T13:40:00Z,ahu-b-f02-west,ON,NORMAL,14.03,25.55,14.00
src-ahu-0340-012,2026-01-15T13:40:00Z,ahu-b-f03-east,ON,NORMAL,14.01,25.71,14.00
src-ahu-0340-013,2026-01-15T13:40:00Z,ahu-b-f03-west,ON,NORMAL,13.90,25.64,14.00
src-ahu-0340-014,2026-01-15T13:40:00Z,ahu-b-f04-east,ON,NORMAL,13.90,25.63,14.00
src-ahu-0340-015,2026-01-15T13:40:00Z,ahu-b-f04-west,ON,NORMAL,13.77,25.51,14.00
src-ahu-0340-016,2026-01-15T13:40:00Z,ahu-c-f01-east,ON,NORMAL,13.79,25.22,14.00
src-ahu-0340-017,2026-01-15T13:40:00Z,ahu-c-f01-west,ON,NORMAL,13.79,25.05,14.00
src-ahu-0340-018,2026-01-15T13:40:00Z,ahu-c-f02-east,ON,NORMAL,13.71,24.98,14.00
src-ahu-0340-019,2026-01-15T13:40:00Z,ahu-c-f02-west,ON,NORMAL,13.76,24.68,14.00
src-ahu-0340-020,2026-01-15T13:40:00Z,ahu-c-f03-east,ON,NORMAL,13.57,24.70,14.00
src-ahu-0340-021,2026-01-15T13:40:00Z,ahu-c-f03-west,ON,NORMAL,13.64,24.66,14.00
src-ahu-0340-022,2026-01-15T13:40:00Z,ahu-c-f04-east,ON,NORMAL,13.66,24.63,14.00
src-ahu-0340-023,2026-01-15T13:40:00Z,ahu-c-f04-west,ON,NORMAL,13.76,24.58,14.00
src-ahu-0341-000,2026-01-15T13:41:00Z,ahu-a-f01-east,ON,NORMAL,14.35,23.96,14.00
src-ahu-0341-001,2026-01-15T13:41:00Z,ahu-a-f01-west,ON,NORMAL,14.33,24.24,14.00
src-ahu-0341-002,2026-01-15T13:41:00Z,ahu-a-f02-east,ON,NORMAL,14.39,24.50,14.00
src-ahu-0341-003,2026-01-15T13:41:00Z,ahu-a-f02-west,ON,NORMAL,14.36,24.75,14.00
src-ahu-0341-004,2026-01-15T13:41:00Z,ahu-a-f03-east,ON,NORMAL,14.25,25.14,14.00
src-ahu-0341-005,2026-01-15T13:41:00Z,ahu-a-f03-west,ON,NORMAL,14.22,25.26,14.00
src-ahu-0341-006,2026-01-15T13:41:00Z,ahu-a-f04-east,ON,NORMAL,14.38,25.66,14.00
src-ahu-0341-007,2026-01-15T13:41:00Z,ahu-a-f04-west,ON,NORMAL,14.30,25.82,14.00
src-ahu-0341-008,2026-01-15T13:41:00Z,ahu-b-f01-east,ON,NORMAL,14.10,25.38,14.00
src-ahu-0341-009,2026-01-15T13:41:00Z,ahu-b-f01-west,ON,NORMAL,14.13,25.41,14.00
src-ahu-0341-010,2026-01-15T13:41:00Z,ahu-b-f02-east,ON,NORMAL,14.05,25.61,14.00
src-ahu-0341-011,2026-01-15T13:41:00Z,ahu-b-f02-west,ON,NORMAL,14.03,25.58,14.00
src-ahu-0341-012,2026-01-15T13:41:00Z,ahu-b-f03-east,ON,NORMAL,13.90,25.69,14.00
src-ahu-0341-013,2026-01-15T13:41:00Z,ahu-b-f03-west,ON,NORMAL,13.94,25.66,14.00
src-ahu-0341-014,2026-01-15T13:41:00Z,ahu-b-f04-east,ON,NORMAL,13.85,25.60,14.00
src-ahu-0341-015,2026-01-15T13:41:00Z,ahu-b-f04-west,ON,NORMAL,13.77,25.52,14.00
src-ahu-0341-016,2026-01-15T13:41:00Z,ahu-c-f01-east,ON,NORMAL,13.66,25.18,14.00
src-ahu-0341-017,2026-01-15T13:41:00Z,ahu-c-f01-west,ON,NORMAL,13.74,24.97,14.00
src-ahu-0341-018,2026-01-15T13:41:00Z,ahu-c-f02-east,ON,NORMAL,13.80,25.03,14.00
src-ahu-0341-019,2026-01-15T13:41:00Z,ahu-c-f02-west,ON,NORMAL,13.60,24.80,14.00
src-ahu-0341-020,2026-01-15T13:41:00Z,ahu-c-f03-east,ON,NORMAL,13.71,24.78,14.00
src-ahu-0341-021,2026-01-15T13:41:00Z,ahu-c-f03-west,ON,NORMAL,13.64,24.68,14.00
src-ahu-0341-022,2026-01-15T13:41:00Z,ahu-c-f04-east,ON,NORMAL,13.73,24.58,14.00
src-ahu-0341-023,2026-01-15T13:41:00Z,ahu-c-f04-west,ON,NORMAL,13.59,24.68,14.00
src-ahu-0342-000,2026-01-15T13:42:00Z,ahu-a-f01-east,ON,NORMAL,14.27,24.04,14.00
src-ahu-0342-001,2026-01-15T13:42:00Z,ahu-a-f01-west,ON,NORMAL,14.31,24.23,14.00
src-ahu-0342-002,2026-01-15T13:42:00Z,ahu-a-f02-east,ON,NORMAL,14.26,24.59,14.00
src-ahu-0342-003,2026-01-15T13:42:00Z,ahu-a-f02-west,ON,NORMAL,14.36,24.76,14.00
src-ahu-0342-004,2026-01-15T13:42:00Z,ahu-a-f03-east,ON,NORMAL,14.38,25.19,14.00
src-ahu-0342-005,2026-01-15T13:42:00Z,ahu-a-f03-west,ON,NORMAL,14.23,25.33,14.00
src-ahu-0342-006,2026-01-15T13:42:00Z,ahu-a-f04-east,ON,NORMAL,14.21,25.76,14.00
src-ahu-0342-007,2026-01-15T13:42:00Z,ahu-a-f04-west,ON,NORMAL,14.22,25.85,14.00
src-ahu-0342-008,2026-01-15T13:42:00Z,ahu-b-f01-east,ON,NORMAL,14.13,25.31,14.00
src-ahu-0342-009,2026-01-15T13:42:00Z,ahu-b-f01-west,ON,NORMAL,14.12,25.51,14.00
src-ahu-0342-010,2026-01-15T13:42:00Z,ahu-b-f02-east,ON,NORMAL,13.98,25.65,14.00
src-ahu-0342-011,2026-01-15T13:42:00Z,ahu-b-f02-west,ON,NORMAL,13.99,25.52,14.00
src-ahu-0342-012,2026-01-15T13:42:00Z,ahu-b-f03-east,ON,NORMAL,14.00,25.75,14.00
src-ahu-0342-013,2026-01-15T13:42:00Z,ahu-b-f03-west,ON,NORMAL,13.89,25.48,14.00
src-ahu-0342-014,2026-01-15T13:42:00Z,ahu-b-f04-east,ON,NORMAL,13.88,25.63,14.00
src-ahu-0342-015,2026-01-15T13:42:00Z,ahu-b-f04-west,ON,NORMAL,13.77,25.47,14.00
src-ahu-0342-016,2026-01-15T13:42:00Z,ahu-c-f01-east,ON,NORMAL,13.72,25.11,14.00
src-ahu-0342-017,2026-01-15T13:42:00Z,ahu-c-f01-west,ON,NORMAL,13.66,24.91,14.00
src-ahu-0342-018,2026-01-15T13:42:00Z,ahu-c-f02-east,ON,NORMAL,13.78,24.99,14.00
src-ahu-0342-019,2026-01-15T13:42:00Z,ahu-c-f02-west,ON,NORMAL,13.67,24.76,14.00
src-ahu-0342-020,2026-01-15T13:42:00Z,ahu-c-f03-east,ON,NORMAL,13.77,24.69,14.00
src-ahu-0342-021,2026-01-15T13:42:00Z,ahu-c-f03-west,ON,NORMAL,13.57,24.64,14.00
src-ahu-0342-022,2026-01-15T13:42:00Z,ahu-c-f04-east,ON,NORMAL,13.78,24.66,14.00
src-ahu-0342-023,2026-01-15T13:42:00Z,ahu-c-f04-west,ON,NORMAL,13.56,24.65,14.00
src-ahu-0343-000,2026-01-15T13:43:00Z,ahu-a-f01-east,ON,NORMAL,14.36,24.03,14.00
src-ahu-0343-001,2026-01-15T13:43:00Z,ahu-a-f01-west,ON,NORMAL,14.29,24.25,14.00
src-ahu-0343-002,2026-01-15T13:43:00Z,ahu-a-f02-east,ON,NORMAL,14.29,24.60,14.00
src-ahu-0343-003,2026-01-15T13:43:00Z,ahu-a-f02-west,ON,NORMAL,14.32,24.83,14.00
src-ahu-0343-004,2026-01-15T13:43:00Z,ahu-a-f03-east,ON,NORMAL,14.22,25.25,14.00
src-ahu-0343-005,2026-01-15T13:43:00Z,ahu-a-f03-west,ON,NORMAL,14.28,25.36,14.00
src-ahu-0343-006,2026-01-15T13:43:00Z,ahu-a-f04-east,ON,NORMAL,14.20,25.64,14.00
src-ahu-0343-007,2026-01-15T13:43:00Z,ahu-a-f04-west,ON,NORMAL,14.19,25.88,14.00
src-ahu-0343-008,2026-01-15T13:43:00Z,ahu-b-f01-east,ON,NORMAL,14.22,25.42,14.00
src-ahu-0343-009,2026-01-15T13:43:00Z,ahu-b-f01-west,ON,NORMAL,14.18,25.41,14.00
src-ahu-0343-010,2026-01-15T13:43:00Z,ahu-b-f02-east,ON,NORMAL,13.96,25.50,14.00
src-ahu-0343-011,2026-01-15T13:43:00Z,ahu-b-f02-west,ON,NORMAL,14.04,25.55,14.00
src-ahu-0343-012,2026-01-15T13:43:00Z,ahu-b-f03-east,ON,NORMAL,13.96,25.68,14.00
src-ahu-0343-013,2026-01-15T13:43:00Z,ahu-b-f03-west,ON,NORMAL,13.92,25.50,14.00
src-ahu-0343-014,2026-01-15T13:43:00Z,ahu-b-f04-east,ON,NORMAL,13.72,25.59,14.00
src-ahu-0343-015,2026-01-15T13:43:00Z,ahu-b-f04-west,ON,NORMAL,13.76,25.40,14.00
src-ahu-0343-016,2026-01-15T13:43:00Z,ahu-c-f01-east,ON,NORMAL,13.79,25.12,14.00
src-ahu-0343-017,2026-01-15T13:43:00Z,ahu-c-f01-west,ON,NORMAL,13.74,24.89,14.00
src-ahu-0343-018,2026-01-15T13:43:00Z,ahu-c-f02-east,ON,NORMAL,13.78,24.84,14.00
src-ahu-0343-019,2026-01-15T13:43:00Z,ahu-c-f02-west,ON,NORMAL,13.72,24.72,14.00
src-ahu-0343-020,2026-01-15T13:43:00Z,ahu-c-f03-east,ON,NORMAL,13.59,24.65,14.00
src-ahu-0343-021,2026-01-15T13:43:00Z,ahu-c-f03-west,ON,NORMAL,13.63,24.49,14.00
src-ahu-0343-022,2026-01-15T13:43:00Z,ahu-c-f04-east,ON,NORMAL,13.74,24.68,14.00
src-ahu-0343-023,2026-01-15T13:43:00Z,ahu-c-f04-west,ON,NORMAL,13.67,24.63,14.00
src-ahu-0344-000,2026-01-15T13:44:00Z,ahu-a-f01-east,ON,NORMAL,14.37,24.12,14.00
src-ahu-0344-001,2026-01-15T13:44:00Z,ahu-a-f01-west,ON,NORMAL,14.47,24.33,14.00
src-ahu-0344-002,2026-01-15T13:44:00Z,ahu-a-f02-east,ON,NORMAL,14.26,24.64,14.00
src-ahu-0344-003,2026-01-15T13:44:00Z,ahu-a-f02-west,ON,NORMAL,14.22,24.89,14.00
src-ahu-0344-004,2026-01-15T13:44:00Z,ahu-a-f03-east,ON,NORMAL,14.32,25.19,14.00
src-ahu-0344-005,2026-01-15T13:44:00Z,ahu-a-f03-west,ON,NORMAL,14.37,25.35,14.00
src-ahu-0344-006,2026-01-15T13:44:00Z,ahu-a-f04-east,ON,NORMAL,14.14,25.77,14.00
src-ahu-0344-007,2026-01-15T13:44:00Z,ahu-a-f04-west,ON,NORMAL,14.10,25.85,14.00
src-ahu-0344-008,2026-01-15T13:44:00Z,ahu-b-f01-east,ON,NORMAL,14.04,25.44,14.00
src-ahu-0344-009,2026-01-15T13:44:00Z,ahu-b-f01-west,ON,NORMAL,14.07,25.51,14.00
src-ahu-0344-010,2026-01-15T13:44:00Z,ahu-b-f02-east,ON,NORMAL,13.96,25.65,14.00
src-ahu-0344-011,2026-01-15T13:44:00Z,ahu-b-f02-west,ON,NORMAL,13.89,25.59,14.00
src-ahu-0344-012,2026-01-15T13:44:00Z,ahu-b-f03-east,ON,NORMAL,13.88,25.61,14.00
src-ahu-0344-013,2026-01-15T13:44:00Z,ahu-b-f03-west,ON,NORMAL,13.95,25.52,14.00
src-ahu-0344-014,2026-01-15T13:44:00Z,ahu-b-f04-east,ON,NORMAL,13.85,25.65,14.00
src-ahu-0344-015,2026-01-15T13:44:00Z,ahu-b-f04-west,ON,NORMAL,13.71,25.30,14.00
src-ahu-0344-016,2026-01-15T13:44:00Z,ahu-c-f01-east,ON,NORMAL,13.83,25.07,14.00
src-ahu-0344-017,2026-01-15T13:44:00Z,ahu-c-f01-west,ON,NORMAL,13.73,24.87,14.00
src-ahu-0344-018,2026-01-15T13:44:00Z,ahu-c-f02-east,ON,NORMAL,13.58,24.83,14.00
src-ahu-0344-019,2026-01-15T13:44:00Z,ahu-c-f02-west,ON,NORMAL,13.65,24.66,14.00
src-ahu-0344-020,2026-01-15T13:44:00Z,ahu-c-f03-east,ON,NORMAL,13.69,24.70,14.00
src-ahu-0344-021,2026-01-15T13:44:00Z,ahu-c-f03-west,ON,NORMAL,13.67,24.55,14.00
src-ahu-0344-022,2026-01-15T13:44:00Z,ahu-c-f04-east,ON,NORMAL,13.77,24.63,14.00
src-ahu-0344-023,2026-01-15T13:44:00Z,ahu-c-f04-west,ON,NORMAL,13.73,24.59,14.00
src-ahu-0345-000,2026-01-15T13:45:00Z,ahu-a-f01-east,ON,NORMAL,14.26,24.16,14.00
src-ahu-0345-001,2026-01-15T13:45:00Z,ahu-a-f01-west,ON,NORMAL,14.39,24.27,14.00
src-ahu-0345-002,2026-01-15T13:45:00Z,ahu-a-f02-east,ON,NORMAL,14.25,24.71,14.00
src-ahu-0345-003,2026-01-15T13:45:00Z,ahu-a-f02-west,ON,NORMAL,14.21,24.89,14.00
src-ahu-0345-004,2026-01-15T13:45:00Z,ahu-a-f03-east,ON,NORMAL,14.34,25.25,14.00
src-ahu-0345-005,2026-01-15T13:45:00Z,ahu-a-f03-west,ON,NORMAL,14.36,25.50,14.00
src-ahu-0345-006,2026-01-15T13:45:00Z,ahu-a-f04-east,ON,NORMAL,14.22,25.67,14.00
src-ahu-0345-007,2026-01-15T13:45:00Z,ahu-a-f04-west,ON,NORMAL,14.15,25.89,14.00
src-ahu-0345-008,2026-01-15T13:45:00Z,ahu-b-f01-east,ON,NORMAL,14.13,25.39,14.00
src-ahu-0345-009,2026-01-15T13:45:00Z,ahu-b-f01-west,ON,NORMAL,14.15,25.39,14.00
src-ahu-0345-010,2026-01-15T13:45:00Z,ahu-b-f02-east,ON,NORMAL,13.97,25.68,14.00
src-ahu-0345-011,2026-01-15T13:45:00Z,ahu-b-f02-west,ON,NORMAL,14.03,25.52,14.00
src-ahu-0345-012,2026-01-15T13:45:00Z,ahu-b-f03-east,ON,NORMAL,13.99,25.54,14.00
src-ahu-0345-013,2026-01-15T13:45:00Z,ahu-b-f03-west,ON,NORMAL,13.75,25.57,14.00
src-ahu-0345-014,2026-01-15T13:45:00Z,ahu-b-f04-east,ON,NORMAL,13.72,25.53,14.00
src-ahu-0345-015,2026-01-15T13:45:00Z,ahu-b-f04-west,ON,NORMAL,13.77,25.31,14.00
src-ahu-0345-016,2026-01-15T13:45:00Z,ahu-c-f01-east,ON,NORMAL,13.65,25.07,14.00
src-ahu-0345-017,2026-01-15T13:45:00Z,ahu-c-f01-west,ON,NORMAL,13.78,24.82,14.00
src-ahu-0345-018,2026-01-15T13:45:00Z,ahu-c-f02-east,ON,NORMAL,13.65,24.80,14.00
src-ahu-0345-019,2026-01-15T13:45:00Z,ahu-c-f02-west,ON,NORMAL,13.58,24.61,14.00
src-ahu-0345-020,2026-01-15T13:45:00Z,ahu-c-f03-east,ON,NORMAL,13.75,24.71,14.00
src-ahu-0345-021,2026-01-15T13:45:00Z,ahu-c-f03-west,ON,NORMAL,13.71,24.55,14.00
src-ahu-0345-022,2026-01-15T13:45:00Z,ahu-c-f04-east,ON,NORMAL,13.76,24.65,14.00
src-ahu-0345-023,2026-01-15T13:45:00Z,ahu-c-f04-west,ON,NORMAL,13.65,24.64,14.00
src-ahu-0346-000,2026-01-15T13:46:00Z,ahu-a-f01-east,ON,NORMAL,14.25,24.08,14.00
src-ahu-0346-001,2026-01-15T13:46:00Z,ahu-a-f01-west,ON,NORMAL,14.41,24.31,14.00
src-ahu-0346-002,2026-01-15T13:46:00Z,ahu-a-f02-east,ON,NORMAL,14.30,24.72,14.00
src-ahu-0346-003,2026-01-15T13:46:00Z,ahu-a-f02-west,ON,NORMAL,14.29,24.89,14.00
src-ahu-0346-004,2026-01-15T13:46:00Z,ahu-a-f03-east,ON,NORMAL,14.30,25.25,14.00
src-ahu-0346-005,2026-01-15T13:46:00Z,ahu-a-f03-west,ON,NORMAL,14.26,25.44,14.00
src-ahu-0346-006,2026-01-15T13:46:00Z,ahu-a-f04-east,ON,NORMAL,14.17,25.69,14.00
src-ahu-0346-007,2026-01-15T13:46:00Z,ahu-a-f04-west,ON,NORMAL,14.21,25.77,14.00
src-ahu-0346-008,2026-01-15T13:46:00Z,ahu-b-f01-east,ON,NORMAL,14.17,25.37,14.00
src-ahu-0346-009,2026-01-15T13:46:00Z,ahu-b-f01-west,ON,NORMAL,14.09,25.33,14.00
src-ahu-0346-010,2026-01-15T13:46:00Z,ahu-b-f02-east,ON,NORMAL,14.00,25.64,14.00
src-ahu-0346-011,2026-01-15T13:46:00Z,ahu-b-f02-west,ON,NORMAL,13.98,25.54,14.00
src-ahu-0346-012,2026-01-15T13:46:00Z,ahu-b-f03-east,ON,NORMAL,13.78,25.60,14.00
src-ahu-0346-013,2026-01-15T13:46:00Z,ahu-b-f03-west,ON,NORMAL,13.92,25.42,14.00
src-ahu-0346-014,2026-01-15T13:46:00Z,ahu-b-f04-east,ON,NORMAL,13.78,25.47,14.00
src-ahu-0346-015,2026-01-15T13:46:00Z,ahu-b-f04-west,ON,NORMAL,13.63,25.29,14.00
src-ahu-0346-016,2026-01-15T13:46:00Z,ahu-c-f01-east,ON,NORMAL,13.72,24.96,14.00
src-ahu-0346-017,2026-01-15T13:46:00Z,ahu-c-f01-west,ON,NORMAL,13.65,24.71,14.00
src-ahu-0346-018,2026-01-15T13:46:00Z,ahu-c-f02-east,ON,NORMAL,13.72,24.76,14.00
src-ahu-0346-019,2026-01-15T13:46:00Z,ahu-c-f02-west,ON,NORMAL,13.67,24.60,14.00
src-ahu-0346-020,2026-01-15T13:46:00Z,ahu-c-f03-east,ON,NORMAL,13.55,24.73,14.00
src-ahu-0346-021,2026-01-15T13:46:00Z,ahu-c-f03-west,ON,NORMAL,13.59,24.49,14.00
src-ahu-0346-022,2026-01-15T13:46:00Z,ahu-c-f04-east,ON,NORMAL,13.73,24.57,14.00
src-ahu-0346-023,2026-01-15T13:46:00Z,ahu-c-f04-west,ON,NORMAL,13.67,24.51,14.00
src-ahu-0347-000,2026-01-15T13:47:00Z,ahu-a-f01-east,ON,NORMAL,14.39,24.20,14.00
src-ahu-0347-001,2026-01-15T13:47:00Z,ahu-a-f01-west,ON,NORMAL,14.28,24.29,14.00
src-ahu-0347-002,2026-01-15T13:47:00Z,ahu-a-f02-east,ON,NORMAL,14.22,24.77,14.00
src-ahu-0347-003,2026-01-15T13:47:00Z,ahu-a-f02-west,ON,NORMAL,14.19,24.95,14.00
src-ahu-0347-004,2026-01-15T13:47:00Z,ahu-a-f03-east,ON,NORMAL,14.36,25.33,14.00
src-ahu-0347-005,2026-01-15T13:47:00Z,ahu-a-f03-west,ON,NORMAL,14.26,25.52,14.00
src-ahu-0347-006,2026-01-15T13:47:00Z,ahu-a-f04-east,ON,NORMAL,14.25,25.72,14.00
src-ahu-0347-007,2026-01-15T13:47:00Z,ahu-a-f04-west,ON,NORMAL,14.10,25.88,14.00
src-ahu-0347-008,2026-01-15T13:47:00Z,ahu-b-f01-east,ON,NORMAL,13.99,25.31,14.00
src-ahu-0347-009,2026-01-15T13:47:00Z,ahu-b-f01-west,ON,NORMAL,13.94,25.41,14.00
src-ahu-0347-010,2026-01-15T13:47:00Z,ahu-b-f02-east,ON,NORMAL,13.92,25.56,14.00
src-ahu-0347-011,2026-01-15T13:47:00Z,ahu-b-f02-west,ON,NORMAL,13.99,25.48,14.00
src-ahu-0347-012,2026-01-15T13:47:00Z,ahu-b-f03-east,ON,NORMAL,13.79,25.59,14.00
src-ahu-0347-013,2026-01-15T13:47:00Z,ahu-b-f03-west,ON,NORMAL,13.91,25.48,14.00
src-ahu-0347-014,2026-01-15T13:47:00Z,ahu-b-f04-east,ON,NORMAL,13.65,25.45,14.00
src-ahu-0347-015,2026-01-15T13:47:00Z,ahu-b-f04-west,ON,NORMAL,13.70,25.34,14.00
src-ahu-0347-016,2026-01-15T13:47:00Z,ahu-c-f01-east,ON,NORMAL,13.72,24.85,14.00
src-ahu-0347-017,2026-01-15T13:47:00Z,ahu-c-f01-west,ON,NORMAL,13.62,24.82,14.00
src-ahu-0347-018,2026-01-15T13:47:00Z,ahu-c-f02-east,ON,NORMAL,13.65,24.82,14.00
src-ahu-0347-019,2026-01-15T13:47:00Z,ahu-c-f02-west,ON,NORMAL,13.56,24.57,14.00
src-ahu-0347-020,2026-01-15T13:47:00Z,ahu-c-f03-east,ON,NORMAL,13.72,24.61,14.00
src-ahu-0347-021,2026-01-15T13:47:00Z,ahu-c-f03-west,ON,NORMAL,13.77,24.50,14.00
src-ahu-0347-022,2026-01-15T13:47:00Z,ahu-c-f04-east,ON,NORMAL,13.65,24.70,14.00
src-ahu-0347-023,2026-01-15T13:47:00Z,ahu-c-f04-west,ON,NORMAL,13.83,24.66,14.00
src-ahu-0348-000,2026-01-15T13:48:00Z,ahu-a-f01-east,ON,NORMAL,14.43,24.27,14.00
src-ahu-0348-001,2026-01-15T13:48:00Z,ahu-a-f01-west,ON,NORMAL,14.45,24.46,14.00
src-ahu-0348-002,2026-01-15T13:48:00Z,ahu-a-f02-east,ON,NORMAL,14.22,24.70,14.00
src-ahu-0348-003,2026-01-15T13:48:00Z,ahu-a-f02-west,ON,NORMAL,14.30,24.91,14.00
src-ahu-0348-004,2026-01-15T13:48:00Z,ahu-a-f03-east,ON,NORMAL,14.14,25.27,14.00
src-ahu-0348-005,2026-01-15T13:48:00Z,ahu-a-f03-west,ON,NORMAL,14.10,25.58,14.00
src-ahu-0348-006,2026-01-15T13:48:00Z,ahu-a-f04-east,ON,NORMAL,14.13,25.86,14.00
src-ahu-0348-007,2026-01-15T13:48:00Z,ahu-a-f04-west,ON,NORMAL,14.04,25.92,14.00
src-ahu-0348-008,2026-01-15T13:48:00Z,ahu-b-f01-east,ON,NORMAL,14.17,25.39,14.00
src-ahu-0348-009,2026-01-15T13:48:00Z,ahu-b-f01-west,ON,NORMAL,13.94,25.39,14.00
src-ahu-0348-010,2026-01-15T13:48:00Z,ahu-b-f02-east,ON,NORMAL,13.90,25.54,14.00
src-ahu-0348-011,2026-01-15T13:48:00Z,ahu-b-f02-west,ON,NORMAL,13.95,25.40,14.00
src-ahu-0348-012,2026-01-15T13:48:00Z,ahu-b-f03-east,ON,NORMAL,13.89,25.62,14.00
src-ahu-0348-013,2026-01-15T13:48:00Z,ahu-b-f03-west,ON,NORMAL,13.86,25.45,14.00
src-ahu-0348-014,2026-01-15T13:48:00Z,ahu-b-f04-east,ON,NORMAL,13.75,25.54,14.00
src-ahu-0348-015,2026-01-15T13:48:00Z,ahu-b-f04-west,ON,NORMAL,13.65,25.25,14.00
src-ahu-0348-016,2026-01-15T13:48:00Z,ahu-c-f01-east,ON,NORMAL,13.62,24.87,14.00
src-ahu-0348-017,2026-01-15T13:48:00Z,ahu-c-f01-west,ON,NORMAL,13.69,24.71,14.00
src-ahu-0348-018,2026-01-15T13:48:00Z,ahu-c-f02-east,ON,NORMAL,13.66,24.70,14.00
src-ahu-0348-019,2026-01-15T13:48:00Z,ahu-c-f02-west,ON,NORMAL,13.58,24.52,14.00
src-ahu-0348-020,2026-01-15T13:48:00Z,ahu-c-f03-east,ON,NORMAL,13.68,24.55,14.00
src-ahu-0348-021,2026-01-15T13:48:00Z,ahu-c-f03-west,ON,NORMAL,13.79,24.45,14.00
src-ahu-0348-022,2026-01-15T13:48:00Z,ahu-c-f04-east,ON,NORMAL,13.65,24.59,14.00
src-ahu-0348-023,2026-01-15T13:48:00Z,ahu-c-f04-west,ON,NORMAL,13.70,24.60,14.00
src-ahu-0349-000,2026-01-15T13:49:00Z,ahu-a-f01-east,ON,NORMAL,14.43,24.20,14.00
src-ahu-0349-001,2026-01-15T13:49:00Z,ahu-a-f01-west,ON,NORMAL,14.27,24.41,14.00
src-ahu-0349-002,2026-01-15T13:49:00Z,ahu-a-f02-east,ON,NORMAL,14.25,24.84,14.00
src-ahu-0349-003,2026-01-15T13:49:00Z,ahu-a-f02-west,ON,NORMAL,14.26,25.00,14.00
src-ahu-0349-004,2026-01-15T13:49:00Z,ahu-a-f03-east,ON,NORMAL,14.31,25.40,14.00
src-ahu-0349-005,2026-01-15T13:49:00Z,ahu-a-f03-west,ON,NORMAL,14.09,25.55,14.00
src-ahu-0349-006,2026-01-15T13:49:00Z,ahu-a-f04-east,ON,NORMAL,14.13,25.81,14.00
src-ahu-0349-007,2026-01-15T13:49:00Z,ahu-a-f04-west,ON,NORMAL,14.12,25.91,14.00
src-ahu-0349-008,2026-01-15T13:49:00Z,ahu-b-f01-east,ON,NORMAL,14.13,25.46,14.00
src-ahu-0349-009,2026-01-15T13:49:00Z,ahu-b-f01-west,ON,NORMAL,14.07,25.35,14.00
src-ahu-0349-010,2026-01-15T13:49:00Z,ahu-b-f02-east,ON,NORMAL,13.97,25.57,14.00
src-ahu-0349-011,2026-01-15T13:49:00Z,ahu-b-f02-west,ON,NORMAL,13.74,25.56,14.00
src-ahu-0349-012,2026-01-15T13:49:00Z,ahu-b-f03-east,ON,NORMAL,13.84,25.53,14.00
src-ahu-0349-013,2026-01-15T13:49:00Z,ahu-b-f03-west,ON,NORMAL,13.67,25.42,14.00
src-ahu-0349-014,2026-01-15T13:49:00Z,ahu-b-f04-east,ON,NORMAL,13.77,25.43,14.00
src-ahu-0349-015,2026-01-15T13:49:00Z,ahu-b-f04-west,ON,NORMAL,13.70,25.31,14.00
src-ahu-0349-016,2026-01-15T13:49:00Z,ahu-c-f01-east,ON,NORMAL,13.63,24.91,14.00
src-ahu-0349-017,2026-01-15T13:49:00Z,ahu-c-f01-west,ON,NORMAL,13.67,24.66,14.00
src-ahu-0349-018,2026-01-15T13:49:00Z,ahu-c-f02-east,ON,NORMAL,13.72,24.73,14.00
src-ahu-0349-019,2026-01-15T13:49:00Z,ahu-c-f02-west,ON,NORMAL,13.54,24.52,14.00
src-ahu-0349-020,2026-01-15T13:49:00Z,ahu-c-f03-east,ON,NORMAL,13.75,24.48,14.00
src-ahu-0349-021,2026-01-15T13:49:00Z,ahu-c-f03-west,ON,NORMAL,13.65,24.44,14.00
src-ahu-0349-022,2026-01-15T13:49:00Z,ahu-c-f04-east,ON,NORMAL,13.84,24.58,14.00
src-ahu-0349-023,2026-01-15T13:49:00Z,ahu-c-f04-west,ON,NORMAL,13.76,24.56,14.00
src-ahu-0350-000,2026-01-15T13:50:00Z,ahu-a-f01-east,ON,NORMAL,14.34,24.30,14.00
src-ahu-0350-001,2026-01-15T13:50:00Z,ahu-a-f01-west,ON,NORMAL,14.41,24.45,14.00
src-ahu-0350-002,2026-01-15T13:50:00Z,ahu-a-f02-east,ON,NORMAL,14.21,24.87,14.00
src-ahu-0350-003,2026-01-15T13:50:00Z,ahu-a-f02-west,ON,NORMAL,14.30,25.04,14.00
src-ahu-0350-004,2026-01-15T13:50:00Z,ahu-a-f03-east,ON,NORMAL,14.31,25.37,14.00
src-ahu-0350-005,2026-01-15T13:50:00Z,ahu-a-f03-west,ON,NORMAL,14.07,25.58,14.00
src-ahu-0350-006,2026-01-15T13:50:00Z,ahu-a-f04-east,ON,NORMAL,14.13,25.79,14.00
src-ahu-0350-007,2026-01-15T13:50:00Z,ahu-a-f04-west,ON,NORMAL,13.95,25.90,14.00
src-ahu-0350-008,2026-01-15T13:50:00Z,ahu-b-f01-east,ON,NORMAL,14.10,25.41,14.00
src-ahu-0350-009,2026-01-15T13:50:00Z,ahu-b-f01-west,ON,NORMAL,13.88,25.43,14.00
src-ahu-0350-010,2026-01-15T13:50:00Z,ahu-b-f02-east,ON,NORMAL,13.81,25.57,14.00
src-ahu-0350-011,2026-01-15T13:50:00Z,ahu-b-f02-west,ON,NORMAL,13.92,25.56,14.00
src-ahu-0350-012,2026-01-15T13:50:00Z,ahu-b-f03-east,ON,NORMAL,13.86,25.61,14.00
src-ahu-0350-013,2026-01-15T13:50:00Z,ahu-b-f03-west,ON,NORMAL,13.63,25.29,14.00
src-ahu-0350-014,2026-01-15T13:50:00Z,ahu-b-f04-east,ON,NORMAL,13.66,25.31,14.00
src-ahu-0350-015,2026-01-15T13:50:00Z,ahu-b-f04-west,ON,NORMAL,13.63,25.08,14.00
src-ahu-0350-016,2026-01-15T13:50:00Z,ahu-c-f01-east,ON,NORMAL,13.78,24.87,14.00
src-ahu-0350-017,2026-01-15T13:50:00Z,ahu-c-f01-west,ON,NORMAL,13.64,24.66,14.00
src-ahu-0350-018,2026-01-15T13:50:00Z,ahu-c-f02-east,ON,NORMAL,13.64,24.64,14.00
src-ahu-0350-019,2026-01-15T13:50:00Z,ahu-c-f02-west,ON,NORMAL,13.78,24.50,14.00
src-ahu-0350-020,2026-01-15T13:50:00Z,ahu-c-f03-east,ON,NORMAL,13.57,24.46,14.00
src-ahu-0350-021,2026-01-15T13:50:00Z,ahu-c-f03-west,ON,NORMAL,13.72,24.47,14.00
src-ahu-0350-022,2026-01-15T13:50:00Z,ahu-c-f04-east,ON,NORMAL,13.69,24.61,14.00
src-ahu-0350-023,2026-01-15T13:50:00Z,ahu-c-f04-west,ON,NORMAL,13.77,24.60,14.00
src-ahu-0351-000,2026-01-15T13:51:00Z,ahu-a-f01-east,ON,NORMAL,14.41,24.33,14.00
src-ahu-0351-001,2026-01-15T13:51:00Z,ahu-a-f01-west,ON,NORMAL,14.31,24.55,14.00
src-ahu-0351-002,2026-01-15T13:51:00Z,ahu-a-f02-east,ON,NORMAL,14.33,24.91,14.00
src-ahu-0351-003,2026-01-15T13:51:00Z,ahu-a-f02-west,ON,NORMAL,14.20,25.12,14.00
src-ahu-0351-004,2026-01-15T13:51:00Z,ahu-a-f03-east,ON,NORMAL,14.08,25.42,14.00
src-ahu-0351-005,2026-01-15T13:51:00Z,ahu-a-f03-west,ON,NORMAL,14.23,25.62,14.00
src-ahu-0351-006,2026-01-15T13:51:00Z,ahu-a-f04-east,ON,NORMAL,14.10,25.92,14.00
src-ahu-0351-007,2026-01-15T13:51:00Z,ahu-a-f04-west,ON,NORMAL,14.09,26.00,14.00
src-ahu-0351-008,2026-01-15T13:51:00Z,ahu-b-f01-east,ON,NORMAL,14.07,25.40,14.00
src-ahu-0351-009,2026-01-15T13:51:00Z,ahu-b-f01-west,ON,NORMAL,13.88,25.41,14.00
src-ahu-0351-010,2026-01-15T13:51:00Z,ahu-b-f02-east,ON,NORMAL,13.75,25.58,14.00
src-ahu-0351-011,2026-01-15T13:51:00Z,ahu-b-f02-west,ON,NORMAL,13.80,25.42,14.00
src-ahu-0351-012,2026-01-15T13:51:00Z,ahu-b-f03-east,ON,NORMAL,13.76,25.57,14.00
src-ahu-0351-013,2026-01-15T13:51:00Z,ahu-b-f03-west,ON,NORMAL,13.69,25.39,14.00
src-ahu-0351-014,2026-01-15T13:51:00Z,ahu-b-f04-east,ON,NORMAL,13.68,25.33,14.00
src-ahu-0351-015,2026-01-15T13:51:00Z,ahu-b-f04-west,ON,NORMAL,13.66,25.12,14.00
src-ahu-0351-016,2026-01-15T13:51:00Z,ahu-c-f01-east,ON,NORMAL,13.73,24.80,14.00
src-ahu-0351-017,2026-01-15T13:51:00Z,ahu-c-f01-west,ON,NORMAL,13.59,24.69,14.00
src-ahu-0351-018,2026-01-15T13:51:00Z,ahu-c-f02-east,ON,NORMAL,13.72,24.72,14.00
src-ahu-0351-019,2026-01-15T13:51:00Z,ahu-c-f02-west,ON,NORMAL,13.70,24.46,14.00
src-ahu-0351-020,2026-01-15T13:51:00Z,ahu-c-f03-east,ON,NORMAL,13.81,24.62,14.00
src-ahu-0351-021,2026-01-15T13:51:00Z,ahu-c-f03-west,ON,NORMAL,13.78,24.46,14.00
src-ahu-0351-022,2026-01-15T13:51:00Z,ahu-c-f04-east,ON,NORMAL,13.77,24.54,14.00
src-ahu-0351-023,2026-01-15T13:51:00Z,ahu-c-f04-west,ON,NORMAL,13.83,24.65,14.00
src-ahu-0352-000,2026-01-15T13:52:00Z,ahu-a-f01-east,ON,NORMAL,14.30,24.35,14.00
src-ahu-0352-001,2026-01-15T13:52:00Z,ahu-a-f01-west,ON,NORMAL,14.37,24.58,14.00
src-ahu-0352-002,2026-01-15T13:52:00Z,ahu-a-f02-east,ON,NORMAL,14.26,24.87,14.00
src-ahu-0352-003,2026-01-15T13:52:00Z,ahu-a-f02-west,ON,NORMAL,14.31,25.05,14.00
src-ahu-0352-004,2026-01-15T13:52:00Z,ahu-a-f03-east,ON,NORMAL,14.26,25.43,14.00
src-ahu-0352-005,2026-01-15T13:52:00Z,ahu-a-f03-west,ON,NORMAL,14.14,25.53,14.00
src-ahu-0352-006,2026-01-15T13:52:00Z,ahu-a-f04-east,ON,NORMAL,13.95,25.88,14.00
src-ahu-0352-007,2026-01-15T13:52:00Z,ahu-a-f04-west,ON,NORMAL,14.07,25.92,14.00
src-ahu-0352-008,2026-01-15T13:52:00Z,ahu-b-f01-east,ON,NORMAL,13.94,25.41,14.00
src-ahu-0352-009,2026-01-15T13:52:00Z,ahu-b-f01-west,ON,NORMAL,13.79,25.35,14.00
src-ahu-0352-010,2026-01-15T13:52:00Z,ahu-b-f02-east,ON,NORMAL,13.89,25.48,14.00
src-ahu-0352-011,2026-01-15T13:52:00Z,ahu-b-f02-west,ON,NORMAL,13.87,25.48,14.00
src-ahu-0352-012,2026-01-15T13:52:00Z,ahu-b-f03-east,ON,NORMAL,13.74,25.55,14.00
src-ahu-0352-013,2026-01-15T13:52:00Z,ahu-b-f03-west,ON,NORMAL,13.72,25.40,14.00
src-ahu-0352-014,2026-01-15T13:52:00Z,ahu-b-f04-east,ON,NORMAL,13.65,25.33,14.00
src-ahu-0352-015,2026-01-15T13:52:00Z,ahu-b-f04-west,ON,NORMAL,13.59,25.09,14.00
src-ahu-0352-016,2026-01-15T13:52:00Z,ahu-c-f01-east,ON,NORMAL,13.54,24.79,14.00
src-ahu-0352-017,2026-01-15T13:52:00Z,ahu-c-f01-west,ON,NORMAL,13.73,24.67,14.00
src-ahu-0352-018,2026-01-15T13:52:00Z,ahu-c-f02-east,ON,NORMAL,13.65,24.58,14.00
src-ahu-0352-019,2026-01-15T13:52:00Z,ahu-c-f02-west,ON,NORMAL,13.58,24.48,14.00
src-ahu-0352-020,2026-01-15T13:52:00Z,ahu-c-f03-east,ON,NORMAL,13.77,24.53,14.00
src-ahu-0352-021,2026-01-15T13:52:00Z,ahu-c-f03-west,ON,NORMAL,13.73,24.45,14.00
src-ahu-0352-022,2026-01-15T13:52:00Z,ahu-c-f04-east,ON,NORMAL,13.92,24.51,14.00
src-ahu-0352-023,2026-01-15T13:52:00Z,ahu-c-f04-west,ON,NORMAL,13.83,24.68,14.00
src-ahu-0353-000,2026-01-15T13:53:00Z,ahu-a-f01-east,ON,NORMAL,14.34,24.28,14.00
src-ahu-0353-001,2026-01-15T13:53:00Z,ahu-a-f01-west,ON,NORMAL,14.24,24.51,14.00
src-ahu-0353-002,2026-01-15T13:53:00Z,ahu-a-f02-east,ON,NORMAL,14.36,24.96,14.00
src-ahu-0353-003,2026-01-15T13:53:00Z,ahu-a-f02-west,ON,NORMAL,14.14,25.17,14.00
src-ahu-0353-004,2026-01-15T13:53:00Z,ahu-a-f03-east,ON,NORMAL,14.11,25.53,14.00
src-ahu-0353-005,2026-01-15T13:53:00Z,ahu-a-f03-west,ON,NORMAL,14.09,25.67,14.00
src-ahu-0353-006,2026-01-15T13:53:00Z,ahu-a-f04-east,ON,NORMAL,13.94,25.90,14.00
src-ahu-0353-007,2026-01-15T13:53:00Z,ahu-a-f04-west,ON,NORMAL,13.87,25.99,14.00
src-ahu-0353-008,2026-01-15T13:53:00Z,ahu-b-f01-east,ON,NORMAL,13.92,25.39,14.00
src-ahu-0353-009,2026-01-15T13:53:00Z,ahu-b-f01-west,ON,NORMAL,13.91,25.39,14.00
src-ahu-0353-010,2026-01-15T13:53:00Z,ahu-b-f02-east,ON,NORMAL,13.90,25.55,14.00
src-ahu-0353-011,2026-01-15T13:53:00Z,ahu-b-f02-west,ON,NORMAL,13.75,25.35,14.00
src-ahu-0353-012,2026-01-15T13:53:00Z,ahu-b-f03-east,ON,NORMAL,13.69,25.53,14.00
src-ahu-0353-013,2026-01-15T13:53:00Z,ahu-b-f03-west,ON,NORMAL,13.79,25.36,14.00
src-ahu-0353-014,2026-01-15T13:53:00Z,ahu-b-f04-east,ON,NORMAL,13.73,25.30,14.00
src-ahu-0353-015,2026-01-15T13:53:00Z,ahu-b-f04-west,ON,NORMAL,13.60,25.13,14.00
src-ahu-0353-016,2026-01-15T13:53:00Z,ahu-c-f01-east,ON,NORMAL,13.61,24.74,14.00
src-ahu-0353-017,2026-01-15T13:53:00Z,ahu-c-f01-west,ON,NORMAL,13.61,24.59,14.00
src-ahu-0353-018,2026-01-15T13:53:00Z,ahu-c-f02-east,ON,NORMAL,13.78,24.52,14.00
src-ahu-0353-019,2026-01-15T13:53:00Z,ahu-c-f02-west,ON,NORMAL,13.69,24.44,14.00
src-ahu-0353-020,2026-01-15T13:53:00Z,ahu-c-f03-east,ON,NORMAL,13.72,24.52,14.00
src-ahu-0353-021,2026-01-15T13:53:00Z,ahu-c-f03-west,ON,NORMAL,13.90,24.36,14.00
src-ahu-0353-022,2026-01-15T13:53:00Z,ahu-c-f04-east,ON,NORMAL,13.77,24.52,14.00
src-ahu-0353-023,2026-01-15T13:53:00Z,ahu-c-f04-west,ON,NORMAL,13.84,24.56,14.00
src-ahu-0354-000,2026-01-15T13:54:00Z,ahu-a-f01-east,ON,NORMAL,14.26,24.41,14.00
src-ahu-0354-001,2026-01-15T13:54:00Z,ahu-a-f01-west,ON,NORMAL,14.19,24.62,14.00
src-ahu-0354-002,2026-01-15T13:54:00Z,ahu-a-f02-east,ON,NORMAL,14.14,24.98,14.00
src-ahu-0354-003,2026-01-15T13:54:00Z,ahu-a-f02-west,ON,NORMAL,14.17,25.06,14.00
src-ahu-0354-004,2026-01-15T13:54:00Z,ahu-a-f03-east,ON,NORMAL,14.08,25.53,14.00
src-ahu-0354-005,2026-01-15T13:54:00Z,ahu-a-f03-west,ON,NORMAL,14.17,25.56,14.00
src-ahu-0354-006,2026-01-15T13:54:00Z,ahu-a-f04-east,ON,NORMAL,13.90,25.88,14.00
src-ahu-0354-007,2026-01-15T13:54:00Z,ahu-a-f04-west,ON,NORMAL,13.95,25.95,14.00
src-ahu-0354-008,2026-01-15T13:54:00Z,ahu-b-f01-east,ON,NORMAL,13.99,25.36,14.00
src-ahu-0354-009,2026-01-15T13:54:00Z,ahu-b-f01-west,ON,NORMAL,13.91,25.48,14.00
src-ahu-0354-010,2026-01-15T13:54:00Z,ahu-b-f02-east,ON,NORMAL,13.76,25.52,14.00
src-ahu-0354-011,2026-01-15T13:54:00Z,ahu-b-f02-west,ON,NORMAL,13.68,25.49,14.00
src-ahu-0354-012,2026-01-15T13:54:00Z,ahu-b-f03-east,ON,NORMAL,13.77,25.52,14.00
src-ahu-0354-013,2026-01-15T13:54:00Z,ahu-b-f03-west,ON,NORMAL,13.68,25.30,14.00
src-ahu-0354-014,2026-01-15T13:54:00Z,ahu-b-f04-east,ON,NORMAL,13.67,25.27,14.00
src-ahu-0354-015,2026-01-15T13:54:00Z,ahu-b-f04-west,ON,NORMAL,13.71,25.05,14.00
src-ahu-0354-016,2026-01-15T13:54:00Z,ahu-c-f01-east,ON,NORMAL,13.77,24.73,14.00
src-ahu-0354-017,2026-01-15T13:54:00Z,ahu-c-f01-west,ON,NORMAL,13.74,24.58,14.00
src-ahu-0354-018,2026-01-15T13:54:00Z,ahu-c-f02-east,ON,NORMAL,13.63,24.60,14.00
src-ahu-0354-019,2026-01-15T13:54:00Z,ahu-c-f02-west,ON,NORMAL,13.67,24.37,14.00
src-ahu-0354-020,2026-01-15T13:54:00Z,ahu-c-f03-east,ON,NORMAL,13.73,24.52,14.00
src-ahu-0354-021,2026-01-15T13:54:00Z,ahu-c-f03-west,ON,NORMAL,13.91,24.40,14.00
src-ahu-0354-022,2026-01-15T13:54:00Z,ahu-c-f04-east,ON,NORMAL,13.83,24.48,14.00
src-ahu-0354-023,2026-01-15T13:54:00Z,ahu-c-f04-west,ON,NORMAL,13.92,24.62,14.00
src-ahu-0355-000,2026-01-15T13:55:00Z,ahu-a-f01-east,ON,NORMAL,14.35,24.48,14.00
src-ahu-0355-001,2026-01-15T13:55:00Z,ahu-a-f01-west,ON,NORMAL,14.26,24.64,14.00
src-ahu-0355-002,2026-01-15T13:55:00Z,ahu-a-f02-east,ON,NORMAL,14.21,25.07,14.00
src-ahu-0355-003,2026-01-15T13:55:00Z,ahu-a-f02-west,ON,NORMAL,14.06,25.25,14.00
src-ahu-0355-004,2026-01-15T13:55:00Z,ahu-a-f03-east,ON,NORMAL,14.14,25.44,14.00
src-ahu-0355-005,2026-01-15T13:55:00Z,ahu-a-f03-west,ON,NORMAL,14.01,25.54,14.00
src-ahu-0355-006,2026-01-15T13:55:00Z,ahu-a-f04-east,ON,NORMAL,14.03,25.91,14.00
src-ahu-0355-007,2026-01-15T13:55:00Z,ahu-a-f04-west,ON,NORMAL,13.97,25.94,14.00
src-ahu-0355-008,2026-01-15T13:55:00Z,ahu-b-f01-east,ON,NORMAL,13.78,25.42,14.00
src-ahu-0355-009,2026-01-15T13:55:00Z,ahu-b-f01-west,ON,NORMAL,13.91,25.38,14.00
src-ahu-0355-010,2026-01-15T13:55:00Z,ahu-b-f02-east,ON,NORMAL,13.84,25.51,14.00
src-ahu-0355-011,2026-01-15T13:55:00Z,ahu-b-f02-west,ON,NORMAL,13.83,25.27,14.00
src-ahu-0355-012,2026-01-15T13:55:00Z,ahu-b-f03-east,ON,NORMAL,13.64,25.48,14.00
src-ahu-0355-013,2026-01-15T13:55:00Z,ahu-b-f03-west,ON,NORMAL,13.68,25.23,14.00
src-ahu-0355-014,2026-01-15T13:55:00Z,ahu-b-f04-east,ON,NORMAL,13.56,25.15,14.00
src-ahu-0355-015,2026-01-15T13:55:00Z,ahu-b-f04-west,ON,NORMAL,13.71,24.98,14.00
src-ahu-0355-016,2026-01-15T13:55:00Z,ahu-c-f01-east,ON,NORMAL,13.61,24.65,14.00
src-ahu-0355-017,2026-01-15T13:55:00Z,ahu-c-f01-west,ON,NORMAL,13.71,24.45,14.00
src-ahu-0355-018,2026-01-15T13:55:00Z,ahu-c-f02-east,ON,NORMAL,13.63,24.46,14.00
src-ahu-0355-019,2026-01-15T13:55:00Z,ahu-c-f02-west,ON,NORMAL,13.70,24.30,14.00
src-ahu-0355-020,2026-01-15T13:55:00Z,ahu-c-f03-east,ON,NORMAL,13.89,24.42,14.00
src-ahu-0355-021,2026-01-15T13:55:00Z,ahu-c-f03-west,ON,NORMAL,13.74,24.41,14.00
src-ahu-0355-022,2026-01-15T13:55:00Z,ahu-c-f04-east,ON,NORMAL,13.77,24.56,14.00
src-ahu-0355-023,2026-01-15T13:55:00Z,ahu-c-f04-west,ON,NORMAL,14.00,24.52,14.00
src-ahu-0356-000,2026-01-15T13:56:00Z,ahu-a-f01-east,ON,NORMAL,14.28,24.52,14.00
src-ahu-0356-001,2026-01-15T13:56:00Z,ahu-a-f01-west,ON,NORMAL,14.14,24.59,14.00
src-ahu-0356-002,2026-01-15T13:56:00Z,ahu-a-f02-east,ON,NORMAL,14.15,24.99,14.00
src-ahu-0356-003,2026-01-15T13:56:00Z,ahu-a-f02-west,ON,NORMAL,14.07,25.19,14.00
src-ahu-0356-004,2026-01-15T13:56:00Z,ahu-a-f03-east,ON,NORMAL,14.06,25.48,14.00
src-ahu-0356-005,2026-01-15T13:56:00Z,ahu-a-f03-west,ON,NORMAL,13.90,25.68,14.00
src-ahu-0356-006,2026-01-15T13:56:00Z,ahu-a-f04-east,ON,NORMAL,14.01,25.89,14.00
src-ahu-0356-007,2026-01-15T13:56:00Z,ahu-a-f04-west,ON,NORMAL,13.80,25.87,14.00
src-ahu-0356-008,2026-01-15T13:56:00Z,ahu-b-f01-east,ON,NORMAL,13.73,25.44,14.00
src-ahu-0356-009,2026-01-15T13:56:00Z,ahu-b-f01-west,ON,NORMAL,13.79,25.41,14.00
src-ahu-0356-010,2026-01-15T13:56:00Z,ahu-b-f02-east,ON,NORMAL,13.72,25.49,14.00
src-ahu-0356-011,2026-01-15T13:56:00Z,ahu-b-f02-west,ON,NORMAL,13.63,25.37,14.00
src-ahu-0356-012,2026-01-15T13:56:00Z,ahu-b-f03-east,ON,NORMAL,13.78,25.34,14.00
src-ahu-0356-013,2026-01-15T13:56:00Z,ahu-b-f03-west,ON,NORMAL,13.75,25.32,14.00
src-ahu-0356-014,2026-01-15T13:56:00Z,ahu-b-f04-east,ON,NORMAL,13.56,25.16,14.00
src-ahu-0356-015,2026-01-15T13:56:00Z,ahu-b-f04-west,ON,NORMAL,13.66,25.02,14.00
src-ahu-0356-016,2026-01-15T13:56:00Z,ahu-c-f01-east,ON,NORMAL,13.77,24.64,14.00
src-ahu-0356-017,2026-01-15T13:56:00Z,ahu-c-f01-west,ON,NORMAL,13.66,24.40,14.00
src-ahu-0356-018,2026-01-15T13:56:00Z,ahu-c-f02-east,ON,NORMAL,13.76,24.59,14.00
src-ahu-0356-019,2026-01-15T13:56:00Z,ahu-c-f02-west,ON,NORMAL,13.74,24.43,14.00
src-ahu-0356-020,2026-01-15T13:56:00Z,ahu-c-f03-east,ON,NORMAL,13.74,24.51,14.00
src-ahu-0356-021,2026-01-15T13:56:00Z,ahu-c-f03-west,ON,NORMAL,13.81,24.44,14.00
src-ahu-0356-022,2026-01-15T13:56:00Z,ahu-c-f04-east,ON,NORMAL,13.83,24.55,14.00
src-ahu-0356-023,2026-01-15T13:56:00Z,ahu-c-f04-west,ON,NORMAL,14.02,24.54,14.00
src-ahu-0357-000,2026-01-15T13:57:00Z,ahu-a-f01-east,ON,NORMAL,14.24,24.48,14.00
src-ahu-0357-001,2026-01-15T13:57:00Z,ahu-a-f01-west,ON,NORMAL,14.23,24.61,14.00
src-ahu-0357-002,2026-01-15T13:57:00Z,ahu-a-f02-east,ON,NORMAL,14.15,25.06,14.00
src-ahu-0357-003,2026-01-15T13:57:00Z,ahu-a-f02-west,ON,NORMAL,14.08,25.25,14.00
src-ahu-0357-004,2026-01-15T13:57:00Z,ahu-a-f03-east,ON,NORMAL,13.98,25.54,14.00
src-ahu-0357-005,2026-01-15T13:57:00Z,ahu-a-f03-west,ON,NORMAL,14.02,25.64,14.00
src-ahu-0357-006,2026-01-15T13:57:00Z,ahu-a-f04-east,ON,NORMAL,13.96,25.91,14.00
src-ahu-0357-007,2026-01-15T13:57:00Z,ahu-a-f04-west,ON,NORMAL,13.97,25.92,14.00
src-ahu-0357-008,2026-01-15T13:57:00Z,ahu-b-f01-east,ON,NORMAL,13.93,25.37,14.00
src-ahu-0357-009,2026-01-15T13:57:00Z,ahu-b-f01-west,ON,NORMAL,13.69,25.42,14.00
src-ahu-0357-010,2026-01-15T13:57:00Z,ahu-b-f02-east,ON,NORMAL,13.81,25.50,14.00
src-ahu-0357-011,2026-01-15T13:57:00Z,ahu-b-f02-west,ON,NORMAL,13.66,25.33,14.00
src-ahu-0357-012,2026-01-15T13:57:00Z,ahu-b-f03-east,ON,NORMAL,13.78,25.33,14.00
src-ahu-0357-013,2026-01-15T13:57:00Z,ahu-b-f03-west,ON,NORMAL,13.55,25.16,14.00
src-ahu-0357-014,2026-01-15T13:57:00Z,ahu-b-f04-east,ON,NORMAL,13.60,25.12,14.00
src-ahu-0357-015,2026-01-15T13:57:00Z,ahu-b-f04-west,ON,NORMAL,13.59,25.01,14.00
src-ahu-0357-016,2026-01-15T13:57:00Z,ahu-c-f01-east,ON,NORMAL,13.66,24.60,14.00
src-ahu-0357-017,2026-01-15T13:57:00Z,ahu-c-f01-west,ON,NORMAL,13.59,24.47,14.00
src-ahu-0357-018,2026-01-15T13:57:00Z,ahu-c-f02-east,ON,NORMAL,13.62,24.52,14.00
src-ahu-0357-019,2026-01-15T13:57:00Z,ahu-c-f02-west,ON,NORMAL,13.74,24.43,14.00
src-ahu-0357-020,2026-01-15T13:57:00Z,ahu-c-f03-east,ON,NORMAL,13.91,24.39,14.00
src-ahu-0357-021,2026-01-15T13:57:00Z,ahu-c-f03-west,ON,NORMAL,13.80,24.36,14.00
src-ahu-0357-022,2026-01-15T13:57:00Z,ahu-c-f04-east,ON,NORMAL,13.87,24.49,14.00
src-ahu-0357-023,2026-01-15T13:57:00Z,ahu-c-f04-west,ON,NORMAL,13.99,24.70,14.00
src-ahu-0358-000,2026-01-15T13:58:00Z,ahu-a-f01-east,ON,NORMAL,14.34,24.55,14.00
src-ahu-0358-001,2026-01-15T13:58:00Z,ahu-a-f01-west,ON,NORMAL,14.20,24.76,14.00
src-ahu-0358-002,2026-01-15T13:58:00Z,ahu-a-f02-east,ON,NORMAL,14.14,25.08,14.00
src-ahu-0358-003,2026-01-15T13:58:00Z,ahu-a-f02-west,ON,NORMAL,14.05,25.25,14.00
src-ahu-0358-004,2026-01-15T13:58:00Z,ahu-a-f03-east,ON,NORMAL,13.99,25.57,14.00
src-ahu-0358-005,2026-01-15T13:58:00Z,ahu-a-f03-west,ON,NORMAL,13.92,25.66,14.00
src-ahu-0358-006,2026-01-15T13:58:00Z,ahu-a-f04-east,ON,NORMAL,13.89,25.89,14.00
src-ahu-0358-007,2026-01-15T13:58:00Z,ahu-a-f04-west,ON,NORMAL,13.94,25.93,14.00
src-ahu-0358-008,2026-01-15T13:58:00Z,ahu-b-f01-east,ON,NORMAL,13.75,25.44,14.00
src-ahu-0358-009,2026-01-15T13:58:00Z,ahu-b-f01-west,ON,NORMAL,13.84,25.32,14.00
src-ahu-0358-010,2026-01-15T13:58:00Z,ahu-b-f02-east,ON,NORMAL,13.62,25.47,14.00
src-ahu-0358-011,2026-01-15T13:58:00Z,ahu-b-f02-west,ON,NORMAL,13.80,25.34,14.00
src-ahu-0358-012,2026-01-15T13:58:00Z,ahu-b-f03-east,ON,NORMAL,13.70,25.34,14.00
src-ahu-0358-013,2026-01-15T13:58:00Z,ahu-b-f03-west,ON,NORMAL,13.77,25.13,14.00
src-ahu-0358-014,2026-01-15T13:58:00Z,ahu-b-f04-east,ON,NORMAL,13.69,25.16,14.00
src-ahu-0358-015,2026-01-15T13:58:00Z,ahu-b-f04-west,ON,NORMAL,13.69,24.94,14.00
src-ahu-0358-016,2026-01-15T13:58:00Z,ahu-c-f01-east,ON,NORMAL,13.76,24.66,14.00
src-ahu-0358-017,2026-01-15T13:58:00Z,ahu-c-f01-west,ON,NORMAL,13.80,24.37,14.00
src-ahu-0358-018,2026-01-15T13:58:00Z,ahu-c-f02-east,ON,NORMAL,13.75,24.47,14.00
src-ahu-0358-019,2026-01-15T13:58:00Z,ahu-c-f02-west,ON,NORMAL,13.77,24.30,14.00
src-ahu-0358-020,2026-01-15T13:58:00Z,ahu-c-f03-east,ON,NORMAL,13.78,24.41,14.00
src-ahu-0358-021,2026-01-15T13:58:00Z,ahu-c-f03-west,ON,NORMAL,13.92,24.38,14.00
src-ahu-0358-022,2026-01-15T13:58:00Z,ahu-c-f04-east,ON,NORMAL,14.07,24.54,14.00
src-ahu-0358-023,2026-01-15T13:58:00Z,ahu-c-f04-west,ON,NORMAL,14.12,24.67,14.00
src-ahu-0359-000,2026-01-15T13:59:00Z,ahu-a-f01-east,ON,NORMAL,14.21,24.52,14.00
src-ahu-0359-001,2026-01-15T13:59:00Z,ahu-a-f01-west,ON,NORMAL,14.05,24.65,14.00
src-ahu-0359-002,2026-01-15T13:59:00Z,ahu-a-f02-east,ON,NORMAL,14.18,25.10,14.00
src-ahu-0359-003,2026-01-15T13:59:00Z,ahu-a-f02-west,ON,NORMAL,13.98,25.23,14.00
src-ahu-0359-004,2026-01-15T13:59:00Z,ahu-a-f03-east,ON,NORMAL,13.94,25.65,14.00
src-ahu-0359-005,2026-01-15T13:59:00Z,ahu-a-f03-west,ON,NORMAL,13.86,25.73,14.00
src-ahu-0359-006,2026-01-15T13:59:00Z,ahu-a-f04-east,ON,NORMAL,13.76,25.95,14.00
src-ahu-0359-007,2026-01-15T13:59:00Z,ahu-a-f04-west,ON,NORMAL,13.90,25.96,14.00
src-ahu-0359-008,2026-01-15T13:59:00Z,ahu-b-f01-east,ON,NORMAL,13.83,25.37,14.00
src-ahu-0359-009,2026-01-15T13:59:00Z,ahu-b-f01-west,ON,NORMAL,13.80,25.35,14.00
src-ahu-0359-010,2026-01-15T13:59:00Z,ahu-b-f02-east,ON,NORMAL,13.79,25.40,14.00
src-ahu-0359-011,2026-01-15T13:59:00Z,ahu-b-f02-west,ON,NORMAL,13.64,25.33,14.00
src-ahu-0359-012,2026-01-15T13:59:00Z,ahu-b-f03-east,ON,NORMAL,13.63,25.32,14.00
src-ahu-0359-013,2026-01-15T13:59:00Z,ahu-b-f03-west,ON,NORMAL,13.55,25.10,14.00
src-ahu-0359-014,2026-01-15T13:59:00Z,ahu-b-f04-east,ON,NORMAL,13.62,25.02,14.00
src-ahu-0359-015,2026-01-15T13:59:00Z,ahu-b-f04-west,ON,NORMAL,13.56,24.88,14.00
src-ahu-0359-016,2026-01-15T13:59:00Z,ahu-c-f01-east,ON,NORMAL,13.58,24.59,14.00
src-ahu-0359-017,2026-01-15T13:59:00Z,ahu-c-f01-west,ON,NORMAL,13.72,24.38,14.00
src-ahu-0359-018,2026-01-15T13:59:00Z,ahu-c-f02-east,ON,NORMAL,13.79,24.50,14.00
src-ahu-0359-019,2026-01-15T13:59:00Z,ahu-c-f02-west,ON,NORMAL,13.84,24.27,14.00
src-ahu-0359-020,2026-01-15T13:59:00Z,ahu-c-f03-east,ON,NORMAL,13.84,24.36,14.00
src-ahu-0359-021,2026-01-15T13:59:00Z,ahu-c-f03-west,ON,NORMAL,14.00,24.40,14.00
src-ahu-0359-022,2026-01-15T13:59:00Z,ahu-c-f04-east,ON,NORMAL,13.95,24.63,14.00
src-ahu-0359-023,2026-01-15T13:59:00Z,ahu-c-f04-west,ON,NORMAL,14.04,24.67,14.00
src-ahu-invalid-identity,2026-01-15T11:30:00Z,unknown-ahu-999,ON,NORMAL,17.50,25.10,14.00
src-ahu-0070-000,2026-01-15T09:10:00Z,ahu-a-f01-east,ON,NORMAL,13.65,25.06,14.00
