source_record_id,observed_at,meter_id,active_power_kw,cumulative_energy_kwh
src-meter-0000-000,2026-01-15T08:00:00Z,meter-a-f01,12.32,10000.205
src-meter-0000-001,2026-01-15T08:00:00Z,meter-a-f02,14.81,10500.247
src-meter-0000-002,2026-01-15T08:00:00Z,meter-a-f03,16.41,11000.274
src-meter-0000-003,2026-01-15T08:00:00Z,meter-a-f04,18.34,11500.306
src-meter-0000-004,2026-01-15T08:00:00Z,meter-b-f01,16.95,12000.282
src-meter-0000-005,2026-01-15T08:00:00Z,meter-b-f02,18.59,12500.310
src-meter-0000-006,2026-01-15T08:00:00Z,meter-b-f03,20.41,13000.340
src-meter-0000-007,2026-01-15T08:00:00Z,meter-b-f04,21.65,13500.361
src-meter-0000-008,2026-01-15T08:00:00Z,meter-c-f01,14.35,14000.239
src-meter-0000-009,2026-01-15T08:00:00Z,meter-c-f02,15.60,14500.260
src-meter-0000-010,2026-01-15T08:00:00Z,meter-c-f03,16.72,15000.279
src-meter-0000-011,2026-01-15T08:00:00Z,meter-c-f04,17.92,15500.299
src-meter-0001-000,2026-01-15T08:01:00Z,meter-a-f01,12.48,10000.413
src-meter-0001-001,2026-01-15T08:01:00Z,meter-a-f02,14.49,10500.488
src-meter-0001-002,2026-01-15T08:01:00Z,meter-a-f03,16.57,11000.550
src-meter-0001-003,2026-01-15T08:01:00Z,meter-a-f04,18.51,11500.614
src-meter-0001-004,2026-01-15T08:01:00Z,meter-b-f01,16.89,12000.564
src-meter-0001-005,2026-01-15T08:01:00Z,meter-b-f02,18.87,12500.624
src-meter-0001-006,2026-01-15T08:01:00Z,meter-b-f03,19.93,13000.672
src-meter-0001-007,2026-01-15T08:01:00Z,meter-b-f04,21.83,13500.725
src-meter-0001-008,2026-01-15T08:01:00Z,meter-c-f01,14.85,14000.487
src-meter-0001-009,2026-01-15T08:01:00Z,meter-c-f02,15.58,14500.520
src-meter-0001-010,2026-01-15T08:01:00Z,meter-c-f03,16.97,15000.562
src-meter-0001-011,2026-01-15T08:01:00Z,meter-c-f04,17.91,15500.597
src-meter-0002-000,2026-01-15T08:02:00Z,meter-a-f01,12.26,10000.618
src-meter-0002-001,2026-01-15T08:02:00Z,meter-a-f02,14.60,10500.732
src-meter-0002-002,2026-01-15T08:02:00Z,meter-a-f03,16.83,11000.830
src-meter-0002-003,2026-01-15T08:02:00Z,meter-a-f04,18.42,11500.921
src-meter-0002-004,2026-01-15T08:02:00Z,meter-b-f01,16.76,12000.843
src-meter-0002-005,2026-01-15T08:02:00Z,meter-b-f02,18.67,12500.936
src-meter-0002-006,2026-01-15T08:02:00Z,meter-b-f03,20.16,13001.008
src-meter-0002-007,2026-01-15T08:02:00Z,meter-b-f04,21.78,13501.088
src-meter-0002-008,2026-01-15T08:02:00Z,meter-c-f01,14.78,14000.733
src-meter-0002-009,2026-01-15T08:02:00Z,meter-c-f02,15.57,14500.779
src-meter-0002-010,2026-01-15T08:02:00Z,meter-c-f03,17.00,15000.845
src-meter-0002-011,2026-01-15T08:02:00Z,meter-c-f04,17.59,15500.890
src-meter-0003-000,2026-01-15T08:03:00Z,meter-a-f01,12.55,10000.827
src-meter-0003-001,2026-01-15T08:03:00Z,meter-a-f02,14.41,10500.972
src-meter-0003-002,2026-01-15T08:03:00Z,meter-a-f03,16.56,11001.106
src-meter-0003-003,2026-01-15T08:03:00Z,meter-a-f04,18.53,11501.230
src-meter-0003-004,2026-01-15T08:03:00Z,meter-b-f01,17.11,12001.128
src-meter-0003-005,2026-01-15T08:03:00Z,meter-b-f02,18.40,12501.242
src-meter-0003-006,2026-01-15T08:03:00Z,meter-b-f03,20.30,13001.347
src-meter-0003-007,2026-01-15T08:03:00Z,meter-b-f04,21.49,13501.446
src-meter-0003-008,2026-01-15T08:03:00Z,meter-c-f01,14.39,14000.973
src-meter-0003-009,2026-01-15T08:03:00Z,meter-c-f02,15.65,14501.040
src-meter-0003-010,2026-01-15T08:03:00Z,meter-c-f03,16.80,15001.125
src-meter-0003-011,2026-01-15T08:03:00Z,meter-c-f04,17.56,15501.183
src-meter-0004-000,2026-01-15T08:04:00Z,meter-a-f01,12.40,10001.033
src-meter-0004-001,2026-01-15T08:04:00Z,meter-a-f02,14.88,10501.220
src-meter-0004-002,2026-01-15T08:04:00Z,meter-a-f03,16.81,11001.386
src-meter-0004-003,2026-01-15T08:04:00Z,meter-a-f04,18.35,11501.536
src-meter-0004-004,2026-01-15T08:04:00Z,meter-b-f01,16.68,12001.406
src-meter-0004-005,2026-01-15T08:04:00Z,meter-b-f02,18.56,12501.552
src-meter-0004-006,2026-01-15T08:04:00Z,meter-b-f03,20.32,13001.685
src-meter-0004-007,2026-01-15T08:04:00Z,meter-b-f04,21.65,13501.807
src-meter-0004-008,2026-01-15T08:04:00Z,meter-c-f01,14.57,14001.216
src-meter-0004-009,2026-01-15T08:04:00Z,meter-c-f02,15.57,14501.299
src-meter-0004-010,2026-01-15T08:04:00Z,meter-c-f03,16.73,15001.404
src-meter-0004-011,2026-01-15T08:04:00Z,meter-c-f04,18.07,15501.484
src-meter-0005-000,2026-01-15T08:05:00Z,meter-a-f01,12.90,10001.249
src-meter-0005-001,2026-01-15T08:05:00Z,meter-a-f02,14.86,10501.468
src-meter-0005-002,2026-01-15T08:05:00Z,meter-a-f03,17.01,11001.670
src-meter-0005-003,2026-01-15T08:05:00Z,meter-a-f04,18.90,11501.851
src-meter-0005-004,2026-01-15T08:05:00Z,meter-b-f01,16.68,12001.684
src-meter-0005-005,2026-01-15T08:05:00Z,meter-b-f02,18.35,12501.857
src-meter-0005-006,2026-01-15T08:05:00Z,meter-b-f03,20.10,13002.020
src-meter-0005-007,2026-01-15T08:05:00Z,meter-b-f04,21.66,13502.168
src-meter-0005-008,2026-01-15T08:05:00Z,meter-c-f01,14.88,14001.464
src-meter-0005-009,2026-01-15T08:05:00Z,meter-c-f02,15.77,14501.562
src-meter-0005-010,2026-01-15T08:05:00Z,meter-c-f03,16.65,15001.681
src-meter-0005-011,2026-01-15T08:05:00Z,meter-c-f04,17.82,15501.781
src-meter-0006-000,2026-01-15T08:06:00Z,meter-a-f01,12.74,10001.461
src-meter-0006-001,2026-01-15T08:06:00Z,meter-a-f02,15.00,10501.718
src-meter-0006-002,2026-01-15T08:06:00Z,meter-a-f03,16.80,11001.950
src-meter-0006-003,2026-01-15T08:06:00Z,meter-a-f04,18.44,11502.158
src-meter-0006-004,2026-01-15T08:06:00Z,meter-b-f01,17.12,12001.970
src-meter-0006-005,2026-01-15T08:06:00Z,meter-b-f02,18.51,12502.166
src-meter-0006-006,2026-01-15T08:06:00Z,meter-b-f03,20.23,13002.357
src-meter-0006-007,2026-01-15T08:06:00Z,meter-b-f04,22.03,13502.535
src-meter-0006-008,2026-01-15T08:06:00Z,meter-c-f01,14.53,14001.706
src-meter-0006-009,2026-01-15T08:06:00Z,meter-c-f02,15.52,14501.821
src-meter-0006-010,2026-01-15T08:06:00Z,meter-c-f03,16.92,15001.963
src-meter-0006-011,2026-01-15T08:06:00Z,meter-c-f04,17.80,15502.078
src-meter-0007-000,2026-01-15T08:07:00Z,meter-a-f01,12.44,10001.668
src-meter-0007-001,2026-01-15T08:07:00Z,meter-a-f02,14.54,10501.960
src-meter-0007-002,2026-01-15T08:07:00Z,meter-a-f03,16.58,11002.226
src-meter-0007-003,2026-01-15T08:07:00Z,meter-a-f04,18.79,11502.471
src-meter-0007-004,2026-01-15T08:07:00Z,meter-b-f01,16.70,12002.248
src-meter-0007-005,2026-01-15T08:07:00Z,meter-b-f02,18.74,12502.478
src-meter-0007-006,2026-01-15T08:07:00Z,meter-b-f03,20.36,13002.697
src-meter-0007-007,2026-01-15T08:07:00Z,meter-b-f04,21.98,13502.901
src-meter-0007-008,2026-01-15T08:07:00Z,meter-c-f01,14.33,14001.945
src-meter-0007-009,2026-01-15T08:07:00Z,meter-c-f02,15.68,14502.082
src-meter-0007-010,2026-01-15T08:07:00Z,meter-c-f03,17.06,15002.248
src-meter-0007-011,2026-01-15T08:07:00Z,meter-c-f04,17.96,15502.377
src-meter-0008-000,2026-01-15T08:08:00Z,meter-a-f01,12.94,10001.884
src-meter-0008-001,2026-01-15T08:08:00Z,meter-a-f02,14.50,10502.202
src-meter-0008-002,2026-01-15T08:08:00Z,meter-a-f03,17.13,11002.512
src-meter-0008-003,2026-01-15T08:08:00Z,meter-a-f04,18.83,11502.785
src-meter-0008-004,2026-01-15T08:08:00Z,meter-b-f01,16.82,12002.528
src-meter-0008-005,2026-01-15T08:08:00Z,meter-b-f02,19.00,12502.795
src-meter-0008-006,2026-01-15T08:08:00Z,meter-b-f03,20.26,13003.034
src-meter-0008-007,2026-01-15T08:08:00Z,meter-b-f04,21.69,13503.262
src-meter-0008-008,2026-01-15T08:08:00Z,meter-c-f01,14.51,14002.186
src-meter-0008-009,2026-01-15T08:08:00Z,meter-c-f02,16.04,14502.350
src-meter-0008-010,2026-01-15T08:08:00Z,meter-c-f03,16.99,15002.531
src-meter-0008-011,2026-01-15T08:08:00Z,meter-c-f04,17.42,15502.668
src-meter-0009-000,2026-01-15T08:09:00Z,meter-a-f01,12.94,10002.099
src-meter-0009-001,2026-01-15T08:09:00Z,meter-a-f02,14.97,10502.451
src-meter-0009-002,2026-01-15T08:09:00Z,meter-a-f03,16.79,11002.791
src-meter-0009-003,2026-01-15T08:09:00Z,meter-a-f04,18.77,11503.098
src-meter-0009-004,2026-01-15T08:09:00Z,meter-b-f01,16.69,12002.806
src-meter-0009-005,2026-01-15T08:09:00Z,meter-b-f02,18.83,12503.109
src-meter-0009-006,2026-01-15T08:09:00Z,meter-b-f03,20.37,13003.374
src-meter-0009-007,2026-01-15T08:09:00Z,meter-b-f04,22.13,13503.631
src-meter-0009-008,2026-01-15T08:09:00Z,meter-c-f01,14.21,14002.423
src-meter-0009-009,2026-01-15T08:09:00Z,meter-c-f02,15.47,14502.607
src-meter-0009-010,2026-01-15T08:09:00Z,meter-c-f03,16.72,15002.809
src-meter-0009-011,2026-01-15T08:09:00Z,meter-c-f04,17.62,15502.961
src-meter-0010-000,2026-01-15T08:10:00Z,meter-a-f01,12.65,10002.310
src-meter-0010-001,2026-01-15T08:10:00Z,meter-a-f02,14.66,10502.695
src-meter-0010-002,2026-01-15T08:10:00Z,meter-a-f03,16.62,11003.068
src-meter-0010-003,2026-01-15T08:10:00Z,meter-a-f04,18.81,11503.411
src-meter-0010-004,2026-01-15T08:10:00Z,meter-b-f01,17.15,12003.092
src-meter-0010-005,2026-01-15T08:10:00Z,meter-b-f02,18.65,12503.420
src-meter-0010-006,2026-01-15T08:10:00Z,meter-b-f03,20.20,13003.711
src-meter-0010-007,2026-01-15T08:10:00Z,meter-b-f04,22.10,13504.000
src-meter-0010-008,2026-01-15T08:10:00Z,meter-c-f01,14.72,14002.669
src-meter-0010-009,2026-01-15T08:10:00Z,meter-c-f02,15.57,14502.867
src-meter-0010-010,2026-01-15T08:10:00Z,meter-c-f03,16.65,15003.087
src-meter-0010-011,2026-01-15T08:10:00Z,meter-c-f04,17.96,15503.261
src-meter-0011-000,2026-01-15T08:11:00Z,meter-a-f01,13.01,10002.527
src-meter-0011-001,2026-01-15T08:11:00Z,meter-a-f02,14.77,10502.941
src-meter-0011-002,2026-01-15T08:11:00Z,meter-a-f03,17.03,11003.352
src-meter-0011-003,2026-01-15T08:11:00Z,meter-a-f04,18.82,11503.725
src-meter-0011-004,2026-01-15T08:11:00Z,meter-b-f01,17.13,12003.378
src-meter-0011-005,2026-01-15T08:11:00Z,meter-b-f02,18.43,12503.727
src-meter-0011-006,2026-01-15T08:11:00Z,meter-b-f03,20.42,13004.051
src-meter-0011-007,2026-01-15T08:11:00Z,meter-b-f04,21.55,13504.359
src-meter-0011-008,2026-01-15T08:11:00Z,meter-c-f01,14.49,14002.910
src-meter-0011-009,2026-01-15T08:11:00Z,meter-c-f02,15.35,14503.123
src-meter-0011-010,2026-01-15T08:11:00Z,meter-c-f03,16.43,15003.361
src-meter-0011-011,2026-01-15T08:11:00Z,meter-c-f04,17.73,15503.556
src-meter-0012-000,2026-01-15T08:12:00Z,meter-a-f01,12.85,10002.741
src-meter-0012-001,2026-01-15T08:12:00Z,meter-a-f02,15.02,10503.192
src-meter-0012-002,2026-01-15T08:12:00Z,meter-a-f03,16.60,11003.629
src-meter-0012-003,2026-01-15T08:12:00Z,meter-a-f04,18.59,11504.035
src-meter-0012-004,2026-01-15T08:12:00Z,meter-b-f01,17.04,12003.662
src-meter-0012-005,2026-01-15T08:12:00Z,meter-b-f02,18.88,12504.041
src-meter-0012-006,2026-01-15T08:12:00Z,meter-b-f03,20.29,13004.389
src-meter-0012-007,2026-01-15T08:12:00Z,meter-b-f04,22.14,13504.728
src-meter-0012-008,2026-01-15T08:12:00Z,meter-c-f01,14.50,14003.152
src-meter-0012-009,2026-01-15T08:12:00Z,meter-c-f02,15.45,14503.380
src-meter-0012-010,2026-01-15T08:12:00Z,meter-c-f03,16.97,15003.643
src-meter-0012-011,2026-01-15T08:12:00Z,meter-c-f04,17.40,15503.846
src-meter-0013-000,2026-01-15T08:13:00Z,meter-a-f01,12.82,10002.955
src-meter-0013-001,2026-01-15T08:13:00Z,meter-a-f02,14.84,10503.439
src-meter-0013-002,2026-01-15T08:13:00Z,meter-a-f03,17.16,11003.915
src-meter-0013-003,2026-01-15T08:13:00Z,meter-a-f04,19.05,11504.352
src-meter-0013-004,2026-01-15T08:13:00Z,meter-b-f01,16.83,12003.942
src-meter-0013-005,2026-01-15T08:13:00Z,meter-b-f02,18.86,12504.356
src-meter-0013-006,2026-01-15T08:13:00Z,meter-b-f03,20.29,13004.727
src-meter-0013-007,2026-01-15T08:13:00Z,meter-b-f04,21.76,13505.090
src-meter-0013-008,2026-01-15T08:13:00Z,meter-c-f01,14.65,14003.396
src-meter-0013-009,2026-01-15T08:13:00Z,meter-c-f02,15.56,14503.640
src-meter-0013-010,2026-01-15T08:13:00Z,meter-c-f03,16.99,15003.927
src-meter-0013-011,2026-01-15T08:13:00Z,meter-c-f04,17.82,15504.143
src-meter-0014-000,2026-01-15T08:14:00Z,meter-a-f01,12.72,10003.167
src-meter-0014-001,2026-01-15T08:14:00Z,meter-a-f02,15.35,10503.695
src-meter-0014-002,2026-01-15T08:14:00Z,meter-a-f03,17.27,11004.203
src-meter-0014-003,2026-01-15T08:14:00Z,meter-a-f04,19.25,11504.673
src-meter-0014-004,2026-01-15T08:14:00Z,meter-b-f01,17.34,12004.231
src-meter-0014-005,2026-01-15T08:14:00Z,meter-b-f02,18.48,12504.664
src-meter-0014-006,2026-01-15T08:14:00Z,meter-b-f03,20.47,13005.068
src-meter-0014-007,2026-01-15T08:14:00Z,meter-b-f04,21.52,13505.449
src-meter-0014-008,2026-01-15T08:14:00Z,meter-c-f01,14.42,14003.636
src-meter-0014-009,2026-01-15T08:14:00Z,meter-c-f02,15.71,14503.901
src-meter-0014-010,2026-01-15T08:14:00Z,meter-c-f03,16.60,15004.203
src-meter-0014-011,2026-01-15T08:14:00Z,meter-c-f04,17.26,15504.431
src-meter-0015-000,2026-01-15T08:15:00Z,meter-a-f01,13.08,10003.385
src-meter-0015-001,2026-01-15T08:15:00Z,meter-a-f02,15.37,10503.951
src-meter-0015-002,2026-01-15T08:15:00Z,meter-a-f03,17.22,11004.490
src-meter-0015-003,2026-01-15T08:15:00Z,meter-a-f04,19.09,11504.991
src-meter-0015-004,2026-01-15T08:15:00Z,meter-b-f01,16.85,12004.512
src-meter-0015-005,2026-01-15T08:15:00Z,meter-b-f02,18.53,12504.973
src-meter-0015-006,2026-01-15T08:15:00Z,meter-b-f03,20.06,13005.403
src-meter-0015-007,2026-01-15T08:15:00Z,meter-b-f04,21.85,13505.813
src-meter-0015-008,2026-01-15T08:15:00Z,meter-c-f01,14.80,14003.883
src-meter-0015-009,2026-01-15T08:15:00Z,meter-c-f02,15.33,14504.157
src-meter-0015-010,2026-01-15T08:15:00Z,meter-c-f03,16.65,15004.481
src-meter-0015-011,2026-01-15T08:15:00Z,meter-c-f04,17.54,15504.723
src-meter-0016-000,2026-01-15T08:16:00Z,meter-a-f01,12.87,10003.599
src-meter-0016-001,2026-01-15T08:16:00Z,meter-a-f02,14.73,10504.197
src-meter-0016-002,2026-01-15T08:16:00Z,meter-a-f03,17.22,11004.777
src-meter-0016-003,2026-01-15T08:16:00Z,meter-a-f04,18.79,11505.305
src-meter-0016-004,2026-01-15T08:16:00Z,meter-b-f01,17.32,12004.801
src-meter-0016-005,2026-01-15T08:16:00Z,meter-b-f02,18.93,12505.288
src-meter-0016-006,2026-01-15T08:16:00Z,meter-b-f03,20.39,13005.743
src-meter-0016-007,2026-01-15T08:16:00Z,meter-b-f04,21.53,13506.172
src-meter-0016-008,2026-01-15T08:16:00Z,meter-c-f01,14.68,14004.128
src-meter-0016-009,2026-01-15T08:16:00Z,meter-c-f02,15.68,14504.418
src-meter-0016-010,2026-01-15T08:16:00Z,meter-c-f03,16.32,15004.753
src-meter-0016-011,2026-01-15T08:16:00Z,meter-c-f04,17.83,15505.020
src-meter-0017-000,2026-01-15T08:17:00Z,meter-a-f01,13.28,10003.821
src-meter-0017-001,2026-01-15T08:17:00Z,meter-a-f02,15.35,10504.453
src-meter-0017-002,2026-01-15T08:17:00Z,meter-a-f03,16.96,11005.059
src-meter-0017-003,2026-01-15T08:17:00Z,meter-a-f04,19.03,11505.622
src-meter-0017-004,2026-01-15T08:17:00Z,meter-b-f01,16.96,12005.083
src-meter-0017-005,2026-01-15T08:17:00Z,meter-b-f02,18.82,12505.602
src-meter-0017-006,2026-01-15T08:17:00Z,meter-b-f03,20.41,13006.083
src-meter-0017-007,2026-01-15T08:17:00Z,meter-b-f04,21.55,13506.531
src-meter-0017-008,2026-01-15T08:17:00Z,meter-c-f01,14.32,14004.366
src-meter-0017-009,2026-01-15T08:17:00Z,meter-c-f02,15.48,14504.676
src-meter-0017-010,2026-01-15T08:17:00Z,meter-c-f03,16.69,15005.031
src-meter-0017-011,2026-01-15T08:17:00Z,meter-c-f04,17.36,15505.310
src-meter-0018-000,2026-01-15T08:18:00Z,meter-a-f01,12.81,10004.034
src-meter-0018-001,2026-01-15T08:18:00Z,meter-a-f02,14.94,10504.701
src-meter-0018-002,2026-01-15T08:18:00Z,meter-a-f03,16.81,11005.339
src-meter-0018-003,2026-01-15T08:18:00Z,meter-a-f04,18.79,11505.935
src-meter-0018-004,2026-01-15T08:18:00Z,meter-b-f01,17.13,12005.369
src-meter-0018-005,2026-01-15T08:18:00Z,meter-b-f02,18.87,12505.916
src-meter-0018-006,2026-01-15T08:18:00Z,meter-b-f03,20.07,13006.417
src-meter-0018-007,2026-01-15T08:18:00Z,meter-b-f04,21.65,13506.892
src-meter-0018-008,2026-01-15T08:18:00Z,meter-c-f01,14.55,14004.609
src-meter-0018-009,2026-01-15T08:18:00Z,meter-c-f02,15.43,14504.933
src-meter-0018-010,2026-01-15T08:18:00Z,meter-c-f03,16.84,15005.312
src-meter-0018-011,2026-01-15T08:18:00Z,meter-c-f04,17.35,15505.599
src-meter-0019-000,2026-01-15T08:19:00Z,meter-a-f01,13.35,10004.257
src-meter-0019-001,2026-01-15T08:19:00Z,meter-a-f02,15.46,10504.959
src-meter-0019-002,2026-01-15T08:19:00Z,meter-a-f03,16.90,11005.621
src-meter-0019-003,2026-01-15T08:19:00Z,meter-a-f04,18.79,11506.248
src-meter-0019-004,2026-01-15T08:19:00Z,meter-b-f01,16.89,12005.650
src-meter-0019-005,2026-01-15T08:19:00Z,meter-b-f02,18.78,12506.229
src-meter-0019-006,2026-01-15T08:19:00Z,meter-b-f03,20.59,13006.760
src-meter-0019-007,2026-01-15T08:19:00Z,meter-b-f04,21.56,13507.251
src-meter-0019-008,2026-01-15T08:19:00Z,meter-c-f01,14.43,14004.849
src-meter-0019-009,2026-01-15T08:19:00Z,meter-c-f02,15.80,14505.197
src-meter-0019-010,2026-01-15T08:19:00Z,meter-c-f03,16.62,15005.589
src-meter-0019-011,2026-01-15T08:19:00Z,meter-c-f04,17.63,15505.893
src-meter-0020-000,2026-01-15T08:20:00Z,meter-a-f01,13.34,10004.479
src-meter-0020-001,2026-01-15T08:20:00Z,meter-a-f02,15.06,10505.210
src-meter-0020-002,2026-01-15T08:20:00Z,meter-a-f03,17.18,11005.907
src-meter-0020-003,2026-01-15T08:20:00Z,meter-a-f04,19.20,11506.568
src-meter-0020-004,2026-01-15T08:20:00Z,meter-b-f01,17.56,12005.943
src-meter-0020-005,2026-01-15T08:20:00Z,meter-b-f02,18.92,12506.545
src-meter-0020-006,2026-01-15T08:20:00Z,meter-b-f03,20.15,13007.096
src-meter-0020-007,2026-01-15T08:20:00Z,meter-b-f04,22.03,13507.618
src-meter-0020-008,2026-01-15T08:20:00Z,meter-c-f01,14.06,14005.083
src-meter-0020-009,2026-01-15T08:20:00Z,meter-c-f02,15.62,14505.457
src-meter-0020-010,2026-01-15T08:20:00Z,meter-c-f03,16.31,15005.861
src-meter-0020-011,2026-01-15T08:20:00Z,meter-c-f04,17.15,15506.178
src-meter-0021-000,2026-01-15T08:21:00Z,meter-a-f01,13.31,10004.701
src-meter-0021-001,2026-01-15T08:21:00Z,meter-a-f02,15.12,10505.462
src-meter-0021-002,2026-01-15T08:21:00Z,meter-a-f03,17.55,11006.200
src-meter-0021-003,2026-01-15T08:21:00Z,meter-a-f04,19.22,11506.888
src-meter-0021-004,2026-01-15T08:21:00Z,meter-b-f01,17.12,12006.228
src-meter-0021-005,2026-01-15T08:21:00Z,meter-b-f02,18.81,12506.858
src-meter-0021-006,2026-01-15T08:21:00Z,meter-b-f03,20.70,13007.441
src-meter-0021-007,2026-01-15T08:21:00Z,meter-b-f04,22.11,13507.987
src-meter-0021-008,2026-01-15T08:21:00Z,meter-c-f01,14.09,14005.318
src-meter-0021-009,2026-01-15T08:21:00Z,meter-c-f02,15.44,14505.714
src-meter-0021-010,2026-01-15T08:21:00Z,meter-c-f03,16.73,15006.140
src-meter-0021-011,2026-01-15T08:21:00Z,meter-c-f04,17.53,15506.471
src-meter-0022-000,2026-01-15T08:22:00Z,meter-a-f01,13.27,10004.922
src-meter-0022-001,2026-01-15T08:22:00Z,meter-a-f02,15.53,10505.721
src-meter-0022-002,2026-01-15T08:22:00Z,meter-a-f03,17.35,11006.489
src-meter-0022-003,2026-01-15T08:22:00Z,meter-a-f04,18.96,11507.204
src-meter-0022-004,2026-01-15T08:22:00Z,meter-b-f01,17.18,12006.515
src-meter-0022-005,2026-01-15T08:22:00Z,meter-b-f02,18.83,12507.172
src-meter-0022-006,2026-01-15T08:22:00Z,meter-b-f03,20.74,13007.787
src-meter-0022-007,2026-01-15T08:22:00Z,meter-b-f04,21.98,13508.353
src-meter-0022-008,2026-01-15T08:22:00Z,meter-c-f01,14.42,14005.559
src-meter-0022-009,2026-01-15T08:22:00Z,meter-c-f02,15.49,14505.973
src-meter-0022-010,2026-01-15T08:22:00Z,meter-c-f03,16.69,15006.418
src-meter-0022-011,2026-01-15T08:22:00Z,meter-c-f04,17.64,15506.765
src-meter-0023-000,2026-01-15T08:23:00Z,meter-a-f01,13.21,10005.142
src-meter-0023-001,2026-01-15T08:23:00Z,meter-a-f02,15.16,10505.974
src-meter-0023-002,2026-01-15T08:23:00Z,meter-a-f03,17.07,11006.774
src-meter-0023-003,2026-01-15T08:23:00Z,meter-a-f04,19.24,11507.525
src-meter-0023-004,2026-01-15T08:23:00Z,meter-b-f01,17.01,12006.798
src-meter-0023-005,2026-01-15T08:23:00Z,meter-b-f02,18.69,12507.483
src-meter-0023-006,2026-01-15T08:23:00Z,meter-b-f03,20.46,13008.128
src-meter-0023-007,2026-01-15T08:23:00Z,meter-b-f04,22.00,13508.720
src-meter-0023-008,2026-01-15T08:23:00Z,meter-c-f01,14.57,14005.801
src-meter-0023-009,2026-01-15T08:23:00Z,meter-c-f02,15.71,14506.234
src-meter-0023-010,2026-01-15T08:23:00Z,meter-c-f03,16.62,15006.695
src-meter-0023-011,2026-01-15T08:23:00Z,meter-c-f04,17.10,15507.050
src-meter-0024-000,2026-01-15T08:24:00Z,meter-a-f01,13.62,10005.369
src-meter-0024-001,2026-01-15T08:24:00Z,meter-a-f02,15.22,10506.227
src-meter-0024-002,2026-01-15T08:24:00Z,meter-a-f03,17.36,11007.063
src-meter-0024-003,2026-01-15T08:24:00Z,meter-a-f04,19.25,11507.846
src-meter-0024-004,2026-01-15T08:24:00Z,meter-b-f01,17.00,12007.081
src-meter-0024-005,2026-01-15T08:24:00Z,meter-b-f02,18.99,12507.800
src-meter-0024-006,2026-01-15T08:24:00Z,meter-b-f03,20.18,13008.464
src-meter-0024-007,2026-01-15T08:24:00Z,meter-b-f04,21.47,13509.078
src-meter-0024-008,2026-01-15T08:24:00Z,meter-c-f01,14.06,14006.036
src-meter-0024-009,2026-01-15T08:24:00Z,meter-c-f02,15.61,14506.495
src-meter-0024-010,2026-01-15T08:24:00Z,meter-c-f03,16.53,15006.970
src-meter-0024-011,2026-01-15T08:24:00Z,meter-c-f04,17.15,15507.335
src-meter-0025-000,2026-01-15T08:25:00Z,meter-a-f01,13.61,10005.596
src-meter-0025-001,2026-01-15T08:25:00Z,meter-a-f02,15.17,10506.480
src-meter-0025-002,2026-01-15T08:25:00Z,meter-a-f03,17.49,11007.355
src-meter-0025-003,2026-01-15T08:25:00Z,meter-a-f04,18.98,11508.162
src-meter-0025-004,2026-01-15T08:25:00Z,meter-b-f01,17.36,12007.371
src-meter-0025-005,2026-01-15T08:25:00Z,meter-b-f02,19.00,12508.117
src-meter-0025-006,2026-01-15T08:25:00Z,meter-b-f03,20.48,13008.805
src-meter-0025-007,2026-01-15T08:25:00Z,meter-b-f04,21.66,13509.439
src-meter-0025-008,2026-01-15T08:25:00Z,meter-c-f01,14.30,14006.274
src-meter-0025-009,2026-01-15T08:25:00Z,meter-c-f02,15.04,14506.745
src-meter-0025-010,2026-01-15T08:25:00Z,meter-c-f03,16.64,15007.247
src-meter-0025-011,2026-01-15T08:25:00Z,meter-c-f04,17.09,15507.620
src-meter-0026-000,2026-01-15T08:26:00Z,meter-a-f01,13.31,10005.818
src-meter-0026-001,2026-01-15T08:26:00Z,meter-a-f02,15.74,10506.742
src-meter-0026-002,2026-01-15T08:26:00Z,meter-a-f03,17.55,11007.647
src-meter-0026-003,2026-01-15T08:26:00Z,meter-a-f04,18.99,11508.479
src-meter-0026-004,2026-01-15T08:26:00Z,meter-b-f01,17.68,12007.665
src-meter-0026-005,2026-01-15T08:26:00Z,meter-b-f02,18.80,12508.430
src-meter-0026-006,2026-01-15T08:26:00Z,meter-b-f03,20.74,13009.151
src-meter-0026-007,2026-01-15T08:26:00Z,meter-b-f04,21.64,13509.799
src-meter-0026-008,2026-01-15T08:26:00Z,meter-c-f01,14.49,14006.516
src-meter-0026-009,2026-01-15T08:26:00Z,meter-c-f02,15.69,14507.007
src-meter-0026-010,2026-01-15T08:26:00Z,meter-c-f03,16.08,15007.516
src-meter-0026-011,2026-01-15T08:26:00Z,meter-c-f04,17.06,15507.905
src-meter-0027-000,2026-01-15T08:27:00Z,meter-a-f01,13.18,10006.037
src-meter-0027-001,2026-01-15T08:27:00Z,meter-a-f02,15.56,10507.002
src-meter-0027-002,2026-01-15T08:27:00Z,meter-a-f03,17.38,11007.937
src-meter-0027-003,2026-01-15T08:27:00Z,meter-a-f04,19.21,11508.799
src-meter-0027-004,2026-01-15T08:27:00Z,meter-b-f01,17.48,12007.957
src-meter-0027-005,2026-01-15T08:27:00Z,meter-b-f02,19.03,12508.747
src-meter-0027-006,2026-01-15T08:27:00Z,meter-b-f03,20.07,13009.486
src-meter-0027-007,2026-01-15T08:27:00Z,meter-b-f04,21.80,13510.163
src-meter-0027-008,2026-01-15T08:27:00Z,meter-c-f01,14.59,14006.759
src-meter-0027-009,2026-01-15T08:27:00Z,meter-c-f02,15.53,14507.266
src-meter-0027-010,2026-01-15T08:27:00Z,meter-c-f03,16.41,15007.789
src-meter-0027-011,2026-01-15T08:27:00Z,meter-c-f04,17.01,15508.188
src-meter-0028-000,2026-01-15T08:28:00Z,meter-a-f01,13.48,10006.262
src-meter-0028-001,2026-01-15T08:28:00Z,meter-a-f02,15.59,10507.261
src-meter-0028-002,2026-01-15T08:28:00Z,meter-a-f03,17.20,11008.223
src-meter-0028-003,2026-01-15T08:28:00Z,meter-a-f04,19.28,11509.120
src-meter-0028-004,2026-01-15T08:28:00Z,meter-b-f01,17.61,12008.250
src-meter-0028-005,2026-01-15T08:28:00Z,meter-b-f02,19.22,12509.067
src-meter-0028-006,2026-01-15T08:28:00Z,meter-b-f03,20.65,13009.830
src-meter-0028-007,2026-01-15T08:28:00Z,meter-b-f04,21.58,13510.522
src-meter-0028-008,2026-01-15T08:28:00Z,meter-c-f01,14.34,14006.998
src-meter-0028-009,2026-01-15T08:28:00Z,meter-c-f02,15.17,14507.519
src-meter-0028-010,2026-01-15T08:28:00Z,meter-c-f03,15.96,15008.055
src-meter-0028-011,2026-01-15T08:28:00Z,meter-c-f04,17.04,15508.472
src-meter-0029-000,2026-01-15T08:29:00Z,meter-a-f01,13.20,10006.482
src-meter-0029-001,2026-01-15T08:29:00Z,meter-a-f02,15.68,10507.523
src-meter-0029-002,2026-01-15T08:29:00Z,meter-a-f03,17.50,11008.515
src-meter-0029-003,2026-01-15T08:29:00Z,meter-a-f04,19.38,11509.443
src-meter-0029-004,2026-01-15T08:29:00Z,meter-b-f01,17.55,12008.543
src-meter-0029-005,2026-01-15T08:29:00Z,meter-b-f02,18.89,12509.382
src-meter-0029-006,2026-01-15T08:29:00Z,meter-b-f03,20.65,13010.174
src-meter-0029-007,2026-01-15T08:29:00Z,meter-b-f04,21.63,13510.883
src-meter-0029-008,2026-01-15T08:29:00Z,meter-c-f01,14.17,14007.234
src-meter-0029-009,2026-01-15T08:29:00Z,meter-c-f02,14.99,14507.768
src-meter-0029-010,2026-01-15T08:29:00Z,meter-c-f03,16.35,15008.327
src-meter-0029-011,2026-01-15T08:29:00Z,meter-c-f04,17.37,15508.761
src-meter-0030-000,2026-01-15T08:30:00Z,meter-a-f01,13.66,10006.710
src-meter-0030-001,2026-01-15T08:30:00Z,meter-a-f02,15.46,10507.780
src-meter-0030-002,2026-01-15T08:30:00Z,meter-a-f03,17.77,11008.811
src-meter-0030-003,2026-01-15T08:30:00Z,meter-a-f04,19.32,11509.765
src-meter-0030-004,2026-01-15T08:30:00Z,meter-b-f01,17.14,12008.828
src-meter-0030-005,2026-01-15T08:30:00Z,meter-b-f02,19.08,12509.700
src-meter-0030-006,2026-01-15T08:30:00Z,meter-b-f03,20.57,13010.517
src-meter-0030-007,2026-01-15T08:30:00Z,meter-b-f04,21.91,13511.248
src-meter-0030-008,2026-01-15T08:30:00Z,meter-c-f01,14.34,14007.473
src-meter-0030-009,2026-01-15T08:30:00Z,meter-c-f02,15.49,14508.026
src-meter-0030-010,2026-01-15T08:30:00Z,meter-c-f03,15.84,15008.591
src-meter-0030-011,2026-01-15T08:30:00Z,meter-c-f04,17.28,15509.049
src-meter-0031-000,2026-01-15T08:31:00Z,meter-a-f01,13.53,10006.935
src-meter-0031-001,2026-01-15T08:31:00Z,meter-a-f02,15.51,10508.039
src-meter-0031-002,2026-01-15T08:31:00Z,meter-a-f03,17.68,11009.106
src-meter-0031-003,2026-01-15T08:31:00Z,meter-a-f04,19.57,11510.091
src-meter-0031-004,2026-01-15T08:31:00Z,meter-b-f01,17.17,12009.114
src-meter-0031-005,2026-01-15T08:31:00Z,meter-b-f02,18.69,12510.012
src-meter-0031-006,2026-01-15T08:31:00Z,meter-b-f03,20.24,13010.854
src-meter-0031-007,2026-01-15T08:31:00Z,meter-b-f04,22.02,13511.615
src-meter-0031-008,2026-01-15T08:31:00Z,meter-c-f01,14.19,14007.710
src-meter-0031-009,2026-01-15T08:31:00Z,meter-c-f02,14.96,14508.276
src-meter-0031-010,2026-01-15T08:31:00Z,meter-c-f03,16.40,15008.865
src-meter-0031-011,2026-01-15T08:31:00Z,meter-c-f04,16.65,15509.327
src-meter-0032-000,2026-01-15T08:32:00Z,meter-a-f01,13.85,10007.166
src-meter-0032-001,2026-01-15T08:32:00Z,meter-a-f02,15.54,10508.298
src-meter-0032-002,2026-01-15T08:32:00Z,meter-a-f03,17.63,11009.400
src-meter-0032-003,2026-01-15T08:32:00Z,meter-a-f04,19.17,11510.411
src-meter-0032-004,2026-01-15T08:32:00Z,meter-b-f01,17.66,12009.409
src-meter-0032-005,2026-01-15T08:32:00Z,meter-b-f02,19.12,12510.330
src-meter-0032-006,2026-01-15T08:32:00Z,meter-b-f03,20.16,13011.190
src-meter-0032-007,2026-01-15T08:32:00Z,meter-b-f04,21.87,13511.979
src-meter-0032-008,2026-01-15T08:32:00Z,meter-c-f01,14.36,14007.949
src-meter-0032-009,2026-01-15T08:32:00Z,meter-c-f02,15.01,14508.526
src-meter-0032-010,2026-01-15T08:32:00Z,meter-c-f03,16.37,15009.138
src-meter-0032-011,2026-01-15T08:32:00Z,meter-c-f04,16.66,15509.605
src-meter-0033-000,2026-01-15T08:33:00Z,meter-a-f01,13.86,10007.397
src-meter-0033-001,2026-01-15T08:33:00Z,meter-a-f02,15.83,10508.562
src-meter-0033-002,2026-01-15T08:33:00Z,meter-a-f03,17.88,11009.698
src-meter-0033-003,2026-01-15T08:33:00Z,meter-a-f04,19.64,11510.738
src-meter-0033-004,2026-01-15T08:33:00Z,meter-b-f01,17.70,12009.704
src-meter-0033-005,2026-01-15T08:33:00Z,meter-b-f02,18.96,12510.646
src-meter-0033-006,2026-01-15T08:33:00Z,meter-b-f03,20.36,13011.529
src-meter-0033-007,2026-01-15T08:33:00Z,meter-b-f04,21.89,13512.344
src-meter-0033-008,2026-01-15T08:33:00Z,meter-c-f01,14.25,14008.186
src-meter-0033-009,2026-01-15T08:33:00Z,meter-c-f02,15.21,14508.780
src-meter-0033-010,2026-01-15T08:33:00Z,meter-c-f03,16.42,15009.411
src-meter-0033-011,2026-01-15T08:33:00Z,meter-c-f04,17.08,15509.889
src-meter-0034-000,2026-01-15T08:34:00Z,meter-a-f01,13.77,10007.627
src-meter-0034-001,2026-01-15T08:34:00Z,meter-a-f02,15.82,10508.825
src-meter-0034-002,2026-01-15T08:34:00Z,meter-a-f03,17.63,11009.991
src-meter-0034-003,2026-01-15T08:34:00Z,meter-a-f04,19.19,11511.058
src-meter-0034-004,2026-01-15T08:34:00Z,meter-b-f01,17.43,12009.994
src-meter-0034-005,2026-01-15T08:34:00Z,meter-b-f02,18.68,12510.958
src-meter-0034-006,2026-01-15T08:34:00Z,meter-b-f03,20.13,13011.865
src-meter-0034-007,2026-01-15T08:34:00Z,meter-b-f04,21.46,13512.702
src-meter-0034-008,2026-01-15T08:34:00Z,meter-c-f01,14.15,14008.422
src-meter-0034-009,2026-01-15T08:34:00Z,meter-c-f02,14.95,14509.029
src-meter-0034-010,2026-01-15T08:34:00Z,meter-c-f03,16.24,15009.682
src-meter-0034-011,2026-01-15T08:34:00Z,meter-c-f04,16.97,15510.172
src-meter-0035-000,2026-01-15T08:35:00Z,meter-a-f01,13.43,10007.850
src-meter-0035-001,2026-01-15T08:35:00Z,meter-a-f02,15.90,10509.090
src-meter-0035-002,2026-01-15T08:35:00Z,meter-a-f03,17.83,11010.288
src-meter-0035-003,2026-01-15T08:35:00Z,meter-a-f04,19.42,11511.382
src-meter-0035-004,2026-01-15T08:35:00Z,meter-b-f01,17.56,12010.287
src-meter-0035-005,2026-01-15T08:35:00Z,meter-b-f02,19.13,12511.277
src-meter-0035-006,2026-01-15T08:35:00Z,meter-b-f03,20.24,13012.202
src-meter-0035-007,2026-01-15T08:35:00Z,meter-b-f04,21.39,13513.058
src-meter-0035-008,2026-01-15T08:35:00Z,meter-c-f01,14.24,14008.660
src-meter-0035-009,2026-01-15T08:35:00Z,meter-c-f02,14.93,14509.278
src-meter-0035-010,2026-01-15T08:35:00Z,meter-c-f03,16.30,15009.953
src-meter-0035-011,2026-01-15T08:35:00Z,meter-c-f04,16.92,15510.454
src-meter-0036-000,2026-01-15T08:36:00Z,meter-a-f01,14.03,10008.084
src-meter-0036-001,2026-01-15T08:36:00Z,meter-a-f02,15.80,10509.354
src-meter-0036-002,2026-01-15T08:36:00Z,meter-a-f03,17.54,11010.581
src-meter-0036-003,2026-01-15T08:36:00Z,meter-a-f04,19.60,11511.708
src-meter-0036-004,2026-01-15T08:36:00Z,meter-b-f01,17.44,12010.578
src-meter-0036-005,2026-01-15T08:36:00Z,meter-b-f02,19.17,12511.596
src-meter-0036-006,2026-01-15T08:36:00Z,meter-b-f03,20.47,13012.544
src-meter-0036-007,2026-01-15T08:36:00Z,meter-b-f04,21.35,13513.414
src-meter-0036-008,2026-01-15T08:36:00Z,meter-c-f01,13.80,14008.890
src-meter-0036-009,2026-01-15T08:36:00Z,meter-c-f02,14.82,14509.524
src-meter-0036-010,2026-01-15T08:36:00Z,meter-c-f03,15.65,15010.214
src-meter-0036-011,2026-01-15T08:36:00Z,meter-c-f04,16.82,15510.734
src-meter-0037-000,2026-01-15T08:37:00Z,meter-a-f01,13.91,10008.316
src-meter-0037-001,2026-01-15T08:37:00Z,meter-a-f02,15.87,10509.618
src-meter-0037-002,2026-01-15T08:37:00Z,meter-a-f03,17.57,11010.874
src-meter-0037-003,2026-01-15T08:37:00Z,meter-a-f04,19.77,11512.038
src-meter-0037-004,2026-01-15T08:37:00Z,meter-b-f01,17.82,12010.875
src-meter-0037-005,2026-01-15T08:37:00Z,meter-b-f02,19.10,12511.914
src-meter-0037-006,2026-01-15T08:37:00Z,meter-b-f03,20.52,13012.886
src-meter-0037-007,2026-01-15T08:37:00Z,meter-b-f04,21.67,13513.775
src-meter-0037-008,2026-01-15T08:37:00Z,meter-c-f01,14.19,14009.126
src-meter-0037-009,2026-01-15T08:37:00Z,meter-c-f02,14.89,14509.773
src-meter-0037-010,2026-01-15T08:37:00Z,meter-c-f03,16.05,15010.482
src-meter-0037-011,2026-01-15T08:37:00Z,meter-c-f04,16.89,15511.016
src-meter-0038-000,2026-01-15T08:38:00Z,meter-a-f01,14.15,10008.552
src-meter-0038-001,2026-01-15T08:38:00Z,meter-a-f02,15.81,10509.882
src-meter-0038-002,2026-01-15T08:38:00Z,meter-a-f03,17.66,11011.168
src-meter-0038-003,2026-01-15T08:38:00Z,meter-a-f04,19.33,11512.360
src-meter-0038-004,2026-01-15T08:38:00Z,meter-b-f01,17.69,12011.169
src-meter-0038-005,2026-01-15T08:38:00Z,meter-b-f02,19.32,12512.236
src-meter-0038-006,2026-01-15T08:38:00Z,meter-b-f03,20.40,13013.226
src-meter-0038-007,2026-01-15T08:38:00Z,meter-b-f04,21.63,13514.136
src-meter-0038-008,2026-01-15T08:38:00Z,meter-c-f01,14.08,14009.361
src-meter-0038-009,2026-01-15T08:38:00Z,meter-c-f02,15.29,14510.028
src-meter-0038-010,2026-01-15T08:38:00Z,meter-c-f03,15.58,15010.741
src-meter-0038-011,2026-01-15T08:38:00Z,meter-c-f04,17.00,15511.299
src-meter-0039-000,2026-01-15T08:39:00Z,meter-a-f01,13.89,10008.783
src-meter-0039-001,2026-01-15T08:39:00Z,meter-a-f02,16.13,10510.150
src-meter-0039-002,2026-01-15T08:39:00Z,meter-a-f03,17.82,11011.465
src-meter-0039-003,2026-01-15T08:39:00Z,meter-a-f04,19.43,11512.684
src-meter-0039-004,2026-01-15T08:39:00Z,meter-b-f01,17.59,12011.463
src-meter-0039-005,2026-01-15T08:39:00Z,meter-b-f02,19.11,12512.555
src-meter-0039-006,2026-01-15T08:39:00Z,meter-b-f03,20.67,13013.570
src-meter-0039-007,2026-01-15T08:39:00Z,meter-b-f04,21.63,13514.496
src-meter-0039-008,2026-01-15T08:39:00Z,meter-c-f01,14.30,14009.599
src-meter-0039-009,2026-01-15T08:39:00Z,meter-c-f02,15.21,14510.281
src-meter-0039-010,2026-01-15T08:39:00Z,meter-c-f03,16.18,15011.011
src-meter-0039-011,2026-01-15T08:39:00Z,meter-c-f04,16.87,15511.580
src-meter-0040-000,2026-01-15T08:40:00Z,meter-a-f01,13.92,10009.015
src-meter-0040-001,2026-01-15T08:40:00Z,meter-a-f02,16.18,10510.420
src-meter-0040-002,2026-01-15T08:40:00Z,meter-a-f03,17.78,11011.761
src-meter-0040-003,2026-01-15T08:40:00Z,meter-a-f04,19.57,11513.010
src-meter-0040-004,2026-01-15T08:40:00Z,meter-b-f01,17.17,12011.749
src-meter-0040-005,2026-01-15T08:40:00Z,meter-b-f02,19.07,12512.873
src-meter-0040-006,2026-01-15T08:40:00Z,meter-b-f03,20.50,13013.912
src-meter-0040-007,2026-01-15T08:40:00Z,meter-b-f04,21.84,13514.860
src-meter-0040-008,2026-01-15T08:40:00Z,meter-c-f01,14.23,14009.836
src-meter-0040-009,2026-01-15T08:40:00Z,meter-c-f02,14.72,14510.526
src-meter-0040-010,2026-01-15T08:40:00Z,meter-c-f03,15.86,15011.275
src-meter-0040-011,2026-01-15T08:40:00Z,meter-c-f04,16.45,15511.855
src-meter-0041-000,2026-01-15T08:41:00Z,meter-a-f01,13.73,10009.244
src-meter-0041-001,2026-01-15T08:41:00Z,meter-a-f02,15.66,10510.681
src-meter-0041-002,2026-01-15T08:41:00Z,meter-a-f03,17.61,11012.055
src-meter-0041-003,2026-01-15T08:41:00Z,meter-a-f04,19.48,11513.335
src-meter-0041-004,2026-01-15T08:41:00Z,meter-b-f01,17.71,12012.044
src-meter-0041-005,2026-01-15T08:41:00Z,meter-b-f02,18.81,12513.186
src-meter-0041-006,2026-01-15T08:41:00Z,meter-b-f03,20.64,13014.256
src-meter-0041-007,2026-01-15T08:41:00Z,meter-b-f04,21.40,13515.217
src-meter-0041-008,2026-01-15T08:41:00Z,meter-c-f01,14.16,14010.072
src-meter-0041-009,2026-01-15T08:41:00Z,meter-c-f02,15.21,14510.780
src-meter-0041-010,2026-01-15T08:41:00Z,meter-c-f03,16.14,15011.544
src-meter-0041-011,2026-01-15T08:41:00Z,meter-c-f04,16.44,15512.129
src-meter-0042-000,2026-01-15T08:42:00Z,meter-a-f01,14.00,10009.477
src-meter-0042-001,2026-01-15T08:42:00Z,meter-a-f02,15.87,10510.945
src-meter-0042-002,2026-01-15T08:42:00Z,meter-a-f03,17.74,11012.351
src-meter-0042-003,2026-01-15T08:42:00Z,meter-a-f04,19.71,11513.663
src-meter-0042-004,2026-01-15T08:42:00Z,meter-b-f01,17.64,12012.338
src-meter-0042-005,2026-01-15T08:42:00Z,meter-b-f02,19.01,12513.503
src-meter-0042-006,2026-01-15T08:42:00Z,meter-b-f03,19.99,13014.589
src-meter-0042-007,2026-01-15T08:42:00Z,meter-b-f04,21.29,13515.572
src-meter-0042-008,2026-01-15T08:42:00Z,meter-c-f01,13.78,14010.302
src-meter-0042-009,2026-01-15T08:42:00Z,meter-c-f02,14.85,14511.027
src-meter-0042-010,2026-01-15T08:42:00Z,meter-c-f03,15.88,15011.809
src-meter-0042-011,2026-01-15T08:42:00Z,meter-c-f04,16.56,15512.405
src-meter-0043-000,2026-01-15T08:43:00Z,meter-a-f01,13.85,10009.708
src-meter-0043-001,2026-01-15T08:43:00Z,meter-a-f02,15.66,10511.206
src-meter-0043-002,2026-01-15T08:43:00Z,meter-a-f03,17.70,11012.646
src-meter-0043-003,2026-01-15T08:43:00Z,meter-a-f04,19.63,11513.990
src-meter-0043-004,2026-01-15T08:43:00Z,meter-b-f01,17.43,12012.629
src-meter-0043-005,2026-01-15T08:43:00Z,meter-b-f02,19.33,12513.825
src-meter-0043-006,2026-01-15T08:43:00Z,meter-b-f03,20.62,13014.932
src-meter-0043-007,2026-01-15T08:43:00Z,meter-b-f04,21.24,13515.926
src-meter-0043-008,2026-01-15T08:43:00Z,meter-c-f01,14.00,14010.535
src-meter-0043-009,2026-01-15T08:43:00Z,meter-c-f02,14.77,14511.273
src-meter-0043-010,2026-01-15T08:43:00Z,meter-c-f03,15.46,15012.067
src-meter-0043-011,2026-01-15T08:43:00Z,meter-c-f04,16.59,15512.681
src-meter-0044-000,2026-01-15T08:44:00Z,meter-a-f01,14.12,10009.944
src-meter-0044-001,2026-01-15T08:44:00Z,meter-a-f02,15.88,10511.471
src-meter-0044-002,2026-01-15T08:44:00Z,meter-a-f03,17.97,11012.945
src-meter-0044-003,2026-01-15T08:44:00Z,meter-a-f04,19.32,11514.312
src-meter-0044-004,2026-01-15T08:44:00Z,meter-b-f01,17.54,12012.921
src-meter-0044-005,2026-01-15T08:44:00Z,meter-b-f02,19.21,12514.145
src-meter-0044-006,2026-01-15T08:44:00Z,meter-b-f03,20.24,13015.270
src-meter-0044-007,2026-01-15T08:44:00Z,meter-b-f04,21.43,13516.283
src-meter-0044-008,2026-01-15T08:44:00Z,meter-c-f01,13.80,14010.765
src-meter-0044-009,2026-01-15T08:44:00Z,meter-c-f02,14.84,14511.521
src-meter-0044-010,2026-01-15T08:44:00Z,meter-c-f03,15.78,15012.330
src-meter-0044-011,2026-01-15T08:44:00Z,meter-c-f04,16.80,15512.961
src-meter-0045-000,2026-01-15T08:45:00Z,meter-a-f01,14.43,10010.184
src-meter-0045-001,2026-01-15T08:45:00Z,meter-a-f02,16.07,10511.739
src-meter-0045-002,2026-01-15T08:45:00Z,meter-a-f03,18.11,11013.247
src-meter-0045-003,2026-01-15T08:45:00Z,meter-a-f04,19.49,11514.637
src-meter-0045-004,2026-01-15T08:45:00Z,meter-b-f01,17.30,12013.209
src-meter-0045-005,2026-01-15T08:45:00Z,meter-b-f02,19.26,12514.466
src-meter-0045-006,2026-01-15T08:45:00Z,meter-b-f03,20.22,13015.607
src-meter-0045-007,2026-01-15T08:45:00Z,meter-b-f04,21.67,13516.644
src-meter-0045-008,2026-01-15T08:45:00Z,meter-c-f01,13.86,14010.996
src-meter-0045-009,2026-01-15T08:45:00Z,meter-c-f02,14.68,14511.765
src-meter-0045-010,2026-01-15T08:45:00Z,meter-c-f03,15.50,15012.588
src-meter-0045-011,2026-01-15T08:45:00Z,meter-c-f04,16.40,15513.235
src-meter-0046-000,2026-01-15T08:46:00Z,meter-a-f01,14.40,10010.424
src-meter-0046-001,2026-01-15T08:46:00Z,meter-a-f02,16.40,10512.012
src-meter-0046-002,2026-01-15T08:46:00Z,meter-a-f03,18.20,11013.550
src-meter-0046-003,2026-01-15T08:46:00Z,meter-a-f04,19.92,11514.969
src-meter-0046-004,2026-01-15T08:46:00Z,meter-b-f01,17.87,12013.507
src-meter-0046-005,2026-01-15T08:46:00Z,meter-b-f02,19.10,12514.785
src-meter-0046-006,2026-01-15T08:46:00Z,meter-b-f03,20.36,13015.946
src-meter-0046-007,2026-01-15T08:46:00Z,meter-b-f04,21.76,13517.007
src-meter-0046-008,2026-01-15T08:46:00Z,meter-c-f01,14.05,14011.230
src-meter-0046-009,2026-01-15T08:46:00Z,meter-c-f02,14.85,14512.013
src-meter-0046-010,2026-01-15T08:46:00Z,meter-c-f03,15.68,15012.849
src-meter-0046-011,2026-01-15T08:46:00Z,meter-c-f04,16.30,15513.506
src-meter-0047-000,2026-01-15T08:47:00Z,meter-a-f01,14.00,10010.657
src-meter-0047-001,2026-01-15T08:47:00Z,meter-a-f02,16.12,10512.281
src-meter-0047-002,2026-01-15T08:47:00Z,meter-a-f03,17.82,11013.847
src-meter-0047-003,2026-01-15T08:47:00Z,meter-a-f04,19.27,11515.290
src-meter-0047-004,2026-01-15T08:47:00Z,meter-b-f01,17.84,12013.805
src-meter-0047-005,2026-01-15T08:47:00Z,meter-b-f02,19.14,12515.104
src-meter-0047-006,2026-01-15T08:47:00Z,meter-b-f03,20.33,13016.285
src-meter-0047-007,2026-01-15T08:47:00Z,meter-b-f04,21.54,13517.366
src-meter-0047-008,2026-01-15T08:47:00Z,meter-c-f01,13.71,14011.459
src-meter-0047-009,2026-01-15T08:47:00Z,meter-c-f02,14.66,14512.257
src-meter-0047-010,2026-01-15T08:47:00Z,meter-c-f03,15.34,15013.105
src-meter-0047-011,2026-01-15T08:47:00Z,meter-c-f04,16.04,15513.774
src-meter-0048-000,2026-01-15T08:48:00Z,meter-a-f01,14.52,10010.900
src-meter-0048-001,2026-01-15T08:48:00Z,meter-a-f02,15.90,10512.546
src-meter-0048-002,2026-01-15T08:48:00Z,meter-a-f03,18.07,11014.148
src-meter-0048-003,2026-01-15T08:48:00Z,meter-a-f04,19.96,11515.623
src-meter-0048-004,2026-01-15T08:48:00Z,meter-b-f01,17.60,12014.098
src-meter-0048-005,2026-01-15T08:48:00Z,meter-b-f02,19.27,12515.425
src-meter-0048-006,2026-01-15T08:48:00Z,meter-b-f03,20.54,13016.627
src-meter-0048-007,2026-01-15T08:48:00Z,meter-b-f04,21.34,13517.722
src-meter-0048-008,2026-01-15T08:48:00Z,meter-c-f01,13.72,14011.688
src-meter-0048-009,2026-01-15T08:48:00Z,meter-c-f02,15.09,14512.509
src-meter-0048-010,2026-01-15T08:48:00Z,meter-c-f03,15.47,15013.363
src-meter-0048-011,2026-01-15T08:48:00Z,meter-c-f04,16.43,15514.047
src-meter-0049-000,2026-01-15T08:49:00Z,meter-a-f01,14.24,10011.137
src-meter-0049-001,2026-01-15T08:49:00Z,meter-a-f02,16.26,10512.817
src-meter-0049-002,2026-01-15T08:49:00Z,meter-a-f03,17.94,11014.447
src-meter-0049-003,2026-01-15T08:49:00Z,meter-a-f04,19.57,11515.949
src-meter-0049-004,2026-01-15T08:49:00Z,meter-b-f01,17.34,12014.387
src-meter-0049-005,2026-01-15T08:49:00Z,meter-b-f02,19.15,12515.744
src-meter-0049-006,2026-01-15T08:49:00Z,meter-b-f03,20.30,13016.966
src-meter-0049-007,2026-01-15T08:49:00Z,meter-b-f04,21.20,13518.075
src-meter-0049-008,2026-01-15T08:49:00Z,meter-c-f01,13.49,14011.912
src-meter-0049-009,2026-01-15T08:49:00Z,meter-c-f02,14.45,14512.750
src-meter-0049-010,2026-01-15T08:49:00Z,meter-c-f03,15.56,15013.622
src-meter-0049-011,2026-01-15T08:49:00Z,meter-c-f04,15.95,15514.313
src-meter-0050-000,2026-01-15T08:50:00Z,meter-a-f01,14.61,10011.380
src-meter-0050-001,2026-01-15T08:50:00Z,meter-a-f02,16.50,10513.092
src-meter-0050-002,2026-01-15T08:50:00Z,meter-a-f03,17.82,11014.744
src-meter-0050-003,2026-01-15T08:50:00Z,meter-a-f04,19.92,11516.281
src-meter-0050-004,2026-01-15T08:50:00Z,meter-b-f01,17.32,12014.675
src-meter-0050-005,2026-01-15T08:50:00Z,meter-b-f02,18.77,12516.057
src-meter-0050-006,2026-01-15T08:50:00Z,meter-b-f03,20.14,13017.301
src-meter-0050-007,2026-01-15T08:50:00Z,meter-b-f04,21.47,13518.433
src-meter-0050-008,2026-01-15T08:50:00Z,meter-c-f01,13.69,14012.141
src-meter-0050-009,2026-01-15T08:50:00Z,meter-c-f02,14.96,14512.999
src-meter-0050-010,2026-01-15T08:50:00Z,meter-c-f03,15.62,15013.883
src-meter-0050-011,2026-01-15T08:50:00Z,meter-c-f04,16.40,15514.587
src-meter-0051-000,2026-01-15T08:51:00Z,meter-a-f01,14.05,10011.615
src-meter-0051-001,2026-01-15T08:51:00Z,meter-a-f02,16.36,10513.365
src-meter-0051-002,2026-01-15T08:51:00Z,meter-a-f03,18.02,11015.045
src-meter-0051-003,2026-01-15T08:51:00Z,meter-a-f04,19.49,11516.606
src-meter-0051-004,2026-01-15T08:51:00Z,meter-b-f01,17.30,12014.964
src-meter-0051-005,2026-01-15T08:51:00Z,meter-b-f02,19.07,12516.375
src-meter-0051-006,2026-01-15T08:51:00Z,meter-b-f03,20.24,13017.639
src-meter-0051-007,2026-01-15T08:51:00Z,meter-b-f04,21.68,13518.794
src-meter-0051-008,2026-01-15T08:51:00Z,meter-c-f01,13.43,14012.365
src-meter-0051-009,2026-01-15T08:51:00Z,meter-c-f02,14.37,14513.238
src-meter-0051-010,2026-01-15T08:51:00Z,meter-c-f03,15.55,15014.142
src-meter-0051-011,2026-01-15T08:51:00Z,meter-c-f04,15.90,15514.852
src-meter-0052-000,2026-01-15T08:52:00Z,meter-a-f01,14.39,10011.854
src-meter-0052-001,2026-01-15T08:52:00Z,meter-a-f02,16.45,10513.639
src-meter-0052-002,2026-01-15T08:52:00Z,meter-a-f03,17.90,11015.343
src-meter-0052-003,2026-01-15T08:52:00Z,meter-a-f04,19.94,11516.938
src-meter-0052-004,2026-01-15T08:52:00Z,meter-b-f01,17.42,12015.254
src-meter-0052-005,2026-01-15T08:52:00Z,meter-b-f02,18.94,12516.690
src-meter-0052-006,2026-01-15T08:52:00Z,meter-b-f03,20.15,13017.975
src-meter-0052-007,2026-01-15T08:52:00Z,meter-b-f04,21.15,13519.147
src-meter-0052-008,2026-01-15T08:52:00Z,meter-c-f01,13.40,14012.588
src-meter-0052-009,2026-01-15T08:52:00Z,meter-c-f02,14.35,14513.478
src-meter-0052-010,2026-01-15T08:52:00Z,meter-c-f03,15.15,15014.394
src-meter-0052-011,2026-01-15T08:52:00Z,meter-c-f04,15.94,15515.117
src-meter-0053-000,2026-01-15T08:53:00Z,meter-a-f01,14.25,10012.092
src-meter-0053-001,2026-01-15T08:53:00Z,meter-a-f02,15.98,10513.905
src-meter-0053-002,2026-01-15T08:53:00Z,meter-a-f03,18.30,11015.648
src-meter-0053-003,2026-01-15T08:53:00Z,meter-a-f04,19.76,11517.268
src-meter-0053-004,2026-01-15T08:53:00Z,meter-b-f01,17.91,12015.552
src-meter-0053-005,2026-01-15T08:53:00Z,meter-b-f02,18.78,12517.003
src-meter-0053-006,2026-01-15T08:53:00Z,meter-b-f03,20.46,13018.315
src-meter-0053-007,2026-01-15T08:53:00Z,meter-b-f04,21.14,13519.499
src-meter-0053-008,2026-01-15T08:53:00Z,meter-c-f01,13.65,14012.815
src-meter-0053-009,2026-01-15T08:53:00Z,meter-c-f02,14.47,14513.719
src-meter-0053-010,2026-01-15T08:53:00Z,meter-c-f03,15.57,15014.654
src-meter-0053-011,2026-01-15T08:53:00Z,meter-c-f04,15.89,15515.382
src-meter-0054-000,2026-01-15T08:54:00Z,meter-a-f01,14.39,10012.332
src-meter-0054-001,2026-01-15T08:54:00Z,meter-a-f02,16.44,10514.179
src-meter-0054-002,2026-01-15T08:54:00Z,meter-a-f03,18.29,11015.953
src-meter-0054-003,2026-01-15T08:54:00Z,meter-a-f04,19.96,11517.600
src-meter-0054-004,2026-01-15T08:54:00Z,meter-b-f01,17.54,12015.845
src-meter-0054-005,2026-01-15T08:54:00Z,meter-b-f02,19.18,12517.323
src-meter-0054-006,2026-01-15T08:54:00Z,meter-b-f03,20.27,13018.653
src-meter-0054-007,2026-01-15T08:54:00Z,meter-b-f04,21.62,13519.859
src-meter-0054-008,2026-01-15T08:54:00Z,meter-c-f01,13.81,14013.046
src-meter-0054-009,2026-01-15T08:54:00Z,meter-c-f02,14.20,14513.955
src-meter-0054-010,2026-01-15T08:54:00Z,meter-c-f03,15.11,15014.906
src-meter-0054-011,2026-01-15T08:54:00Z,meter-c-f04,15.86,15515.646
src-meter-0055-000,2026-01-15T08:55:00Z,meter-a-f01,14.38,10012.571
src-meter-0055-001,2026-01-15T08:55:00Z,meter-a-f02,16.40,10514.453
src-meter-0055-002,2026-01-15T08:55:00Z,meter-a-f03,17.97,11016.252
src-meter-0055-003,2026-01-15T08:55:00Z,meter-a-f04,19.98,11517.933
src-meter-0055-004,2026-01-15T08:55:00Z,meter-b-f01,17.38,12016.134
src-meter-0055-005,2026-01-15T08:55:00Z,meter-b-f02,18.85,12517.637
src-meter-0055-006,2026-01-15T08:55:00Z,meter-b-f03,20.48,13018.995
src-meter-0055-007,2026-01-15T08:55:00Z,meter-b-f04,21.61,13520.220
src-meter-0055-008,2026-01-15T08:55:00Z,meter-c-f01,13.35,14013.268
src-meter-0055-009,2026-01-15T08:55:00Z,meter-c-f02,14.59,14514.199
src-meter-0055-010,2026-01-15T08:55:00Z,meter-c-f03,15.19,15015.159
src-meter-0055-011,2026-01-15T08:55:00Z,meter-c-f04,16.07,15515.914
src-meter-0056-000,2026-01-15T08:56:00Z,meter-a-f01,14.25,10012.809
src-meter-0056-001,2026-01-15T08:56:00Z,meter-a-f02,16.20,10514.723
src-meter-0056-002,2026-01-15T08:56:00Z,meter-a-f03,18.00,11016.552
src-meter-0056-003,2026-01-15T08:56:00Z,meter-a-f04,19.76,11518.263
src-meter-0056-004,2026-01-15T08:56:00Z,meter-b-f01,17.66,12016.429
src-meter-0056-005,2026-01-15T08:56:00Z,meter-b-f02,19.26,12517.958
src-meter-0056-006,2026-01-15T08:56:00Z,meter-b-f03,20.29,13019.333
src-meter-0056-007,2026-01-15T08:56:00Z,meter-b-f04,21.40,13520.576
src-meter-0056-008,2026-01-15T08:56:00Z,meter-c-f01,13.60,14013.495
src-meter-0056-009,2026-01-15T08:56:00Z,meter-c-f02,14.59,14514.442
src-meter-0056-010,2026-01-15T08:56:00Z,meter-c-f03,15.04,15015.409
src-meter-0056-011,2026-01-15T08:56:00Z,meter-c-f04,15.68,15516.175
src-meter-0057-000,2026-01-15T08:57:00Z,meter-a-f01,14.19,10013.045
src-meter-0057-001,2026-01-15T08:57:00Z,meter-a-f02,16.42,10514.996
src-meter-0057-002,2026-01-15T08:57:00Z,meter-a-f03,18.01,11016.853
src-meter-0057-003,2026-01-15T08:57:00Z,meter-a-f04,19.89,11518.594
src-meter-0057-004,2026-01-15T08:57:00Z,meter-b-f01,17.89,12016.727
src-meter-0057-005,2026-01-15T08:57:00Z,meter-b-f02,19.14,12518.277
src-meter-0057-006,2026-01-15T08:57:00Z,meter-b-f03,20.04,13019.667
src-meter-0057-007,2026-01-15T08:57:00Z,meter-b-f04,21.05,13520.927
src-meter-0057-008,2026-01-15T08:57:00Z,meter-c-f01,13.84,14013.725
src-meter-0057-009,2026-01-15T08:57:00Z,meter-c-f02,14.76,14514.688
src-meter-0057-010,2026-01-15T08:57:00Z,meter-c-f03,15.01,15015.660
src-meter-0057-011,2026-01-15T08:57:00Z,meter-c-f04,15.74,15516.438
src-meter-0058-000,2026-01-15T08:58:00Z,meter-a-f01,14.18,10013.282
src-meter-0058-001,2026-01-15T08:58:00Z,meter-a-f02,16.29,10515.268
src-meter-0058-002,2026-01-15T08:58:00Z,meter-a-f03,17.89,11017.151
src-meter-0058-003,2026-01-15T08:58:00Z,meter-a-f04,19.51,11518.919
src-meter-0058-004,2026-01-15T08:58:00Z,meter-b-f01,17.92,12017.026
src-meter-0058-005,2026-01-15T08:58:00Z,meter-b-f02,18.76,12518.590
src-meter-0058-006,2026-01-15T08:58:00Z,meter-b-f03,20.36,13020.006
src-meter-0058-007,2026-01-15T08:58:00Z,meter-b-f04,21.19,13521.280
src-meter-0058-008,2026-01-15T08:58:00Z,meter-c-f01,13.67,14013.953
src-meter-0058-009,2026-01-15T08:58:00Z,meter-c-f02,14.59,14514.931
src-meter-0058-010,2026-01-15T08:58:00Z,meter-c-f03,15.35,15015.915
src-meter-0058-011,2026-01-15T08:58:00Z,meter-c-f04,16.18,15516.707
src-meter-0059-000,2026-01-15T08:59:00Z,meter-a-f01,14.85,10013.529
src-meter-0059-001,2026-01-15T08:59:00Z,meter-a-f02,16.20,10515.538
src-meter-0059-002,2026-01-15T08:59:00Z,meter-a-f03,18.05,11017.452
src-meter-0059-003,2026-01-15T08:59:00Z,meter-a-f04,20.07,11519.254
src-meter-0059-004,2026-01-15T08:59:00Z,meter-b-f01,17.50,12017.317
src-meter-0059-005,2026-01-15T08:59:00Z,meter-b-f02,19.14,12518.909
src-meter-0059-006,2026-01-15T08:59:00Z,meter-b-f03,20.24,13020.344
src-meter-0059-007,2026-01-15T08:59:00Z,meter-b-f04,20.97,13521.630
src-meter-0059-008,2026-01-15T08:59:00Z,meter-c-f01,13.75,14014.182
src-meter-0059-009,2026-01-15T08:59:00Z,meter-c-f02,14.66,14515.175
src-meter-0059-010,2026-01-15T08:59:00Z,meter-c-f03,15.44,15016.173
src-meter-0059-011,2026-01-15T08:59:00Z,meter-c-f04,16.01,15516.974
src-meter-0060-000,2026-01-15T09:00:00Z,meter-a-f01,14.59,10013.772
src-meter-0060-001,2026-01-15T09:00:00Z,meter-a-f02,16.72,10515.817
src-meter-0060-002,2026-01-15T09:00:00Z,meter-a-f03,17.91,11017.750
src-meter-0060-003,2026-01-15T09:00:00Z,meter-a-f04,19.81,11519.584
src-meter-0060-004,2026-01-15T09:00:00Z,meter-b-f01,17.48,12017.609
src-meter-0060-005,2026-01-15T09:00:00Z,meter-b-f02,18.96,12519.225
src-meter-0060-006,2026-01-15T09:00:00Z,meter-b-f03,20.39,13020.683
src-meter-0060-007,2026-01-15T09:00:00Z,meter-b-f04,21.14,13521.982
src-meter-0060-008,2026-01-15T09:00:00Z,meter-c-f01,13.39,14014.406
src-meter-0060-009,2026-01-15T09:00:00Z,meter-c-f02,14.46,14515.416
src-meter-0060-010,2026-01-15T09:00:00Z,meter-c-f03,15.33,15016.428
src-meter-0060-011,2026-01-15T09:00:00Z,meter-c-f04,15.61,15517.234
src-meter-0061-000,2026-01-15T09:01:00Z,meter-a-f01,14.68,10014.017
src-meter-0061-001,2026-01-15T09:01:00Z,meter-a-f02,16.77,10516.096
src-meter-0061-002,2026-01-15T09:01:00Z,meter-a-f03,18.26,11018.055
src-meter-0061-003,2026-01-15T09:01:00Z,meter-a-f04,19.46,11519.908
src-meter-0061-004,2026-01-15T09:01:00Z,meter-b-f01,17.27,12017.896
src-meter-0061-005,2026-01-15T09:01:00Z,meter-b-f02,19.07,12519.542
src-meter-0061-006,2026-01-15T09:01:00Z,meter-b-f03,19.78,13021.013
src-meter-0061-007,2026-01-15T09:01:00Z,meter-b-f04,21.15,13522.335
src-meter-0061-008,2026-01-15T09:01:00Z,meter-c-f01,13.41,14014.629
src-meter-0061-009,2026-01-15T09:01:00Z,meter-c-f02,14.52,14515.658
src-meter-0061-010,2026-01-15T09:01:00Z,meter-c-f03,15.28,15016.683
src-meter-0061-011,2026-01-15T09:01:00Z,meter-c-f04,15.90,15517.499
src-meter-0062-000,2026-01-15T09:02:00Z,meter-a-f01,14.52,10014.259
src-meter-0062-001,2026-01-15T09:02:00Z,meter-a-f02,16.13,10516.365
src-meter-0062-002,2026-01-15T09:02:00Z,meter-a-f03,18.13,11018.357
src-meter-0062-003,2026-01-15T09:02:00Z,meter-a-f04,19.73,11520.237
src-meter-0062-004,2026-01-15T09:02:00Z,meter-b-f01,17.58,12018.190
src-meter-0062-005,2026-01-15T09:02:00Z,meter-b-f02,19.16,12519.862
src-meter-0062-006,2026-01-15T09:02:00Z,meter-b-f03,20.39,13021.353
src-meter-0062-007,2026-01-15T09:02:00Z,meter-b-f04,21.38,13522.691
src-meter-0062-008,2026-01-15T09:02:00Z,meter-c-f01,13.64,14014.857
src-meter-0062-009,2026-01-15T09:02:00Z,meter-c-f02,14.48,14515.900
src-meter-0062-010,2026-01-15T09:02:00Z,meter-c-f03,15.16,15016.936
src-meter-0062-011,2026-01-15T09:02:00Z,meter-c-f04,16.01,15517.766
src-meter-0063-000,2026-01-15T09:03:00Z,meter-a-f01,14.45,10014.500
src-meter-0063-001,2026-01-15T09:03:00Z,meter-a-f02,16.40,10516.638
src-meter-0063-002,2026-01-15T09:03:00Z,meter-a-f03,18.20,11018.660
src-meter-0063-003,2026-01-15T09:03:00Z,meter-a-f04,20.04,11520.571
src-meter-0063-004,2026-01-15T09:03:00Z,meter-b-f01,17.36,12018.479
src-meter-0063-005,2026-01-15T09:03:00Z,meter-b-f02,19.12,12520.181
src-meter-0063-006,2026-01-15T09:03:00Z,meter-b-f03,20.27,13021.691
src-meter-0063-007,2026-01-15T09:03:00Z,meter-b-f04,21.18,13523.044
src-meter-0063-008,2026-01-15T09:03:00Z,meter-c-f01,13.46,14015.081
src-meter-0063-009,2026-01-15T09:03:00Z,meter-c-f02,14.08,14516.134
src-meter-0063-010,2026-01-15T09:03:00Z,meter-c-f03,14.86,15017.183
src-meter-0063-011,2026-01-15T09:03:00Z,meter-c-f04,15.80,15518.030
src-meter-0064-000,2026-01-15T09:04:00Z,meter-a-f01,14.87,10014.748
src-meter-0064-001,2026-01-15T09:04:00Z,meter-a-f02,16.49,10516.913
src-meter-0064-002,2026-01-15T09:04:00Z,meter-a-f03,18.15,11018.962
src-meter-0064-003,2026-01-15T09:04:00Z,meter-a-f04,19.72,11520.900
src-meter-0064-004,2026-01-15T09:04:00Z,meter-b-f01,17.44,12018.769
src-meter-0064-005,2026-01-15T09:04:00Z,meter-b-f02,18.99,12520.497
src-meter-0064-006,2026-01-15T09:04:00Z,meter-b-f03,19.68,13022.019
src-meter-0064-007,2026-01-15T09:04:00Z,meter-b-f04,20.97,13523.394
src-meter-0064-008,2026-01-15T09:04:00Z,meter-c-f01,13.07,14015.299
src-meter-0064-009,2026-01-15T09:04:00Z,meter-c-f02,14.44,14516.375
src-meter-0064-010,2026-01-15T09:04:00Z,meter-c-f03,14.62,15017.427
src-meter-0064-011,2026-01-15T09:04:00Z,meter-c-f04,15.65,15518.290
src-meter-0065-000,2026-01-15T09:05:00Z,meter-a-f01,14.94,10014.997
src-meter-0065-001,2026-01-15T09:05:00Z,meter-a-f02,16.32,10517.185
src-meter-0065-002,2026-01-15T09:05:00Z,meter-a-f03,18.05,11019.263
src-meter-0065-003,2026-01-15T09:05:00Z,meter-a-f04,19.44,11521.224
src-meter-0065-004,2026-01-15T09:05:00Z,meter-b-f01,17.34,12019.058
src-meter-0065-005,2026-01-15T09:05:00Z,meter-b-f02,19.15,12520.816
src-meter-0065-006,2026-01-15T09:05:00Z,meter-b-f03,20.07,13022.353
src-meter-0065-007,2026-01-15T09:05:00Z,meter-b-f04,20.72,13523.739
src-meter-0065-008,2026-01-15T09:05:00Z,meter-c-f01,13.56,14015.525
src-meter-0065-009,2026-01-15T09:05:00Z,meter-c-f02,14.15,14516.611
src-meter-0065-010,2026-01-15T09:05:00Z,meter-c-f03,15.22,15017.681
src-meter-0065-011,2026-01-15T09:05:00Z,meter-c-f04,15.96,15518.556
src-meter-0066-000,2026-01-15T09:06:00Z,meter-a-f01,14.80,10015.243
src-meter-0066-001,2026-01-15T09:06:00Z,meter-a-f02,16.25,10517.456
src-meter-0066-002,2026-01-15T09:06:00Z,meter-a-f03,18.40,11019.570
src-meter-0066-003,2026-01-15T09:06:00Z,meter-a-f04,20.03,11521.558
src-meter-0066-004,2026-01-15T09:06:00Z,meter-b-f01,17.62,12019.352
src-meter-0066-005,2026-01-15T09:06:00Z,meter-b-f02,18.82,12521.130
src-meter-0066-006,2026-01-15T09:06:00Z,meter-b-f03,19.82,13022.683
src-meter-0066-007,2026-01-15T09:06:00Z,meter-b-f04,21.00,13524.089
src-meter-0066-008,2026-01-15T09:06:00Z,meter-c-f01,13.17,14015.744
src-meter-0066-009,2026-01-15T09:06:00Z,meter-c-f02,14.00,14516.844
src-meter-0066-010,2026-01-15T09:06:00Z,meter-c-f03,14.59,15017.924
src-meter-0066-011,2026-01-15T09:06:00Z,meter-c-f04,15.52,15518.815
src-meter-0067-000,2026-01-15T09:07:00Z,meter-a-f01,14.93,10015.492
src-meter-0067-001,2026-01-15T09:07:00Z,meter-a-f02,16.51,10517.731
src-meter-0067-002,2026-01-15T09:07:00Z,meter-a-f03,18.38,11019.876
src-meter-0067-003,2026-01-15T09:07:00Z,meter-a-f04,19.93,11521.890
src-meter-0067-004,2026-01-15T09:07:00Z,meter-b-f01,17.60,12019.645
src-meter-0067-005,2026-01-15T09:07:00Z,meter-b-f02,18.89,12521.445
src-meter-0067-006,2026-01-15T09:07:00Z,meter-b-f03,19.73,13023.012
src-meter-0067-007,2026-01-15T09:07:00Z,meter-b-f04,21.03,13524.440
src-meter-0067-008,2026-01-15T09:07:00Z,meter-c-f01,13.14,14015.963
src-meter-0067-009,2026-01-15T09:07:00Z,meter-c-f02,14.17,14517.080
src-meter-0067-010,2026-01-15T09:07:00Z,meter-c-f03,14.55,15018.166
src-meter-0067-011,2026-01-15T09:07:00Z,meter-c-f04,15.44,15519.072
src-meter-0068-000,2026-01-15T09:08:00Z,meter-a-f01,14.53,10015.734
src-meter-0068-001,2026-01-15T09:08:00Z,meter-a-f02,16.25,10518.002
src-meter-0068-002,2026-01-15T09:08:00Z,meter-a-f03,18.23,11020.180
src-meter-0068-003,2026-01-15T09:08:00Z,meter-a-f04,19.51,11522.215
src-meter-0068-004,2026-01-15T09:08:00Z,meter-b-f01,17.89,12019.943
src-meter-0068-005,2026-01-15T09:08:00Z,meter-b-f02,18.56,12521.754
src-meter-0068-006,2026-01-15T09:08:00Z,meter-b-f03,19.98,13023.345
src-meter-0068-007,2026-01-15T09:08:00Z,meter-b-f04,21.19,13524.793
src-meter-0068-008,2026-01-15T09:08:00Z,meter-c-f01,12.92,14016.178
src-meter-0068-009,2026-01-15T09:08:00Z,meter-c-f02,13.94,14517.312
src-meter-0068-010,2026-01-15T09:08:00Z,meter-c-f03,14.48,15018.408
src-meter-0068-011,2026-01-15T09:08:00Z,meter-c-f04,15.85,15519.337
src-meter-0069-000,2026-01-15T09:09:00Z,meter-a-f01,14.99,10015.984
src-meter-0069-001,2026-01-15T09:09:00Z,meter-a-f02,16.46,10518.276
src-meter-0069-002,2026-01-15T09:09:00Z,meter-a-f03,18.08,11020.482
src-meter-0069-003,2026-01-15T09:09:00Z,meter-a-f04,19.51,11522.540
src-meter-0069-004,2026-01-15T09:09:00Z,meter-b-f01,17.41,12020.234
src-meter-0069-005,2026-01-15T09:09:00Z,meter-b-f02,18.79,12522.067
src-meter-0069-006,2026-01-15T09:09:00Z,meter-b-f03,20.11,13023.680
src-meter-0069-007,2026-01-15T09:09:00Z,meter-b-f04,21.12,13525.145
src-meter-0069-008,2026-01-15T09:09:00Z,meter-c-f01,13.54,14016.404
src-meter-0069-009,2026-01-15T09:09:00Z,meter-c-f02,13.91,14517.544
src-meter-0069-010,2026-01-15T09:09:00Z,meter-c-f03,15.05,15018.659
src-meter-0069-011,2026-01-15T09:09:00Z,meter-c-f04,15.53,15519.595
src-meter-0070-000,2026-01-15T09:10:00Z,meter-a-f01,14.94,10016.233
src-meter-0070-001,2026-01-15T09:10:00Z,meter-a-f02,16.74,10518.555
src-meter-0070-002,2026-01-15T09:10:00Z,meter-a-f03,18.30,11020.786
src-meter-0070-003,2026-01-15T09:10:00Z,meter-a-f04,19.95,11522.873
src-meter-0070-004,2026-01-15T09:10:00Z,meter-b-f01,17.76,12020.530
src-meter-0070-005,2026-01-15T09:10:00Z,meter-b-f02,19.12,12522.386
src-meter-0070-006,2026-01-15T09:10:00Z,meter-b-f03,19.78,13024.010
src-meter-0070-007,2026-01-15T09:10:00Z,meter-b-f04,21.02,13525.495
src-meter-0070-008,2026-01-15T09:10:00Z,meter-c-f01,13.18,14016.624
src-meter-0070-009,2026-01-15T09:10:00Z,meter-c-f02,13.72,14517.773
src-meter-0070-010,2026-01-15T09:10:00Z,meter-c-f03,14.57,15018.901
src-meter-0070-011,2026-01-15T09:10:00Z,meter-c-f04,15.53,15519.854
src-meter-0071-000,2026-01-15T09:11:00Z,meter-a-f01,14.99,10016.483
src-meter-0071-001,2026-01-15T09:11:00Z,meter-a-f02,16.57,10518.832
src-meter-0071-002,2026-01-15T09:11:00Z,meter-a-f03,18.09,11021.088
src-meter-0071-003,2026-01-15T09:11:00Z,meter-a-f04,19.92,11523.205
src-meter-0071-004,2026-01-15T09:11:00Z,meter-b-f01,17.40,12020.820
src-meter-0071-005,2026-01-15T09:11:00Z,meter-b-f02,19.04,12522.703
src-meter-0071-006,2026-01-15T09:11:00Z,meter-b-f03,19.74,13024.339
src-meter-0071-007,2026-01-15T09:11:00Z,meter-b-f04,20.78,13525.841
src-meter-0071-008,2026-01-15T09:11:00Z,meter-c-f01,13.25,14016.845
src-meter-0071-009,2026-01-15T09:11:00Z,meter-c-f02,14.25,14518.011
src-meter-0071-010,2026-01-15T09:11:00Z,meter-c-f03,14.39,15019.141
src-meter-0071-011,2026-01-15T09:11:00Z,meter-c-f04,15.39,15520.111
src-meter-0072-000,2026-01-15T09:12:00Z,meter-a-f01,15.10,10016.735
src-meter-0072-001,2026-01-15T09:12:00Z,meter-a-f02,17.02,10519.115
src-meter-0072-002,2026-01-15T09:12:00Z,meter-a-f03,18.44,11021.395
src-meter-0072-003,2026-01-15T09:12:00Z,meter-a-f04,19.89,11523.536
src-meter-0072-004,2026-01-15T09:12:00Z,meter-b-f01,17.62,12021.113
src-meter-0072-005,2026-01-15T09:12:00Z,meter-b-f02,18.88,12523.018
src-meter-0072-006,2026-01-15T09:12:00Z,meter-b-f03,19.80,13024.669
src-meter-0072-007,2026-01-15T09:12:00Z,meter-b-f04,20.74,13526.187
src-meter-0072-008,2026-01-15T09:12:00Z,meter-c-f01,12.93,14017.060
src-meter-0072-009,2026-01-15T09:12:00Z,meter-c-f02,14.20,14518.247
src-meter-0072-010,2026-01-15T09:12:00Z,meter-c-f03,14.76,15019.387
src-meter-0072-011,2026-01-15T09:12:00Z,meter-c-f04,15.37,15520.367
src-meter-0073-000,2026-01-15T09:13:00Z,meter-a-f01,15.21,10016.988
src-meter-0073-001,2026-01-15T09:13:00Z,meter-a-f02,16.70,10519.394
src-meter-0073-002,2026-01-15T09:13:00Z,meter-a-f03,18.42,11021.702
src-meter-0073-003,2026-01-15T09:13:00Z,meter-a-f04,19.70,11523.865
src-meter-0073-004,2026-01-15T09:13:00Z,meter-b-f01,17.88,12021.411
src-meter-0073-005,2026-01-15T09:13:00Z,meter-b-f02,18.92,12523.333
src-meter-0073-006,2026-01-15T09:13:00Z,meter-b-f03,20.13,13025.004
src-meter-0073-007,2026-01-15T09:13:00Z,meter-b-f04,20.80,13526.534
src-meter-0073-008,2026-01-15T09:13:00Z,meter-c-f01,12.74,14017.272
src-meter-0073-009,2026-01-15T09:13:00Z,meter-c-f02,14.13,14518.483
src-meter-0073-010,2026-01-15T09:13:00Z,meter-c-f03,14.76,15019.633
src-meter-0073-011,2026-01-15T09:13:00Z,meter-c-f04,15.89,15520.632
src-meter-0074-000,2026-01-15T09:14:00Z,meter-a-f01,14.86,10017.236
src-meter-0074-001,2026-01-15T09:14:00Z,meter-a-f02,16.52,10519.669
src-meter-0074-002,2026-01-15T09:14:00Z,meter-a-f03,18.02,11022.003
src-meter-0074-003,2026-01-15T09:14:00Z,meter-a-f04,19.98,11524.198
src-meter-0074-004,2026-01-15T09:14:00Z,meter-b-f01,17.28,12021.699
src-meter-0074-005,2026-01-15T09:14:00Z,meter-b-f02,18.69,12523.645
src-meter-0074-006,2026-01-15T09:14:00Z,meter-b-f03,19.56,13025.330
src-meter-0074-007,2026-01-15T09:14:00Z,meter-b-f04,20.61,13526.877
src-meter-0074-008,2026-01-15T09:14:00Z,meter-c-f01,12.93,14017.488
src-meter-0074-009,2026-01-15T09:14:00Z,meter-c-f02,13.65,14518.710
src-meter-0074-010,2026-01-15T09:14:00Z,meter-c-f03,14.59,15019.877
src-meter-0074-011,2026-01-15T09:14:00Z,meter-c-f04,15.92,15520.897
src-meter-0075-000,2026-01-15T09:15:00Z,meter-a-f01,15.02,10017.486
src-meter-0075-001,2026-01-15T09:15:00Z,meter-a-f02,16.46,10519.943
src-meter-0075-002,2026-01-15T09:15:00Z,meter-a-f03,18.58,11022.312
src-meter-0075-003,2026-01-15T09:15:00Z,meter-a-f04,19.98,11524.531
src-meter-0075-004,2026-01-15T09:15:00Z,meter-b-f01,17.56,12021.992
src-meter-0075-005,2026-01-15T09:15:00Z,meter-b-f02,18.47,12523.952
src-meter-0075-006,2026-01-15T09:15:00Z,meter-b-f03,20.02,13025.664
src-meter-0075-007,2026-01-15T09:15:00Z,meter-b-f04,20.83,13527.224
src-meter-0075-008,2026-01-15T09:15:00Z,meter-c-f01,12.83,14017.702
src-meter-0075-009,2026-01-15T09:15:00Z,meter-c-f02,13.93,14518.942
src-meter-0075-010,2026-01-15T09:15:00Z,meter-c-f03,14.46,15020.118
src-meter-0075-011,2026-01-15T09:15:00Z,meter-c-f04,15.39,15521.153
src-meter-0076-000,2026-01-15T09:16:00Z,meter-a-f01,15.35,10017.742
src-meter-0076-001,2026-01-15T09:16:00Z,meter-a-f02,16.82,10520.223
src-meter-0076-002,2026-01-15T09:16:00Z,meter-a-f03,18.67,11022.624
src-meter-0076-003,2026-01-15T09:16:00Z,meter-a-f04,19.86,11524.862
src-meter-0076-004,2026-01-15T09:16:00Z,meter-b-f01,17.48,12022.283
src-meter-0076-005,2026-01-15T09:16:00Z,meter-b-f02,18.38,12524.259
src-meter-0076-006,2026-01-15T09:16:00Z,meter-b-f03,19.72,13025.993
src-meter-0076-007,2026-01-15T09:16:00Z,meter-b-f04,20.72,13527.570
src-meter-0076-008,2026-01-15T09:16:00Z,meter-c-f01,13.00,14017.919
src-meter-0076-009,2026-01-15T09:16:00Z,meter-c-f02,13.67,14519.170
src-meter-0076-010,2026-01-15T09:16:00Z,meter-c-f03,14.32,15020.356
src-meter-0076-011,2026-01-15T09:16:00Z,meter-c-f04,15.39,15521.410
src-meter-0077-000,2026-01-15T09:17:00Z,meter-a-f01,14.78,10017.989
src-meter-0077-001,2026-01-15T09:17:00Z,meter-a-f02,16.98,10520.507
src-meter-0077-002,2026-01-15T09:17:00Z,meter-a-f03,18.20,11022.927
src-meter-0077-003,2026-01-15T09:17:00Z,meter-a-f04,19.94,11525.194
src-meter-0077-004,2026-01-15T09:17:00Z,meter-b-f01,17.40,12022.573
src-meter-0077-005,2026-01-15T09:17:00Z,meter-b-f02,18.68,12524.570
src-meter-0077-006,2026-01-15T09:17:00Z,meter-b-f03,19.79,13026.323
src-meter-0077-007,2026-01-15T09:17:00Z,meter-b-f04,20.66,13527.914
src-meter-0077-008,2026-01-15T09:17:00Z,meter-c-f01,12.62,14018.129
src-meter-0077-009,2026-01-15T09:17:00Z,meter-c-f02,13.86,14519.401
src-meter-0077-010,2026-01-15T09:17:00Z,meter-c-f03,14.68,15020.601
src-meter-0077-011,2026-01-15T09:17:00Z,meter-c-f04,15.60,15521.670
src-meter-0078-000,2026-01-15T09:18:00Z,meter-a-f01,14.73,10018.234
src-meter-0078-001,2026-01-15T09:18:00Z,meter-a-f02,16.66,10520.784
src-meter-0078-002,2026-01-15T09:18:00Z,meter-a-f03,18.17,11023.230
src-meter-0078-003,2026-01-15T09:18:00Z,meter-a-f04,19.59,11525.521
src-meter-0078-004,2026-01-15T09:18:00Z,meter-b-f01,17.43,12022.864
src-meter-0078-005,2026-01-15T09:18:00Z,meter-b-f02,18.98,12524.886
src-meter-0078-006,2026-01-15T09:18:00Z,meter-b-f03,19.92,13026.655
src-meter-0078-007,2026-01-15T09:18:00Z,meter-b-f04,20.85,13528.262
src-meter-0078-008,2026-01-15T09:18:00Z,meter-c-f01,13.05,14018.346
src-meter-0078-009,2026-01-15T09:18:00Z,meter-c-f02,13.83,14519.632
src-meter-0078-010,2026-01-15T09:18:00Z,meter-c-f03,14.57,15020.844
src-meter-0078-011,2026-01-15T09:18:00Z,meter-c-f04,15.27,15521.925
src-meter-0079-000,2026-01-15T09:19:00Z,meter-a-f01,14.94,10018.483
src-meter-0079-001,2026-01-15T09:19:00Z,meter-a-f02,17.06,10521.069
src-meter-0079-002,2026-01-15T09:19:00Z,meter-a-f03,18.60,11023.540
src-meter-0079-003,2026-01-15T09:19:00Z,meter-a-f04,19.92,11525.853
src-meter-0079-004,2026-01-15T09:19:00Z,meter-b-f01,17.30,12023.152
src-meter-0079-005,2026-01-15T09:19:00Z,meter-b-f02,18.46,12525.194
src-meter-0079-006,2026-01-15T09:19:00Z,meter-b-f03,19.69,13026.983
src-meter-0079-007,2026-01-15T09:19:00Z,meter-b-f04,20.78,13528.608
src-meter-0079-008,2026-01-15T09:19:00Z,meter-c-f01,13.05,14018.564
src-meter-0079-009,2026-01-15T09:19:00Z,meter-c-f02,13.58,14519.858
src-meter-0079-010,2026-01-15T09:19:00Z,meter-c-f03,14.44,15021.084
src-meter-0079-011,2026-01-15T09:19:00Z,meter-c-f04,15.28,15522.179
src-meter-0080-000,2026-01-15T09:20:00Z,meter-a-f01,14.83,10018.730
src-meter-0080-001,2026-01-15T09:20:00Z,meter-a-f02,16.48,10521.343
src-meter-0080-002,2026-01-15T09:20:00Z,meter-a-f03,18.15,11023.842
src-meter-0080-003,2026-01-15T09:20:00Z,meter-a-f04,19.49,11526.178
src-meter-0080-004,2026-01-15T09:20:00Z,meter-b-f01,17.34,12023.441
src-meter-0080-005,2026-01-15T09:20:00Z,meter-b-f02,18.56,12525.503
src-meter-0080-006,2026-01-15T09:20:00Z,meter-b-f03,19.53,13027.308
src-meter-0080-007,2026-01-15T09:20:00Z,meter-b-f04,20.31,13528.946
src-meter-0080-008,2026-01-15T09:20:00Z,meter-c-f01,12.92,14018.779
src-meter-0080-009,2026-01-15T09:20:00Z,meter-c-f02,13.52,14520.083
src-meter-0080-010,2026-01-15T09:20:00Z,meter-c-f03,14.39,15021.324
src-meter-0080-011,2026-01-15T09:20:00Z,meter-c-f04,15.37,15522.436
src-meter-0081-000,2026-01-15T09:21:00Z,meter-a-f01,15.16,10018.983
src-meter-0081-001,2026-01-15T09:21:00Z,meter-a-f02,16.96,10521.626
src-meter-0081-002,2026-01-15T09:21:00Z,meter-a-f03,18.48,11024.150
src-meter-0081-003,2026-01-15T09:21:00Z,meter-a-f04,19.79,11526.507
src-meter-0081-004,2026-01-15T09:21:00Z,meter-b-f01,17.21,12023.728
src-meter-0081-005,2026-01-15T09:21:00Z,meter-b-f02,18.63,12525.814
src-meter-0081-006,2026-01-15T09:21:00Z,meter-b-f03,19.98,13027.641
src-meter-0081-007,2026-01-15T09:21:00Z,meter-b-f04,20.24,13529.284
src-meter-0081-008,2026-01-15T09:21:00Z,meter-c-f01,12.80,14018.993
src-meter-0081-009,2026-01-15T09:21:00Z,meter-c-f02,13.57,14520.310
src-meter-0081-010,2026-01-15T09:21:00Z,meter-c-f03,14.47,15021.565
src-meter-0081-011,2026-01-15T09:21:00Z,meter-c-f04,15.32,15522.691
src-meter-0082-000,2026-01-15T09:22:00Z,meter-a-f01,14.81,10019.230
src-meter-0082-001,2026-01-15T09:22:00Z,meter-a-f02,16.88,10521.907
src-meter-0082-002,2026-01-15T09:22:00Z,meter-a-f03,18.17,11024.453
src-meter-0082-003,2026-01-15T09:22:00Z,meter-a-f04,19.98,11526.840
src-meter-0082-004,2026-01-15T09:22:00Z,meter-b-f01,17.62,12024.022
src-meter-0082-005,2026-01-15T09:22:00Z,meter-b-f02,18.50,12526.122
src-meter-0082-006,2026-01-15T09:22:00Z,meter-b-f03,19.94,13027.973
src-meter-0082-007,2026-01-15T09:22:00Z,meter-b-f04,20.83,13529.631
src-meter-0082-008,2026-01-15T09:22:00Z,meter-c-f01,12.53,14019.201
src-meter-0082-009,2026-01-15T09:22:00Z,meter-c-f02,13.48,14520.534
src-meter-0082-010,2026-01-15T09:22:00Z,meter-c-f03,14.21,15021.802
src-meter-0082-011,2026-01-15T09:22:00Z,meter-c-f04,15.49,15522.949
src-meter-0083-000,2026-01-15T09:23:00Z,meter-a-f01,14.89,10019.478
src-meter-0083-001,2026-01-15T09:23:00Z,meter-a-f02,16.77,10522.187
src-meter-0083-002,2026-01-15T09:23:00Z,meter-a-f03,18.12,11024.755
src-meter-0083-003,2026-01-15T09:23:00Z,meter-a-f04,19.81,11527.171
src-meter-0083-004,2026-01-15T09:23:00Z,meter-b-f01,17.36,12024.311
src-meter-0083-005,2026-01-15T09:23:00Z,meter-b-f02,18.74,12526.434
src-meter-0083-006,2026-01-15T09:23:00Z,meter-b-f03,19.55,13028.299
src-meter-0083-007,2026-01-15T09:23:00Z,meter-b-f04,20.82,13529.978
src-meter-0083-008,2026-01-15T09:23:00Z,meter-c-f01,12.38,14019.408
src-meter-0083-009,2026-01-15T09:23:00Z,meter-c-f02,13.45,14520.758
src-meter-0083-010,2026-01-15T09:23:00Z,meter-c-f03,14.24,15022.040
src-meter-0083-011,2026-01-15T09:23:00Z,meter-c-f04,15.46,15523.207
src-meter-0084-000,2026-01-15T09:24:00Z,meter-a-f01,15.51,10019.736
src-meter-0084-001,2026-01-15T09:24:00Z,meter-a-f02,17.13,10522.472
src-meter-0084-002,2026-01-15T09:24:00Z,meter-a-f03,18.14,11025.057
src-meter-0084-003,2026-01-15T09:24:00Z,meter-a-f04,20.12,11527.506
src-meter-0084-004,2026-01-15T09:24:00Z,meter-b-f01,17.78,12024.607
src-meter-0084-005,2026-01-15T09:24:00Z,meter-b-f02,18.50,12526.743
src-meter-0084-006,2026-01-15T09:24:00Z,meter-b-f03,19.71,13028.628
src-meter-0084-007,2026-01-15T09:24:00Z,meter-b-f04,20.37,13530.317
src-meter-0084-008,2026-01-15T09:24:00Z,meter-c-f01,12.78,14019.621
src-meter-0084-009,2026-01-15T09:24:00Z,meter-c-f02,13.64,14520.986
src-meter-0084-010,2026-01-15T09:24:00Z,meter-c-f03,13.96,15022.272
src-meter-0084-011,2026-01-15T09:24:00Z,meter-c-f04,15.50,15523.465
src-meter-0085-000,2026-01-15T09:25:00Z,meter-a-f01,14.87,10019.984
src-meter-0085-001,2026-01-15T09:25:00Z,meter-a-f02,16.67,10522.750
src-meter-0085-002,2026-01-15T09:25:00Z,meter-a-f03,18.35,11025.363
src-meter-0085-003,2026-01-15T09:25:00Z,meter-a-f04,19.65,11527.833
src-meter-0085-004,2026-01-15T09:25:00Z,meter-b-f01,17.59,12024.900
src-meter-0085-005,2026-01-15T09:25:00Z,meter-b-f02,18.76,12527.055
src-meter-0085-006,2026-01-15T09:25:00Z,meter-b-f03,19.54,13028.954
src-meter-0085-007,2026-01-15T09:25:00Z,meter-b-f04,20.31,13530.656
src-meter-0085-008,2026-01-15T09:25:00Z,meter-c-f01,12.35,14019.827
src-meter-0085-009,2026-01-15T09:25:00Z,meter-c-f02,13.48,14521.210
src-meter-0085-010,2026-01-15T09:25:00Z,meter-c-f03,14.33,15022.511
src-meter-0085-011,2026-01-15T09:25:00Z,meter-c-f04,15.90,15523.730
src-meter-0086-000,2026-01-15T09:26:00Z,meter-a-f01,15.19,10020.237
src-meter-0086-001,2026-01-15T09:26:00Z,meter-a-f02,17.21,10523.037
src-meter-0086-002,2026-01-15T09:26:00Z,meter-a-f03,18.39,11025.670
src-meter-0086-003,2026-01-15T09:26:00Z,meter-a-f04,19.94,11528.166
src-meter-0086-004,2026-01-15T09:26:00Z,meter-b-f01,17.26,12025.188
src-meter-0086-005,2026-01-15T09:26:00Z,meter-b-f02,18.85,12527.370
src-meter-0086-006,2026-01-15T09:26:00Z,meter-b-f03,19.19,13029.273
src-meter-0086-007,2026-01-15T09:26:00Z,meter-b-f04,20.35,13530.995
src-meter-0086-008,2026-01-15T09:26:00Z,meter-c-f01,12.84,14020.041
src-meter-0086-009,2026-01-15T09:26:00Z,meter-c-f02,13.47,14521.435
src-meter-0086-010,2026-01-15T09:26:00Z,meter-c-f03,14.15,15022.747
src-meter-0086-011,2026-01-15T09:26:00Z,meter-c-f04,15.26,15523.984
src-meter-0087-000,2026-01-15T09:27:00Z,meter-a-f01,15.41,10020.494
src-meter-0087-001,2026-01-15T09:27:00Z,meter-a-f02,16.74,10523.316
src-meter-0087-002,2026-01-15T09:27:00Z,meter-a-f03,18.11,11025.972
src-meter-0087-003,2026-01-15T09:27:00Z,meter-a-f04,20.07,11528.500
src-meter-0087-004,2026-01-15T09:27:00Z,meter-b-f01,17.63,12025.482
src-meter-0087-005,2026-01-15T09:27:00Z,meter-b-f02,18.48,12527.677
src-meter-0087-006,2026-01-15T09:27:00Z,meter-b-f03,19.74,13029.602
src-meter-0087-007,2026-01-15T09:27:00Z,meter-b-f04,20.38,13531.335
src-meter-0087-008,2026-01-15T09:27:00Z,meter-c-f01,12.58,14020.250
src-meter-0087-009,2026-01-15T09:27:00Z,meter-c-f02,13.24,14521.656
src-meter-0087-010,2026-01-15T09:27:00Z,meter-c-f03,14.50,15022.988
src-meter-0087-011,2026-01-15T09:27:00Z,meter-c-f04,15.70,15524.246
src-meter-0088-000,2026-01-15T09:28:00Z,meter-a-f01,15.19,10020.747
src-meter-0088-001,2026-01-15T09:28:00Z,meter-a-f02,16.64,10523.593
src-meter-0088-002,2026-01-15T09:28:00Z,meter-a-f03,18.51,11026.280
src-meter-0088-003,2026-01-15T09:28:00Z,meter-a-f04,19.84,11528.831
src-meter-0088-004,2026-01-15T09:28:00Z,meter-b-f01,17.68,12025.776
src-meter-0088-005,2026-01-15T09:28:00Z,meter-b-f02,18.44,12527.985
src-meter-0088-006,2026-01-15T09:28:00Z,meter-b-f03,19.69,13029.930
src-meter-0088-007,2026-01-15T09:28:00Z,meter-b-f04,20.42,13531.675
src-meter-0088-008,2026-01-15T09:28:00Z,meter-c-f01,12.74,14020.462
src-meter-0088-009,2026-01-15T09:28:00Z,meter-c-f02,13.50,14521.880
src-meter-0088-010,2026-01-15T09:28:00Z,meter-c-f03,14.51,15023.230
src-meter-0088-011,2026-01-15T09:28:00Z,meter-c-f04,15.63,15524.507
src-meter-0089-000,2026-01-15T09:29:00Z,meter-a-f01,15.02,10020.998
src-meter-0089-001,2026-01-15T09:29:00Z,meter-a-f02,16.61,10523.870
src-meter-0089-002,2026-01-15T09:29:00Z,meter-a-f03,18.41,11026.587
src-meter-0089-003,2026-01-15T09:29:00Z,meter-a-f04,19.45,11529.155
src-meter-0089-004,2026-01-15T09:29:00Z,meter-b-f01,17.16,12026.062
src-meter-0089-005,2026-01-15T09:29:00Z,meter-b-f02,18.57,12528.294
src-meter-0089-006,2026-01-15T09:29:00Z,meter-b-f03,19.58,13030.257
src-meter-0089-007,2026-01-15T09:29:00Z,meter-b-f04,20.10,13532.010
src-meter-0089-008,2026-01-15T09:29:00Z,meter-c-f01,12.49,14020.671
src-meter-0089-009,2026-01-15T09:29:00Z,meter-c-f02,13.50,14522.106
src-meter-0089-010,2026-01-15T09:29:00Z,meter-c-f03,14.33,15023.469
src-meter-0089-011,2026-01-15T09:29:00Z,meter-c-f04,15.31,15524.762
src-meter-0090-000,2026-01-15T09:30:00Z,meter-a-f01,14.95,10021.247
src-meter-0090-001,2026-01-15T09:30:00Z,meter-a-f02,17.18,10524.156
src-meter-0090-002,2026-01-15T09:30:00Z,meter-a-f03,18.41,11026.894
src-meter-0090-003,2026-01-15T09:30:00Z,meter-a-f04,20.04,11529.489
src-meter-0090-004,2026-01-15T09:30:00Z,meter-b-f01,17.26,12026.350
src-meter-0090-005,2026-01-15T09:30:00Z,meter-b-f02,18.10,12528.596
src-meter-0090-006,2026-01-15T09:30:00Z,meter-b-f03,19.15,13030.576
src-meter-0090-007,2026-01-15T09:30:00Z,meter-b-f04,19.93,13532.342
src-meter-0090-008,2026-01-15T09:30:00Z,meter-c-f01,12.63,14020.881
src-meter-0090-009,2026-01-15T09:30:00Z,meter-c-f02,13.54,14522.331
src-meter-0090-010,2026-01-15T09:30:00Z,meter-c-f03,14.22,15023.706
src-meter-0090-011,2026-01-15T09:30:00Z,meter-c-f04,15.78,15525.025
src-meter-0091-000,2026-01-15T09:31:00Z,meter-a-f01,15.01,10021.497
src-meter-0091-001,2026-01-15T09:31:00Z,meter-a-f02,16.93,10524.439
src-meter-0091-002,2026-01-15T09:31:00Z,meter-a-f03,18.25,11027.198
src-meter-0091-003,2026-01-15T09:31:00Z,meter-a-f04,19.54,11529.815
src-meter-0091-004,2026-01-15T09:31:00Z,meter-b-f01,17.21,12026.637
src-meter-0091-005,2026-01-15T09:31:00Z,meter-b-f02,18.40,12528.903
src-meter-0091-006,2026-01-15T09:31:00Z,meter-b-f03,19.58,13030.902
src-meter-0091-007,2026-01-15T09:31:00Z,meter-b-f04,20.07,13532.677
src-meter-0091-008,2026-01-15T09:31:00Z,meter-c-f01,12.75,14021.094
src-meter-0091-009,2026-01-15T09:31:00Z,meter-c-f02,13.14,14522.550
src-meter-0091-010,2026-01-15T09:31:00Z,meter-c-f03,14.54,15023.949
src-meter-0091-011,2026-01-15T09:31:00Z,meter-c-f04,15.52,15525.283
src-meter-0092-000,2026-01-15T09:32:00Z,meter-a-f01,15.57,10021.756
src-meter-0092-001,2026-01-15T09:32:00Z,meter-a-f02,17.22,10524.725
src-meter-0092-002,2026-01-15T09:32:00Z,meter-a-f03,18.57,11027.507
src-meter-0092-003,2026-01-15T09:32:00Z,meter-a-f04,19.38,11530.138
src-meter-0092-004,2026-01-15T09:32:00Z,meter-b-f01,17.63,12026.931
src-meter-0092-005,2026-01-15T09:32:00Z,meter-b-f02,18.65,12529.214
src-meter-0092-006,2026-01-15T09:32:00Z,meter-b-f03,19.31,13031.224
src-meter-0092-007,2026-01-15T09:32:00Z,meter-b-f04,19.94,13533.009
src-meter-0092-008,2026-01-15T09:32:00Z,meter-c-f01,12.16,14021.296
src-meter-0092-009,2026-01-15T09:32:00Z,meter-c-f02,12.83,14522.764
src-meter-0092-010,2026-01-15T09:32:00Z,meter-c-f03,14.47,15024.190
src-meter-0092-011,2026-01-15T09:32:00Z,meter-c-f04,15.56,15525.543
src-meter-0093-000,2026-01-15T09:33:00Z,meter-a-f01,15.29,10022.011
src-meter-0093-001,2026-01-15T09:33:00Z,meter-a-f02,17.17,10525.012
src-meter-0093-002,2026-01-15T09:33:00Z,meter-a-f03,18.61,11027.818
src-meter-0093-003,2026-01-15T09:33:00Z,meter-a-f04,19.51,11530.463
src-meter-0093-004,2026-01-15T09:33:00Z,meter-b-f01,17.14,12027.216
src-meter-0093-005,2026-01-15T09:33:00Z,meter-b-f02,18.57,12529.523
src-meter-0093-006,2026-01-15T09:33:00Z,meter-b-f03,19.24,13031.545
src-meter-0093-007,2026-01-15T09:33:00Z,meter-b-f04,20.50,13533.351
src-meter-0093-008,2026-01-15T09:33:00Z,meter-c-f01,12.55,14021.505
src-meter-0093-009,2026-01-15T09:33:00Z,meter-c-f02,12.92,14522.979
src-meter-0093-010,2026-01-15T09:33:00Z,meter-c-f03,14.31,15024.428
src-meter-0093-011,2026-01-15T09:33:00Z,meter-c-f04,15.25,15525.797
src-meter-0094-000,2026-01-15T09:34:00Z,meter-a-f01,15.25,10022.266
src-meter-0094-001,2026-01-15T09:34:00Z,meter-a-f02,17.03,10525.296
src-meter-0094-002,2026-01-15T09:34:00Z,meter-a-f03,18.56,11028.127
src-meter-0094-003,2026-01-15T09:34:00Z,meter-a-f04,19.41,11530.787
src-meter-0094-004,2026-01-15T09:34:00Z,meter-b-f01,17.40,12027.507
src-meter-0094-005,2026-01-15T09:34:00Z,meter-b-f02,18.09,12529.825
src-meter-0094-006,2026-01-15T09:34:00Z,meter-b-f03,19.47,13031.869
src-meter-0094-007,2026-01-15T09:34:00Z,meter-b-f04,20.33,13533.690
src-meter-0094-008,2026-01-15T09:34:00Z,meter-c-f01,12.47,14021.713
src-meter-0094-009,2026-01-15T09:34:00Z,meter-c-f02,12.70,14523.191
src-meter-0094-010,2026-01-15T09:34:00Z,meter-c-f03,13.91,15024.660
src-meter-0094-011,2026-01-15T09:34:00Z,meter-c-f04,15.72,15526.059
src-meter-0095-000,2026-01-15T09:35:00Z,meter-a-f01,15.14,10022.518
src-meter-0095-001,2026-01-15T09:35:00Z,meter-a-f02,16.62,10525.572
src-meter-0095-002,2026-01-15T09:35:00Z,meter-a-f03,18.22,11028.431
src-meter-0095-003,2026-01-15T09:35:00Z,meter-a-f04,19.50,11531.111
src-meter-0095-004,2026-01-15T09:35:00Z,meter-b-f01,17.61,12027.800
src-meter-0095-005,2026-01-15T09:35:00Z,meter-b-f02,18.34,12530.130
src-meter-0095-006,2026-01-15T09:35:00Z,meter-b-f03,19.16,13032.189
src-meter-0095-007,2026-01-15T09:35:00Z,meter-b-f04,20.39,13534.029
src-meter-0095-008,2026-01-15T09:35:00Z,meter-c-f01,12.24,14021.917
src-meter-0095-009,2026-01-15T09:35:00Z,meter-c-f02,13.19,14523.411
src-meter-0095-010,2026-01-15T09:35:00Z,meter-c-f03,14.49,15024.902
src-meter-0095-011,2026-01-15T09:35:00Z,meter-c-f04,15.89,15526.323
src-meter-0096-000,2026-01-15T09:36:00Z,meter-a-f01,15.61,10022.778
src-meter-0096-001,2026-01-15T09:36:00Z,meter-a-f02,16.93,10525.855
src-meter-0096-002,2026-01-15T09:36:00Z,meter-a-f03,18.49,11028.739
src-meter-0096-003,2026-01-15T09:36:00Z,meter-a-f04,19.35,11531.434
src-meter-0096-004,2026-01-15T09:36:00Z,meter-b-f01,17.39,12028.090
src-meter-0096-005,2026-01-15T09:36:00Z,meter-b-f02,18.63,12530.441
src-meter-0096-006,2026-01-15T09:36:00Z,meter-b-f03,19.05,13032.506
src-meter-0096-007,2026-01-15T09:36:00Z,meter-b-f04,20.24,13534.367
src-meter-0096-008,2026-01-15T09:36:00Z,meter-c-f01,12.08,14022.118
src-meter-0096-009,2026-01-15T09:36:00Z,meter-c-f02,12.91,14523.626
src-meter-0096-010,2026-01-15T09:36:00Z,meter-c-f03,14.11,15025.137
src-meter-0096-011,2026-01-15T09:36:00Z,meter-c-f04,15.53,15526.582
src-meter-0097-000,2026-01-15T09:37:00Z,meter-a-f01,15.54,10023.037
src-meter-0097-001,2026-01-15T09:37:00Z,meter-a-f02,16.88,10526.136
src-meter-0097-002,2026-01-15T09:37:00Z,meter-a-f03,18.60,11029.049
src-meter-0097-003,2026-01-15T09:37:00Z,meter-a-f04,19.72,11531.763
src-meter-0097-004,2026-01-15T09:37:00Z,meter-b-f01,17.51,12028.382
src-meter-0097-005,2026-01-15T09:37:00Z,meter-b-f02,18.60,12530.751
src-meter-0097-006,2026-01-15T09:37:00Z,meter-b-f03,18.95,13032.822
src-meter-0097-007,2026-01-15T09:37:00Z,meter-b-f04,19.94,13534.699
src-meter-0097-008,2026-01-15T09:37:00Z,meter-c-f01,12.44,14022.326
src-meter-0097-009,2026-01-15T09:37:00Z,meter-c-f02,12.93,14523.842
src-meter-0097-010,2026-01-15T09:37:00Z,meter-c-f03,13.91,15025.369
src-meter-0097-011,2026-01-15T09:37:00Z,meter-c-f04,15.64,15526.843
src-meter-0098-000,2026-01-15T09:38:00Z,meter-a-f01,15.20,10023.290
src-meter-0098-001,2026-01-15T09:38:00Z,meter-a-f02,16.99,10526.419
src-meter-0098-002,2026-01-15T09:38:00Z,meter-a-f03,18.19,11029.352
src-meter-0098-003,2026-01-15T09:38:00Z,meter-a-f04,19.43,11532.086
src-meter-0098-004,2026-01-15T09:38:00Z,meter-b-f01,17.50,12028.673
src-meter-0098-005,2026-01-15T09:38:00Z,meter-b-f02,18.38,12531.057
src-meter-0098-006,2026-01-15T09:38:00Z,meter-b-f03,19.03,13033.139
src-meter-0098-007,2026-01-15T09:38:00Z,meter-b-f04,20.05,13535.033
src-meter-0098-008,2026-01-15T09:38:00Z,meter-c-f01,11.94,14022.525
src-meter-0098-009,2026-01-15T09:38:00Z,meter-c-f02,12.66,14524.053
src-meter-0098-010,2026-01-15T09:38:00Z,meter-c-f03,14.04,15025.603
src-meter-0098-011,2026-01-15T09:38:00Z,meter-c-f04,15.40,15527.099
src-meter-0099-000,2026-01-15T09:39:00Z,meter-a-f01,15.54,10023.549
src-meter-0099-001,2026-01-15T09:39:00Z,meter-a-f02,16.85,10526.700
src-meter-0099-002,2026-01-15T09:39:00Z,meter-a-f03,18.50,11029.660
src-meter-0099-003,2026-01-15T09:39:00Z,meter-a-f04,19.81,11532.417
src-meter-0099-004,2026-01-15T09:39:00Z,meter-b-f01,16.91,12028.955
src-meter-0099-005,2026-01-15T09:39:00Z,meter-b-f02,18.26,12531.361
src-meter-0099-006,2026-01-15T09:39:00Z,meter-b-f03,18.88,13033.454
src-meter-0099-007,2026-01-15T09:39:00Z,meter-b-f04,20.02,13535.367
src-meter-0099-008,2026-01-15T09:39:00Z,meter-c-f01,12.39,14022.731
src-meter-0099-009,2026-01-15T09:39:00Z,meter-c-f02,13.14,14524.272
src-meter-0099-010,2026-01-15T09:39:00Z,meter-c-f03,13.86,15025.834
src-meter-0099-011,2026-01-15T09:39:00Z,meter-c-f04,15.64,15527.360
src-meter-0100-000,2026-01-15T09:40:00Z,meter-a-f01,15.19,10023.803
src-meter-0100-001,2026-01-15T09:40:00Z,meter-a-f02,16.77,10526.979
src-meter-0100-002,2026-01-15T09:40:00Z,meter-a-f03,18.20,11029.964
src-meter-0100-003,2026-01-15T09:40:00Z,meter-a-f04,19.70,11532.745
src-meter-0100-004,2026-01-15T09:40:00Z,meter-b-f01,17.10,12029.240
src-meter-0100-005,2026-01-15T09:40:00Z,meter-b-f02,17.90,12531.660
src-meter-0100-006,2026-01-15T09:40:00Z,meter-b-f03,18.77,13033.767
src-meter-0100-007,2026-01-15T09:40:00Z,meter-b-f04,19.73,13535.696
src-meter-0100-008,2026-01-15T09:40:00Z,meter-c-f01,12.32,14022.937
src-meter-0100-009,2026-01-15T09:40:00Z,meter-c-f02,13.13,14524.490
src-meter-0100-010,2026-01-15T09:40:00Z,meter-c-f03,14.50,15026.075
src-meter-0100-011,2026-01-15T09:40:00Z,meter-c-f04,15.26,15527.614
src-meter-0101-000,2026-01-15T09:41:00Z,meter-a-f01,15.36,10024.059
src-meter-0101-001,2026-01-15T09:41:00Z,meter-a-f02,16.88,10527.261
src-meter-0101-002,2026-01-15T09:41:00Z,meter-a-f03,18.32,11030.269
src-meter-0101-003,2026-01-15T09:41:00Z,meter-a-f04,19.43,11533.069
src-meter-0101-004,2026-01-15T09:41:00Z,meter-b-f01,17.33,12029.529
src-meter-0101-005,2026-01-15T09:41:00Z,meter-b-f02,18.32,12531.965
src-meter-0101-006,2026-01-15T09:41:00Z,meter-b-f03,18.78,13034.080
src-meter-0101-007,2026-01-15T09:41:00Z,meter-b-f04,19.84,13536.027
src-meter-0101-008,2026-01-15T09:41:00Z,meter-c-f01,12.36,14023.143
src-meter-0101-009,2026-01-15T09:41:00Z,meter-c-f02,12.49,14524.699
src-meter-0101-010,2026-01-15T09:41:00Z,meter-c-f03,14.03,15026.309
src-meter-0101-011,2026-01-15T09:41:00Z,meter-c-f04,15.49,15527.873
src-meter-0102-000,2026-01-15T09:42:00Z,meter-a-f01,15.60,10024.319
src-meter-0102-001,2026-01-15T09:42:00Z,meter-a-f02,16.94,10527.543
src-meter-0102-002,2026-01-15T09:42:00Z,meter-a-f03,18.64,11030.580
src-meter-0102-003,2026-01-15T09:42:00Z,meter-a-f04,19.62,11533.396
src-meter-0102-004,2026-01-15T09:42:00Z,meter-b-f01,17.41,12029.819
src-meter-0102-005,2026-01-15T09:42:00Z,meter-b-f02,18.08,12532.266
src-meter-0102-006,2026-01-15T09:42:00Z,meter-b-f03,19.25,13034.400
src-meter-0102-007,2026-01-15T09:42:00Z,meter-b-f04,19.64,13536.354
src-meter-0102-008,2026-01-15T09:42:00Z,meter-c-f01,11.68,14023.337
src-meter-0102-009,2026-01-15T09:42:00Z,meter-c-f02,12.70,14524.910
src-meter-0102-010,2026-01-15T09:42:00Z,meter-c-f03,14.03,15026.543
src-meter-0102-011,2026-01-15T09:42:00Z,meter-c-f04,15.42,15528.130
src-meter-0103-000,2026-01-15T09:43:00Z,meter-a-f01,15.24,10024.573
src-meter-0103-001,2026-01-15T09:43:00Z,meter-a-f02,17.21,10527.830
src-meter-0103-002,2026-01-15T09:43:00Z,meter-a-f03,18.47,11030.887
src-meter-0103-003,2026-01-15T09:43:00Z,meter-a-f04,19.59,11533.722
src-meter-0103-004,2026-01-15T09:43:00Z,meter-b-f01,17.25,12030.106
src-meter-0103-005,2026-01-15T09:43:00Z,meter-b-f02,18.09,12532.568
src-meter-0103-006,2026-01-15T09:43:00Z,meter-b-f03,18.86,13034.715
src-meter-0103-007,2026-01-15T09:43:00Z,meter-b-f04,19.85,13536.685
src-meter-0103-008,2026-01-15T09:43:00Z,meter-c-f01,11.81,14023.534
src-meter-0103-009,2026-01-15T09:43:00Z,meter-c-f02,12.59,14525.120
src-meter-0103-010,2026-01-15T09:43:00Z,meter-c-f03,14.19,15026.779
src-meter-0103-011,2026-01-15T09:43:00Z,meter-c-f04,15.37,15528.386
src-meter-0104-000,2026-01-15T09:44:00Z,meter-a-f01,15.58,10024.832
src-meter-0104-001,2026-01-15T09:44:00Z,meter-a-f02,16.73,10528.109
src-meter-0104-002,2026-01-15T09:44:00Z,meter-a-f03,18.25,11031.192
src-meter-0104-003,2026-01-15T09:44:00Z,meter-a-f04,19.28,11534.044
src-meter-0104-004,2026-01-15T09:44:00Z,meter-b-f01,17.14,12030.392
src-meter-0104-005,2026-01-15T09:44:00Z,meter-b-f02,17.79,12532.864
src-meter-0104-006,2026-01-15T09:44:00Z,meter-b-f03,18.74,13035.027
src-meter-0104-007,2026-01-15T09:44:00Z,meter-b-f04,19.64,13537.012
src-meter-0104-008,2026-01-15T09:44:00Z,meter-c-f01,12.26,14023.738
src-meter-0104-009,2026-01-15T09:44:00Z,meter-c-f02,12.83,14525.334
src-meter-0104-010,2026-01-15T09:44:00Z,meter-c-f03,13.94,15027.012
src-meter-0104-011,2026-01-15T09:44:00Z,meter-c-f04,15.31,15528.641
src-meter-0105-000,2026-01-15T09:45:00Z,meter-a-f01,15.72,10025.095
src-meter-0105-001,2026-01-15T09:45:00Z,meter-a-f02,16.65,10528.386
src-meter-0105-002,2026-01-15T09:45:00Z,meter-a-f03,18.28,11031.496
src-meter-0105-003,2026-01-15T09:45:00Z,meter-a-f04,19.28,11534.365
src-meter-0105-004,2026-01-15T09:45:00Z,meter-b-f01,17.05,12030.676
src-meter-0105-005,2026-01-15T09:45:00Z,meter-b-f02,17.95,12533.163
src-meter-0105-006,2026-01-15T09:45:00Z,meter-b-f03,18.59,13035.337
src-meter-0105-007,2026-01-15T09:45:00Z,meter-b-f04,20.07,13537.346
src-meter-0105-008,2026-01-15T09:45:00Z,meter-c-f01,11.73,14023.934
src-meter-0105-009,2026-01-15T09:45:00Z,meter-c-f02,12.62,14525.544
src-meter-0105-010,2026-01-15T09:45:00Z,meter-c-f03,13.88,15027.243
src-meter-0105-011,2026-01-15T09:45:00Z,meter-c-f04,15.92,15528.906
src-meter-0106-000,2026-01-15T09:46:00Z,meter-a-f01,15.85,10025.359
src-meter-0106-001,2026-01-15T09:46:00Z,meter-a-f02,16.84,10528.667
src-meter-0106-002,2026-01-15T09:46:00Z,meter-a-f03,18.20,11031.800
src-meter-0106-003,2026-01-15T09:46:00Z,meter-a-f04,19.24,11534.685
src-meter-0106-004,2026-01-15T09:46:00Z,meter-b-f01,17.03,12030.960
src-meter-0106-005,2026-01-15T09:46:00Z,meter-b-f02,17.68,12533.458
src-meter-0106-006,2026-01-15T09:46:00Z,meter-b-f03,19.21,13035.657
src-meter-0106-007,2026-01-15T09:46:00Z,meter-b-f04,19.49,13537.671
src-meter-0106-008,2026-01-15T09:46:00Z,meter-c-f01,11.71,14024.129
src-meter-0106-009,2026-01-15T09:46:00Z,meter-c-f02,13.07,14525.762
src-meter-0106-010,2026-01-15T09:46:00Z,meter-c-f03,14.27,15027.481
src-meter-0106-011,2026-01-15T09:46:00Z,meter-c-f04,15.45,15529.164
src-meter-0107-000,2026-01-15T09:47:00Z,meter-a-f01,15.52,10025.617
src-meter-0107-001,2026-01-15T09:47:00Z,meter-a-f02,16.97,10528.950
src-meter-0107-002,2026-01-15T09:47:00Z,meter-a-f03,18.49,11032.108
src-meter-0107-003,2026-01-15T09:47:00Z,meter-a-f04,19.29,11535.007
src-meter-0107-004,2026-01-15T09:47:00Z,meter-b-f01,16.69,12031.238
src-meter-0107-005,2026-01-15T09:47:00Z,meter-b-f02,17.77,12533.754
src-meter-0107-006,2026-01-15T09:47:00Z,meter-b-f03,19.15,13035.976
src-meter-0107-007,2026-01-15T09:47:00Z,meter-b-f04,19.67,13537.999
src-meter-0107-008,2026-01-15T09:47:00Z,meter-c-f01,12.11,14024.331
src-meter-0107-009,2026-01-15T09:47:00Z,meter-c-f02,12.93,14525.978
src-meter-0107-010,2026-01-15T09:47:00Z,meter-c-f03,14.55,15027.723
src-meter-0107-011,2026-01-15T09:47:00Z,meter-c-f04,15.42,15529.421
src-meter-0108-000,2026-01-15T09:48:00Z,meter-a-f01,15.59,10025.877
src-meter-0108-001,2026-01-15T09:48:00Z,meter-a-f02,16.98,10529.233
src-meter-0108-002,2026-01-15T09:48:00Z,meter-a-f03,18.14,11032.410
src-meter-0108-003,2026-01-15T09:48:00Z,meter-a-f04,19.87,11535.338
src-meter-0108-004,2026-01-15T09:48:00Z,meter-b-f01,16.78,12031.518
src-meter-0108-005,2026-01-15T09:48:00Z,meter-b-f02,18.15,12534.057
src-meter-0108-006,2026-01-15T09:48:00Z,meter-b-f03,18.92,13036.292
src-meter-0108-007,2026-01-15T09:48:00Z,meter-b-f04,19.75,13538.328
src-meter-0108-008,2026-01-15T09:48:00Z,meter-c-f01,11.82,14024.528
src-meter-0108-009,2026-01-15T09:48:00Z,meter-c-f02,13.04,14526.195
src-meter-0108-010,2026-01-15T09:48:00Z,meter-c-f03,14.05,15027.957
src-meter-0108-011,2026-01-15T09:48:00Z,meter-c-f04,15.51,15529.679
src-meter-0109-000,2026-01-15T09:49:00Z,meter-a-f01,15.81,10026.140
src-meter-0109-001,2026-01-15T09:49:00Z,meter-a-f02,16.72,10529.511
src-meter-0109-002,2026-01-15T09:49:00Z,meter-a-f03,18.56,11032.720
src-meter-0109-003,2026-01-15T09:49:00Z,meter-a-f04,19.54,11535.664
src-meter-0109-004,2026-01-15T09:49:00Z,meter-b-f01,16.81,12031.798
src-meter-0109-005,2026-01-15T09:49:00Z,meter-b-f02,18.00,12534.357
src-meter-0109-006,2026-01-15T09:49:00Z,meter-b-f03,18.60,13036.602
src-meter-0109-007,2026-01-15T09:49:00Z,meter-b-f04,19.69,13538.656
src-meter-0109-008,2026-01-15T09:49:00Z,meter-c-f01,11.89,14024.726
src-meter-0109-009,2026-01-15T09:49:00Z,meter-c-f02,12.85,14526.409
src-meter-0109-010,2026-01-15T09:49:00Z,meter-c-f03,13.96,15028.190
src-meter-0109-011,2026-01-15T09:49:00Z,meter-c-f04,15.44,15529.937
src-meter-0110-000,2026-01-15T09:50:00Z,meter-a-f01,15.21,10026.394
src-meter-0110-001,2026-01-15T09:50:00Z,meter-a-f02,17.16,10529.797
src-meter-0110-002,2026-01-15T09:50:00Z,meter-a-f03,18.26,11033.024
src-meter-0110-003,2026-01-15T09:50:00Z,meter-a-f04,19.41,11535.987
src-meter-0110-004,2026-01-15T09:50:00Z,meter-b-f01,17.24,12032.085
src-meter-0110-005,2026-01-15T09:50:00Z,meter-b-f02,17.83,12534.654
src-meter-0110-006,2026-01-15T09:50:00Z,meter-b-f03,18.54,13036.911
src-meter-0110-007,2026-01-15T09:50:00Z,meter-b-f04,19.61,13538.983
src-meter-0110-008,2026-01-15T09:50:00Z,meter-c-f01,11.36,14024.915
src-meter-0110-009,2026-01-15T09:50:00Z,meter-c-f02,12.88,14526.624
src-meter-0110-010,2026-01-15T09:50:00Z,meter-c-f03,13.97,15028.423
src-meter-0110-011,2026-01-15T09:50:00Z,meter-c-f04,15.92,15530.202
src-meter-0111-000,2026-01-15T09:51:00Z,meter-a-f01,15.77,10026.657
src-meter-0111-001,2026-01-15T09:51:00Z,meter-a-f02,17.13,10530.083
src-meter-0111-002,2026-01-15T09:51:00Z,meter-a-f03,17.98,11033.324
src-meter-0111-003,2026-01-15T09:51:00Z,meter-a-f04,19.39,11536.310
src-meter-0111-004,2026-01-15T09:51:00Z,meter-b-f01,17.18,12032.372
src-meter-0111-005,2026-01-15T09:51:00Z,meter-b-f02,18.07,12534.955
src-meter-0111-006,2026-01-15T09:51:00Z,meter-b-f03,19.02,13037.228
src-meter-0111-007,2026-01-15T09:51:00Z,meter-b-f04,19.22,13539.303
src-meter-0111-008,2026-01-15T09:51:00Z,meter-c-f01,11.57,14025.108
src-meter-0111-009,2026-01-15T09:51:00Z,meter-c-f02,13.09,14526.842
src-meter-0111-010,2026-01-15T09:51:00Z,meter-c-f03,13.90,15028.655
src-meter-0111-011,2026-01-15T09:51:00Z,meter-c-f04,15.31,15530.457
src-meter-0112-000,2026-01-15T09:52:00Z,meter-a-f01,15.46,10026.915
src-meter-0112-001,2026-01-15T09:52:00Z,meter-a-f02,17.02,10530.366
src-meter-0112-002,2026-01-15T09:52:00Z,meter-a-f03,18.46,11033.631
src-meter-0112-003,2026-01-15T09:52:00Z,meter-a-f04,19.80,11536.640
src-meter-0112-004,2026-01-15T09:52:00Z,meter-b-f01,16.59,12032.648
src-meter-0112-005,2026-01-15T09:52:00Z,meter-b-f02,17.83,12535.252
src-meter-0112-006,2026-01-15T09:52:00Z,meter-b-f03,18.40,13037.534
src-meter-0112-007,2026-01-15T09:52:00Z,meter-b-f04,19.16,13539.623
src-meter-0112-008,2026-01-15T09:52:00Z,meter-c-f01,11.27,14025.296
src-meter-0112-009,2026-01-15T09:52:00Z,meter-c-f02,12.82,14527.056
src-meter-0112-010,2026-01-15T09:52:00Z,meter-c-f03,14.24,15028.892
src-meter-0112-011,2026-01-15T09:52:00Z,meter-c-f04,15.47,15530.715
src-meter-0113-000,2026-01-15T09:53:00Z,meter-a-f01,15.25,10027.169
src-meter-0113-001,2026-01-15T09:53:00Z,meter-a-f02,17.11,10530.651
src-meter-0113-002,2026-01-15T09:53:00Z,meter-a-f03,18.24,11033.935
src-meter-0113-003,2026-01-15T09:53:00Z,meter-a-f04,19.58,11536.967
src-meter-0113-004,2026-01-15T09:53:00Z,meter-b-f01,16.70,12032.927
src-meter-0113-005,2026-01-15T09:53:00Z,meter-b-f02,17.72,12535.548
src-meter-0113-006,2026-01-15T09:53:00Z,meter-b-f03,18.37,13037.840
src-meter-0113-007,2026-01-15T09:53:00Z,meter-b-f04,19.54,13539.948
src-meter-0113-008,2026-01-15T09:53:00Z,meter-c-f01,11.23,14025.483
src-meter-0113-009,2026-01-15T09:53:00Z,meter-c-f02,12.99,14527.272
src-meter-0113-010,2026-01-15T09:53:00Z,meter-c-f03,13.85,15029.123
src-meter-0113-011,2026-01-15T09:53:00Z,meter-c-f04,15.36,15530.971
src-meter-0114-000,2026-01-15T09:54:00Z,meter-a-f01,15.42,10027.426
src-meter-0114-001,2026-01-15T09:54:00Z,meter-a-f02,17.31,10530.940
src-meter-0114-002,2026-01-15T09:54:00Z,meter-a-f03,18.35,11034.241
src-meter-0114-003,2026-01-15T09:54:00Z,meter-a-f04,19.65,11537.294
src-meter-0114-004,2026-01-15T09:54:00Z,meter-b-f01,16.85,12033.207
src-meter-0114-005,2026-01-15T09:54:00Z,meter-b-f02,18.12,12535.850
src-meter-0114-006,2026-01-15T09:54:00Z,meter-b-f03,18.92,13038.156
src-meter-0114-007,2026-01-15T09:54:00Z,meter-b-f04,19.43,13540.272
src-meter-0114-008,2026-01-15T09:54:00Z,meter-c-f01,11.56,14025.676
src-meter-0114-009,2026-01-15T09:54:00Z,meter-c-f02,12.67,14527.483
src-meter-0114-010,2026-01-15T09:54:00Z,meter-c-f03,13.86,15029.354
src-meter-0114-011,2026-01-15T09:54:00Z,meter-c-f04,15.37,15531.227
src-meter-0115-000,2026-01-15T09:55:00Z,meter-a-f01,15.39,10027.682
src-meter-0115-001,2026-01-15T09:55:00Z,meter-a-f02,17.09,10531.225
src-meter-0115-002,2026-01-15T09:55:00Z,meter-a-f03,18.23,11034.545
src-meter-0115-003,2026-01-15T09:55:00Z,meter-a-f04,19.73,11537.623
src-meter-0115-004,2026-01-15T09:55:00Z,meter-b-f01,17.09,12033.492
src-meter-0115-005,2026-01-15T09:55:00Z,meter-b-f02,17.88,12536.148
src-meter-0115-006,2026-01-15T09:55:00Z,meter-b-f03,18.72,13038.468
src-meter-0115-007,2026-01-15T09:55:00Z,meter-b-f04,19.59,13540.599
src-meter-0115-008,2026-01-15T09:55:00Z,meter-c-f01,11.78,14025.872
src-meter-0115-009,2026-01-15T09:55:00Z,meter-c-f02,12.87,14527.698
src-meter-0115-010,2026-01-15T09:55:00Z,meter-c-f03,14.21,15029.591
src-meter-0115-011,2026-01-15T09:55:00Z,meter-c-f04,15.58,15531.487
src-meter-0116-000,2026-01-15T09:56:00Z,meter-a-f01,15.45,10027.940
src-meter-0116-001,2026-01-15T09:56:00Z,meter-a-f02,17.13,10531.510
src-meter-0116-002,2026-01-15T09:56:00Z,meter-a-f03,18.41,11034.852
src-meter-0116-003,2026-01-15T09:56:00Z,meter-a-f04,19.30,11537.945
src-meter-0116-004,2026-01-15T09:56:00Z,meter-b-f01,16.76,12033.772
src-meter-0116-005,2026-01-15T09:56:00Z,meter-b-f02,17.78,12536.444
src-meter-0116-006,2026-01-15T09:56:00Z,meter-b-f03,18.77,13038.781
src-meter-0116-007,2026-01-15T09:56:00Z,meter-b-f04,19.15,13540.918
src-meter-0116-008,2026-01-15T09:56:00Z,meter-c-f01,11.47,14026.063
src-meter-0116-009,2026-01-15T09:56:00Z,meter-c-f02,12.63,14527.908
src-meter-0116-010,2026-01-15T09:56:00Z,meter-c-f03,13.94,15029.823
src-meter-0116-011,2026-01-15T09:56:00Z,meter-c-f04,15.28,15531.742
src-meter-0117-000,2026-01-15T09:57:00Z,meter-a-f01,15.46,10028.197
src-meter-0117-001,2026-01-15T09:57:00Z,meter-a-f02,16.75,10531.789
src-meter-0117-002,2026-01-15T09:57:00Z,meter-a-f03,18.00,11035.152
src-meter-0117-003,2026-01-15T09:57:00Z,meter-a-f04,19.10,11538.263
src-meter-0117-004,2026-01-15T09:57:00Z,meter-b-f01,16.48,12034.046
src-meter-0117-005,2026-01-15T09:57:00Z,meter-b-f02,17.46,12536.735
src-meter-0117-006,2026-01-15T09:57:00Z,meter-b-f03,18.69,13039.092
src-meter-0117-007,2026-01-15T09:57:00Z,meter-b-f04,19.09,13541.236
src-meter-0117-008,2026-01-15T09:57:00Z,meter-c-f01,11.33,14026.252
src-meter-0117-009,2026-01-15T09:57:00Z,meter-c-f02,13.13,14528.127
src-meter-0117-010,2026-01-15T09:57:00Z,meter-c-f03,14.47,15030.064
src-meter-0117-011,2026-01-15T09:57:00Z,meter-c-f04,15.79,15532.005
src-meter-0118-000,2026-01-15T09:58:00Z,meter-a-f01,15.93,10028.463
src-meter-0118-001,2026-01-15T09:58:00Z,meter-a-f02,16.69,10532.068
src-meter-0118-002,2026-01-15T09:58:00Z,meter-a-f03,18.54,11035.460
src-meter-0118-003,2026-01-15T09:58:00Z,meter-a-f04,19.48,11538.588
src-meter-0118-004,2026-01-15T09:58:00Z,meter-b-f01,16.73,12034.325
src-meter-0118-005,2026-01-15T09:58:00Z,meter-b-f02,17.89,12537.033
src-meter-0118-006,2026-01-15T09:58:00Z,meter-b-f03,18.58,13039.402
src-meter-0118-007,2026-01-15T09:58:00Z,meter-b-f04,19.52,13541.561
src-meter-0118-008,2026-01-15T09:58:00Z,meter-c-f01,11.21,14026.439
src-meter-0118-009,2026-01-15T09:58:00Z,meter-c-f02,12.63,14528.338
src-meter-0118-010,2026-01-15T09:58:00Z,meter-c-f03,14.53,15030.306
src-meter-0118-011,2026-01-15T09:58:00Z,meter-c-f04,15.43,15532.262
src-meter-0119-000,2026-01-15T09:59:00Z,meter-a-f01,15.56,10028.722
src-meter-0119-001,2026-01-15T09:59:00Z,meter-a-f02,17.32,10532.356
src-meter-0119-002,2026-01-15T09:59:00Z,meter-a-f03,18.13,11035.763
src-meter-0119-003,2026-01-15T09:59:00Z,meter-a-f04,19.12,11538.906
src-meter-0119-004,2026-01-15T09:59:00Z,meter-b-f01,16.58,12034.601
src-meter-0119-005,2026-01-15T09:59:00Z,meter-b-f02,17.54,12537.325
src-meter-0119-006,2026-01-15T09:59:00Z,meter-b-f03,18.24,13039.706
src-meter-0119-007,2026-01-15T09:59:00Z,meter-b-f04,19.19,13541.881
src-meter-0119-008,2026-01-15T09:59:00Z,meter-c-f01,11.62,14026.633
src-meter-0119-009,2026-01-15T09:59:00Z,meter-c-f02,12.91,14528.553
src-meter-0119-010,2026-01-15T09:59:00Z,meter-c-f03,14.04,15030.540
src-meter-0119-011,2026-01-15T09:59:00Z,meter-c-f04,15.75,15532.525
src-meter-0120-000,2026-01-15T10:00:00Z,meter-a-f01,15.32,10028.977
src-meter-0120-001,2026-01-15T10:00:00Z,meter-a-f02,17.21,10532.643
src-meter-0120-002,2026-01-15T10:00:00Z,meter-a-f03,18.28,11036.067
src-meter-0120-003,2026-01-15T10:00:00Z,meter-a-f04,19.14,11539.225
src-meter-0120-004,2026-01-15T10:00:00Z,meter-b-f01,16.76,12034.880
src-meter-0120-005,2026-01-15T10:00:00Z,meter-b-f02,17.34,12537.614
src-meter-0120-006,2026-01-15T10:00:00Z,meter-b-f03,18.35,13040.012
src-meter-0120-007,2026-01-15T10:00:00Z,meter-b-f04,19.29,13542.203
src-meter-0120-008,2026-01-15T10:00:00Z,meter-c-f01,11.17,14026.819
src-meter-0120-009,2026-01-15T10:00:00Z,meter-c-f02,12.86,14528.767
src-meter-0120-010,2026-01-15T10:00:00Z,meter-c-f03,14.50,15030.782
src-meter-0120-011,2026-01-15T10:00:00Z,meter-c-f04,15.48,15532.783
src-meter-0121-000,2026-01-15T10:01:00Z,meter-a-f01,15.85,10029.242
src-meter-0121-001,2026-01-15T10:01:00Z,meter-a-f02,17.17,10532.929
src-meter-0121-002,2026-01-15T10:01:00Z,meter-a-f03,18.39,11036.374
src-meter-0121-003,2026-01-15T10:01:00Z,meter-a-f04,19.37,11539.548
src-meter-0121-004,2026-01-15T10:01:00Z,meter-b-f01,16.56,12035.157
src-meter-0121-005,2026-01-15T10:01:00Z,meter-b-f02,17.63,12537.908
src-meter-0121-006,2026-01-15T10:01:00Z,meter-b-f03,18.27,13040.316
src-meter-0121-007,2026-01-15T10:01:00Z,meter-b-f04,19.20,13542.523
src-meter-0121-008,2026-01-15T10:01:00Z,meter-c-f01,11.66,14027.013
src-meter-0121-009,2026-01-15T10:01:00Z,meter-c-f02,12.80,14528.981
src-meter-0121-010,2026-01-15T10:01:00Z,meter-c-f03,14.25,15031.020
src-meter-0121-011,2026-01-15T10:01:00Z,meter-c-f04,15.40,15533.039
src-meter-0122-000,2026-01-15T10:02:00Z,meter-a-f01,15.82,10029.505
src-meter-0122-001,2026-01-15T10:02:00Z,meter-a-f02,16.66,10533.207
src-meter-0122-002,2026-01-15T10:02:00Z,meter-a-f03,18.00,11036.674
src-meter-0122-003,2026-01-15T10:02:00Z,meter-a-f04,18.96,11539.864
src-meter-0122-004,2026-01-15T10:02:00Z,meter-b-f01,16.80,12035.436
src-meter-0122-005,2026-01-15T10:02:00Z,meter-b-f02,17.84,12538.206
src-meter-0122-006,2026-01-15T10:02:00Z,meter-b-f03,18.06,13040.617
src-meter-0122-007,2026-01-15T10:02:00Z,meter-b-f04,19.34,13542.845
src-meter-0122-008,2026-01-15T10:02:00Z,meter-c-f01,11.74,14027.209
src-meter-0122-009,2026-01-15T10:02:00Z,meter-c-f02,12.96,14529.197
src-meter-0122-010,2026-01-15T10:02:00Z,meter-c-f03,14.30,15031.258
src-meter-0122-011,2026-01-15T10:02:00Z,meter-c-f04,15.66,15533.301
src-meter-0123-000,2026-01-15T10:03:00Z,meter-a-f01,15.43,10029.763
src-meter-0123-001,2026-01-15T10:03:00Z,meter-a-f02,16.79,10533.487
src-meter-0123-002,2026-01-15T10:03:00Z,meter-a-f03,18.09,11036.975
src-meter-0123-003,2026-01-15T10:03:00Z,meter-a-f04,19.51,11540.190
src-meter-0123-004,2026-01-15T10:03:00Z,meter-b-f01,16.66,12035.714
src-meter-0123-005,2026-01-15T10:03:00Z,meter-b-f02,17.54,12538.498
src-meter-0123-006,2026-01-15T10:03:00Z,meter-b-f03,18.59,13040.927
src-meter-0123-007,2026-01-15T10:03:00Z,meter-b-f04,19.19,13543.165
src-meter-0123-008,2026-01-15T10:03:00Z,meter-c-f01,11.61,14027.402
src-meter-0123-009,2026-01-15T10:03:00Z,meter-c-f02,12.95,14529.413
src-meter-0123-010,2026-01-15T10:03:00Z,meter-c-f03,14.16,15031.494
src-meter-0123-011,2026-01-15T10:03:00Z,meter-c-f04,15.48,15533.559
src-meter-0124-000,2026-01-15T10:04:00Z,meter-a-f01,15.69,10030.024
src-meter-0124-001,2026-01-15T10:04:00Z,meter-a-f02,17.01,10533.770
src-meter-0124-002,2026-01-15T10:04:00Z,meter-a-f03,18.49,11037.283
src-meter-0124-003,2026-01-15T10:04:00Z,meter-a-f04,19.00,11540.506
src-meter-0124-004,2026-01-15T10:04:00Z,meter-b-f01,16.85,12035.995
src-meter-0124-005,2026-01-15T10:04:00Z,meter-b-f02,17.44,12538.789
src-meter-0124-006,2026-01-15T10:04:00Z,meter-b-f03,18.52,13041.236
src-meter-0124-007,2026-01-15T10:04:00Z,meter-b-f04,18.81,13543.479
src-meter-0124-008,2026-01-15T10:04:00Z,meter-c-f01,11.46,14027.593
src-meter-0124-009,2026-01-15T10:04:00Z,meter-c-f02,12.58,14529.622
src-meter-0124-010,2026-01-15T10:04:00Z,meter-c-f03,13.85,15031.725
src-meter-0124-011,2026-01-15T10:04:00Z,meter-c-f04,15.33,15533.814
src-meter-0125-000,2026-01-15T10:05:00Z,meter-a-f01,15.38,10030.280
src-meter-0125-001,2026-01-15T10:05:00Z,meter-a-f02,16.92,10534.052
src-meter-0125-002,2026-01-15T10:05:00Z,meter-a-f03,17.86,11037.581
src-meter-0125-003,2026-01-15T10:05:00Z,meter-a-f04,18.90,11540.821
src-meter-0125-004,2026-01-15T10:05:00Z,meter-b-f01,16.44,12036.269
src-meter-0125-005,2026-01-15T10:05:00Z,meter-b-f02,17.63,12539.082
src-meter-0125-006,2026-01-15T10:05:00Z,meter-b-f03,18.46,13041.543
src-meter-0125-007,2026-01-15T10:05:00Z,meter-b-f04,18.78,13543.792
src-meter-0125-008,2026-01-15T10:05:00Z,meter-c-f01,11.65,14027.787
src-meter-0125-009,2026-01-15T10:05:00Z,meter-c-f02,12.80,14529.836
src-meter-0125-010,2026-01-15T10:05:00Z,meter-c-f03,14.16,15031.961
src-meter-0125-011,2026-01-15T10:05:00Z,meter-c-f04,15.79,15534.077
src-meter-0126-000,2026-01-15T10:06:00Z,meter-a-f01,15.32,10030.536
src-meter-0126-001,2026-01-15T10:06:00Z,meter-a-f02,16.93,10534.334
src-meter-0126-002,2026-01-15T10:06:00Z,meter-a-f03,18.40,11037.888
src-meter-0126-003,2026-01-15T10:06:00Z,meter-a-f04,19.12,11541.140
src-meter-0126-004,2026-01-15T10:06:00Z,meter-b-f01,16.62,12036.546
src-meter-0126-005,2026-01-15T10:06:00Z,meter-b-f02,17.07,12539.367
src-meter-0126-006,2026-01-15T10:06:00Z,meter-b-f03,18.39,13041.850
src-meter-0126-007,2026-01-15T10:06:00Z,meter-b-f04,19.01,13544.108
src-meter-0126-008,2026-01-15T10:06:00Z,meter-c-f01,11.56,14027.980
src-meter-0126-009,2026-01-15T10:06:00Z,meter-c-f02,12.55,14530.045
src-meter-0126-010,2026-01-15T10:06:00Z,meter-c-f03,13.91,15032.193
src-meter-0126-011,2026-01-15T10:06:00Z,meter-c-f04,15.94,15534.343
src-meter-0127-000,2026-01-15T10:07:00Z,meter-a-f01,15.60,10030.796
src-meter-0127-001,2026-01-15T10:07:00Z,meter-a-f02,16.96,10534.617
src-meter-0127-002,2026-01-15T10:07:00Z,meter-a-f03,18.37,11038.194
src-meter-0127-003,2026-01-15T10:07:00Z,meter-a-f04,19.18,11541.460
src-meter-0127-004,2026-01-15T10:07:00Z,meter-b-f01,16.48,12036.821
src-meter-0127-005,2026-01-15T10:07:00Z,meter-b-f02,17.46,12539.658
src-meter-0127-006,2026-01-15T10:07:00Z,meter-b-f03,17.88,13042.148
src-meter-0127-007,2026-01-15T10:07:00Z,meter-b-f04,18.75,13544.421
src-meter-0127-008,2026-01-15T10:07:00Z,meter-c-f01,11.14,14028.166
src-meter-0127-009,2026-01-15T10:07:00Z,meter-c-f02,13.02,14530.262
src-meter-0127-010,2026-01-15T10:07:00Z,meter-c-f03,13.93,15032.425
src-meter-0127-011,2026-01-15T10:07:00Z,meter-c-f04,15.86,15534.607
src-meter-0128-000,2026-01-15T10:08:00Z,meter-a-f01,15.79,10031.059
src-meter-0128-001,2026-01-15T10:08:00Z,meter-a-f02,16.96,10534.900
src-meter-0128-002,2026-01-15T10:08:00Z,meter-a-f03,18.21,11038.497
src-meter-0128-003,2026-01-15T10:08:00Z,meter-a-f04,19.22,11541.780
src-meter-0128-004,2026-01-15T10:08:00Z,meter-b-f01,16.29,12037.092
src-meter-0128-005,2026-01-15T10:08:00Z,meter-b-f02,17.13,12539.943
src-meter-0128-006,2026-01-15T10:08:00Z,meter-b-f03,17.91,13042.446
src-meter-0128-007,2026-01-15T10:08:00Z,meter-b-f04,18.64,13544.732
src-meter-0128-008,2026-01-15T10:08:00Z,meter-c-f01,11.50,14028.357
src-meter-0128-009,2026-01-15T10:08:00Z,meter-c-f02,13.04,14530.479
src-meter-0128-010,2026-01-15T10:08:00Z,meter-c-f03,14.04,15032.659
src-meter-0128-011,2026-01-15T10:08:00Z,meter-c-f04,15.73,15534.870
src-meter-0129-000,2026-01-15T10:09:00Z,meter-a-f01,15.35,10031.315
src-meter-0129-001,2026-01-15T10:09:00Z,meter-a-f02,17.07,10535.184
src-meter-0129-002,2026-01-15T10:09:00Z,meter-a-f03,17.92,11038.796
src-meter-0129-003,2026-01-15T10:09:00Z,meter-a-f04,18.77,11542.093
src-meter-0129-004,2026-01-15T10:09:00Z,meter-b-f01,16.27,12037.363
src-meter-0129-005,2026-01-15T10:09:00Z,meter-b-f02,17.23,12540.230
src-meter-0129-006,2026-01-15T10:09:00Z,meter-b-f03,18.38,13042.753
src-meter-0129-007,2026-01-15T10:09:00Z,meter-b-f04,19.03,13545.049
src-meter-0129-008,2026-01-15T10:09:00Z,meter-c-f01,11.18,14028.544
src-meter-0129-009,2026-01-15T10:09:00Z,meter-c-f02,12.59,14530.689
src-meter-0129-010,2026-01-15T10:09:00Z,meter-c-f03,14.25,15032.896
src-meter-0129-011,2026-01-15T10:09:00Z,meter-c-f04,15.87,15535.134
src-meter-0130-000,2026-01-15T10:10:00Z,meter-a-f01,15.87,10031.579
src-meter-0130-001,2026-01-15T10:10:00Z,meter-a-f02,17.01,10535.468
src-meter-0130-002,2026-01-15T10:10:00Z,meter-a-f03,17.86,11039.094
src-meter-0130-003,2026-01-15T10:10:00Z,meter-a-f04,18.98,11542.409
src-meter-0130-004,2026-01-15T10:10:00Z,meter-b-f01,16.43,12037.637
src-meter-0130-005,2026-01-15T10:10:00Z,meter-b-f02,17.24,12540.518
src-meter-0130-006,2026-01-15T10:10:00Z,meter-b-f03,17.75,13043.049
src-meter-0130-007,2026-01-15T10:10:00Z,meter-b-f04,18.57,13545.358
src-meter-0130-008,2026-01-15T10:10:00Z,meter-c-f01,11.17,14028.730
src-meter-0130-009,2026-01-15T10:10:00Z,meter-c-f02,12.67,14530.900
src-meter-0130-010,2026-01-15T10:10:00Z,meter-c-f03,13.93,15033.129
src-meter-0130-011,2026-01-15T10:10:00Z,meter-c-f04,15.33,15535.390
src-meter-0131-000,2026-01-15T10:11:00Z,meter-a-f01,15.81,10031.843
src-meter-0131-001,2026-01-15T10:11:00Z,meter-a-f02,17.07,10535.752
src-meter-0131-002,2026-01-15T10:11:00Z,meter-a-f03,17.91,11039.393
src-meter-0131-003,2026-01-15T10:11:00Z,meter-a-f04,19.18,11542.729
src-meter-0131-004,2026-01-15T10:11:00Z,meter-b-f01,16.39,12037.910
src-meter-0131-005,2026-01-15T10:11:00Z,meter-b-f02,17.05,12540.802
src-meter-0131-006,2026-01-15T10:11:00Z,meter-b-f03,18.17,13043.351
src-meter-0131-007,2026-01-15T10:11:00Z,meter-b-f04,19.01,13545.675
src-meter-0131-008,2026-01-15T10:11:00Z,meter-c-f01,11.18,14028.916
src-meter-0131-009,2026-01-15T10:11:00Z,meter-c-f02,12.72,14531.112
src-meter-0131-010,2026-01-15T10:11:00Z,meter-c-f03,14.43,15033.369
src-meter-0131-011,2026-01-15T10:11:00Z,meter-c-f04,15.79,15535.653
src-meter-0132-000,2026-01-15T10:12:00Z,meter-a-f01,15.62,10032.103
src-meter-0132-001,2026-01-15T10:12:00Z,meter-a-f02,17.17,10536.038
src-meter-0132-002,2026-01-15T10:12:00Z,meter-a-f03,18.13,11039.695
src-meter-0132-003,2026-01-15T10:12:00Z,meter-a-f04,19.32,11543.051
src-meter-0132-004,2026-01-15T10:12:00Z,meter-b-f01,16.24,12038.181
src-meter-0132-005,2026-01-15T10:12:00Z,meter-b-f02,16.93,12541.084
src-meter-0132-006,2026-01-15T10:12:00Z,meter-b-f03,18.01,13043.652
src-meter-0132-007,2026-01-15T10:12:00Z,meter-b-f04,18.35,13545.981
src-meter-0132-008,2026-01-15T10:12:00Z,meter-c-f01,11.24,14029.104
src-meter-0132-009,2026-01-15T10:12:00Z,meter-c-f02,12.68,14531.323
src-meter-0132-010,2026-01-15T10:12:00Z,meter-c-f03,14.20,15033.606
src-meter-0132-011,2026-01-15T10:12:00Z,meter-c-f04,15.43,15535.910
src-meter-0133-000,2026-01-15T10:13:00Z,meter-a-f01,15.67,10032.364
src-meter-0133-001,2026-01-15T10:13:00Z,meter-a-f02,16.73,10536.317
src-meter-0133-002,2026-01-15T10:13:00Z,meter-a-f03,17.95,11039.994
src-meter-0133-003,2026-01-15T10:13:00Z,meter-a-f04,19.26,11543.372
src-meter-0133-004,2026-01-15T10:13:00Z,meter-b-f01,16.08,12038.449
src-meter-0133-005,2026-01-15T10:13:00Z,meter-b-f02,17.14,12541.370
src-meter-0133-006,2026-01-15T10:13:00Z,meter-b-f03,17.82,13043.949
src-meter-0133-007,2026-01-15T10:13:00Z,meter-b-f04,18.56,13546.290
src-meter-0133-008,2026-01-15T10:13:00Z,meter-c-f01,11.14,14029.289
src-meter-0133-009,2026-01-15T10:13:00Z,meter-c-f02,12.75,14531.536
src-meter-0133-010,2026-01-15T10:13:00Z,meter-c-f03,14.29,15033.844
src-meter-0133-011,2026-01-15T10:13:00Z,meter-c-f04,15.36,15536.166
src-meter-0134-000,2026-01-15T10:14:00Z,meter-a-f01,15.66,10032.625
src-meter-0134-001,2026-01-15T10:14:00Z,meter-a-f02,16.67,10536.595
src-meter-0134-002,2026-01-15T10:14:00Z,meter-a-f03,17.85,11040.291
src-meter-0134-003,2026-01-15T10:14:00Z,meter-a-f04,19.14,11543.691
src-meter-0134-004,2026-01-15T10:14:00Z,meter-b-f01,16.17,12038.719
src-meter-0134-005,2026-01-15T10:14:00Z,meter-b-f02,17.25,12541.657
src-meter-0134-006,2026-01-15T10:14:00Z,meter-b-f03,17.72,13044.244
src-meter-0134-007,2026-01-15T10:14:00Z,meter-b-f04,18.49,13546.599
src-meter-0134-008,2026-01-15T10:14:00Z,meter-c-f01,11.48,14029.480
src-meter-0134-009,2026-01-15T10:14:00Z,meter-c-f02,13.02,14531.753
src-meter-0134-010,2026-01-15T10:14:00Z,meter-c-f03,13.95,15034.076
src-meter-0134-011,2026-01-15T10:14:00Z,meter-c-f04,15.35,15536.422
src-meter-0135-000,2026-01-15T10:15:00Z,meter-a-f01,15.51,10032.884
src-meter-0135-001,2026-01-15T10:15:00Z,meter-a-f02,16.52,10536.870
src-meter-0135-002,2026-01-15T10:15:00Z,meter-a-f03,17.90,11040.590
src-meter-0135-003,2026-01-15T10:15:00Z,meter-a-f04,19.06,11544.009
src-meter-0135-004,2026-01-15T10:15:00Z,meter-b-f01,16.17,12038.988
src-meter-0135-005,2026-01-15T10:15:00Z,meter-b-f02,17.20,12541.944
src-meter-0135-006,2026-01-15T10:15:00Z,meter-b-f03,17.98,13044.544
src-meter-0135-007,2026-01-15T10:15:00Z,meter-b-f04,18.93,13546.914
src-meter-0135-008,2026-01-15T10:15:00Z,meter-c-f01,11.40,14029.670
src-meter-0135-009,2026-01-15T10:15:00Z,meter-c-f02,13.01,14531.970
src-meter-0135-010,2026-01-15T10:15:00Z,meter-c-f03,14.12,15034.312
src-meter-0135-011,2026-01-15T10:15:00Z,meter-c-f04,15.53,15536.681
src-meter-0136-000,2026-01-15T10:16:00Z,meter-a-f01,15.22,10033.138
src-meter-0136-001,2026-01-15T10:16:00Z,meter-a-f02,16.74,10537.149
src-meter-0136-002,2026-01-15T10:16:00Z,meter-a-f03,18.08,11040.891
src-meter-0136-003,2026-01-15T10:16:00Z,meter-a-f04,19.14,11544.327
src-meter-0136-004,2026-01-15T10:16:00Z,meter-b-f01,16.39,12039.261
src-meter-0136-005,2026-01-15T10:16:00Z,meter-b-f02,17.07,12542.228
src-meter-0136-006,2026-01-15T10:16:00Z,meter-b-f03,17.51,13044.835
src-meter-0136-007,2026-01-15T10:16:00Z,meter-b-f04,18.82,13547.228
src-meter-0136-008,2026-01-15T10:16:00Z,meter-c-f01,11.52,14029.862
src-meter-0136-009,2026-01-15T10:16:00Z,meter-c-f02,12.70,14532.182
src-meter-0136-010,2026-01-15T10:16:00Z,meter-c-f03,14.45,15034.552
src-meter-0136-011,2026-01-15T10:16:00Z,meter-c-f04,15.87,15536.945
src-meter-0137-000,2026-01-15T10:17:00Z,meter-a-f01,15.68,10033.399
src-meter-0137-001,2026-01-15T10:17:00Z,meter-a-f02,16.62,10537.427
src-meter-0137-002,2026-01-15T10:17:00Z,meter-a-f03,17.77,11041.187
src-meter-0137-003,2026-01-15T10:17:00Z,meter-a-f04,18.61,11544.638
src-meter-0137-004,2026-01-15T10:17:00Z,meter-b-f01,16.03,12039.528
src-meter-0137-005,2026-01-15T10:17:00Z,meter-b-f02,17.10,12542.513
src-meter-0137-006,2026-01-15T10:17:00Z,meter-b-f03,17.43,13045.126
src-meter-0137-007,2026-01-15T10:17:00Z,meter-b-f04,18.28,13547.532
src-meter-0137-008,2026-01-15T10:17:00Z,meter-c-f01,11.71,14030.057
src-meter-0137-009,2026-01-15T10:17:00Z,meter-c-f02,12.67,14532.393
src-meter-0137-010,2026-01-15T10:17:00Z,meter-c-f03,13.94,15034.785
src-meter-0137-011,2026-01-15T10:17:00Z,meter-c-f04,15.77,15537.208
src-meter-0138-000,2026-01-15T10:18:00Z,meter-a-f01,15.22,10033.652
src-meter-0138-001,2026-01-15T10:18:00Z,meter-a-f02,16.77,10537.706
src-meter-0138-002,2026-01-15T10:18:00Z,meter-a-f03,17.76,11041.483
src-meter-0138-003,2026-01-15T10:18:00Z,meter-a-f04,18.97,11544.954
src-meter-0138-004,2026-01-15T10:18:00Z,meter-b-f01,16.15,12039.798
src-meter-0138-005,2026-01-15T10:18:00Z,meter-b-f02,16.63,12542.790
src-meter-0138-006,2026-01-15T10:18:00Z,meter-b-f03,17.46,13045.417
src-meter-0138-007,2026-01-15T10:18:00Z,meter-b-f04,18.38,13547.839
src-meter-0138-008,2026-01-15T10:18:00Z,meter-c-f01,11.59,14030.251
src-meter-0138-009,2026-01-15T10:18:00Z,meter-c-f02,12.83,14532.607
src-meter-0138-010,2026-01-15T10:18:00Z,meter-c-f03,13.94,15035.017
src-meter-0138-011,2026-01-15T10:18:00Z,meter-c-f04,15.68,15537.469
src-meter-0139-000,2026-01-15T10:19:00Z,meter-a-f01,15.80,10033.916
src-meter-0139-001,2026-01-15T10:19:00Z,meter-a-f02,16.68,10537.984
src-meter-0139-002,2026-01-15T10:19:00Z,meter-a-f03,18.19,11041.786
src-meter-0139-003,2026-01-15T10:19:00Z,meter-a-f04,18.90,11545.269
src-meter-0139-004,2026-01-15T10:19:00Z,meter-b-f01,15.89,12040.062
src-meter-0139-005,2026-01-15T10:19:00Z,meter-b-f02,17.24,12543.078
src-meter-0139-006,2026-01-15T10:19:00Z,meter-b-f03,18.00,13045.717
src-meter-0139-007,2026-01-15T10:19:00Z,meter-b-f04,18.34,13548.144
src-meter-0139-008,2026-01-15T10:19:00Z,meter-c-f01,11.48,14030.442
src-meter-0139-009,2026-01-15T10:19:00Z,meter-c-f02,12.71,14532.818
src-meter-0139-010,2026-01-15T10:19:00Z,meter-c-f03,13.98,15035.250
src-meter-0139-011,2026-01-15T10:19:00Z,meter-c-f04,15.91,15537.734
src-meter-0140-000,2026-01-15T10:20:00Z,meter-a-f01,15.68,10034.177
src-meter-0140-001,2026-01-15T10:20:00Z,meter-a-f02,16.70,10538.262
src-meter-0140-002,2026-01-15T10:20:00Z,meter-a-f03,17.88,11042.084
src-meter-0140-003,2026-01-15T10:20:00Z,meter-a-f04,18.81,11545.582
src-meter-0140-004,2026-01-15T10:20:00Z,meter-b-f01,16.39,12040.336
src-meter-0140-005,2026-01-15T10:20:00Z,meter-b-f02,17.22,12543.365
src-meter-0140-006,2026-01-15T10:20:00Z,meter-b-f03,17.90,13046.015
src-meter-0140-007,2026-01-15T10:20:00Z,meter-b-f04,18.50,13548.453
src-meter-0140-008,2026-01-15T10:20:00Z,meter-c-f01,11.40,14030.632
src-meter-0140-009,2026-01-15T10:20:00Z,meter-c-f02,12.84,14533.033
src-meter-0140-010,2026-01-15T10:20:00Z,meter-c-f03,14.02,15035.484
src-meter-0140-011,2026-01-15T10:20:00Z,meter-c-f04,15.74,15537.997
src-meter-0141-000,2026-01-15T10:21:00Z,meter-a-f01,15.73,10034.439
src-meter-0141-001,2026-01-15T10:21:00Z,meter-a-f02,16.84,10538.543
src-meter-0141-002,2026-01-15T10:21:00Z,meter-a-f03,17.68,11042.379
src-meter-0141-003,2026-01-15T10:21:00Z,meter-a-f04,19.07,11545.900
src-meter-0141-004,2026-01-15T10:21:00Z,meter-b-f01,16.01,12040.602
src-meter-0141-005,2026-01-15T10:21:00Z,meter-b-f02,16.98,12543.648
src-meter-0141-006,2026-01-15T10:21:00Z,meter-b-f03,17.55,13046.308
src-meter-0141-007,2026-01-15T10:21:00Z,meter-b-f04,18.85,13548.767
src-meter-0141-008,2026-01-15T10:21:00Z,meter-c-f01,11.19,14030.818
src-meter-0141-009,2026-01-15T10:21:00Z,meter-c-f02,12.56,14533.242
src-meter-0141-010,2026-01-15T10:21:00Z,meter-c-f03,14.07,15035.718
src-meter-0141-011,2026-01-15T10:21:00Z,meter-c-f04,15.63,15538.257
src-meter-0142-000,2026-01-15T10:22:00Z,meter-a-f01,15.56,10034.699
src-meter-0142-001,2026-01-15T10:22:00Z,meter-a-f02,16.71,10538.821
src-meter-0142-002,2026-01-15T10:22:00Z,meter-a-f03,17.85,11042.676
src-meter-0142-003,2026-01-15T10:22:00Z,meter-a-f04,19.09,11546.218
src-meter-0142-004,2026-01-15T10:22:00Z,meter-b-f01,16.20,12040.872
src-meter-0142-005,2026-01-15T10:22:00Z,meter-b-f02,16.61,12543.925
src-meter-0142-006,2026-01-15T10:22:00Z,meter-b-f03,17.69,13046.602
src-meter-0142-007,2026-01-15T10:22:00Z,meter-b-f04,18.87,13549.082
src-meter-0142-008,2026-01-15T10:22:00Z,meter-c-f01,11.11,14031.003
src-meter-0142-009,2026-01-15T10:22:00Z,meter-c-f02,12.90,14533.457
src-meter-0142-010,2026-01-15T10:22:00Z,meter-c-f03,13.97,15035.951
src-meter-0142-011,2026-01-15T10:22:00Z,meter-c-f04,15.94,15538.523
src-meter-0143-000,2026-01-15T10:23:00Z,meter-a-f01,15.42,10034.956
src-meter-0143-001,2026-01-15T10:23:00Z,meter-a-f02,17.00,10539.105
src-meter-0143-002,2026-01-15T10:23:00Z,meter-a-f03,17.99,11042.976
src-meter-0143-003,2026-01-15T10:23:00Z,meter-a-f04,18.54,11546.527
src-meter-0143-004,2026-01-15T10:23:00Z,meter-b-f01,15.72,12041.134
src-meter-0143-005,2026-01-15T10:23:00Z,meter-b-f02,16.61,12544.201
src-meter-0143-006,2026-01-15T10:23:00Z,meter-b-f03,17.50,13046.894
src-meter-0143-007,2026-01-15T10:23:00Z,meter-b-f04,18.81,13549.395
src-meter-0143-008,2026-01-15T10:23:00Z,meter-c-f01,11.30,14031.192
src-meter-0143-009,2026-01-15T10:23:00Z,meter-c-f02,12.97,14533.673
src-meter-0143-010,2026-01-15T10:23:00Z,meter-c-f03,14.54,15036.193
src-meter-0143-011,2026-01-15T10:23:00Z,meter-c-f04,15.79,15538.786
src-meter-0144-000,2026-01-15T10:24:00Z,meter-a-f01,15.40,10035.212
src-meter-0144-001,2026-01-15T10:24:00Z,meter-a-f02,16.76,10539.384
src-meter-0144-002,2026-01-15T10:24:00Z,meter-a-f03,17.47,11043.267
src-meter-0144-003,2026-01-15T10:24:00Z,meter-a-f04,18.42,11546.834
src-meter-0144-004,2026-01-15T10:24:00Z,meter-b-f01,16.00,12041.401
src-meter-0144-005,2026-01-15T10:24:00Z,meter-b-f02,16.87,12544.483
src-meter-0144-006,2026-01-15T10:24:00Z,meter-b-f03,17.63,13047.188
src-meter-0144-007,2026-01-15T10:24:00Z,meter-b-f04,18.83,13549.709
src-meter-0144-008,2026-01-15T10:24:00Z,meter-c-f01,11.66,14031.386
src-meter-0144-009,2026-01-15T10:24:00Z,meter-c-f02,12.90,14533.888
src-meter-0144-010,2026-01-15T10:24:00Z,meter-c-f03,14.19,15036.430
src-meter-0144-011,2026-01-15T10:24:00Z,meter-c-f04,15.47,15539.044
src-meter-0145-000,2026-01-15T10:25:00Z,meter-a-f01,15.39,10035.469
src-meter-0145-001,2026-01-15T10:25:00Z,meter-a-f02,16.71,10539.663
src-meter-0145-002,2026-01-15T10:25:00Z,meter-a-f03,17.99,11043.567
src-meter-0145-003,2026-01-15T10:25:00Z,meter-a-f04,18.52,11547.143
src-meter-0145-004,2026-01-15T10:25:00Z,meter-b-f01,15.90,12041.666
src-meter-0145-005,2026-01-15T10:25:00Z,meter-b-f02,16.62,12544.760
src-meter-0145-006,2026-01-15T10:25:00Z,meter-b-f03,17.08,13047.472
src-meter-0145-007,2026-01-15T10:25:00Z,meter-b-f04,18.86,13550.023
src-meter-0145-008,2026-01-15T10:25:00Z,meter-c-f01,11.70,14031.581
src-meter-0145-009,2026-01-15T10:25:00Z,meter-c-f02,12.98,14534.104
src-meter-0145-010,2026-01-15T10:25:00Z,meter-c-f03,14.37,15036.669
src-meter-0145-011,2026-01-15T10:25:00Z,meter-c-f04,15.33,15539.300
src-meter-0146-000,2026-01-15T10:26:00Z,meter-a-f01,15.39,10035.725
src-meter-0146-001,2026-01-15T10:26:00Z,meter-a-f02,16.41,10539.936
src-meter-0146-002,2026-01-15T10:26:00Z,meter-a-f03,17.63,11043.861
src-meter-0146-003,2026-01-15T10:26:00Z,meter-a-f04,18.82,11547.457
src-meter-0146-004,2026-01-15T10:26:00Z,meter-b-f01,15.65,12041.927
src-meter-0146-005,2026-01-15T10:26:00Z,meter-b-f02,16.90,12545.041
src-meter-0146-006,2026-01-15T10:26:00Z,meter-b-f03,17.06,13047.757
src-meter-0146-007,2026-01-15T10:26:00Z,meter-b-f04,18.72,13550.335
src-meter-0146-008,2026-01-15T10:26:00Z,meter-c-f01,11.21,14031.768
src-meter-0146-009,2026-01-15T10:26:00Z,meter-c-f02,12.74,14534.317
src-meter-0146-010,2026-01-15T10:26:00Z,meter-c-f03,13.90,15036.901
src-meter-0146-011,2026-01-15T10:26:00Z,meter-c-f04,15.84,15539.564
src-meter-0147-000,2026-01-15T10:27:00Z,meter-a-f01,15.36,10035.981
src-meter-0147-001,2026-01-15T10:27:00Z,meter-a-f02,16.64,10540.213
src-meter-0147-002,2026-01-15T10:27:00Z,meter-a-f03,17.75,11044.157
src-meter-0147-003,2026-01-15T10:27:00Z,meter-a-f04,18.94,11547.772
src-meter-0147-004,2026-01-15T10:27:00Z,meter-b-f01,15.79,12042.190
src-meter-0147-005,2026-01-15T10:27:00Z,meter-b-f02,16.90,12545.323
src-meter-0147-006,2026-01-15T10:27:00Z,meter-b-f03,17.64,13048.051
src-meter-0147-007,2026-01-15T10:27:00Z,meter-b-f04,18.88,13550.650
src-meter-0147-008,2026-01-15T10:27:00Z,meter-c-f01,11.32,14031.956
src-meter-0147-009,2026-01-15T10:27:00Z,meter-c-f02,12.49,14534.525
src-meter-0147-010,2026-01-15T10:27:00Z,meter-c-f03,14.38,15037.141
src-meter-0147-011,2026-01-15T10:27:00Z,meter-c-f04,15.70,15539.825
src-meter-0148-000,2026-01-15T10:28:00Z,meter-a-f01,15.41,10036.238
src-meter-0148-001,2026-01-15T10:28:00Z,meter-a-f02,16.29,10540.485
src-meter-0148-002,2026-01-15T10:28:00Z,meter-a-f03,17.43,11044.447
src-meter-0148-003,2026-01-15T10:28:00Z,meter-a-f04,18.37,11548.078
src-meter-0148-004,2026-01-15T10:28:00Z,meter-b-f01,15.53,12042.449
src-meter-0148-005,2026-01-15T10:28:00Z,meter-b-f02,16.24,12545.594
src-meter-0148-006,2026-01-15T10:28:00Z,meter-b-f03,17.00,13048.334
src-meter-0148-007,2026-01-15T10:28:00Z,meter-b-f04,18.36,13550.956
src-meter-0148-008,2026-01-15T10:28:00Z,meter-c-f01,11.69,14032.151
src-meter-0148-009,2026-01-15T10:28:00Z,meter-c-f02,12.70,14534.737
src-meter-0148-010,2026-01-15T10:28:00Z,meter-c-f03,14.07,15037.375
src-meter-0148-011,2026-01-15T10:28:00Z,meter-c-f04,15.48,15540.083
src-meter-0149-000,2026-01-15T10:29:00Z,meter-a-f01,15.37,10036.494
src-meter-0149-001,2026-01-15T10:29:00Z,meter-a-f02,16.80,10540.765
src-meter-0149-002,2026-01-15T10:29:00Z,meter-a-f03,17.72,11044.743
src-meter-0149-003,2026-01-15T10:29:00Z,meter-a-f04,18.85,11548.393
src-meter-0149-004,2026-01-15T10:29:00Z,meter-b-f01,16.10,12042.717
src-meter-0149-005,2026-01-15T10:29:00Z,meter-b-f02,16.81,12545.874
src-meter-0149-006,2026-01-15T10:29:00Z,meter-b-f03,17.61,13048.628
src-meter-0149-007,2026-01-15T10:29:00Z,meter-b-f04,18.94,13551.272
src-meter-0149-008,2026-01-15T10:29:00Z,meter-c-f01,11.63,14032.345
src-meter-0149-009,2026-01-15T10:29:00Z,meter-c-f02,12.78,14534.950
src-meter-0149-010,2026-01-15T10:29:00Z,meter-c-f03,14.45,15037.616
src-meter-0149-011,2026-01-15T10:29:00Z,meter-c-f04,15.77,15540.346
src-meter-0150-000,2026-01-15T10:30:00Z,meter-a-f01,15.66,10036.755
src-meter-0150-001,2026-01-15T10:30:00Z,meter-a-f02,16.38,10541.038
src-meter-0150-002,2026-01-15T10:30:00Z,meter-a-f03,17.40,11045.033
src-meter-0150-003,2026-01-15T10:30:00Z,meter-a-f04,18.40,11548.699
src-meter-0150-004,2026-01-15T10:30:00Z,meter-b-f01,16.04,12042.985
src-meter-0150-005,2026-01-15T10:30:00Z,meter-b-f02,16.77,12546.153
src-meter-0150-006,2026-01-15T10:30:00Z,meter-b-f03,17.16,13048.914
src-meter-0150-007,2026-01-15T10:30:00Z,meter-b-f04,18.72,13551.584
src-meter-0150-008,2026-01-15T10:30:00Z,meter-c-f01,11.13,14032.531
src-meter-0150-009,2026-01-15T10:30:00Z,meter-c-f02,12.51,14535.158
src-meter-0150-010,2026-01-15T10:30:00Z,meter-c-f03,14.13,15037.852
src-meter-0150-011,2026-01-15T10:30:00Z,meter-c-f04,15.31,15540.601
src-meter-0151-000,2026-01-15T10:31:00Z,meter-a-f01,15.17,10037.008
src-meter-0151-001,2026-01-15T10:31:00Z,meter-a-f02,16.91,10541.320
src-meter-0151-002,2026-01-15T10:31:00Z,meter-a-f03,17.79,11045.329
src-meter-0151-003,2026-01-15T10:31:00Z,meter-a-f04,18.82,11549.013
src-meter-0151-004,2026-01-15T10:31:00Z,meter-b-f01,15.95,12043.250
src-meter-0151-005,2026-01-15T10:31:00Z,meter-b-f02,16.38,12546.426
src-meter-0151-006,2026-01-15T10:31:00Z,meter-b-f03,17.42,13049.204
src-meter-0151-007,2026-01-15T10:31:00Z,meter-b-f04,18.70,13551.895
src-meter-0151-008,2026-01-15T10:31:00Z,meter-c-f01,11.69,14032.725
src-meter-0151-009,2026-01-15T10:31:00Z,meter-c-f02,13.08,14535.376
src-meter-0151-010,2026-01-15T10:31:00Z,meter-c-f03,14.48,15038.093
src-meter-0151-011,2026-01-15T10:31:00Z,meter-c-f04,15.69,15540.863
src-meter-0152-000,2026-01-15T10:32:00Z,meter-a-f01,15.35,10037.264
src-meter-0152-001,2026-01-15T10:32:00Z,meter-a-f02,16.22,10541.590
src-meter-0152-002,2026-01-15T10:32:00Z,meter-a-f03,17.38,11045.619
src-meter-0152-003,2026-01-15T10:32:00Z,meter-a-f04,18.40,11549.320
src-meter-0152-004,2026-01-15T10:32:00Z,meter-b-f01,15.35,12043.506
src-meter-0152-005,2026-01-15T10:32:00Z,meter-b-f02,16.13,12546.695
src-meter-0152-006,2026-01-15T10:32:00Z,meter-b-f03,17.19,13049.490
src-meter-0152-007,2026-01-15T10:32:00Z,meter-b-f04,18.62,13552.206
src-meter-0152-008,2026-01-15T10:32:00Z,meter-c-f01,11.73,14032.921
src-meter-0152-009,2026-01-15T10:32:00Z,meter-c-f02,13.12,14535.595
src-meter-0152-010,2026-01-15T10:32:00Z,meter-c-f03,14.44,15038.333
src-meter-0152-011,2026-01-15T10:32:00Z,meter-c-f04,15.26,15541.117
src-meter-0153-000,2026-01-15T10:33:00Z,meter-a-f01,15.20,10037.517
src-meter-0153-001,2026-01-15T10:33:00Z,meter-a-f02,16.64,10541.868
src-meter-0153-002,2026-01-15T10:33:00Z,meter-a-f03,17.36,11045.908
src-meter-0153-003,2026-01-15T10:33:00Z,meter-a-f04,18.26,11549.624
src-meter-0153-004,2026-01-15T10:33:00Z,meter-b-f01,15.93,12043.772
src-meter-0153-005,2026-01-15T10:33:00Z,meter-b-f02,16.57,12546.971
src-meter-0153-006,2026-01-15T10:33:00Z,meter-b-f03,17.06,13049.775
src-meter-0153-007,2026-01-15T10:33:00Z,meter-b-f04,18.92,13552.521
src-meter-0153-008,2026-01-15T10:33:00Z,meter-c-f01,11.11,14033.106
src-meter-0153-009,2026-01-15T10:33:00Z,meter-c-f02,12.82,14535.808
src-meter-0153-010,2026-01-15T10:33:00Z,meter-c-f03,14.26,15038.571
src-meter-0153-011,2026-01-15T10:33:00Z,meter-c-f04,15.79,15541.380
src-meter-0154-000,2026-01-15T10:34:00Z,meter-a-f01,15.15,10037.770
src-meter-0154-001,2026-01-15T10:34:00Z,meter-a-f02,16.24,10542.138
src-meter-0154-002,2026-01-15T10:34:00Z,meter-a-f03,17.63,11046.202
src-meter-0154-003,2026-01-15T10:34:00Z,meter-a-f04,18.56,11549.933
src-meter-0154-004,2026-01-15T10:34:00Z,meter-b-f01,15.58,12044.031
src-meter-0154-005,2026-01-15T10:34:00Z,meter-b-f02,16.41,12547.245
src-meter-0154-006,2026-01-15T10:34:00Z,meter-b-f03,17.42,13050.065
src-meter-0154-007,2026-01-15T10:34:00Z,meter-b-f04,18.92,13552.836
src-meter-0154-008,2026-01-15T10:34:00Z,meter-c-f01,11.60,14033.299
src-meter-0154-009,2026-01-15T10:34:00Z,meter-c-f02,12.88,14536.023
src-meter-0154-010,2026-01-15T10:34:00Z,meter-c-f03,14.26,15038.809
src-meter-0154-011,2026-01-15T10:34:00Z,meter-c-f04,15.83,15541.644
src-meter-0155-000,2026-01-15T10:35:00Z,meter-a-f01,15.14,10038.022
src-meter-0155-001,2026-01-15T10:35:00Z,meter-a-f02,16.72,10542.417
src-meter-0155-002,2026-01-15T10:35:00Z,meter-a-f03,17.26,11046.490
src-meter-0155-003,2026-01-15T10:35:00Z,meter-a-f04,18.32,11550.239
src-meter-0155-004,2026-01-15T10:35:00Z,meter-b-f01,15.33,12044.287
src-meter-0155-005,2026-01-15T10:35:00Z,meter-b-f02,16.13,12547.513
src-meter-0155-006,2026-01-15T10:35:00Z,meter-b-f03,17.03,13050.349
src-meter-0155-007,2026-01-15T10:35:00Z,meter-b-f04,18.93,13553.152
src-meter-0155-008,2026-01-15T10:35:00Z,meter-c-f01,11.37,14033.489
src-meter-0155-009,2026-01-15T10:35:00Z,meter-c-f02,12.48,14536.231
src-meter-0155-010,2026-01-15T10:35:00Z,meter-c-f03,14.36,15039.048
src-meter-0155-011,2026-01-15T10:35:00Z,meter-c-f04,15.44,15541.901
src-meter-0156-000,2026-01-15T10:36:00Z,meter-a-f01,15.42,10038.279
src-meter-0156-001,2026-01-15T10:36:00Z,meter-a-f02,16.31,10542.689
src-meter-0156-002,2026-01-15T10:36:00Z,meter-a-f03,17.65,11046.784
src-meter-0156-003,2026-01-15T10:36:00Z,meter-a-f04,18.48,11550.547
src-meter-0156-004,2026-01-15T10:36:00Z,meter-b-f01,15.70,12044.549
src-meter-0156-005,2026-01-15T10:36:00Z,meter-b-f02,16.22,12547.784
src-meter-0156-006,2026-01-15T10:36:00Z,meter-b-f03,17.16,13050.635
src-meter-0156-007,2026-01-15T10:36:00Z,meter-b-f04,18.29,13553.457
src-meter-0156-008,2026-01-15T10:36:00Z,meter-c-f01,11.41,14033.679
src-meter-0156-009,2026-01-15T10:36:00Z,meter-c-f02,12.86,14536.446
src-meter-0156-010,2026-01-15T10:36:00Z,meter-c-f03,14.23,15039.285
src-meter-0156-011,2026-01-15T10:36:00Z,meter-c-f04,15.61,15542.161
src-meter-0157-000,2026-01-15T10:37:00Z,meter-a-f01,15.53,10038.538
src-meter-0157-001,2026-01-15T10:37:00Z,meter-a-f02,16.12,10542.957
src-meter-0157-002,2026-01-15T10:37:00Z,meter-a-f03,17.59,11047.077
src-meter-0157-003,2026-01-15T10:37:00Z,meter-a-f04,18.13,11550.849
src-meter-0157-004,2026-01-15T10:37:00Z,meter-b-f01,15.49,12044.807
src-meter-0157-005,2026-01-15T10:37:00Z,meter-b-f02,16.33,12548.056
src-meter-0157-006,2026-01-15T10:37:00Z,meter-b-f03,17.40,13050.925
src-meter-0157-007,2026-01-15T10:37:00Z,meter-b-f04,18.30,13553.762
src-meter-0157-008,2026-01-15T10:37:00Z,meter-c-f01,11.12,14033.864
src-meter-0157-009,2026-01-15T10:37:00Z,meter-c-f02,12.46,14536.653
src-meter-0157-010,2026-01-15T10:37:00Z,meter-c-f03,14.32,15039.524
src-meter-0157-011,2026-01-15T10:37:00Z,meter-c-f04,15.61,15542.421
src-meter-0158-000,2026-01-15T10:38:00Z,meter-a-f01,15.23,10038.792
src-meter-0158-001,2026-01-15T10:38:00Z,meter-a-f02,16.22,10543.228
src-meter-0158-002,2026-01-15T10:38:00Z,meter-a-f03,17.25,11047.365
src-meter-0158-003,2026-01-15T10:38:00Z,meter-a-f04,18.35,11551.154
src-meter-0158-004,2026-01-15T10:38:00Z,meter-b-f01,15.48,12045.065
src-meter-0158-005,2026-01-15T10:38:00Z,meter-b-f02,15.96,12548.322
src-meter-0158-006,2026-01-15T10:38:00Z,meter-b-f03,17.04,13051.209
src-meter-0158-007,2026-01-15T10:38:00Z,meter-b-f04,18.38,13554.068
src-meter-0158-008,2026-01-15T10:38:00Z,meter-c-f01,11.36,14034.054
src-meter-0158-009,2026-01-15T10:38:00Z,meter-c-f02,12.48,14536.861
src-meter-0158-010,2026-01-15T10:38:00Z,meter-c-f03,14.45,15039.765
src-meter-0158-011,2026-01-15T10:38:00Z,meter-c-f04,15.91,15542.687
src-meter-0159-000,2026-01-15T10:39:00Z,meter-a-f01,15.56,10039.051
src-meter-0159-001,2026-01-15T10:39:00Z,meter-a-f02,16.09,10543.496
src-meter-0159-002,2026-01-15T10:39:00Z,meter-a-f03,17.33,11047.653
src-meter-0159-003,2026-01-15T10:39:00Z,meter-a-f04,18.44,11551.462
src-meter-0159-004,2026-01-15T10:39:00Z,meter-b-f01,15.41,12045.322
src-meter-0159-005,2026-01-15T10:39:00Z,meter-b-f02,16.25,12548.593
src-meter-0159-006,2026-01-15T10:39:00Z,meter-b-f03,17.24,13051.496
src-meter-0159-007,2026-01-15T10:39:00Z,meter-b-f04,18.31,13554.373
src-meter-0159-008,2026-01-15T10:39:00Z,meter-c-f01,11.26,14034.241
src-meter-0159-009,2026-01-15T10:39:00Z,meter-c-f02,13.01,14537.078
src-meter-0159-010,2026-01-15T10:39:00Z,meter-c-f03,13.89,15039.996
src-meter-0159-011,2026-01-15T10:39:00Z,meter-c-f04,15.89,15542.951
src-meter-0160-000,2026-01-15T10:40:00Z,meter-a-f01,15.52,10039.310
src-meter-0160-001,2026-01-15T10:40:00Z,meter-a-f02,16.07,10543.764
src-meter-0160-002,2026-01-15T10:40:00Z,meter-a-f03,17.31,11047.942
src-meter-0160-003,2026-01-15T10:40:00Z,meter-a-f04,17.86,11551.759
src-meter-0160-004,2026-01-15T10:40:00Z,meter-b-f01,15.28,12045.576
src-meter-0160-005,2026-01-15T10:40:00Z,meter-b-f02,15.81,12548.856
src-meter-0160-006,2026-01-15T10:40:00Z,meter-b-f03,17.04,13051.780
src-meter-0160-007,2026-01-15T10:40:00Z,meter-b-f04,18.32,13554.678
src-meter-0160-008,2026-01-15T10:40:00Z,meter-c-f01,11.69,14034.436
src-meter-0160-009,2026-01-15T10:40:00Z,meter-c-f02,13.04,14537.295
src-meter-0160-010,2026-01-15T10:40:00Z,meter-c-f03,14.14,15040.232
src-meter-0160-011,2026-01-15T10:40:00Z,meter-c-f04,15.40,15543.208
src-meter-0161-000,2026-01-15T10:41:00Z,meter-a-f01,15.36,10039.566
src-meter-0161-001,2026-01-15T10:41:00Z,meter-a-f02,16.18,10544.033
src-meter-0161-002,2026-01-15T10:41:00Z,meter-a-f03,16.97,11048.225
src-meter-0161-003,2026-01-15T10:41:00Z,meter-a-f04,18.24,11552.063
src-meter-0161-004,2026-01-15T10:41:00Z,meter-b-f01,15.14,12045.829
src-meter-0161-005,2026-01-15T10:41:00Z,meter-b-f02,15.80,12549.120
src-meter-0161-006,2026-01-15T10:41:00Z,meter-b-f03,16.98,13052.063
src-meter-0161-007,2026-01-15T10:41:00Z,meter-b-f04,18.64,13554.989
src-meter-0161-008,2026-01-15T10:41:00Z,meter-c-f01,11.45,14034.627
src-meter-0161-009,2026-01-15T10:41:00Z,meter-c-f02,12.78,14537.508
src-meter-0161-010,2026-01-15T10:41:00Z,meter-c-f03,13.89,15040.464
src-meter-0161-011,2026-01-15T10:41:00Z,meter-c-f04,15.71,15543.470
src-meter-0162-000,2026-01-15T10:42:00Z,meter-a-f01,15.27,10039.821
src-meter-0162-001,2026-01-15T10:42:00Z,meter-a-f02,16.40,10544.307
src-meter-0162-002,2026-01-15T10:42:00Z,meter-a-f03,16.92,11048.507
src-meter-0162-003,2026-01-15T10:42:00Z,meter-a-f04,17.97,11552.363
src-meter-0162-004,2026-01-15T10:42:00Z,meter-b-f01,15.14,12046.081
src-meter-0162-005,2026-01-15T10:42:00Z,meter-b-f02,15.74,12549.382
src-meter-0162-006,2026-01-15T10:42:00Z,meter-b-f03,16.98,13052.346
src-meter-0162-007,2026-01-15T10:42:00Z,meter-b-f04,18.52,13555.298
src-meter-0162-008,2026-01-15T10:42:00Z,meter-c-f01,11.22,14034.814
src-meter-0162-009,2026-01-15T10:42:00Z,meter-c-f02,12.99,14537.725
src-meter-0162-010,2026-01-15T10:42:00Z,meter-c-f03,14.35,15040.703
src-meter-0162-011,2026-01-15T10:42:00Z,meter-c-f04,15.74,15543.732
src-meter-0163-000,2026-01-15T10:43:00Z,meter-a-f01,15.25,10040.075
src-meter-0163-001,2026-01-15T10:43:00Z,meter-a-f02,16.26,10544.578
src-meter-0163-002,2026-01-15T10:43:00Z,meter-a-f03,17.18,11048.793
src-meter-0163-003,2026-01-15T10:43:00Z,meter-a-f04,18.00,11552.663
src-meter-0163-004,2026-01-15T10:43:00Z,meter-b-f01,15.18,12046.334
src-meter-0163-005,2026-01-15T10:43:00Z,meter-b-f02,16.13,12549.651
src-meter-0163-006,2026-01-15T10:43:00Z,meter-b-f03,17.35,13052.635
src-meter-0163-007,2026-01-15T10:43:00Z,meter-b-f04,18.45,13555.605
src-meter-0163-008,2026-01-15T10:43:00Z,meter-c-f01,11.06,14034.998
src-meter-0163-009,2026-01-15T10:43:00Z,meter-c-f02,12.84,14537.939
src-meter-0163-010,2026-01-15T10:43:00Z,meter-c-f03,14.04,15040.937
src-meter-0163-011,2026-01-15T10:43:00Z,meter-c-f04,15.43,15543.989
src-meter-0164-000,2026-01-15T10:44:00Z,meter-a-f01,15.48,10040.333
src-meter-0164-001,2026-01-15T10:44:00Z,meter-a-f02,16.34,10544.850
src-meter-0164-002,2026-01-15T10:44:00Z,meter-a-f03,17.24,11049.081
src-meter-0164-003,2026-01-15T10:44:00Z,meter-a-f04,17.89,11552.961
src-meter-0164-004,2026-01-15T10:44:00Z,meter-b-f01,14.91,12046.582
src-meter-0164-005,2026-01-15T10:44:00Z,meter-b-f02,16.07,12549.919
src-meter-0164-006,2026-01-15T10:44:00Z,meter-b-f03,16.99,13052.919
src-meter-0164-007,2026-01-15T10:44:00Z,meter-b-f04,18.60,13555.915
src-meter-0164-008,2026-01-15T10:44:00Z,meter-c-f01,11.48,14035.190
src-meter-0164-009,2026-01-15T10:44:00Z,meter-c-f02,12.54,14538.148
src-meter-0164-010,2026-01-15T10:44:00Z,meter-c-f03,14.51,15041.179
src-meter-0164-011,2026-01-15T10:44:00Z,meter-c-f04,15.85,15544.254
src-meter-0165-000,2026-01-15T10:45:00Z,meter-a-f01,15.11,10040.584
src-meter-0165-001,2026-01-15T10:45:00Z,meter-a-f02,16.18,10545.120
src-meter-0165-002,2026-01-15T10:45:00Z,meter-a-f03,17.02,11049.364
src-meter-0165-003,2026-01-15T10:45:00Z,meter-a-f04,18.00,11553.261
src-meter-0165-004,2026-01-15T10:45:00Z,meter-b-f01,15.26,12046.837
src-meter-0165-005,2026-01-15T10:45:00Z,meter-b-f02,15.62,12550.179
src-meter-0165-006,2026-01-15T10:45:00Z,meter-b-f03,17.50,13053.210
src-meter-0165-007,2026-01-15T10:45:00Z,meter-b-f04,18.37,13556.221
src-meter-0165-008,2026-01-15T10:45:00Z,meter-c-f01,11.66,14035.384
src-meter-0165-009,2026-01-15T10:45:00Z,meter-c-f02,13.01,14538.365
src-meter-0165-010,2026-01-15T10:45:00Z,meter-c-f03,14.00,15041.412
src-meter-0165-011,2026-01-15T10:45:00Z,meter-c-f04,15.42,15544.511
src-meter-0166-000,2026-01-15T10:46:00Z,meter-a-f01,15.24,10040.839
src-meter-0166-001,2026-01-15T10:46:00Z,meter-a-f02,16.44,10545.394
src-meter-0166-002,2026-01-15T10:46:00Z,meter-a-f03,17.40,11049.654
src-meter-0166-003,2026-01-15T10:46:00Z,meter-a-f04,18.28,11553.566
src-meter-0166-004,2026-01-15T10:46:00Z,meter-b-f01,15.28,12047.091
src-meter-0166-005,2026-01-15T10:46:00Z,meter-b-f02,16.13,12550.448
src-meter-0166-006,2026-01-15T10:46:00Z,meter-b-f03,17.23,13053.497
src-meter-0166-007,2026-01-15T10:46:00Z,meter-b-f04,18.65,13556.532
src-meter-0166-008,2026-01-15T10:46:00Z,meter-c-f01,11.36,14035.573
src-meter-0166-009,2026-01-15T10:46:00Z,meter-c-f02,12.47,14538.573
src-meter-0166-010,2026-01-15T10:46:00Z,meter-c-f03,14.28,15041.650
src-meter-0166-011,2026-01-15T10:46:00Z,meter-c-f04,15.30,15544.766
src-meter-0167-000,2026-01-15T10:47:00Z,meter-a-f01,15.35,10041.094
src-meter-0167-001,2026-01-15T10:47:00Z,meter-a-f02,16.21,10545.664
src-meter-0167-002,2026-01-15T10:47:00Z,meter-a-f03,17.24,11049.942
src-meter-0167-003,2026-01-15T10:47:00Z,meter-a-f04,17.98,11553.865
src-meter-0167-004,2026-01-15T10:47:00Z,meter-b-f01,14.74,12047.337
src-meter-0167-005,2026-01-15T10:47:00Z,meter-b-f02,16.08,12550.716
src-meter-0167-006,2026-01-15T10:47:00Z,meter-b-f03,17.53,13053.790
src-meter-0167-007,2026-01-15T10:47:00Z,meter-b-f04,18.49,13556.840
src-meter-0167-008,2026-01-15T10:47:00Z,meter-c-f01,11.37,14035.763
src-meter-0167-009,2026-01-15T10:47:00Z,meter-c-f02,13.11,14538.791
src-meter-0167-010,2026-01-15T10:47:00Z,meter-c-f03,14.29,15041.888
src-meter-0167-011,2026-01-15T10:47:00Z,meter-c-f04,15.48,15545.024
src-meter-0168-000,2026-01-15T10:48:00Z,meter-a-f01,15.47,10041.352
src-meter-0168-001,2026-01-15T10:48:00Z,meter-a-f02,16.28,10545.935
src-meter-0168-002,2026-01-15T10:48:00Z,meter-a-f03,17.03,11050.226
src-meter-0168-003,2026-01-15T10:48:00Z,meter-a-f04,18.07,11554.166
src-meter-0168-004,2026-01-15T10:48:00Z,meter-b-f01,15.34,12047.593
src-meter-0168-005,2026-01-15T10:48:00Z,meter-b-f02,15.97,12550.982
src-meter-0168-006,2026-01-15T10:48:00Z,meter-b-f03,17.03,13054.073
src-meter-0168-007,2026-01-15T10:48:00Z,meter-b-f04,18.41,13557.147
src-meter-0168-008,2026-01-15T10:48:00Z,meter-c-f01,11.74,14035.958
src-meter-0168-009,2026-01-15T10:48:00Z,meter-c-f02,12.94,14539.007
src-meter-0168-010,2026-01-15T10:48:00Z,meter-c-f03,13.88,15042.119
src-meter-0168-011,2026-01-15T10:48:00Z,meter-c-f04,15.62,15545.284
src-meter-0169-000,2026-01-15T10:49:00Z,meter-a-f01,15.29,10041.607
src-meter-0169-001,2026-01-15T10:49:00Z,meter-a-f02,16.27,10546.206
src-meter-0169-002,2026-01-15T10:49:00Z,meter-a-f03,17.04,11050.510
src-meter-0169-003,2026-01-15T10:49:00Z,meter-a-f04,17.50,11554.458
src-meter-0169-004,2026-01-15T10:49:00Z,meter-b-f01,14.78,12047.839
src-meter-0169-005,2026-01-15T10:49:00Z,meter-b-f02,15.69,12551.243
src-meter-0169-006,2026-01-15T10:49:00Z,meter-b-f03,17.47,13054.365
src-meter-0169-007,2026-01-15T10:49:00Z,meter-b-f04,18.56,13557.457
src-meter-0169-008,2026-01-15T10:49:00Z,meter-c-f01,11.48,14036.150
src-meter-0169-009,2026-01-15T10:49:00Z,meter-c-f02,12.58,14539.216
src-meter-0169-010,2026-01-15T10:49:00Z,meter-c-f03,14.08,15042.354
src-meter-0169-011,2026-01-15T10:49:00Z,meter-c-f04,15.75,15545.546
src-meter-0170-000,2026-01-15T10:50:00Z,meter-a-f01,15.21,10041.860
src-meter-0170-001,2026-01-15T10:50:00Z,meter-a-f02,16.21,10546.477
src-meter-0170-002,2026-01-15T10:50:00Z,meter-a-f03,17.20,11050.796
src-meter-0170-003,2026-01-15T10:50:00Z,meter-a-f04,18.01,11554.758
src-meter-0170-004,2026-01-15T10:50:00Z,meter-b-f01,15.11,12048.091
src-meter-0170-005,2026-01-15T10:50:00Z,meter-b-f02,16.08,12551.511
src-meter-0170-006,2026-01-15T10:50:00Z,meter-b-f03,17.12,13054.650
src-meter-0170-007,2026-01-15T10:50:00Z,meter-b-f04,18.48,13557.764
src-meter-0170-008,2026-01-15T10:50:00Z,meter-c-f01,11.33,14036.339
src-meter-0170-009,2026-01-15T10:50:00Z,meter-c-f02,12.51,14539.425
src-meter-0170-010,2026-01-15T10:50:00Z,meter-c-f03,14.23,15042.591
src-meter-0170-011,2026-01-15T10:50:00Z,meter-c-f04,15.90,15545.811
src-meter-0171-000,2026-01-15T10:51:00Z,meter-a-f01,15.24,10042.115
src-meter-0171-001,2026-01-15T10:51:00Z,meter-a-f02,16.29,10546.748
src-meter-0171-002,2026-01-15T10:51:00Z,meter-a-f03,16.94,11051.079
src-meter-0171-003,2026-01-15T10:51:00Z,meter-a-f04,17.75,11555.054
src-meter-0171-004,2026-01-15T10:51:00Z,meter-b-f01,15.14,12048.343
src-meter-0171-005,2026-01-15T10:51:00Z,meter-b-f02,15.64,12551.772
src-meter-0171-006,2026-01-15T10:51:00Z,meter-b-f03,17.53,13054.942
src-meter-0171-007,2026-01-15T10:51:00Z,meter-b-f04,18.38,13558.071
src-meter-0171-008,2026-01-15T10:51:00Z,meter-c-f01,11.20,14036.525
src-meter-0171-009,2026-01-15T10:51:00Z,meter-c-f02,13.10,14539.643
src-meter-0171-010,2026-01-15T10:51:00Z,meter-c-f03,14.16,15042.827
src-meter-0171-011,2026-01-15T10:51:00Z,meter-c-f04,15.92,15546.077
src-meter-0172-000,2026-01-15T10:52:00Z,meter-a-f01,15.25,10042.369
src-meter-0172-001,2026-01-15T10:52:00Z,meter-a-f02,15.73,10547.010
src-meter-0172-002,2026-01-15T10:52:00Z,meter-a-f03,17.12,11051.364
src-meter-0172-003,2026-01-15T10:52:00Z,meter-a-f04,17.70,11555.349
src-meter-0172-004,2026-01-15T10:52:00Z,meter-b-f01,15.11,12048.595
src-meter-0172-005,2026-01-15T10:52:00Z,meter-b-f02,15.59,12552.032
src-meter-0172-006,2026-01-15T10:52:00Z,meter-b-f03,17.18,13055.229
src-meter-0172-007,2026-01-15T10:52:00Z,meter-b-f04,18.69,13558.382
src-meter-0172-008,2026-01-15T10:52:00Z,meter-c-f01,11.32,14036.714
src-meter-0172-009,2026-01-15T10:52:00Z,meter-c-f02,12.75,14539.856
src-meter-0172-010,2026-01-15T10:52:00Z,meter-c-f03,14.24,15043.064
src-meter-0172-011,2026-01-15T10:52:00Z,meter-c-f04,15.54,15546.336
src-meter-0173-000,2026-01-15T10:53:00Z,meter-a-f01,15.03,10042.619
src-meter-0173-001,2026-01-15T10:53:00Z,meter-a-f02,16.24,10547.281
src-meter-0173-002,2026-01-15T10:53:00Z,meter-a-f03,16.98,11051.647
src-meter-0173-003,2026-01-15T10:53:00Z,meter-a-f04,18.01,11555.649
src-meter-0173-004,2026-01-15T10:53:00Z,meter-b-f01,14.62,12048.839
src-meter-0173-005,2026-01-15T10:53:00Z,meter-b-f02,15.74,12552.294
src-meter-0173-006,2026-01-15T10:53:00Z,meter-b-f03,17.36,13055.518
src-meter-0173-007,2026-01-15T10:53:00Z,meter-b-f04,18.83,13558.696
src-meter-0173-008,2026-01-15T10:53:00Z,meter-c-f01,11.10,14036.899
src-meter-0173-009,2026-01-15T10:53:00Z,meter-c-f02,12.58,14540.065
src-meter-0173-010,2026-01-15T10:53:00Z,meter-c-f03,13.97,15043.297
src-meter-0173-011,2026-01-15T10:53:00Z,meter-c-f04,15.90,15546.601
src-meter-0174-000,2026-01-15T10:54:00Z,meter-a-f01,15.31,10042.874
src-meter-0174-001,2026-01-15T10:54:00Z,meter-a-f02,16.13,10547.550
src-meter-0174-002,2026-01-15T10:54:00Z,meter-a-f03,16.55,11051.923
src-meter-0174-003,2026-01-15T10:54:00Z,meter-a-f04,17.84,11555.946
src-meter-0174-004,2026-01-15T10:54:00Z,meter-b-f01,14.56,12049.081
src-meter-0174-005,2026-01-15T10:54:00Z,meter-b-f02,15.50,12552.552
src-meter-0174-006,2026-01-15T10:54:00Z,meter-b-f03,17.41,13055.808
src-meter-0174-007,2026-01-15T10:54:00Z,meter-b-f04,18.69,13559.008
src-meter-0174-008,2026-01-15T10:54:00Z,meter-c-f01,11.15,14037.085
src-meter-0174-009,2026-01-15T10:54:00Z,meter-c-f02,12.96,14540.281
src-meter-0174-010,2026-01-15T10:54:00Z,meter-c-f03,14.47,15043.538
src-meter-0174-011,2026-01-15T10:54:00Z,meter-c-f04,15.48,15546.859
src-meter-0175-000,2026-01-15T10:55:00Z,meter-a-f01,14.98,10043.124
src-meter-0175-001,2026-01-15T10:55:00Z,meter-a-f02,16.17,10547.819
src-meter-0175-002,2026-01-15T10:55:00Z,meter-a-f03,16.89,11052.204
src-meter-0175-003,2026-01-15T10:55:00Z,meter-a-f04,17.53,11556.239
src-meter-0175-004,2026-01-15T10:55:00Z,meter-b-f01,14.85,12049.329
src-meter-0175-005,2026-01-15T10:55:00Z,meter-b-f02,15.72,12552.814
src-meter-0175-006,2026-01-15T10:55:00Z,meter-b-f03,17.33,13056.097
src-meter-0175-007,2026-01-15T10:55:00Z,meter-b-f04,18.44,13559.315
src-meter-0175-008,2026-01-15T10:55:00Z,meter-c-f01,11.06,14037.269
src-meter-0175-009,2026-01-15T10:55:00Z,meter-c-f02,12.68,14540.493
src-meter-0175-010,2026-01-15T10:55:00Z,meter-c-f03,14.26,15043.776
src-meter-0175-011,2026-01-15T10:55:00Z,meter-c-f04,15.46,15547.116
src-meter-0176-000,2026-01-15T10:56:00Z,meter-a-f01,15.07,10043.375
src-meter-0176-001,2026-01-15T10:56:00Z,meter-a-f02,15.89,10548.084
src-meter-0176-002,2026-01-15T10:56:00Z,meter-a-f03,17.09,11052.489
src-meter-0176-003,2026-01-15T10:56:00Z,meter-a-f04,17.74,11556.534
src-meter-0176-004,2026-01-15T10:56:00Z,meter-b-f01,14.87,12049.576
src-meter-0176-005,2026-01-15T10:56:00Z,meter-b-f02,15.98,12553.081
src-meter-0176-006,2026-01-15T10:56:00Z,meter-b-f03,17.25,13056.384
src-meter-0176-007,2026-01-15T10:56:00Z,meter-b-f04,18.43,13559.622
src-meter-0176-008,2026-01-15T10:56:00Z,meter-c-f01,11.22,14037.456
src-meter-0176-009,2026-01-15T10:56:00Z,meter-c-f02,12.46,14540.700
src-meter-0176-010,2026-01-15T10:56:00Z,meter-c-f03,14.43,15044.017
src-meter-0176-011,2026-01-15T10:56:00Z,meter-c-f04,15.30,15547.371
src-meter-0177-000,2026-01-15T10:57:00Z,meter-a-f01,15.29,10043.630
src-meter-0177-001,2026-01-15T10:57:00Z,meter-a-f02,16.13,10548.353
src-meter-0177-002,2026-01-15T10:57:00Z,meter-a-f03,16.52,11052.764
src-meter-0177-003,2026-01-15T10:57:00Z,meter-a-f04,17.27,11556.822
src-meter-0177-004,2026-01-15T10:57:00Z,meter-b-f01,14.63,12049.820
src-meter-0177-005,2026-01-15T10:57:00Z,meter-b-f02,15.72,12553.343
src-meter-0177-006,2026-01-15T10:57:00Z,meter-b-f03,17.13,13056.670
src-meter-0177-007,2026-01-15T10:57:00Z,meter-b-f04,18.82,13559.936
src-meter-0177-008,2026-01-15T10:57:00Z,meter-c-f01,11.53,14037.648
src-meter-0177-009,2026-01-15T10:57:00Z,meter-c-f02,12.89,14540.915
src-meter-0177-010,2026-01-15T10:57:00Z,meter-c-f03,14.48,15044.258
src-meter-0177-011,2026-01-15T10:57:00Z,meter-c-f04,15.85,15547.636
src-meter-0178-000,2026-01-15T10:58:00Z,meter-a-f01,15.28,10043.885
src-meter-0178-001,2026-01-15T10:58:00Z,meter-a-f02,16.06,10548.621
src-meter-0178-002,2026-01-15T10:58:00Z,meter-a-f03,17.00,11053.048
src-meter-0178-003,2026-01-15T10:58:00Z,meter-a-f04,17.85,11557.120
src-meter-0178-004,2026-01-15T10:58:00Z,meter-b-f01,14.65,12050.064
src-meter-0178-005,2026-01-15T10:58:00Z,meter-b-f02,15.87,12553.607
src-meter-0178-006,2026-01-15T10:58:00Z,meter-b-f03,17.53,13056.962
src-meter-0178-007,2026-01-15T10:58:00Z,meter-b-f04,18.41,13560.243
src-meter-0178-008,2026-01-15T10:58:00Z,meter-c-f01,11.46,14037.839
src-meter-0178-009,2026-01-15T10:58:00Z,meter-c-f02,13.13,14541.134
src-meter-0178-010,2026-01-15T10:58:00Z,meter-c-f03,13.99,15044.491
src-meter-0178-011,2026-01-15T10:58:00Z,meter-c-f04,15.27,15547.890
src-meter-0179-000,2026-01-15T10:59:00Z,meter-a-f01,14.85,10044.132
src-meter-0179-001,2026-01-15T10:59:00Z,meter-a-f02,16.19,10548.890
src-meter-0179-002,2026-01-15T10:59:00Z,meter-a-f03,16.99,11053.331
src-meter-0179-003,2026-01-15T10:59:00Z,meter-a-f04,17.37,11557.409
src-meter-0179-004,2026-01-15T10:59:00Z,meter-b-f01,14.81,12050.311
src-meter-0179-005,2026-01-15T10:59:00Z,meter-b-f02,15.99,12553.874
src-meter-0179-006,2026-01-15T10:59:00Z,meter-b-f03,17.30,13057.250
src-meter-0179-007,2026-01-15T10:59:00Z,meter-b-f04,18.50,13560.551
src-meter-0179-008,2026-01-15T10:59:00Z,meter-c-f01,11.34,14038.028
src-meter-0179-009,2026-01-15T10:59:00Z,meter-c-f02,12.57,14541.344
src-meter-0179-010,2026-01-15T10:59:00Z,meter-c-f03,13.88,15044.722
src-meter-0179-011,2026-01-15T10:59:00Z,meter-c-f04,15.41,15548.147
src-meter-0180-000,2026-01-15T11:00:00Z,meter-a-f01,15.17,10044.385
src-meter-0180-001,2026-01-15T11:00:00Z,meter-a-f02,15.99,10549.157
src-meter-0180-002,2026-01-15T11:00:00Z,meter-a-f03,16.76,11053.610
src-meter-0180-003,2026-01-15T11:00:00Z,meter-a-f04,17.19,11557.696
src-meter-0180-004,2026-01-15T11:00:00Z,meter-b-f01,14.24,12050.549
src-meter-0180-005,2026-01-15T11:00:00Z,meter-b-f02,16.15,12554.143
src-meter-0180-006,2026-01-15T11:00:00Z,meter-b-f03,17.49,13057.542
src-meter-0180-007,2026-01-15T11:00:00Z,meter-b-f04,18.79,13560.864
src-meter-0180-008,2026-01-15T11:00:00Z,meter-c-f01,11.35,14038.217
src-meter-0180-009,2026-01-15T11:00:00Z,meter-c-f02,12.73,14541.556
src-meter-0180-010,2026-01-15T11:00:00Z,meter-c-f03,14.02,15044.956
src-meter-0180-011,2026-01-15T11:00:00Z,meter-c-f04,15.74,15548.409
src-meter-0181-000,2026-01-15T11:01:00Z,meter-a-f01,14.75,10044.631
src-meter-0181-001,2026-01-15T11:01:00Z,meter-a-f02,15.54,10549.416
src-meter-0181-002,2026-01-15T11:01:00Z,meter-a-f03,16.68,11053.888
src-meter-0181-003,2026-01-15T11:01:00Z,meter-a-f04,17.51,11557.988
src-meter-0181-004,2026-01-15T11:01:00Z,meter-b-f01,14.37,12050.788
src-meter-0181-005,2026-01-15T11:01:00Z,meter-b-f02,15.64,12554.404
src-meter-0181-006,2026-01-15T11:01:00Z,meter-b-f03,17.15,13057.828
src-meter-0181-007,2026-01-15T11:01:00Z,meter-b-f04,18.89,13561.179
src-meter-0181-008,2026-01-15T11:01:00Z,meter-c-f01,11.46,14038.408
src-meter-0181-009,2026-01-15T11:01:00Z,meter-c-f02,12.73,14541.768
src-meter-0181-010,2026-01-15T11:01:00Z,meter-c-f03,14.38,15045.196
src-meter-0181-011,2026-01-15T11:01:00Z,meter-c-f04,15.48,15548.667
src-meter-0182-000,2026-01-15T11:02:00Z,meter-a-f01,14.58,10044.874
src-meter-0182-001,2026-01-15T11:02:00Z,meter-a-f02,15.91,10549.681
src-meter-0182-002,2026-01-15T11:02:00Z,meter-a-f03,16.44,11054.162
src-meter-0182-003,2026-01-15T11:02:00Z,meter-a-f04,17.13,11558.273
src-meter-0182-004,2026-01-15T11:02:00Z,meter-b-f01,14.77,12051.034
src-meter-0182-005,2026-01-15T11:02:00Z,meter-b-f02,15.85,12554.668
src-meter-0182-006,2026-01-15T11:02:00Z,meter-b-f03,16.97,13058.111
src-meter-0182-007,2026-01-15T11:02:00Z,meter-b-f04,18.79,13561.492
src-meter-0182-008,2026-01-15T11:02:00Z,meter-c-f01,11.56,14038.601
src-meter-0182-009,2026-01-15T11:02:00Z,meter-c-f02,12.81,14541.981
src-meter-0182-010,2026-01-15T11:02:00Z,meter-c-f03,14.12,15045.431
src-meter-0182-011,2026-01-15T11:02:00Z,meter-c-f04,15.78,15548.930
src-meter-0183-000,2026-01-15T11:03:00Z,meter-a-f01,14.77,10045.120
src-meter-0183-001,2026-01-15T11:03:00Z,meter-a-f02,15.72,10549.943
src-meter-0183-002,2026-01-15T11:03:00Z,meter-a-f03,16.58,11054.439
src-meter-0183-003,2026-01-15T11:03:00Z,meter-a-f04,17.39,11558.563
src-meter-0183-004,2026-01-15T11:03:00Z,meter-b-f01,14.42,12051.275
src-meter-0183-005,2026-01-15T11:03:00Z,meter-b-f02,15.77,12554.931
src-meter-0183-006,2026-01-15T11:03:00Z,meter-b-f03,16.93,13058.393
src-meter-0183-007,2026-01-15T11:03:00Z,meter-b-f04,18.75,13561.805
src-meter-0183-008,2026-01-15T11:03:00Z,meter-c-f01,11.52,14038.793
src-meter-0183-009,2026-01-15T11:03:00Z,meter-c-f02,12.76,14542.194
src-meter-0183-010,2026-01-15T11:03:00Z,meter-c-f03,13.93,15045.663
src-meter-0183-011,2026-01-15T11:03:00Z,meter-c-f04,15.91,15549.195
src-meter-0184-000,2026-01-15T11:04:00Z,meter-a-f01,14.57,10045.363
src-meter-0184-001,2026-01-15T11:04:00Z,meter-a-f02,15.92,10550.208
src-meter-0184-002,2026-01-15T11:04:00Z,meter-a-f03,16.80,11054.719
src-meter-0184-003,2026-01-15T11:04:00Z,meter-a-f04,17.25,11558.850
src-meter-0184-004,2026-01-15T11:04:00Z,meter-b-f01,14.58,12051.518
src-meter-0184-005,2026-01-15T11:04:00Z,meter-b-f02,15.85,12555.195
src-meter-0184-006,2026-01-15T11:04:00Z,meter-b-f03,17.07,13058.677
src-meter-0184-007,2026-01-15T11:04:00Z,meter-b-f04,18.58,13562.114
src-meter-0184-008,2026-01-15T11:04:00Z,meter-c-f01,11.41,14038.983
src-meter-0184-009,2026-01-15T11:04:00Z,meter-c-f02,13.04,14542.411
src-meter-0184-010,2026-01-15T11:04:00Z,meter-c-f03,14.39,15045.903
src-meter-0184-011,2026-01-15T11:04:00Z,meter-c-f04,15.93,15549.461
src-meter-0185-000,2026-01-15T11:05:00Z,meter-a-f01,14.98,10045.612
src-meter-0185-001,2026-01-15T11:05:00Z,meter-a-f02,15.70,10550.470
src-meter-0185-002,2026-01-15T11:05:00Z,meter-a-f03,16.80,11054.999
src-meter-0185-003,2026-01-15T11:05:00Z,meter-a-f04,17.42,11559.141
src-meter-0185-004,2026-01-15T11:05:00Z,meter-b-f01,14.13,12051.753
src-meter-0185-005,2026-01-15T11:05:00Z,meter-b-f02,16.10,12555.463
src-meter-0185-006,2026-01-15T11:05:00Z,meter-b-f03,17.20,13058.964
src-meter-0185-007,2026-01-15T11:05:00Z,meter-b-f04,18.73,13562.426
src-meter-0185-008,2026-01-15T11:05:00Z,meter-c-f01,11.36,14039.173
src-meter-0185-009,2026-01-15T11:05:00Z,meter-c-f02,13.10,14542.630
src-meter-0185-010,2026-01-15T11:05:00Z,meter-c-f03,13.94,15046.135
src-meter-0185-011,2026-01-15T11:05:00Z,meter-c-f04,15.84,15549.725
src-meter-0186-000,2026-01-15T11:06:00Z,meter-a-f01,15.03,10045.863
src-meter-0186-001,2026-01-15T11:06:00Z,meter-a-f02,15.67,10550.731
src-meter-0186-002,2026-01-15T11:06:00Z,meter-a-f03,16.76,11055.278
src-meter-0186-003,2026-01-15T11:06:00Z,meter-a-f04,17.17,11559.427
src-meter-0186-004,2026-01-15T11:06:00Z,meter-b-f01,14.50,12051.995
src-meter-0186-005,2026-01-15T11:06:00Z,meter-b-f02,15.89,12555.728
src-meter-0186-006,2026-01-15T11:06:00Z,meter-b-f03,17.23,13059.251
src-meter-0186-007,2026-01-15T11:06:00Z,meter-b-f04,18.37,13562.733
src-meter-0186-008,2026-01-15T11:06:00Z,meter-c-f01,11.09,14039.357
src-meter-0186-009,2026-01-15T11:06:00Z,meter-c-f02,12.46,14542.837
src-meter-0186-010,2026-01-15T11:06:00Z,meter-c-f03,14.44,15046.376
src-meter-0186-011,2026-01-15T11:06:00Z,meter-c-f04,15.90,15549.990
src-meter-0187-000,2026-01-15T11:07:00Z,meter-a-f01,14.95,10046.112
src-meter-0187-001,2026-01-15T11:07:00Z,meter-a-f02,15.40,10550.988
src-meter-0187-002,2026-01-15T11:07:00Z,meter-a-f03,16.49,11055.553
src-meter-0187-003,2026-01-15T11:07:00Z,meter-a-f04,17.50,11559.718
src-meter-0187-004,2026-01-15T11:07:00Z,meter-b-f01,14.12,12052.230
src-meter-0187-005,2026-01-15T11:07:00Z,meter-b-f02,15.99,12555.994
src-meter-0187-006,2026-01-15T11:07:00Z,meter-b-f03,17.13,13059.537
src-meter-0187-007,2026-01-15T11:07:00Z,meter-b-f04,18.76,13563.045
src-meter-0187-008,2026-01-15T11:07:00Z,meter-c-f01,11.52,14039.549
src-meter-0187-009,2026-01-15T11:07:00Z,meter-c-f02,12.85,14543.051
src-meter-0187-010,2026-01-15T11:07:00Z,meter-c-f03,14.04,15046.610
src-meter-0187-011,2026-01-15T11:07:00Z,meter-c-f04,15.27,15550.244
src-meter-0188-000,2026-01-15T11:08:00Z,meter-a-f01,14.58,10046.355
src-meter-0188-001,2026-01-15T11:08:00Z,meter-a-f02,15.49,10551.246
src-meter-0188-002,2026-01-15T11:08:00Z,meter-a-f03,16.38,11055.826
src-meter-0188-003,2026-01-15T11:08:00Z,meter-a-f04,17.18,11560.005
src-meter-0188-004,2026-01-15T11:08:00Z,meter-b-f01,14.52,12052.472
src-meter-0188-005,2026-01-15T11:08:00Z,meter-b-f02,16.12,12556.263
src-meter-0188-006,2026-01-15T11:08:00Z,meter-b-f03,17.19,13059.823
src-meter-0188-007,2026-01-15T11:08:00Z,meter-b-f04,18.73,13563.358
src-meter-0188-008,2026-01-15T11:08:00Z,meter-c-f01,11.68,14039.744
src-meter-0188-009,2026-01-15T11:08:00Z,meter-c-f02,12.79,14543.265
src-meter-0188-010,2026-01-15T11:08:00Z,meter-c-f03,14.30,15046.848
src-meter-0188-011,2026-01-15T11:08:00Z,meter-c-f04,15.83,15550.508
src-meter-0189-000,2026-01-15T11:09:00Z,meter-a-f01,14.75,10046.601
src-meter-0189-001,2026-01-15T11:09:00Z,meter-a-f02,15.58,10551.506
src-meter-0189-002,2026-01-15T11:09:00Z,meter-a-f03,16.49,11056.101
src-meter-0189-003,2026-01-15T11:09:00Z,meter-a-f04,17.40,11560.295
src-meter-0189-004,2026-01-15T11:09:00Z,meter-b-f01,14.20,12052.709
src-meter-0189-005,2026-01-15T11:09:00Z,meter-b-f02,15.95,12556.529
src-meter-0189-006,2026-01-15T11:09:00Z,meter-b-f03,16.91,13060.105
src-meter-0189-007,2026-01-15T11:09:00Z,meter-b-f04,18.40,13563.664
src-meter-0189-008,2026-01-15T11:09:00Z,meter-c-f01,11.74,14039.940
src-meter-0189-009,2026-01-15T11:09:00Z,meter-c-f02,12.65,14543.475
src-meter-0189-010,2026-01-15T11:09:00Z,meter-c-f03,14.49,15047.090
src-meter-0189-011,2026-01-15T11:09:00Z,meter-c-f04,15.85,15550.772
src-meter-0190-000,2026-01-15T11:10:00Z,meter-a-f01,14.75,10046.847
src-meter-0190-001,2026-01-15T11:10:00Z,meter-a-f02,15.15,10551.758
src-meter-0190-002,2026-01-15T11:10:00Z,meter-a-f03,16.42,11056.374
src-meter-0190-003,2026-01-15T11:10:00Z,meter-a-f04,17.11,11560.580
src-meter-0190-004,2026-01-15T11:10:00Z,meter-b-f01,14.35,12052.948
src-meter-0190-005,2026-01-15T11:10:00Z,meter-b-f02,15.82,12556.793
src-meter-0190-006,2026-01-15T11:10:00Z,meter-b-f03,16.96,13060.387
src-meter-0190-007,2026-01-15T11:10:00Z,meter-b-f04,18.52,13563.973
src-meter-0190-008,2026-01-15T11:10:00Z,meter-c-f01,11.52,14040.132
src-meter-0190-009,2026-01-15T11:10:00Z,meter-c-f02,13.05,14543.693
src-meter-0190-010,2026-01-15T11:10:00Z,meter-c-f03,14.38,15047.329
src-meter-0190-011,2026-01-15T11:10:00Z,meter-c-f04,15.71,15551.034
src-meter-0191-000,2026-01-15T11:11:00Z,meter-a-f01,14.75,10047.093
src-meter-0191-001,2026-01-15T11:11:00Z,meter-a-f02,15.80,10552.022
src-meter-0191-002,2026-01-15T11:11:00Z,meter-a-f03,16.28,11056.646
src-meter-0191-003,2026-01-15T11:11:00Z,meter-a-f04,17.18,11560.866
src-meter-0191-004,2026-01-15T11:11:00Z,meter-b-f01,14.32,12053.187
src-meter-0191-005,2026-01-15T11:11:00Z,meter-b-f02,15.60,12557.053
src-meter-0191-006,2026-01-15T11:11:00Z,meter-b-f03,17.15,13060.673
src-meter-0191-007,2026-01-15T11:11:00Z,meter-b-f04,18.61,13564.283
src-meter-0191-008,2026-01-15T11:11:00Z,meter-c-f01,11.73,14040.327
src-meter-0191-009,2026-01-15T11:11:00Z,meter-c-f02,12.76,14543.906
src-meter-0191-010,2026-01-15T11:11:00Z,meter-c-f03,14.17,15047.566
src-meter-0191-011,2026-01-15T11:11:00Z,meter-c-f04,15.77,15551.297
src-meter-0192-000,2026-01-15T11:12:00Z,meter-a-f01,14.71,10047.338
src-meter-0192-001,2026-01-15T11:12:00Z,meter-a-f02,15.51,10552.280
src-meter-0192-002,2026-01-15T11:12:00Z,meter-a-f03,15.96,11056.912
src-meter-0192-003,2026-01-15T11:12:00Z,meter-a-f04,17.00,11561.150
src-meter-0192-004,2026-01-15T11:12:00Z,meter-b-f01,14.13,12053.422
src-meter-0192-005,2026-01-15T11:12:00Z,meter-b-f02,15.83,12557.316
src-meter-0192-006,2026-01-15T11:12:00Z,meter-b-f03,17.13,13060.959
src-meter-0192-007,2026-01-15T11:12:00Z,meter-b-f04,18.95,13564.599
src-meter-0192-008,2026-01-15T11:12:00Z,meter-c-f01,11.62,14040.521
src-meter-0192-009,2026-01-15T11:12:00Z,meter-c-f02,12.73,14544.118
src-meter-0192-010,2026-01-15T11:12:00Z,meter-c-f03,14.33,15047.804
src-meter-0192-011,2026-01-15T11:12:00Z,meter-c-f04,15.76,15551.560
src-meter-0193-000,2026-01-15T11:13:00Z,meter-a-f01,14.80,10047.585
src-meter-0193-001,2026-01-15T11:13:00Z,meter-a-f02,15.23,10552.534
src-meter-0193-002,2026-01-15T11:13:00Z,meter-a-f03,16.41,11057.185
src-meter-0193-003,2026-01-15T11:13:00Z,meter-a-f04,17.24,11561.437
src-meter-0193-004,2026-01-15T11:13:00Z,meter-b-f01,14.55,12053.665
src-meter-0193-005,2026-01-15T11:13:00Z,meter-b-f02,15.49,12557.574
src-meter-0193-006,2026-01-15T11:13:00Z,meter-b-f03,17.03,13061.243
src-meter-0193-007,2026-01-15T11:13:00Z,meter-b-f04,18.73,13564.911
src-meter-0193-008,2026-01-15T11:13:00Z,meter-c-f01,11.48,14040.712
src-meter-0193-009,2026-01-15T11:13:00Z,meter-c-f02,12.99,14544.334
src-meter-0193-010,2026-01-15T11:13:00Z,meter-c-f03,14.48,15048.046
src-meter-0193-011,2026-01-15T11:13:00Z,meter-c-f04,15.43,15551.817
src-meter-0194-000,2026-01-15T11:14:00Z,meter-a-f01,14.83,10047.832
src-meter-0194-001,2026-01-15T11:14:00Z,meter-a-f02,15.53,10552.793
src-meter-0194-002,2026-01-15T11:14:00Z,meter-a-f03,15.81,11057.449
src-meter-0194-003,2026-01-15T11:14:00Z,meter-a-f04,16.66,11561.715
src-meter-0194-004,2026-01-15T11:14:00Z,meter-b-f01,14.57,12053.908
src-meter-0194-005,2026-01-15T11:14:00Z,meter-b-f02,16.04,12557.842
src-meter-0194-006,2026-01-15T11:14:00Z,meter-b-f03,17.52,13061.535
src-meter-0194-007,2026-01-15T11:14:00Z,meter-b-f04,18.39,13565.218
src-meter-0194-008,2026-01-15T11:14:00Z,meter-c-f01,11.35,14040.901
src-meter-0194-009,2026-01-15T11:14:00Z,meter-c-f02,12.51,14544.543
src-meter-0194-010,2026-01-15T11:14:00Z,meter-c-f03,14.44,15048.286
src-meter-0194-011,2026-01-15T11:14:00Z,meter-c-f04,15.69,15552.078
src-meter-0195-000,2026-01-15T11:15:00Z,meter-a-f01,14.33,10048.071
src-meter-0195-001,2026-01-15T11:15:00Z,meter-a-f02,15.58,10553.052
src-meter-0195-002,2026-01-15T11:15:00Z,meter-a-f03,16.25,11057.719
src-meter-0195-003,2026-01-15T11:15:00Z,meter-a-f04,17.08,11561.999
src-meter-0195-004,2026-01-15T11:15:00Z,meter-b-f01,14.05,12054.142
src-meter-0195-005,2026-01-15T11:15:00Z,meter-b-f02,15.99,12558.108
src-meter-0195-006,2026-01-15T11:15:00Z,meter-b-f03,17.21,13061.821
src-meter-0195-007,2026-01-15T11:15:00Z,meter-b-f04,18.66,13565.529
src-meter-0195-008,2026-01-15T11:15:00Z,meter-c-f01,11.09,14041.086
src-meter-0195-009,2026-01-15T11:15:00Z,meter-c-f02,12.76,14544.755
src-meter-0195-010,2026-01-15T11:15:00Z,meter-c-f03,14.48,15048.528
src-meter-0195-011,2026-01-15T11:15:00Z,meter-c-f04,15.57,15552.338
src-meter-0196-000,2026-01-15T11:16:00Z,meter-a-f01,14.68,10048.315
src-meter-0196-001,2026-01-15T11:16:00Z,meter-a-f02,15.06,10553.303
src-meter-0196-002,2026-01-15T11:16:00Z,meter-a-f03,15.90,11057.984
src-meter-0196-003,2026-01-15T11:16:00Z,meter-a-f04,16.86,11562.280
src-meter-0196-004,2026-01-15T11:16:00Z,meter-b-f01,14.27,12054.380
src-meter-0196-005,2026-01-15T11:16:00Z,meter-b-f02,15.83,12558.372
src-meter-0196-006,2026-01-15T11:16:00Z,meter-b-f03,17.33,13062.110
src-meter-0196-007,2026-01-15T11:16:00Z,meter-b-f04,18.67,13565.840
src-meter-0196-008,2026-01-15T11:16:00Z,meter-c-f01,11.36,14041.276
src-meter-0196-009,2026-01-15T11:16:00Z,meter-c-f02,12.78,14544.968
src-meter-0196-010,2026-01-15T11:16:00Z,meter-c-f03,14.21,15048.765
src-meter-0196-011,2026-01-15T11:16:00Z,meter-c-f04,15.32,15552.593
src-meter-0197-000,2026-01-15T11:17:00Z,meter-a-f01,14.43,10048.556
src-meter-0197-001,2026-01-15T11:17:00Z,meter-a-f02,15.07,10553.555
src-meter-0197-002,2026-01-15T11:17:00Z,meter-a-f03,15.72,11058.246
src-meter-0197-003,2026-01-15T11:17:00Z,meter-a-f04,16.51,11562.556
src-meter-0197-004,2026-01-15T11:17:00Z,meter-b-f01,14.20,12054.616
src-meter-0197-005,2026-01-15T11:17:00Z,meter-b-f02,15.48,12558.630
src-meter-0197-006,2026-01-15T11:17:00Z,meter-b-f03,16.94,13062.393
src-meter-0197-007,2026-01-15T11:17:00Z,meter-b-f04,18.72,13566.152
src-meter-0197-008,2026-01-15T11:17:00Z,meter-c-f01,11.14,14041.461
src-meter-0197-009,2026-01-15T11:17:00Z,meter-c-f02,12.73,14545.180
src-meter-0197-010,2026-01-15T11:17:00Z,meter-c-f03,14.19,15049.001
src-meter-0197-011,2026-01-15T11:17:00Z,meter-c-f04,15.94,15552.859
src-meter-0198-000,2026-01-15T11:18:00Z,meter-a-f01,14.10,10048.791
src-meter-0198-001,2026-01-15T11:18:00Z,meter-a-f02,15.42,10553.812
src-meter-0198-002,2026-01-15T11:18:00Z,meter-a-f03,15.70,11058.508
src-meter-0198-003,2026-01-15T11:18:00Z,meter-a-f04,16.58,11562.832
src-meter-0198-004,2026-01-15T11:18:00Z,meter-b-f01,14.44,12054.857
src-meter-0198-005,2026-01-15T11:18:00Z,meter-b-f02,15.83,12558.894
src-meter-0198-006,2026-01-15T11:18:00Z,meter-b-f03,17.27,13062.680
src-meter-0198-007,2026-01-15T11:18:00Z,meter-b-f04,18.35,13566.458
src-meter-0198-008,2026-01-15T11:18:00Z,meter-c-f01,11.70,14041.656
src-meter-0198-009,2026-01-15T11:18:00Z,meter-c-f02,12.85,14545.395
src-meter-0198-010,2026-01-15T11:18:00Z,meter-c-f03,14.14,15049.237
src-meter-0198-011,2026-01-15T11:18:00Z,meter-c-f04,15.44,15553.116
src-meter-0199-000,2026-01-15T11:19:00Z,meter-a-f01,14.67,10049.035
src-meter-0199-001,2026-01-15T11:19:00Z,meter-a-f02,15.24,10554.066
src-meter-0199-002,2026-01-15T11:19:00Z,meter-a-f03,15.62,11058.768
src-meter-0199-003,2026-01-15T11:19:00Z,meter-a-f04,16.73,11563.111
src-meter-0199-004,2026-01-15T11:19:00Z,meter-b-f01,14.60,12055.100
src-meter-0199-005,2026-01-15T11:19:00Z,meter-b-f02,15.66,12559.155
src-meter-0199-006,2026-01-15T11:19:00Z,meter-b-f03,17.49,13062.972
src-meter-0199-007,2026-01-15T11:19:00Z,meter-b-f04,18.41,13566.764
src-meter-0199-008,2026-01-15T11:19:00Z,meter-c-f01,11.42,14041.847
src-meter-0199-009,2026-01-15T11:19:00Z,meter-c-f02,12.74,14545.607
src-meter-0199-010,2026-01-15T11:19:00Z,meter-c-f03,14.32,15049.475
src-meter-0199-011,2026-01-15T11:19:00Z,meter-c-f04,15.54,15553.375
src-meter-0200-000,2026-01-15T11:20:00Z,meter-a-f01,14.09,10049.270
src-meter-0200-001,2026-01-15T11:20:00Z,meter-a-f02,14.96,10554.315
src-meter-0200-002,2026-01-15T11:20:00Z,meter-a-f03,15.72,11059.030
src-meter-0200-003,2026-01-15T11:20:00Z,meter-a-f04,16.72,11563.389
src-meter-0200-004,2026-01-15T11:20:00Z,meter-b-f01,14.20,12055.337
src-meter-0200-005,2026-01-15T11:20:00Z,meter-b-f02,15.75,12559.418
src-meter-0200-006,2026-01-15T11:20:00Z,meter-b-f03,17.15,13063.258
src-meter-0200-007,2026-01-15T11:20:00Z,meter-b-f04,18.77,13567.077
src-meter-0200-008,2026-01-15T11:20:00Z,meter-c-f01,11.28,14042.035
src-meter-0200-009,2026-01-15T11:20:00Z,meter-c-f02,12.90,14545.822
src-meter-0200-010,2026-01-15T11:20:00Z,meter-c-f03,14.17,15049.712
src-meter-0200-011,2026-01-15T11:20:00Z,meter-c-f04,15.79,15553.638
src-meter-0201-000,2026-01-15T11:21:00Z,meter-a-f01,14.01,10049.504
src-meter-0201-001,2026-01-15T11:21:00Z,meter-a-f02,14.98,10554.565
src-meter-0201-002,2026-01-15T11:21:00Z,meter-a-f03,15.81,11059.294
src-meter-0201-003,2026-01-15T11:21:00Z,meter-a-f04,16.72,11563.668
src-meter-0201-004,2026-01-15T11:21:00Z,meter-b-f01,14.27,12055.575
src-meter-0201-005,2026-01-15T11:21:00Z,meter-b-f02,15.57,12559.677
src-meter-0201-006,2026-01-15T11:21:00Z,meter-b-f03,17.04,13063.542
src-meter-0201-007,2026-01-15T11:21:00Z,meter-b-f04,18.71,13567.389
src-meter-0201-008,2026-01-15T11:21:00Z,meter-c-f01,11.44,14042.225
src-meter-0201-009,2026-01-15T11:21:00Z,meter-c-f02,12.69,14546.033
src-meter-0201-010,2026-01-15T11:21:00Z,meter-c-f03,14.52,15049.954
src-meter-0201-011,2026-01-15T11:21:00Z,meter-c-f04,15.85,15553.903
src-meter-0202-000,2026-01-15T11:22:00Z,meter-a-f01,14.45,10049.744
src-meter-0202-001,2026-01-15T11:22:00Z,meter-a-f02,15.00,10554.815
src-meter-0202-002,2026-01-15T11:22:00Z,meter-a-f03,15.95,11059.560
src-meter-0202-003,2026-01-15T11:22:00Z,meter-a-f04,16.61,11563.945
src-meter-0202-004,2026-01-15T11:22:00Z,meter-b-f01,14.70,12055.820
src-meter-0202-005,2026-01-15T11:22:00Z,meter-b-f02,16.02,12559.944
src-meter-0202-006,2026-01-15T11:22:00Z,meter-b-f03,16.89,13063.823
src-meter-0202-007,2026-01-15T11:22:00Z,meter-b-f04,18.32,13567.694
src-meter-0202-008,2026-01-15T11:22:00Z,meter-c-f01,11.69,14042.420
src-meter-0202-009,2026-01-15T11:22:00Z,meter-c-f02,13.02,14546.250
src-meter-0202-010,2026-01-15T11:22:00Z,meter-c-f03,13.91,15050.186
src-meter-0202-011,2026-01-15T11:22:00Z,meter-c-f04,15.77,15554.165
src-meter-0203-000,2026-01-15T11:23:00Z,meter-a-f01,14.10,10049.979
src-meter-0203-001,2026-01-15T11:23:00Z,meter-a-f02,14.85,10555.062
src-meter-0203-002,2026-01-15T11:23:00Z,meter-a-f03,16.11,11059.828
src-meter-0203-003,2026-01-15T11:23:00Z,meter-a-f04,16.72,11564.223
src-meter-0203-004,2026-01-15T11:23:00Z,meter-b-f01,14.44,12056.061
src-meter-0203-005,2026-01-15T11:23:00Z,meter-b-f02,15.76,12560.207
src-meter-0203-006,2026-01-15T11:23:00Z,meter-b-f03,17.17,13064.109
src-meter-0203-007,2026-01-15T11:23:00Z,meter-b-f04,18.46,13568.002
src-meter-0203-008,2026-01-15T11:23:00Z,meter-c-f01,11.29,14042.608
src-meter-0203-009,2026-01-15T11:23:00Z,meter-c-f02,13.07,14546.468
src-meter-0203-010,2026-01-15T11:23:00Z,meter-c-f03,14.50,15050.427
src-meter-0203-011,2026-01-15T11:23:00Z,meter-c-f04,15.29,15554.420
src-meter-0204-000,2026-01-15T11:24:00Z,meter-a-f01,14.15,10050.215
src-meter-0204-001,2026-01-15T11:24:00Z,meter-a-f02,14.90,10555.310
src-meter-0204-002,2026-01-15T11:24:00Z,meter-a-f03,15.69,11060.090
src-meter-0204-003,2026-01-15T11:24:00Z,meter-a-f04,16.84,11564.504
src-meter-0204-004,2026-01-15T11:24:00Z,meter-b-f01,14.73,12056.306
src-meter-0204-005,2026-01-15T11:24:00Z,meter-b-f02,15.58,12560.466
src-meter-0204-006,2026-01-15T11:24:00Z,meter-b-f03,16.85,13064.390
src-meter-0204-007,2026-01-15T11:24:00Z,meter-b-f04,18.28,13568.307
src-meter-0204-008,2026-01-15T11:24:00Z,meter-c-f01,11.21,14042.795
src-meter-0204-009,2026-01-15T11:24:00Z,meter-c-f02,12.62,14546.678
src-meter-0204-010,2026-01-15T11:24:00Z,meter-c-f03,14.51,15050.669
src-meter-0204-011,2026-01-15T11:24:00Z,meter-c-f04,15.77,15554.683
src-meter-0205-000,2026-01-15T11:25:00Z,meter-a-f01,14.29,10050.453
src-meter-0205-001,2026-01-15T11:25:00Z,meter-a-f02,14.61,10555.554
src-meter-0205-002,2026-01-15T11:25:00Z,meter-a-f03,15.73,11060.352
src-meter-0205-003,2026-01-15T11:25:00Z,meter-a-f04,16.39,11564.777
src-meter-0205-004,2026-01-15T11:25:00Z,meter-b-f01,14.75,12056.552
src-meter-0205-005,2026-01-15T11:25:00Z,meter-b-f02,15.61,12560.727
src-meter-0205-006,2026-01-15T11:25:00Z,meter-b-f03,17.31,13064.679
src-meter-0205-007,2026-01-15T11:25:00Z,meter-b-f04,18.67,13568.618
src-meter-0205-008,2026-01-15T11:25:00Z,meter-c-f01,11.28,14042.983
src-meter-0205-009,2026-01-15T11:25:00Z,meter-c-f02,13.08,14546.896
src-meter-0205-010,2026-01-15T11:25:00Z,meter-c-f03,14.46,15050.910
src-meter-0205-011,2026-01-15T11:25:00Z,meter-c-f04,15.39,15554.940
src-meter-0206-000,2026-01-15T11:26:00Z,meter-a-f01,14.24,10050.691
src-meter-0206-001,2026-01-15T11:26:00Z,meter-a-f02,14.58,10555.797
src-meter-0206-002,2026-01-15T11:26:00Z,meter-a-f03,15.71,11060.614
src-meter-0206-003,2026-01-15T11:26:00Z,meter-a-f04,16.37,11565.050
src-meter-0206-004,2026-01-15T11:26:00Z,meter-b-f01,14.58,12056.795
src-meter-0206-005,2026-01-15T11:26:00Z,meter-b-f02,15.97,12560.993
src-meter-0206-006,2026-01-15T11:26:00Z,meter-b-f03,17.19,13064.965
src-meter-0206-007,2026-01-15T11:26:00Z,meter-b-f04,18.75,13568.930
src-meter-0206-008,2026-01-15T11:26:00Z,meter-c-f01,11.66,14043.177
src-meter-0206-009,2026-01-15T11:26:00Z,meter-c-f02,12.83,14547.110
src-meter-0206-010,2026-01-15T11:26:00Z,meter-c-f03,14.20,15051.147
src-meter-0206-011,2026-01-15T11:26:00Z,meter-c-f04,15.47,15555.197
src-meter-0207-000,2026-01-15T11:27:00Z,meter-a-f01,14.15,10050.927
src-meter-0207-001,2026-01-15T11:27:00Z,meter-a-f02,14.84,10556.044
src-meter-0207-002,2026-01-15T11:27:00Z,meter-a-f03,15.39,11060.870
src-meter-0207-003,2026-01-15T11:27:00Z,meter-a-f04,16.33,11565.322
src-meter-0207-004,2026-01-15T11:27:00Z,meter-b-f01,14.42,12057.035
src-meter-0207-005,2026-01-15T11:27:00Z,meter-b-f02,16.12,12561.261
src-meter-0207-006,2026-01-15T11:27:00Z,meter-b-f03,17.24,13065.252
src-meter-0207-007,2026-01-15T11:27:00Z,meter-b-f04,18.45,13569.238
src-meter-0207-008,2026-01-15T11:27:00Z,meter-c-f01,11.22,14043.364
src-meter-0207-009,2026-01-15T11:27:00Z,meter-c-f02,12.72,14547.322
src-meter-0207-010,2026-01-15T11:27:00Z,meter-c-f03,14.13,15051.382
src-meter-0207-011,2026-01-15T11:27:00Z,meter-c-f04,15.44,15555.455
src-meter-0208-000,2026-01-15T11:28:00Z,meter-a-f01,14.37,10051.166
src-meter-0208-001,2026-01-15T11:28:00Z,meter-a-f02,15.08,10556.296
src-meter-0208-002,2026-01-15T11:28:00Z,meter-a-f03,15.58,11061.130
src-meter-0208-003,2026-01-15T11:28:00Z,meter-a-f04,16.77,11565.602
src-meter-0208-004,2026-01-15T11:28:00Z,meter-b-f01,14.48,12057.277
src-meter-0208-005,2026-01-15T11:28:00Z,meter-b-f02,15.80,12561.525
src-meter-0208-006,2026-01-15T11:28:00Z,meter-b-f03,16.96,13065.535
src-meter-0208-007,2026-01-15T11:28:00Z,meter-b-f04,18.32,13569.543
src-meter-0208-008,2026-01-15T11:28:00Z,meter-c-f01,11.57,14043.557
src-meter-0208-009,2026-01-15T11:28:00Z,meter-c-f02,12.92,14547.538
src-meter-0208-010,2026-01-15T11:28:00Z,meter-c-f03,14.46,15051.623
src-meter-0208-011,2026-01-15T11:28:00Z,meter-c-f04,15.51,15555.713
src-meter-0209-000,2026-01-15T11:29:00Z,meter-a-f01,14.25,10051.404
src-meter-0209-001,2026-01-15T11:29:00Z,meter-a-f02,15.09,10556.547
src-meter-0209-002,2026-01-15T11:29:00Z,meter-a-f03,15.43,11061.387
src-meter-0209-003,2026-01-15T11:29:00Z,meter-a-f04,16.42,11565.875
src-meter-0209-004,2026-01-15T11:29:00Z,meter-b-f01,14.44,12057.517
src-meter-0209-005,2026-01-15T11:29:00Z,meter-b-f02,15.83,12561.789
src-meter-0209-006,2026-01-15T11:29:00Z,meter-b-f03,17.46,13065.826
src-meter-0209-007,2026-01-15T11:29:00Z,meter-b-f04,18.51,13569.852
src-meter-0209-008,2026-01-15T11:29:00Z,meter-c-f01,11.13,14043.743
src-meter-0209-009,2026-01-15T11:29:00Z,meter-c-f02,12.93,14547.753
src-meter-0209-010,2026-01-15T11:29:00Z,meter-c-f03,14.21,15051.860
src-meter-0209-011,2026-01-15T11:29:00Z,meter-c-f04,15.33,15555.969
src-meter-0210-000,2026-01-15T11:30:00Z,meter-a-f01,14.18,10051.640
src-meter-0210-001,2026-01-15T11:30:00Z,meter-a-f02,14.88,10556.795
src-meter-0210-002,2026-01-15T11:30:00Z,meter-a-f03,15.58,11061.647
src-meter-0210-003,2026-01-15T11:30:00Z,meter-a-f04,16.29,11566.147
src-meter-0210-004,2026-01-15T11:30:00Z,meter-b-f01,14.40,12057.757
src-meter-0210-005,2026-01-15T11:30:00Z,meter-b-f02,15.53,12562.047
src-meter-0210-006,2026-01-15T11:30:00Z,meter-b-f03,16.91,13066.108
src-meter-0210-007,2026-01-15T11:30:00Z,meter-b-f04,18.87,13570.166
src-meter-0210-008,2026-01-15T11:30:00Z,meter-c-f01,11.20,14043.929
src-meter-0210-009,2026-01-15T11:30:00Z,meter-c-f02,13.06,14547.971
src-meter-0210-010,2026-01-15T11:30:00Z,meter-c-f03,14.24,15052.097
src-meter-0210-011,2026-01-15T11:30:00Z,meter-c-f04,15.73,15556.231
src-meter-0211-000,2026-01-15T11:31:00Z,meter-a-f01,13.85,10051.871
src-meter-0211-001,2026-01-15T11:31:00Z,meter-a-f02,14.43,10557.036
src-meter-0211-002,2026-01-15T11:31:00Z,meter-a-f03,15.66,11061.908
src-meter-0211-003,2026-01-15T11:31:00Z,meter-a-f04,16.64,11566.424
src-meter-0211-004,2026-01-15T11:31:00Z,meter-b-f01,14.67,12058.002
src-meter-0211-005,2026-01-15T11:31:00Z,meter-b-f02,16.06,12562.315
src-meter-0211-006,2026-01-15T11:31:00Z,meter-b-f03,17.13,13066.393
src-meter-0211-007,2026-01-15T11:31:00Z,meter-b-f04,18.36,13570.472
src-meter-0211-008,2026-01-15T11:31:00Z,meter-c-f01,11.66,14044.124
src-meter-0211-009,2026-01-15T11:31:00Z,meter-c-f02,12.48,14548.179
src-meter-0211-010,2026-01-15T11:31:00Z,meter-c-f03,14.14,15052.333
src-meter-0211-011,2026-01-15T11:31:00Z,meter-c-f04,15.59,15556.491
src-meter-0212-000,2026-01-15T11:32:00Z,meter-a-f01,13.75,10052.100
src-meter-0212-001,2026-01-15T11:32:00Z,meter-a-f02,14.99,10557.285
src-meter-0212-002,2026-01-15T11:32:00Z,meter-a-f03,15.26,11062.162
src-meter-0212-003,2026-01-15T11:32:00Z,meter-a-f04,16.54,11566.700
src-meter-0212-004,2026-01-15T11:32:00Z,meter-b-f01,14.51,12058.244
src-meter-0212-005,2026-01-15T11:32:00Z,meter-b-f02,15.94,12562.581
src-meter-0212-006,2026-01-15T11:32:00Z,meter-b-f03,17.27,13066.681
src-meter-0212-007,2026-01-15T11:32:00Z,meter-b-f04,18.71,13570.784
src-meter-0212-008,2026-01-15T11:32:00Z,meter-c-f01,11.46,14044.315
src-meter-0212-009,2026-01-15T11:32:00Z,meter-c-f02,12.96,14548.395
src-meter-0212-010,2026-01-15T11:32:00Z,meter-c-f03,13.85,15052.564
src-meter-0212-011,2026-01-15T11:32:00Z,meter-c-f04,15.81,15556.754
src-meter-0213-000,2026-01-15T11:33:00Z,meter-a-f01,13.93,10052.332
src-meter-0213-001,2026-01-15T11:33:00Z,meter-a-f02,14.35,10557.524
src-meter-0213-002,2026-01-15T11:33:00Z,meter-a-f03,15.50,11062.420
src-meter-0213-003,2026-01-15T11:33:00Z,meter-a-f04,16.72,11566.979
src-meter-0213-004,2026-01-15T11:33:00Z,meter-b-f01,14.35,12058.483
src-meter-0213-005,2026-01-15T11:33:00Z,meter-b-f02,15.67,12562.842
src-meter-0213-006,2026-01-15T11:33:00Z,meter-b-f03,17.00,13066.965
src-meter-0213-007,2026-01-15T11:33:00Z,meter-b-f04,18.72,13571.096
src-meter-0213-008,2026-01-15T11:33:00Z,meter-c-f01,11.21,14044.502
src-meter-0213-009,2026-01-15T11:33:00Z,meter-c-f02,13.12,14548.613
src-meter-0213-010,2026-01-15T11:33:00Z,meter-c-f03,14.03,15052.798
src-meter-0213-011,2026-01-15T11:33:00Z,meter-c-f04,15.53,15557.013
src-meter-0214-000,2026-01-15T11:34:00Z,meter-a-f01,13.52,10052.557
src-meter-0214-001,2026-01-15T11:34:00Z,meter-a-f02,14.94,10557.773
src-meter-0214-002,2026-01-15T11:34:00Z,meter-a-f03,15.43,11062.677
src-meter-0214-003,2026-01-15T11:34:00Z,meter-a-f04,16.57,11567.255
src-meter-0214-004,2026-01-15T11:34:00Z,meter-b-f01,14.22,12058.720
src-meter-0214-005,2026-01-15T11:34:00Z,meter-b-f02,15.45,12563.100
src-meter-0214-006,2026-01-15T11:34:00Z,meter-b-f03,17.02,13067.248
src-meter-0214-007,2026-01-15T11:34:00Z,meter-b-f04,18.42,13571.403
src-meter-0214-008,2026-01-15T11:34:00Z,meter-c-f01,11.67,14044.696
src-meter-0214-009,2026-01-15T11:34:00Z,meter-c-f02,12.69,14548.825
src-meter-0214-010,2026-01-15T11:34:00Z,meter-c-f03,14.16,15053.034
src-meter-0214-011,2026-01-15T11:34:00Z,meter-c-f04,15.75,15557.276
src-meter-0215-000,2026-01-15T11:35:00Z,meter-a-f01,13.93,10052.790
src-meter-0215-001,2026-01-15T11:35:00Z,meter-a-f02,14.45,10558.014
src-meter-0215-002,2026-01-15T11:35:00Z,meter-a-f03,15.11,11062.929
src-meter-0215-003,2026-01-15T11:35:00Z,meter-a-f04,16.90,11567.537
src-meter-0215-004,2026-01-15T11:35:00Z,meter-b-f01,14.57,12058.963
src-meter-0215-005,2026-01-15T11:35:00Z,meter-b-f02,16.12,12563.368
src-meter-0215-006,2026-01-15T11:35:00Z,meter-b-f03,17.31,13067.537
src-meter-0215-007,2026-01-15T11:35:00Z,meter-b-f04,18.48,13571.711
src-meter-0215-008,2026-01-15T11:35:00Z,meter-c-f01,11.52,14044.888
src-meter-0215-009,2026-01-15T11:35:00Z,meter-c-f02,12.86,14549.039
src-meter-0215-010,2026-01-15T11:35:00Z,meter-c-f03,14.43,15053.274
src-meter-0215-011,2026-01-15T11:35:00Z,meter-c-f04,15.82,15557.539
src-meter-0216-000,2026-01-15T11:36:00Z,meter-a-f01,14.09,10053.024
src-meter-0216-001,2026-01-15T11:36:00Z,meter-a-f02,14.28,10558.252
src-meter-0216-002,2026-01-15T11:36:00Z,meter-a-f03,15.07,11063.180
src-meter-0216-003,2026-01-15T11:36:00Z,meter-a-f04,16.55,11567.813
src-meter-0216-004,2026-01-15T11:36:00Z,meter-b-f01,14.25,12059.200
src-meter-0216-005,2026-01-15T11:36:00Z,meter-b-f02,15.56,12563.628
src-meter-0216-006,2026-01-15T11:36:00Z,meter-b-f03,17.55,13067.829
src-meter-0216-007,2026-01-15T11:36:00Z,meter-b-f04,18.46,13572.019
src-meter-0216-008,2026-01-15T11:36:00Z,meter-c-f01,11.29,14045.076
src-meter-0216-009,2026-01-15T11:36:00Z,meter-c-f02,12.81,14549.253
src-meter-0216-010,2026-01-15T11:36:00Z,meter-c-f03,14.25,15053.512
src-meter-0216-011,2026-01-15T11:36:00Z,meter-c-f04,15.41,15557.796
src-meter-0217-000,2026-01-15T11:37:00Z,meter-a-f01,13.45,10053.248
src-meter-0217-001,2026-01-15T11:37:00Z,meter-a-f02,14.29,10558.490
src-meter-0217-002,2026-01-15T11:37:00Z,meter-a-f03,15.47,11063.438
src-meter-0217-003,2026-01-15T11:37:00Z,meter-a-f04,16.27,11568.084
src-meter-0217-004,2026-01-15T11:37:00Z,meter-b-f01,14.65,12059.444
src-meter-0217-005,2026-01-15T11:37:00Z,meter-b-f02,16.13,12563.896
src-meter-0217-006,2026-01-15T11:37:00Z,meter-b-f03,17.22,13068.116
src-meter-0217-007,2026-01-15T11:37:00Z,meter-b-f04,18.53,13572.327
src-meter-0217-008,2026-01-15T11:37:00Z,meter-c-f01,11.29,14045.264
src-meter-0217-009,2026-01-15T11:37:00Z,meter-c-f02,12.67,14549.464
src-meter-0217-010,2026-01-15T11:37:00Z,meter-c-f03,14.24,15053.749
src-meter-0217-011,2026-01-15T11:37:00Z,meter-c-f04,15.52,15558.055
src-meter-0218-000,2026-01-15T11:38:00Z,meter-a-f01,13.80,10053.478
src-meter-0218-001,2026-01-15T11:38:00Z,meter-a-f02,14.34,10558.729
src-meter-0218-002,2026-01-15T11:38:00Z,meter-a-f03,15.23,11063.692
src-meter-0218-003,2026-01-15T11:38:00Z,meter-a-f04,16.74,11568.363
src-meter-0218-004,2026-01-15T11:38:00Z,meter-b-f01,14.63,12059.688
src-meter-0218-005,2026-01-15T11:38:00Z,meter-b-f02,15.58,12564.156
src-meter-0218-006,2026-01-15T11:38:00Z,meter-b-f03,17.33,13068.405
src-meter-0218-007,2026-01-15T11:38:00Z,meter-b-f04,18.33,13572.633
src-meter-0218-008,2026-01-15T11:38:00Z,meter-c-f01,11.11,14045.449
src-meter-0218-009,2026-01-15T11:38:00Z,meter-c-f02,13.01,14549.681
src-meter-0218-010,2026-01-15T11:38:00Z,meter-c-f03,14.23,15053.986
src-meter-0218-011,2026-01-15T11:38:00Z,meter-c-f04,15.40,15558.311
src-meter-0219-000,2026-01-15T11:39:00Z,meter-a-f01,13.47,10053.703
src-meter-0219-001,2026-01-15T11:39:00Z,meter-a-f02,14.34,10558.968
src-meter-0219-002,2026-01-15T11:39:00Z,meter-a-f03,15.16,11063.945
src-meter-0219-003,2026-01-15T11:39:00Z,meter-a-f04,16.66,11568.640
src-meter-0219-004,2026-01-15T11:39:00Z,meter-b-f01,14.45,12059.929
src-meter-0219-005,2026-01-15T11:39:00Z,meter-b-f02,15.58,12564.416
src-meter-0219-006,2026-01-15T11:39:00Z,meter-b-f03,16.97,13068.688
src-meter-0219-007,2026-01-15T11:39:00Z,meter-b-f04,18.26,13572.937
src-meter-0219-008,2026-01-15T11:39:00Z,meter-c-f01,11.59,14045.643
src-meter-0219-009,2026-01-15T11:39:00Z,meter-c-f02,12.80,14549.894
src-meter-0219-010,2026-01-15T11:39:00Z,meter-c-f03,14.45,15054.227
src-meter-0219-011,2026-01-15T11:39:00Z,meter-c-f04,15.73,15558.574
src-meter-0220-000,2026-01-15T11:40:00Z,meter-a-f01,13.69,10053.931
src-meter-0220-001,2026-01-15T11:40:00Z,meter-a-f02,14.34,10559.207
src-meter-0220-002,2026-01-15T11:40:00Z,meter-a-f03,15.31,11064.200
src-meter-0220-003,2026-01-15T11:40:00Z,meter-a-f04,16.75,11568.920
src-meter-0220-004,2026-01-15T11:40:00Z,meter-b-f01,14.47,12060.170
src-meter-0220-005,2026-01-15T11:40:00Z,meter-b-f02,15.60,12564.676
src-meter-0220-006,2026-01-15T11:40:00Z,meter-b-f03,17.43,13068.979
src-meter-0220-007,2026-01-15T11:40:00Z,meter-b-f04,18.81,13573.251
src-meter-0220-008,2026-01-15T11:40:00Z,meter-c-f01,11.15,14045.828
src-meter-0220-009,2026-01-15T11:40:00Z,meter-c-f02,12.83,14550.108
src-meter-0220-010,2026-01-15T11:40:00Z,meter-c-f03,14.51,15054.469
src-meter-0220-011,2026-01-15T11:40:00Z,meter-c-f04,15.78,15558.836
src-meter-0221-000,2026-01-15T11:41:00Z,meter-a-f01,13.59,10054.158
src-meter-0221-001,2026-01-15T11:41:00Z,meter-a-f02,14.25,10559.445
src-meter-0221-002,2026-01-15T11:41:00Z,meter-a-f03,14.87,11064.448
src-meter-0221-003,2026-01-15T11:41:00Z,meter-a-f04,16.38,11569.193
src-meter-0221-004,2026-01-15T11:41:00Z,meter-b-f01,14.60,12060.414
src-meter-0221-005,2026-01-15T11:41:00Z,meter-b-f02,15.87,12564.940
src-meter-0221-006,2026-01-15T11:41:00Z,meter-b-f03,17.26,13069.266
src-meter-0221-007,2026-01-15T11:41:00Z,meter-b-f04,18.43,13573.558
src-meter-0221-008,2026-01-15T11:41:00Z,meter-c-f01,11.30,14046.017
src-meter-0221-009,2026-01-15T11:41:00Z,meter-c-f02,12.60,14550.318
src-meter-0221-010,2026-01-15T11:41:00Z,meter-c-f03,14.01,15054.702
src-meter-0221-011,2026-01-15T11:41:00Z,meter-c-f04,15.70,15559.098
src-meter-0222-000,2026-01-15T11:42:00Z,meter-a-f01,13.24,10054.379
src-meter-0222-001,2026-01-15T11:42:00Z,meter-a-f02,14.02,10559.679
src-meter-0222-002,2026-01-15T11:42:00Z,meter-a-f03,15.54,11064.707
src-meter-0222-003,2026-01-15T11:42:00Z,meter-a-f04,16.39,11569.466
src-meter-0222-004,2026-01-15T11:42:00Z,meter-b-f01,14.21,12060.651
src-meter-0222-005,2026-01-15T11:42:00Z,meter-b-f02,15.51,12565.199
src-meter-0222-006,2026-01-15T11:42:00Z,meter-b-f03,17.15,13069.552
src-meter-0222-007,2026-01-15T11:42:00Z,meter-b-f04,18.58,13573.868
src-meter-0222-008,2026-01-15T11:42:00Z,meter-c-f01,11.28,14046.205
src-meter-0222-009,2026-01-15T11:42:00Z,meter-c-f02,12.67,14550.529
src-meter-0222-010,2026-01-15T11:42:00Z,meter-c-f03,14.16,15054.938
src-meter-0222-011,2026-01-15T11:42:00Z,meter-c-f04,15.52,15559.357
src-meter-0223-000,2026-01-15T11:43:00Z,meter-a-f01,13.36,10054.601
src-meter-0223-001,2026-01-15T11:43:00Z,meter-a-f02,14.38,10559.918
src-meter-0223-002,2026-01-15T11:43:00Z,meter-a-f03,14.86,11064.954
src-meter-0223-003,2026-01-15T11:43:00Z,meter-a-f04,16.33,11569.738
src-meter-0223-004,2026-01-15T11:43:00Z,meter-b-f01,14.75,12060.896
src-meter-0223-005,2026-01-15T11:43:00Z,meter-b-f02,15.90,12565.464
src-meter-0223-006,2026-01-15T11:43:00Z,meter-b-f03,16.99,13069.835
src-meter-0223-007,2026-01-15T11:43:00Z,meter-b-f04,18.53,13574.176
src-meter-0223-008,2026-01-15T11:43:00Z,meter-c-f01,11.49,14046.396
src-meter-0223-009,2026-01-15T11:43:00Z,meter-c-f02,13.06,14550.747
src-meter-0223-010,2026-01-15T11:43:00Z,meter-c-f03,14.40,15055.178
src-meter-0223-011,2026-01-15T11:43:00Z,meter-c-f04,15.27,15559.611
src-meter-0224-000,2026-01-15T11:44:00Z,meter-a-f01,13.65,10054.829
src-meter-0224-001,2026-01-15T11:44:00Z,meter-a-f02,14.39,10560.158
src-meter-0224-002,2026-01-15T11:44:00Z,meter-a-f03,15.39,11065.211
src-meter-0224-003,2026-01-15T11:44:00Z,meter-a-f04,16.58,11570.014
src-meter-0224-004,2026-01-15T11:44:00Z,meter-b-f01,14.13,12061.132
src-meter-0224-005,2026-01-15T11:44:00Z,meter-b-f02,16.01,12565.731
src-meter-0224-006,2026-01-15T11:44:00Z,meter-b-f03,17.38,13070.125
src-meter-0224-007,2026-01-15T11:44:00Z,meter-b-f04,18.70,13574.488
src-meter-0224-008,2026-01-15T11:44:00Z,meter-c-f01,11.45,14046.587
src-meter-0224-009,2026-01-15T11:44:00Z,meter-c-f02,13.14,14550.966
src-meter-0224-010,2026-01-15T11:44:00Z,meter-c-f03,14.46,15055.419
src-meter-0224-011,2026-01-15T11:44:00Z,meter-c-f04,15.57,15559.871
src-meter-0225-000,2026-01-15T11:45:00Z,meter-a-f01,13.14,10055.048
src-meter-0225-001,2026-01-15T11:45:00Z,meter-a-f02,13.84,10560.389
src-meter-0225-002,2026-01-15T11:45:00Z,meter-a-f03,14.91,11065.459
src-meter-0225-003,2026-01-15T11:45:00Z,meter-a-f04,16.32,11570.286
src-meter-0225-004,2026-01-15T11:45:00Z,meter-b-f01,14.08,12061.366
src-meter-0225-005,2026-01-15T11:45:00Z,meter-b-f02,15.64,12565.991
src-meter-0225-006,2026-01-15T11:45:00Z,meter-b-f03,16.89,13070.406
src-meter-0225-007,2026-01-15T11:45:00Z,meter-b-f04,18.94,13574.804
src-meter-0225-008,2026-01-15T11:45:00Z,meter-c-f01,11.52,14046.779
src-meter-0225-009,2026-01-15T11:45:00Z,meter-c-f02,12.86,14551.180
src-meter-0225-010,2026-01-15T11:45:00Z,meter-c-f03,13.91,15055.651
src-meter-0225-011,2026-01-15T11:45:00Z,meter-c-f04,15.52,15560.130
src-meter-0226-000,2026-01-15T11:46:00Z,meter-a-f01,13.51,10055.273
src-meter-0226-001,2026-01-15T11:46:00Z,meter-a-f02,14.07,10560.623
src-meter-0226-002,2026-01-15T11:46:00Z,meter-a-f03,15.38,11065.716
src-meter-0226-003,2026-01-15T11:46:00Z,meter-a-f04,16.42,11570.560
src-meter-0226-004,2026-01-15T11:46:00Z,meter-b-f01,14.51,12061.608
src-meter-0226-005,2026-01-15T11:46:00Z,meter-b-f02,15.61,12566.251
src-meter-0226-006,2026-01-15T11:46:00Z,meter-b-f03,17.42,13070.697
src-meter-0226-007,2026-01-15T11:46:00Z,meter-b-f04,18.40,13575.110
src-meter-0226-008,2026-01-15T11:46:00Z,meter-c-f01,11.64,14046.973
src-meter-0226-009,2026-01-15T11:46:00Z,meter-c-f02,12.89,14551.395
src-meter-0226-010,2026-01-15T11:46:00Z,meter-c-f03,13.93,15055.883
src-meter-0226-011,2026-01-15T11:46:00Z,meter-c-f04,15.63,15560.390
src-meter-0227-000,2026-01-15T11:47:00Z,meter-a-f01,13.41,10055.496
src-meter-0227-001,2026-01-15T11:47:00Z,meter-a-f02,14.35,10560.862
src-meter-0227-002,2026-01-15T11:47:00Z,meter-a-f03,15.35,11065.971
src-meter-0227-003,2026-01-15T11:47:00Z,meter-a-f04,16.81,11570.840
src-meter-0227-004,2026-01-15T11:47:00Z,meter-b-f01,14.63,12061.852
src-meter-0227-005,2026-01-15T11:47:00Z,meter-b-f02,15.86,12566.516
src-meter-0227-006,2026-01-15T11:47:00Z,meter-b-f03,17.21,13070.983
src-meter-0227-007,2026-01-15T11:47:00Z,meter-b-f04,18.87,13575.425
src-meter-0227-008,2026-01-15T11:47:00Z,meter-c-f01,11.30,14047.161
src-meter-0227-009,2026-01-15T11:47:00Z,meter-c-f02,13.04,14551.612
src-meter-0227-010,2026-01-15T11:47:00Z,meter-c-f03,14.37,15056.123
src-meter-0227-011,2026-01-15T11:47:00Z,meter-c-f04,15.73,15560.652
src-meter-0228-000,2026-01-15T11:48:00Z,meter-a-f01,13.57,10055.723
src-meter-0228-001,2026-01-15T11:48:00Z,meter-a-f02,14.14,10561.098
src-meter-0228-002,2026-01-15T11:48:00Z,meter-a-f03,15.39,11066.228
src-meter-0228-003,2026-01-15T11:48:00Z,meter-a-f04,16.93,11571.122
src-meter-0228-004,2026-01-15T11:48:00Z,meter-b-f01,14.11,12062.087
src-meter-0228-005,2026-01-15T11:48:00Z,meter-b-f02,15.89,12566.781
src-meter-0228-006,2026-01-15T11:48:00Z,meter-b-f03,17.00,13071.267
src-meter-0228-007,2026-01-15T11:48:00Z,meter-b-f04,18.40,13575.732
src-meter-0228-008,2026-01-15T11:48:00Z,meter-c-f01,11.40,14047.351
src-meter-0228-009,2026-01-15T11:48:00Z,meter-c-f02,12.96,14551.828
src-meter-0228-010,2026-01-15T11:48:00Z,meter-c-f03,14.30,15056.361
src-meter-0228-011,2026-01-15T11:48:00Z,meter-c-f04,15.55,15560.911
src-meter-0229-000,2026-01-15T11:49:00Z,meter-a-f01,13.31,10055.944
src-meter-0229-001,2026-01-15T11:49:00Z,meter-a-f02,13.99,10561.331
src-meter-0229-002,2026-01-15T11:49:00Z,meter-a-f03,14.85,11066.476
src-meter-0229-003,2026-01-15T11:49:00Z,meter-a-f04,16.39,11571.396
src-meter-0229-004,2026-01-15T11:49:00Z,meter-b-f01,14.32,12062.326
src-meter-0229-005,2026-01-15T11:49:00Z,meter-b-f02,16.07,12567.048
src-meter-0229-006,2026-01-15T11:49:00Z,meter-b-f03,16.87,13071.548
src-meter-0229-007,2026-01-15T11:49:00Z,meter-b-f04,18.63,13576.042
src-meter-0229-008,2026-01-15T11:49:00Z,meter-c-f01,11.10,14047.536
src-meter-0229-009,2026-01-15T11:49:00Z,meter-c-f02,12.72,14552.040
src-meter-0229-010,2026-01-15T11:49:00Z,meter-c-f03,14.28,15056.599
src-meter-0229-011,2026-01-15T11:49:00Z,meter-c-f04,15.84,15561.175
src-meter-0230-000,2026-01-15T11:50:00Z,meter-a-f01,13.27,10056.166
src-meter-0230-001,2026-01-15T11:50:00Z,meter-a-f02,13.70,10561.560
src-meter-0230-002,2026-01-15T11:50:00Z,meter-a-f03,15.11,11066.727
src-meter-0230-003,2026-01-15T11:50:00Z,meter-a-f04,16.39,11571.669
src-meter-0230-004,2026-01-15T11:50:00Z,meter-b-f01,14.46,12062.567
src-meter-0230-005,2026-01-15T11:50:00Z,meter-b-f02,16.00,12567.315
src-meter-0230-006,2026-01-15T11:50:00Z,meter-b-f03,16.92,13071.830
src-meter-0230-007,2026-01-15T11:50:00Z,meter-b-f04,18.27,13576.347
src-meter-0230-008,2026-01-15T11:50:00Z,meter-c-f01,11.09,14047.721
src-meter-0230-009,2026-01-15T11:50:00Z,meter-c-f02,12.62,14552.250
src-meter-0230-010,2026-01-15T11:50:00Z,meter-c-f03,14.36,15056.838
src-meter-0230-011,2026-01-15T11:50:00Z,meter-c-f04,15.55,15561.435
src-meter-0231-000,2026-01-15T11:51:00Z,meter-a-f01,13.08,10056.384
src-meter-0231-001,2026-01-15T11:51:00Z,meter-a-f02,13.78,10561.789
src-meter-0231-002,2026-01-15T11:51:00Z,meter-a-f03,15.12,11066.979
src-meter-0231-003,2026-01-15T11:51:00Z,meter-a-f04,16.55,11571.945
src-meter-0231-004,2026-01-15T11:51:00Z,meter-b-f01,14.48,12062.808
src-meter-0231-005,2026-01-15T11:51:00Z,meter-b-f02,15.69,12567.577
src-meter-0231-006,2026-01-15T11:51:00Z,meter-b-f03,17.23,13072.117
src-meter-0231-007,2026-01-15T11:51:00Z,meter-b-f04,18.93,13576.662
src-meter-0231-008,2026-01-15T11:51:00Z,meter-c-f01,11.55,14047.914
src-meter-0231-009,2026-01-15T11:51:00Z,meter-c-f02,12.89,14552.465
src-meter-0231-010,2026-01-15T11:51:00Z,meter-c-f03,14.02,15057.072
src-meter-0231-011,2026-01-15T11:51:00Z,meter-c-f04,15.60,15561.695
src-meter-0232-000,2026-01-15T11:52:00Z,meter-a-f01,13.17,10056.603
src-meter-0232-001,2026-01-15T11:52:00Z,meter-a-f02,14.06,10562.024
src-meter-0232-002,2026-01-15T11:52:00Z,meter-a-f03,15.25,11067.234
src-meter-0232-003,2026-01-15T11:52:00Z,meter-a-f04,16.93,11572.227
src-meter-0232-004,2026-01-15T11:52:00Z,meter-b-f01,14.10,12063.043
src-meter-0232-005,2026-01-15T11:52:00Z,meter-b-f02,16.03,12567.844
src-meter-0232-006,2026-01-15T11:52:00Z,meter-b-f03,16.93,13072.399
src-meter-0232-007,2026-01-15T11:52:00Z,meter-b-f04,18.40,13576.969
src-meter-0232-008,2026-01-15T11:52:00Z,meter-c-f01,11.57,14048.106
src-meter-0232-009,2026-01-15T11:52:00Z,meter-c-f02,12.48,14552.673
src-meter-0232-010,2026-01-15T11:52:00Z,meter-c-f03,14.41,15057.312
src-meter-0232-011,2026-01-15T11:52:00Z,meter-c-f04,15.87,15561.959
src-meter-0233-000,2026-01-15T11:53:00Z,meter-a-f01,12.94,10056.819
src-meter-0233-001,2026-01-15T11:53:00Z,meter-a-f02,13.83,10562.254
src-meter-0233-002,2026-01-15T11:53:00Z,meter-a-f03,15.33,11067.489
src-meter-0233-003,2026-01-15T11:53:00Z,meter-a-f04,16.63,11572.504
src-meter-0233-004,2026-01-15T11:53:00Z,meter-b-f01,14.21,12063.280
src-meter-0233-005,2026-01-15T11:53:00Z,meter-b-f02,15.90,12568.109
src-meter-0233-006,2026-01-15T11:53:00Z,meter-b-f03,17.19,13072.686
src-meter-0233-007,2026-01-15T11:53:00Z,meter-b-f04,18.82,13577.283
src-meter-0233-008,2026-01-15T11:53:00Z,meter-c-f01,11.57,14048.299
src-meter-0233-009,2026-01-15T11:53:00Z,meter-c-f02,13.09,14552.891
src-meter-0233-010,2026-01-15T11:53:00Z,meter-c-f03,14.41,15057.552
src-meter-0233-011,2026-01-15T11:53:00Z,meter-c-f04,15.44,15562.216
src-meter-0234-000,2026-01-15T11:54:00Z,meter-a-f01,13.19,10057.039
src-meter-0234-001,2026-01-15T11:54:00Z,meter-a-f02,13.56,10562.480
src-meter-0234-002,2026-01-15T11:54:00Z,meter-a-f03,15.53,11067.748
src-meter-0234-003,2026-01-15T11:54:00Z,meter-a-f04,16.89,11572.785
src-meter-0234-004,2026-01-15T11:54:00Z,meter-b-f01,14.29,12063.518
src-meter-0234-005,2026-01-15T11:54:00Z,meter-b-f02,15.47,12568.367
src-meter-0234-006,2026-01-15T11:54:00Z,meter-b-f03,17.00,13072.969
src-meter-0234-007,2026-01-15T11:54:00Z,meter-b-f04,18.68,13577.594
src-meter-0234-008,2026-01-15T11:54:00Z,meter-c-f01,11.20,14048.486
src-meter-0234-009,2026-01-15T11:54:00Z,meter-c-f02,12.51,14553.100
src-meter-0234-010,2026-01-15T11:54:00Z,meter-c-f03,14.31,15057.791
src-meter-0234-011,2026-01-15T11:54:00Z,meter-c-f04,15.60,15562.476
src-meter-0235-000,2026-01-15T11:55:00Z,meter-a-f01,12.92,10057.254
src-meter-0235-001,2026-01-15T11:55:00Z,meter-a-f02,13.88,10562.711
src-meter-0235-002,2026-01-15T11:55:00Z,meter-a-f03,15.37,11068.004
src-meter-0235-003,2026-01-15T11:55:00Z,meter-a-f04,16.87,11573.066
src-meter-0235-004,2026-01-15T11:55:00Z,meter-b-f01,14.69,12063.763
src-meter-0235-005,2026-01-15T11:55:00Z,meter-b-f02,15.77,12568.629
src-meter-0235-006,2026-01-15T11:55:00Z,meter-b-f03,17.53,13073.261
src-meter-0235-007,2026-01-15T11:55:00Z,meter-b-f04,18.33,13577.900
src-meter-0235-008,2026-01-15T11:55:00Z,meter-c-f01,11.42,14048.676
src-meter-0235-009,2026-01-15T11:55:00Z,meter-c-f02,12.90,14553.315
src-meter-0235-010,2026-01-15T11:55:00Z,meter-c-f03,14.24,15058.028
src-meter-0235-011,2026-01-15T11:55:00Z,meter-c-f04,15.52,15562.735
src-meter-0236-000,2026-01-15T11:56:00Z,meter-a-f01,13.19,10057.474
src-meter-0236-001,2026-01-15T11:56:00Z,meter-a-f02,13.86,10562.942
src-meter-0236-002,2026-01-15T11:56:00Z,meter-a-f03,15.17,11068.257
src-meter-0236-003,2026-01-15T11:56:00Z,meter-a-f04,16.82,11573.347
src-meter-0236-004,2026-01-15T11:56:00Z,meter-b-f01,14.51,12064.005
src-meter-0236-005,2026-01-15T11:56:00Z,meter-b-f02,15.98,12568.896
src-meter-0236-006,2026-01-15T11:56:00Z,meter-b-f03,17.17,13073.547
src-meter-0236-007,2026-01-15T11:56:00Z,meter-b-f04,18.58,13578.209
src-meter-0236-008,2026-01-15T11:56:00Z,meter-c-f01,11.28,14048.864
src-meter-0236-009,2026-01-15T11:56:00Z,meter-c-f02,12.60,14553.525
src-meter-0236-010,2026-01-15T11:56:00Z,meter-c-f03,14.26,15058.266
src-meter-0236-011,2026-01-15T11:56:00Z,meter-c-f04,15.90,15563.000
src-meter-0237-000,2026-01-15T11:57:00Z,meter-a-f01,13.23,10057.694
src-meter-0237-001,2026-01-15T11:57:00Z,meter-a-f02,13.61,10563.169
src-meter-0237-002,2026-01-15T11:57:00Z,meter-a-f03,15.28,11068.511
src-meter-0237-003,2026-01-15T11:57:00Z,meter-a-f04,16.71,11573.625
src-meter-0237-004,2026-01-15T11:57:00Z,meter-b-f01,14.06,12064.239
src-meter-0237-005,2026-01-15T11:57:00Z,meter-b-f02,15.93,12569.161
src-meter-0237-006,2026-01-15T11:57:00Z,meter-b-f03,17.11,13073.833
src-meter-0237-007,2026-01-15T11:57:00Z,meter-b-f04,18.55,13578.518
src-meter-0237-008,2026-01-15T11:57:00Z,meter-c-f01,11.50,14049.056
src-meter-0237-009,2026-01-15T11:57:00Z,meter-c-f02,12.58,14553.735
src-meter-0237-010,2026-01-15T11:57:00Z,meter-c-f03,14.32,15058.504
src-meter-0237-011,2026-01-15T11:57:00Z,meter-c-f04,15.28,15563.255
src-meter-0238-000,2026-01-15T11:58:00Z,meter-a-f01,13.20,10057.914
src-meter-0238-001,2026-01-15T11:58:00Z,meter-a-f02,14.08,10563.404
src-meter-0238-002,2026-01-15T11:58:00Z,meter-a-f03,15.33,11068.767
src-meter-0238-003,2026-01-15T11:58:00Z,meter-a-f04,16.35,11573.898
src-meter-0238-004,2026-01-15T11:58:00Z,meter-b-f01,14.30,12064.478
src-meter-0238-005,2026-01-15T11:58:00Z,meter-b-f02,15.46,12569.419
src-meter-0238-006,2026-01-15T11:58:00Z,meter-b-f03,17.06,13074.117
src-meter-0238-007,2026-01-15T11:58:00Z,meter-b-f04,18.80,13578.832
src-meter-0238-008,2026-01-15T11:58:00Z,meter-c-f01,11.51,14049.248
src-meter-0238-009,2026-01-15T11:58:00Z,meter-c-f02,12.88,14553.949
src-meter-0238-010,2026-01-15T11:58:00Z,meter-c-f03,14.51,15058.746
src-meter-0238-011,2026-01-15T11:58:00Z,meter-c-f04,15.27,15563.509
src-meter-0239-000,2026-01-15T11:59:00Z,meter-a-f01,12.71,10058.126
src-meter-0239-001,2026-01-15T11:59:00Z,meter-a-f02,13.77,10563.633
src-meter-0239-002,2026-01-15T11:59:00Z,meter-a-f03,15.28,11069.022
src-meter-0239-003,2026-01-15T11:59:00Z,meter-a-f04,16.67,11574.176
src-meter-0239-004,2026-01-15T11:59:00Z,meter-b-f01,14.68,12064.722
src-meter-0239-005,2026-01-15T11:59:00Z,meter-b-f02,15.74,12569.681
src-meter-0239-006,2026-01-15T11:59:00Z,meter-b-f03,17.03,13074.401
src-meter-0239-007,2026-01-15T11:59:00Z,meter-b-f04,18.86,13579.146
src-meter-0239-008,2026-01-15T11:59:00Z,meter-c-f01,11.73,14049.443
src-meter-0239-009,2026-01-15T11:59:00Z,meter-c-f02,13.06,14554.167
src-meter-0239-010,2026-01-15T11:59:00Z,meter-c-f03,14.00,15058.979
src-meter-0239-011,2026-01-15T11:59:00Z,meter-c-f04,15.91,15563.774
src-meter-0240-000,2026-01-15T12:00:00Z,meter-a-f01,12.63,10058.336
src-meter-0240-001,2026-01-15T12:00:00Z,meter-a-f02,13.85,10563.864
src-meter-0240-002,2026-01-15T12:00:00Z,meter-a-f03,15.04,11069.272
src-meter-0240-003,2026-01-15T12:00:00Z,meter-a-f04,16.85,11574.456
src-meter-0240-004,2026-01-15T12:00:00Z,meter-b-f01,14.12,12064.958
src-meter-0240-005,2026-01-15T12:00:00Z,meter-b-f02,15.46,12569.939
src-meter-0240-006,2026-01-15T12:00:00Z,meter-b-f03,17.25,13074.688
src-meter-0240-007,2026-01-15T12:00:00Z,meter-b-f04,18.40,13579.453
src-meter-0240-008,2026-01-15T12:00:00Z,meter-c-f01,11.60,14049.636
src-meter-0240-009,2026-01-15T12:00:00Z,meter-c-f02,12.94,14554.383
src-meter-0240-010,2026-01-15T12:00:00Z,meter-c-f03,14.39,15059.219
src-meter-0240-011,2026-01-15T12:00:00Z,meter-c-f04,15.49,15564.033
src-meter-0241-000,2026-01-15T12:01:00Z,meter-a-f01,12.48,10058.545
src-meter-0241-001,2026-01-15T12:01:00Z,meter-a-f02,13.48,10564.089
src-meter-0241-002,2026-01-15T12:01:00Z,meter-a-f03,14.96,11069.522
src-meter-0241-003,2026-01-15T12:01:00Z,meter-a-f04,16.51,11574.732
src-meter-0241-004,2026-01-15T12:01:00Z,meter-b-f01,14.18,12065.194
src-meter-0241-005,2026-01-15T12:01:00Z,meter-b-f02,15.76,12570.202
src-meter-0241-006,2026-01-15T12:01:00Z,meter-b-f03,17.43,13074.979
src-meter-0241-007,2026-01-15T12:01:00Z,meter-b-f04,18.94,13579.768
src-meter-0241-008,2026-01-15T12:01:00Z,meter-c-f01,11.58,14049.829
src-meter-0241-009,2026-01-15T12:01:00Z,meter-c-f02,13.03,14554.600
src-meter-0241-010,2026-01-15T12:01:00Z,meter-c-f03,14.13,15059.455
src-meter-0241-011,2026-01-15T12:01:00Z,meter-c-f04,15.41,15564.289
src-meter-0242-000,2026-01-15T12:02:00Z,meter-a-f01,12.61,10058.755
src-meter-0242-001,2026-01-15T12:02:00Z,meter-a-f02,13.49,10564.314
src-meter-0242-002,2026-01-15T12:02:00Z,meter-a-f03,14.89,11069.770
src-meter-0242-003,2026-01-15T12:02:00Z,meter-a-f04,16.64,11575.009
src-meter-0242-004,2026-01-15T12:02:00Z,meter-b-f01,14.26,12065.432
src-meter-0242-005,2026-01-15T12:02:00Z,meter-b-f02,15.84,12570.466
src-meter-0242-006,2026-01-15T12:02:00Z,meter-b-f03,16.96,13075.262
src-meter-0242-007,2026-01-15T12:02:00Z,meter-b-f04,18.77,13580.081
src-meter-0242-008,2026-01-15T12:02:00Z,meter-c-f01,11.72,14050.025
src-meter-0242-009,2026-01-15T12:02:00Z,meter-c-f02,12.53,14554.809
src-meter-0242-010,2026-01-15T12:02:00Z,meter-c-f03,14.37,15059.694
src-meter-0242-011,2026-01-15T12:02:00Z,meter-c-f04,15.84,15564.553
src-meter-0243-000,2026-01-15T12:03:00Z,meter-a-f01,12.55,10058.964
src-meter-0243-001,2026-01-15T12:03:00Z,meter-a-f02,13.77,10564.543
src-meter-0243-002,2026-01-15T12:03:00Z,meter-a-f03,15.22,11070.023
src-meter-0243-003,2026-01-15T12:03:00Z,meter-a-f04,16.42,11575.283
src-meter-0243-004,2026-01-15T12:03:00Z,meter-b-f01,14.53,12065.674
src-meter-0243-005,2026-01-15T12:03:00Z,meter-b-f02,16.06,12570.733
src-meter-0243-006,2026-01-15T12:03:00Z,meter-b-f03,17.00,13075.545
src-meter-0243-007,2026-01-15T12:03:00Z,meter-b-f04,18.31,13580.386
src-meter-0243-008,2026-01-15T12:03:00Z,meter-c-f01,11.63,14050.218
src-meter-0243-009,2026-01-15T12:03:00Z,meter-c-f02,12.89,14555.023
src-meter-0243-010,2026-01-15T12:03:00Z,meter-c-f03,14.35,15059.933
src-meter-0243-011,2026-01-15T12:03:00Z,meter-c-f04,15.55,15564.812
src-meter-0244-000,2026-01-15T12:04:00Z,meter-a-f01,12.93,10059.179
src-meter-0244-001,2026-01-15T12:04:00Z,meter-a-f02,13.90,10564.775
src-meter-0244-002,2026-01-15T12:04:00Z,meter-a-f03,14.99,11070.273
src-meter-0244-003,2026-01-15T12:04:00Z,meter-a-f04,16.81,11575.563
src-meter-0244-004,2026-01-15T12:04:00Z,meter-b-f01,14.73,12065.919
src-meter-0244-005,2026-01-15T12:04:00Z,meter-b-f02,15.52,12570.992
src-meter-0244-006,2026-01-15T12:04:00Z,meter-b-f03,17.23,13075.832
src-meter-0244-007,2026-01-15T12:04:00Z,meter-b-f04,18.28,13580.691
src-meter-0244-008,2026-01-15T12:04:00Z,meter-c-f01,11.19,14050.405
src-meter-0244-009,2026-01-15T12:04:00Z,meter-c-f02,12.63,14555.234
src-meter-0244-010,2026-01-15T12:04:00Z,meter-c-f03,14.39,15060.173
src-meter-0244-011,2026-01-15T12:04:00Z,meter-c-f04,15.63,15565.073
src-meter-0245-000,2026-01-15T12:05:00Z,meter-a-f01,12.42,10059.386
src-meter-0245-001,2026-01-15T12:05:00Z,meter-a-f02,14.01,10565.008
src-meter-0245-002,2026-01-15T12:05:00Z,meter-a-f03,14.97,11070.523
src-meter-0245-003,2026-01-15T12:05:00Z,meter-a-f04,16.30,11575.835
src-meter-0245-004,2026-01-15T12:05:00Z,meter-b-f01,14.55,12066.162
src-meter-0245-005,2026-01-15T12:05:00Z,meter-b-f02,16.01,12571.259
src-meter-0245-006,2026-01-15T12:05:00Z,meter-b-f03,17.45,13076.123
src-meter-0245-007,2026-01-15T12:05:00Z,meter-b-f04,18.49,13580.999
src-meter-0245-008,2026-01-15T12:05:00Z,meter-c-f01,11.07,14050.590
src-meter-0245-009,2026-01-15T12:05:00Z,meter-c-f02,13.00,14555.451
src-meter-0245-010,2026-01-15T12:05:00Z,meter-c-f03,13.87,15060.404
src-meter-0245-011,2026-01-15T12:05:00Z,meter-c-f04,15.32,15565.328
src-meter-0246-000,2026-01-15T12:06:00Z,meter-a-f01,12.38,10059.593
src-meter-0246-001,2026-01-15T12:06:00Z,meter-a-f02,13.59,10565.235
src-meter-0246-002,2026-01-15T12:06:00Z,meter-a-f03,15.17,11070.776
src-meter-0246-003,2026-01-15T12:06:00Z,meter-a-f04,16.58,11576.111
src-meter-0246-004,2026-01-15T12:06:00Z,meter-b-f01,14.57,12066.405
src-meter-0246-005,2026-01-15T12:06:00Z,meter-b-f02,15.46,12571.516
src-meter-0246-006,2026-01-15T12:06:00Z,meter-b-f03,17.28,13076.411
src-meter-0246-007,2026-01-15T12:06:00Z,meter-b-f04,18.37,13581.305
src-meter-0246-008,2026-01-15T12:06:00Z,meter-c-f01,11.50,14050.781
src-meter-0246-009,2026-01-15T12:06:00Z,meter-c-f02,12.93,14555.666
src-meter-0246-010,2026-01-15T12:06:00Z,meter-c-f03,14.03,15060.638
src-meter-0246-011,2026-01-15T12:06:00Z,meter-c-f04,15.54,15565.587
src-meter-0247-000,2026-01-15T12:07:00Z,meter-a-f01,12.83,10059.807
src-meter-0247-001,2026-01-15T12:07:00Z,meter-a-f02,13.74,10565.464
src-meter-0247-002,2026-01-15T12:07:00Z,meter-a-f03,15.31,11071.031
src-meter-0247-003,2026-01-15T12:07:00Z,meter-a-f04,16.38,11576.384
src-meter-0247-004,2026-01-15T12:07:00Z,meter-b-f01,14.12,12066.640
src-meter-0247-005,2026-01-15T12:07:00Z,meter-b-f02,15.67,12571.778
src-meter-0247-006,2026-01-15T12:07:00Z,meter-b-f03,17.12,13076.696
src-meter-0247-007,2026-01-15T12:07:00Z,meter-b-f04,18.38,13581.612
src-meter-0247-008,2026-01-15T12:07:00Z,meter-c-f01,11.10,14050.966
src-meter-0247-009,2026-01-15T12:07:00Z,meter-c-f02,13.12,14555.885
src-meter-0247-010,2026-01-15T12:07:00Z,meter-c-f03,14.17,15060.874
src-meter-0247-011,2026-01-15T12:07:00Z,meter-c-f04,15.50,15565.845
src-meter-0248-000,2026-01-15T12:08:00Z,meter-a-f01,12.19,10060.010
src-meter-0248-001,2026-01-15T12:08:00Z,meter-a-f02,14.13,10565.699
src-meter-0248-002,2026-01-15T12:08:00Z,meter-a-f03,15.44,11071.288
src-meter-0248-003,2026-01-15T12:08:00Z,meter-a-f04,16.83,11576.664
src-meter-0248-004,2026-01-15T12:08:00Z,meter-b-f01,14.05,12066.874
src-meter-0248-005,2026-01-15T12:08:00Z,meter-b-f02,15.72,12572.040
src-meter-0248-006,2026-01-15T12:08:00Z,meter-b-f03,17.24,13076.984
src-meter-0248-007,2026-01-15T12:08:00Z,meter-b-f04,18.46,13581.920
src-meter-0248-008,2026-01-15T12:08:00Z,meter-c-f01,11.32,14051.155
src-meter-0248-009,2026-01-15T12:08:00Z,meter-c-f02,12.78,14556.098
src-meter-0248-010,2026-01-15T12:08:00Z,meter-c-f03,14.22,15061.111
src-meter-0248-011,2026-01-15T12:08:00Z,meter-c-f04,15.61,15566.106
src-meter-0249-000,2026-01-15T12:09:00Z,meter-a-f01,12.57,10060.219
src-meter-0249-001,2026-01-15T12:09:00Z,meter-a-f02,13.93,10565.932
src-meter-0249-002,2026-01-15T12:09:00Z,meter-a-f03,15.45,11071.545
src-meter-0249-003,2026-01-15T12:09:00Z,meter-a-f04,16.71,11576.943
src-meter-0249-004,2026-01-15T12:09:00Z,meter-b-f01,14.51,12067.116
src-meter-0249-005,2026-01-15T12:09:00Z,meter-b-f02,15.99,12572.306
src-meter-0249-006,2026-01-15T12:09:00Z,meter-b-f03,17.13,13077.269
src-meter-0249-007,2026-01-15T12:09:00Z,meter-b-f04,18.91,13582.235
src-meter-0249-008,2026-01-15T12:09:00Z,meter-c-f01,11.44,14051.346
src-meter-0249-009,2026-01-15T12:09:00Z,meter-c-f02,12.69,14556.309
src-meter-0249-010,2026-01-15T12:09:00Z,meter-c-f03,14.05,15061.345
src-meter-0249-011,2026-01-15T12:09:00Z,meter-c-f04,15.58,15566.365
src-meter-0250-000,2026-01-15T12:10:00Z,meter-a-f01,12.67,10060.431
src-meter-0250-001,2026-01-15T12:10:00Z,meter-a-f02,13.75,10566.161
src-meter-0250-002,2026-01-15T12:10:00Z,meter-a-f03,15.15,11071.798
src-meter-0250-003,2026-01-15T12:10:00Z,meter-a-f04,16.27,11577.214
src-meter-0250-004,2026-01-15T12:10:00Z,meter-b-f01,14.69,12067.361
src-meter-0250-005,2026-01-15T12:10:00Z,meter-b-f02,15.58,12572.566
src-meter-0250-006,2026-01-15T12:10:00Z,meter-b-f03,16.99,13077.552
src-meter-0250-007,2026-01-15T12:10:00Z,meter-b-f04,18.35,13582.541
src-meter-0250-008,2026-01-15T12:10:00Z,meter-c-f01,11.56,14051.538
src-meter-0250-009,2026-01-15T12:10:00Z,meter-c-f02,12.51,14556.518
src-meter-0250-010,2026-01-15T12:10:00Z,meter-c-f03,14.22,15061.582
src-meter-0250-011,2026-01-15T12:10:00Z,meter-c-f04,15.94,15566.631
src-meter-0251-000,2026-01-15T12:11:00Z,meter-a-f01,12.29,10060.635
src-meter-0251-001,2026-01-15T12:11:00Z,meter-a-f02,13.91,10566.393
src-meter-0251-002,2026-01-15T12:11:00Z,meter-a-f03,15.51,11072.056
src-meter-0251-003,2026-01-15T12:11:00Z,meter-a-f04,16.54,11577.490
src-meter-0251-004,2026-01-15T12:11:00Z,meter-b-f01,14.67,12067.606
src-meter-0251-005,2026-01-15T12:11:00Z,meter-b-f02,15.73,12572.828
src-meter-0251-006,2026-01-15T12:11:00Z,meter-b-f03,17.27,13077.840
src-meter-0251-007,2026-01-15T12:11:00Z,meter-b-f04,18.79,13582.854
src-meter-0251-008,2026-01-15T12:11:00Z,meter-c-f01,11.66,14051.733
src-meter-0251-009,2026-01-15T12:11:00Z,meter-c-f02,13.09,14556.736
src-meter-0251-010,2026-01-15T12:11:00Z,meter-c-f03,14.21,15061.819
src-meter-0251-011,2026-01-15T12:11:00Z,meter-c-f04,15.86,15566.895
src-meter-0252-000,2026-01-15T12:12:00Z,meter-a-f01,12.29,10060.840
src-meter-0252-001,2026-01-15T12:12:00Z,meter-a-f02,13.88,10566.624
src-meter-0252-002,2026-01-15T12:12:00Z,meter-a-f03,15.51,11072.315
src-meter-0252-003,2026-01-15T12:12:00Z,meter-a-f04,16.58,11577.766
src-meter-0252-004,2026-01-15T12:12:00Z,meter-b-f01,14.35,12067.845
src-meter-0252-005,2026-01-15T12:12:00Z,meter-b-f02,15.95,12573.094
src-meter-0252-006,2026-01-15T12:12:00Z,meter-b-f03,16.91,13078.122
src-meter-0252-007,2026-01-15T12:12:00Z,meter-b-f04,18.71,13583.166
src-meter-0252-008,2026-01-15T12:12:00Z,meter-c-f01,11.25,14051.920
src-meter-0252-009,2026-01-15T12:12:00Z,meter-c-f02,12.50,14556.944
src-meter-0252-010,2026-01-15T12:12:00Z,meter-c-f03,13.98,15062.052
src-meter-0252-011,2026-01-15T12:12:00Z,meter-c-f04,15.59,15567.155
src-meter-0253-000,2026-01-15T12:13:00Z,meter-a-f01,12.66,10061.051
src-meter-0253-001,2026-01-15T12:13:00Z,meter-a-f02,14.14,10566.860
src-meter-0253-002,2026-01-15T12:13:00Z,meter-a-f03,15.22,11072.568
src-meter-0253-003,2026-01-15T12:13:00Z,meter-a-f04,16.30,11578.038
src-meter-0253-004,2026-01-15T12:13:00Z,meter-b-f01,14.60,12068.088
src-meter-0253-005,2026-01-15T12:13:00Z,meter-b-f02,15.83,12573.358
src-meter-0253-006,2026-01-15T12:13:00Z,meter-b-f03,17.33,13078.411
src-meter-0253-007,2026-01-15T12:13:00Z,meter-b-f04,18.33,13583.471
src-meter-0253-008,2026-01-15T12:13:00Z,meter-c-f01,11.49,14052.112
src-meter-0253-009,2026-01-15T12:13:00Z,meter-c-f02,12.61,14557.154
src-meter-0253-010,2026-01-15T12:13:00Z,meter-c-f03,14.04,15062.286
src-meter-0253-011,2026-01-15T12:13:00Z,meter-c-f04,15.86,15567.419
src-meter-0254-000,2026-01-15T12:14:00Z,meter-a-f01,12.67,10061.262
src-meter-0254-001,2026-01-15T12:14:00Z,meter-a-f02,13.63,10567.087
src-meter-0254-002,2026-01-15T12:14:00Z,meter-a-f03,15.47,11072.826
src-meter-0254-003,2026-01-15T12:14:00Z,meter-a-f04,16.26,11578.309
src-meter-0254-004,2026-01-15T12:14:00Z,meter-b-f01,14.37,12068.327
src-meter-0254-005,2026-01-15T12:14:00Z,meter-b-f02,15.62,12573.618
src-meter-0254-006,2026-01-15T12:14:00Z,meter-b-f03,17.26,13078.699
src-meter-0254-007,2026-01-15T12:14:00Z,meter-b-f04,18.71,13583.783
src-meter-0254-008,2026-01-15T12:14:00Z,meter-c-f01,11.60,14052.305
src-meter-0254-009,2026-01-15T12:14:00Z,meter-c-f02,12.59,14557.364
src-meter-0254-010,2026-01-15T12:14:00Z,meter-c-f03,14.44,15062.527
src-meter-0254-011,2026-01-15T12:14:00Z,meter-c-f04,15.71,15567.681
src-meter-0255-000,2026-01-15T12:15:00Z,meter-a-f01,12.41,10061.469
src-meter-0255-001,2026-01-15T12:15:00Z,meter-a-f02,13.69,10567.315
src-meter-0255-002,2026-01-15T12:15:00Z,meter-a-f03,15.06,11073.077
src-meter-0255-003,2026-01-15T12:15:00Z,meter-a-f04,16.89,11578.591
src-meter-0255-004,2026-01-15T12:15:00Z,meter-b-f01,14.73,12068.573
src-meter-0255-005,2026-01-15T12:15:00Z,meter-b-f02,15.99,12573.884
src-meter-0255-006,2026-01-15T12:15:00Z,meter-b-f03,17.28,13078.987
src-meter-0255-007,2026-01-15T12:15:00Z,meter-b-f04,18.37,13584.089
src-meter-0255-008,2026-01-15T12:15:00Z,meter-c-f01,11.23,14052.492
src-meter-0255-009,2026-01-15T12:15:00Z,meter-c-f02,12.48,14557.572
src-meter-0255-010,2026-01-15T12:15:00Z,meter-c-f03,14.07,15062.762
src-meter-0255-011,2026-01-15T12:15:00Z,meter-c-f04,15.81,15567.945
src-meter-0256-000,2026-01-15T12:16:00Z,meter-a-f01,12.47,10061.677
src-meter-0256-001,2026-01-15T12:16:00Z,meter-a-f02,13.77,10567.544
src-meter-0256-002,2026-01-15T12:16:00Z,meter-a-f03,15.25,11073.331
src-meter-0256-003,2026-01-15T12:16:00Z,meter-a-f04,16.87,11578.872
src-meter-0256-004,2026-01-15T12:16:00Z,meter-b-f01,14.12,12068.808
src-meter-0256-005,2026-01-15T12:16:00Z,meter-b-f02,16.04,12574.152
src-meter-0256-006,2026-01-15T12:16:00Z,meter-b-f03,17.51,13079.278
src-meter-0256-007,2026-01-15T12:16:00Z,meter-b-f04,18.55,13584.398
src-meter-0256-008,2026-01-15T12:16:00Z,meter-c-f01,11.26,14052.680
src-meter-0256-009,2026-01-15T12:16:00Z,meter-c-f02,12.76,14557.785
src-meter-0256-010,2026-01-15T12:16:00Z,meter-c-f03,14.05,15062.996
src-meter-0256-011,2026-01-15T12:16:00Z,meter-c-f04,15.42,15568.202
src-meter-0257-000,2026-01-15T12:17:00Z,meter-a-f01,12.30,10061.882
src-meter-0257-001,2026-01-15T12:17:00Z,meter-a-f02,13.62,10567.771
src-meter-0257-002,2026-01-15T12:17:00Z,meter-a-f03,15.23,11073.585
src-meter-0257-003,2026-01-15T12:17:00Z,meter-a-f04,16.73,11579.150
src-meter-0257-004,2026-01-15T12:17:00Z,meter-b-f01,14.09,12069.043
src-meter-0257-005,2026-01-15T12:17:00Z,meter-b-f02,15.48,12574.410
src-meter-0257-006,2026-01-15T12:17:00Z,meter-b-f03,17.53,13079.571
src-meter-0257-007,2026-01-15T12:17:00Z,meter-b-f04,18.62,13584.708
src-meter-0257-008,2026-01-15T12:17:00Z,meter-c-f01,11.36,14052.869
src-meter-0257-009,2026-01-15T12:17:00Z,meter-c-f02,12.89,14557.999
src-meter-0257-010,2026-01-15T12:17:00Z,meter-c-f03,14.25,15063.233
src-meter-0257-011,2026-01-15T12:17:00Z,meter-c-f04,15.81,15568.465
src-meter-0258-000,2026-01-15T12:18:00Z,meter-a-f01,12.17,10062.085
src-meter-0258-001,2026-01-15T12:18:00Z,meter-a-f02,13.76,10568.001
src-meter-0258-002,2026-01-15T12:18:00Z,meter-a-f03,15.48,11073.843
src-meter-0258-003,2026-01-15T12:18:00Z,meter-a-f04,16.74,11579.430
src-meter-0258-004,2026-01-15T12:18:00Z,meter-b-f01,14.29,12069.281
src-meter-0258-005,2026-01-15T12:18:00Z,meter-b-f02,15.47,12574.668
src-meter-0258-006,2026-01-15T12:18:00Z,meter-b-f03,16.92,13079.853
src-meter-0258-007,2026-01-15T12:18:00Z,meter-b-f04,18.38,13585.015
src-meter-0258-008,2026-01-15T12:18:00Z,meter-c-f01,11.53,14053.061
src-meter-0258-009,2026-01-15T12:18:00Z,meter-c-f02,12.63,14558.210
src-meter-0258-010,2026-01-15T12:18:00Z,meter-c-f03,14.15,15063.469
src-meter-0258-011,2026-01-15T12:18:00Z,meter-c-f04,15.37,15568.721
src-meter-0259-000,2026-01-15T12:19:00Z,meter-a-f01,12.64,10062.296
src-meter-0259-001,2026-01-15T12:19:00Z,meter-a-f02,13.56,10568.227
src-meter-0259-002,2026-01-15T12:19:00Z,meter-a-f03,15.00,11074.093
src-meter-0259-003,2026-01-15T12:19:00Z,meter-a-f04,16.57,11579.706
src-meter-0259-004,2026-01-15T12:19:00Z,meter-b-f01,14.44,12069.522
src-meter-0259-005,2026-01-15T12:19:00Z,meter-b-f02,15.56,12574.927
src-meter-0259-006,2026-01-15T12:19:00Z,meter-b-f03,17.27,13080.140
src-meter-0259-007,2026-01-15T12:19:00Z,meter-b-f04,18.80,13585.328
src-meter-0259-008,2026-01-15T12:19:00Z,meter-c-f01,11.72,14053.257
src-meter-0259-009,2026-01-15T12:19:00Z,meter-c-f02,12.64,14558.421
src-meter-0259-010,2026-01-15T12:19:00Z,meter-c-f03,14.43,15063.709
src-meter-0259-011,2026-01-15T12:19:00Z,meter-c-f04,15.79,15568.984
src-meter-0260-000,2026-01-15T12:20:00Z,meter-a-f01,12.50,10062.504
src-meter-0260-001,2026-01-15T12:20:00Z,meter-a-f02,14.00,10568.460
src-meter-0260-002,2026-01-15T12:20:00Z,meter-a-f03,15.50,11074.352
src-meter-0260-003,2026-01-15T12:20:00Z,meter-a-f04,16.53,11579.981
src-meter-0260-004,2026-01-15T12:20:00Z,meter-b-f01,14.42,12069.762
src-meter-0260-005,2026-01-15T12:20:00Z,meter-b-f02,15.46,12575.185
src-meter-0260-006,2026-01-15T12:20:00Z,meter-b-f03,17.17,13080.427
src-meter-0260-007,2026-01-15T12:20:00Z,meter-b-f04,18.62,13585.638
src-meter-0260-008,2026-01-15T12:20:00Z,meter-c-f01,11.48,14053.448
src-meter-0260-009,2026-01-15T12:20:00Z,meter-c-f02,12.49,14558.629
src-meter-0260-010,2026-01-15T12:20:00Z,meter-c-f03,14.39,15063.949
src-meter-0260-011,2026-01-15T12:20:00Z,meter-c-f04,15.87,15569.249
src-meter-0261-000,2026-01-15T12:21:00Z,meter-a-f01,12.43,10062.711
src-meter-0261-001,2026-01-15T12:21:00Z,meter-a-f02,13.83,10568.691
src-meter-0261-002,2026-01-15T12:21:00Z,meter-a-f03,15.45,11074.609
src-meter-0261-003,2026-01-15T12:21:00Z,meter-a-f04,16.88,11580.263
src-meter-0261-004,2026-01-15T12:21:00Z,meter-b-f01,14.71,12070.007
src-meter-0261-005,2026-01-15T12:21:00Z,meter-b-f02,15.46,12575.442
src-meter-0261-006,2026-01-15T12:21:00Z,meter-b-f03,16.91,13080.708
src-meter-0261-007,2026-01-15T12:21:00Z,meter-b-f04,18.70,13585.950
src-meter-0261-008,2026-01-15T12:21:00Z,meter-c-f01,11.38,14053.638
src-meter-0261-009,2026-01-15T12:21:00Z,meter-c-f02,12.65,14558.840
src-meter-0261-010,2026-01-15T12:21:00Z,meter-c-f03,14.24,15064.187
src-meter-0261-011,2026-01-15T12:21:00Z,meter-c-f04,15.34,15569.505
src-meter-0262-000,2026-01-15T12:22:00Z,meter-a-f01,12.11,10062.913
src-meter-0262-001,2026-01-15T12:22:00Z,meter-a-f02,13.85,10568.921
src-meter-0262-002,2026-01-15T12:22:00Z,meter-a-f03,14.94,11074.858
src-meter-0262-003,2026-01-15T12:22:00Z,meter-a-f04,16.36,11580.535
src-meter-0262-004,2026-01-15T12:22:00Z,meter-b-f01,14.37,12070.247
src-meter-0262-005,2026-01-15T12:22:00Z,meter-b-f02,15.46,12575.700
src-meter-0262-006,2026-01-15T12:22:00Z,meter-b-f03,16.92,13080.991
src-meter-0262-007,2026-01-15T12:22:00Z,meter-b-f04,18.48,13586.258
src-meter-0262-008,2026-01-15T12:22:00Z,meter-c-f01,11.58,14053.831
src-meter-0262-009,2026-01-15T12:22:00Z,meter-c-f02,12.53,14559.049
src-meter-0262-010,2026-01-15T12:22:00Z,meter-c-f03,14.20,15064.423
src-meter-0262-011,2026-01-15T12:22:00Z,meter-c-f04,15.84,15569.769
src-meter-0263-000,2026-01-15T12:23:00Z,meter-a-f01,12.29,10063.118
src-meter-0263-001,2026-01-15T12:23:00Z,meter-a-f02,14.03,10569.155
src-meter-0263-002,2026-01-15T12:23:00Z,meter-a-f03,15.32,11075.114
src-meter-0263-003,2026-01-15T12:23:00Z,meter-a-f04,16.33,11580.807
src-meter-0263-004,2026-01-15T12:23:00Z,meter-b-f01,14.72,12070.492
src-meter-0263-005,2026-01-15T12:23:00Z,meter-b-f02,15.70,12575.962
src-meter-0263-006,2026-01-15T12:23:00Z,meter-b-f03,17.19,13081.277
src-meter-0263-007,2026-01-15T12:23:00Z,meter-b-f04,18.40,13586.565
src-meter-0263-008,2026-01-15T12:23:00Z,meter-c-f01,11.22,14054.018
src-meter-0263-009,2026-01-15T12:23:00Z,meter-c-f02,12.77,14559.261
src-meter-0263-010,2026-01-15T12:23:00Z,meter-c-f03,13.99,15064.657
src-meter-0263-011,2026-01-15T12:23:00Z,meter-c-f04,15.33,15570.024
src-meter-0264-000,2026-01-15T12:24:00Z,meter-a-f01,12.13,10063.320
src-meter-0264-001,2026-01-15T12:24:00Z,meter-a-f02,14.15,10569.391
src-meter-0264-002,2026-01-15T12:24:00Z,meter-a-f03,15.18,11075.366
src-meter-0264-003,2026-01-15T12:24:00Z,meter-a-f04,16.66,11581.085
src-meter-0264-004,2026-01-15T12:24:00Z,meter-b-f01,14.31,12070.731
src-meter-0264-005,2026-01-15T12:24:00Z,meter-b-f02,15.50,12576.220
src-meter-0264-006,2026-01-15T12:24:00Z,meter-b-f03,17.49,13081.569
src-meter-0264-007,2026-01-15T12:24:00Z,meter-b-f04,18.79,13586.878
src-meter-0264-008,2026-01-15T12:24:00Z,meter-c-f01,11.35,14054.207
src-meter-0264-009,2026-01-15T12:24:00Z,meter-c-f02,12.79,14559.474
src-meter-0264-010,2026-01-15T12:24:00Z,meter-c-f03,14.10,15064.892
src-meter-0264-011,2026-01-15T12:24:00Z,meter-c-f04,15.26,15570.278
src-meter-0265-000,2026-01-15T12:25:00Z,meter-a-f01,12.20,10063.523
src-meter-0265-001,2026-01-15T12:25:00Z,meter-a-f02,14.06,10569.625
src-meter-0265-002,2026-01-15T12:25:00Z,meter-a-f03,15.16,11075.619
src-meter-0265-003,2026-01-15T12:25:00Z,meter-a-f04,16.32,11581.357
src-meter-0265-004,2026-01-15T12:25:00Z,meter-b-f01,14.51,12070.973
src-meter-0265-005,2026-01-15T12:25:00Z,meter-b-f02,15.91,12576.485
src-meter-0265-006,2026-01-15T12:25:00Z,meter-b-f03,17.11,13081.854
src-meter-0265-007,2026-01-15T12:25:00Z,meter-b-f04,18.51,13587.187
src-meter-0265-008,2026-01-15T12:25:00Z,meter-c-f01,11.24,14054.394
src-meter-0265-009,2026-01-15T12:25:00Z,meter-c-f02,12.49,14559.683
src-meter-0265-010,2026-01-15T12:25:00Z,meter-c-f03,14.09,15065.126
src-meter-0265-011,2026-01-15T12:25:00Z,meter-c-f04,15.35,15570.534
src-meter-0266-000,2026-01-15T12:26:00Z,meter-a-f01,12.24,10063.727
src-meter-0266-001,2026-01-15T12:26:00Z,meter-a-f02,14.02,10569.859
src-meter-0266-002,2026-01-15T12:26:00Z,meter-a-f03,14.93,11075.868
src-meter-0266-003,2026-01-15T12:26:00Z,meter-a-f04,16.51,11581.632
src-meter-0266-004,2026-01-15T12:26:00Z,meter-b-f01,14.43,12071.213
src-meter-0266-005,2026-01-15T12:26:00Z,meter-b-f02,15.81,12576.748
src-meter-0266-006,2026-01-15T12:26:00Z,meter-b-f03,17.25,13082.141
src-meter-0266-007,2026-01-15T12:26:00Z,meter-b-f04,18.28,13587.491
src-meter-0266-008,2026-01-15T12:26:00Z,meter-c-f01,11.63,14054.588
src-meter-0266-009,2026-01-15T12:26:00Z,meter-c-f02,12.74,14559.895
src-meter-0266-010,2026-01-15T12:26:00Z,meter-c-f03,13.94,15065.359
src-meter-0266-011,2026-01-15T12:26:00Z,meter-c-f04,15.57,15570.794
src-meter-0267-000,2026-01-15T12:27:00Z,meter-a-f01,12.42,10063.934
src-meter-0267-001,2026-01-15T12:27:00Z,meter-a-f02,13.67,10570.087
src-meter-0267-002,2026-01-15T12:27:00Z,meter-a-f03,14.94,11076.117
src-meter-0267-003,2026-01-15T12:27:00Z,meter-a-f04,16.40,11581.906
src-meter-0267-004,2026-01-15T12:27:00Z,meter-b-f01,14.68,12071.458
src-meter-0267-005,2026-01-15T12:27:00Z,meter-b-f02,15.71,12577.010
src-meter-0267-006,2026-01-15T12:27:00Z,meter-b-f03,17.47,13082.432
src-meter-0267-007,2026-01-15T12:27:00Z,meter-b-f04,18.51,13587.800
src-meter-0267-008,2026-01-15T12:27:00Z,meter-c-f01,11.06,14054.772
src-meter-0267-009,2026-01-15T12:27:00Z,meter-c-f02,12.68,14560.106
src-meter-0267-010,2026-01-15T12:27:00Z,meter-c-f03,14.23,15065.596
src-meter-0267-011,2026-01-15T12:27:00Z,meter-c-f04,15.68,15571.055
src-meter-0268-000,2026-01-15T12:28:00Z,meter-a-f01,12.27,10064.139
src-meter-0268-001,2026-01-15T12:28:00Z,meter-a-f02,13.59,10570.313
src-meter-0268-002,2026-01-15T12:28:00Z,meter-a-f03,15.50,11076.375
src-meter-0268-003,2026-01-15T12:28:00Z,meter-a-f04,16.85,11582.187
src-meter-0268-004,2026-01-15T12:28:00Z,meter-b-f01,14.36,12071.697
src-meter-0268-005,2026-01-15T12:28:00Z,meter-b-f02,15.68,12577.272
src-meter-0268-006,2026-01-15T12:28:00Z,meter-b-f03,17.43,13082.723
src-meter-0268-007,2026-01-15T12:28:00Z,meter-b-f04,18.47,13588.108
src-meter-0268-008,2026-01-15T12:28:00Z,meter-c-f01,11.07,14054.957
src-meter-0268-009,2026-01-15T12:28:00Z,meter-c-f02,13.02,14560.323
src-meter-0268-010,2026-01-15T12:28:00Z,meter-c-f03,14.32,15065.835
src-meter-0268-011,2026-01-15T12:28:00Z,meter-c-f04,15.71,15571.317
src-meter-0269-000,2026-01-15T12:29:00Z,meter-a-f01,12.32,10064.344
src-meter-0269-001,2026-01-15T12:29:00Z,meter-a-f02,13.95,10570.546
src-meter-0269-002,2026-01-15T12:29:00Z,meter-a-f03,15.25,11076.629
src-meter-0269-003,2026-01-15T12:29:00Z,meter-a-f04,16.80,11582.467
src-meter-0269-004,2026-01-15T12:29:00Z,meter-b-f01,14.27,12071.935
src-meter-0269-005,2026-01-15T12:29:00Z,meter-b-f02,16.13,12577.541
src-meter-0269-006,2026-01-15T12:29:00Z,meter-b-f03,17.04,13083.007
src-meter-0269-007,2026-01-15T12:29:00Z,meter-b-f04,18.41,13588.415
src-meter-0269-008,2026-01-15T12:29:00Z,meter-c-f01,11.73,14055.152
src-meter-0269-009,2026-01-15T12:29:00Z,meter-c-f02,12.76,14560.536
src-meter-0269-010,2026-01-15T12:29:00Z,meter-c-f03,14.13,15066.070
src-meter-0269-011,2026-01-15T12:29:00Z,meter-c-f04,15.43,15571.574
src-meter-0270-000,2026-01-15T12:30:00Z,meter-a-f01,12.27,10064.549
src-meter-0270-001,2026-01-15T12:30:00Z,meter-a-f02,13.76,10570.775
src-meter-0270-002,2026-01-15T12:30:00Z,meter-a-f03,15.40,11076.886
src-meter-0270-003,2026-01-15T12:30:00Z,meter-a-f04,16.74,11582.746
src-meter-0270-004,2026-01-15T12:30:00Z,meter-b-f01,14.15,12072.171
src-meter-0270-005,2026-01-15T12:30:00Z,meter-b-f02,15.49,12577.799
src-meter-0270-006,2026-01-15T12:30:00Z,meter-b-f03,17.16,13083.293
src-meter-0270-007,2026-01-15T12:30:00Z,meter-b-f04,18.38,13588.721
src-meter-0270-008,2026-01-15T12:30:00Z,meter-c-f01,11.08,14055.337
src-meter-0270-009,2026-01-15T12:30:00Z,meter-c-f02,12.61,14560.746
src-meter-0270-010,2026-01-15T12:30:00Z,meter-c-f03,14.27,15066.308
src-meter-0270-011,2026-01-15T12:30:00Z,meter-c-f04,15.75,15571.837
src-meter-0271-000,2026-01-15T12:31:00Z,meter-a-f01,12.50,10064.757
src-meter-0271-001,2026-01-15T12:31:00Z,meter-a-f02,13.84,10571.006
src-meter-0271-002,2026-01-15T12:31:00Z,meter-a-f03,15.40,11077.143
src-meter-0271-003,2026-01-15T12:31:00Z,meter-a-f04,16.55,11583.021
src-meter-0271-004,2026-01-15T12:31:00Z,meter-b-f01,14.43,12072.411
src-meter-0271-005,2026-01-15T12:31:00Z,meter-b-f02,15.88,12578.063
src-meter-0271-006,2026-01-15T12:31:00Z,meter-b-f03,17.39,13083.582
src-meter-0271-007,2026-01-15T12:31:00Z,meter-b-f04,18.62,13589.031
src-meter-0271-008,2026-01-15T12:31:00Z,meter-c-f01,11.20,14055.524
src-meter-0271-009,2026-01-15T12:31:00Z,meter-c-f02,12.57,14560.956
src-meter-0271-010,2026-01-15T12:31:00Z,meter-c-f03,14.22,15066.545
src-meter-0271-011,2026-01-15T12:31:00Z,meter-c-f04,15.59,15572.097
src-meter-0272-000,2026-01-15T12:32:00Z,meter-a-f01,12.65,10064.968
src-meter-0272-001,2026-01-15T12:32:00Z,meter-a-f02,14.03,10571.240
src-meter-0272-002,2026-01-15T12:32:00Z,meter-a-f03,15.28,11077.397
src-meter-0272-003,2026-01-15T12:32:00Z,meter-a-f04,16.32,11583.293
src-meter-0272-004,2026-01-15T12:32:00Z,meter-b-f01,14.69,12072.656
src-meter-0272-005,2026-01-15T12:32:00Z,meter-b-f02,16.14,12578.332
src-meter-0272-006,2026-01-15T12:32:00Z,meter-b-f03,16.91,13083.864
src-meter-0272-007,2026-01-15T12:32:00Z,meter-b-f04,18.29,13589.336
src-meter-0272-008,2026-01-15T12:32:00Z,meter-c-f01,11.20,14055.710
src-meter-0272-009,2026-01-15T12:32:00Z,meter-c-f02,12.69,14561.167
src-meter-0272-010,2026-01-15T12:32:00Z,meter-c-f03,14.00,15066.778
src-meter-0272-011,2026-01-15T12:32:00Z,meter-c-f04,15.69,15572.358
src-meter-0273-000,2026-01-15T12:33:00Z,meter-a-f01,12.36,10065.174
src-meter-0273-001,2026-01-15T12:33:00Z,meter-a-f02,14.06,10571.474
src-meter-0273-002,2026-01-15T12:33:00Z,meter-a-f03,15.09,11077.649
src-meter-0273-003,2026-01-15T12:33:00Z,meter-a-f04,16.84,11583.574
src-meter-0273-004,2026-01-15T12:33:00Z,meter-b-f01,14.63,12072.900
src-meter-0273-005,2026-01-15T12:33:00Z,meter-b-f02,15.63,12578.593
src-meter-0273-006,2026-01-15T12:33:00Z,meter-b-f03,17.17,13084.151
src-meter-0273-007,2026-01-15T12:33:00Z,meter-b-f04,18.33,13589.642
src-meter-0273-008,2026-01-15T12:33:00Z,meter-c-f01,11.35,14055.900
src-meter-0273-009,2026-01-15T12:33:00Z,meter-c-f02,12.57,14561.377
src-meter-0273-010,2026-01-15T12:33:00Z,meter-c-f03,14.53,15067.020
src-meter-0273-011,2026-01-15T12:33:00Z,meter-c-f04,15.66,15572.619
src-meter-0274-000,2026-01-15T12:34:00Z,meter-a-f01,12.68,10065.385
src-meter-0274-001,2026-01-15T12:34:00Z,meter-a-f02,13.84,10571.705
src-meter-0274-002,2026-01-15T12:34:00Z,meter-a-f03,15.53,11077.908
src-meter-0274-003,2026-01-15T12:34:00Z,meter-a-f04,16.95,11583.857
src-meter-0274-004,2026-01-15T12:34:00Z,meter-b-f01,14.08,12073.135
src-meter-0274-005,2026-01-15T12:34:00Z,meter-b-f02,15.59,12578.853
src-meter-0274-006,2026-01-15T12:34:00Z,meter-b-f03,17.09,13084.435
src-meter-0274-007,2026-01-15T12:34:00Z,meter-b-f04,18.44,13589.949
src-meter-0274-008,2026-01-15T12:34:00Z,meter-c-f01,11.26,14056.087
src-meter-0274-009,2026-01-15T12:34:00Z,meter-c-f02,12.48,14561.585
src-meter-0274-010,2026-01-15T12:34:00Z,meter-c-f03,13.87,15067.252
src-meter-0274-011,2026-01-15T12:34:00Z,meter-c-f04,15.42,15572.876
src-meter-0275-000,2026-01-15T12:35:00Z,meter-a-f01,12.40,10065.592
src-meter-0275-001,2026-01-15T12:35:00Z,meter-a-f02,13.93,10571.937
src-meter-0275-002,2026-01-15T12:35:00Z,meter-a-f03,14.92,11078.156
src-meter-0275-003,2026-01-15T12:35:00Z,meter-a-f04,16.70,11584.135
src-meter-0275-004,2026-01-15T12:35:00Z,meter-b-f01,14.09,12073.369
src-meter-0275-005,2026-01-15T12:35:00Z,meter-b-f02,16.10,12579.121
src-meter-0275-006,2026-01-15T12:35:00Z,meter-b-f03,17.17,13084.722
src-meter-0275-007,2026-01-15T12:35:00Z,meter-b-f04,18.37,13590.255
src-meter-0275-008,2026-01-15T12:35:00Z,meter-c-f01,11.08,14056.272
src-meter-0275-009,2026-01-15T12:35:00Z,meter-c-f02,13.03,14561.802
src-meter-0275-010,2026-01-15T12:35:00Z,meter-c-f03,14.30,15067.490
src-meter-0275-011,2026-01-15T12:35:00Z,meter-c-f04,15.72,15573.138
src-meter-0276-000,2026-01-15T12:36:00Z,meter-a-f01,12.21,10065.795
src-meter-0276-001,2026-01-15T12:36:00Z,meter-a-f02,13.70,10572.165
src-meter-0276-002,2026-01-15T12:36:00Z,meter-a-f03,15.33,11078.412
src-meter-0276-003,2026-01-15T12:36:00Z,meter-a-f04,16.49,11584.410
src-meter-0276-004,2026-01-15T12:36:00Z,meter-b-f01,14.33,12073.608
src-meter-0276-005,2026-01-15T12:36:00Z,meter-b-f02,15.54,12579.380
src-meter-0276-006,2026-01-15T12:36:00Z,meter-b-f03,17.40,13085.012
src-meter-0276-007,2026-01-15T12:36:00Z,meter-b-f04,18.82,13590.569
src-meter-0276-008,2026-01-15T12:36:00Z,meter-c-f01,11.57,14056.465
src-meter-0276-009,2026-01-15T12:36:00Z,meter-c-f02,12.73,14562.014
src-meter-0276-010,2026-01-15T12:36:00Z,meter-c-f03,14.06,15067.724
src-meter-0276-011,2026-01-15T12:36:00Z,meter-c-f04,15.48,15573.396
src-meter-0277-000,2026-01-15T12:37:00Z,meter-a-f01,12.34,10066.001
src-meter-0277-001,2026-01-15T12:37:00Z,meter-a-f02,13.69,10572.394
src-meter-0277-002,2026-01-15T12:37:00Z,meter-a-f03,14.92,11078.660
src-meter-0277-003,2026-01-15T12:37:00Z,meter-a-f04,16.53,11584.685
src-meter-0277-004,2026-01-15T12:37:00Z,meter-b-f01,14.25,12073.846
src-meter-0277-005,2026-01-15T12:37:00Z,meter-b-f02,16.06,12579.648
src-meter-0277-006,2026-01-15T12:37:00Z,meter-b-f03,17.07,13085.296
src-meter-0277-007,2026-01-15T12:37:00Z,meter-b-f04,18.61,13590.879
src-meter-0277-008,2026-01-15T12:37:00Z,meter-c-f01,11.34,14056.654
src-meter-0277-009,2026-01-15T12:37:00Z,meter-c-f02,12.61,14562.224
src-meter-0277-010,2026-01-15T12:37:00Z,meter-c-f03,14.46,15067.965
src-meter-0277-011,2026-01-15T12:37:00Z,meter-c-f04,15.52,15573.655
src-meter-0278-000,2026-01-15T12:38:00Z,meter-a-f01,12.23,10066.205
src-meter-0278-001,2026-01-15T12:38:00Z,meter-a-f02,13.67,10572.621
src-meter-0278-002,2026-01-15T12:38:00Z,meter-a-f03,15.04,11078.911
src-meter-0278-003,2026-01-15T12:38:00Z,meter-a-f04,16.66,11584.963
src-meter-0278-004,2026-01-15T12:38:00Z,meter-b-f01,14.73,12074.091
src-meter-0278-005,2026-01-15T12:38:00Z,meter-b-f02,15.47,12579.906
src-meter-0278-006,2026-01-15T12:38:00Z,meter-b-f03,17.15,13085.582
src-meter-0278-007,2026-01-15T12:38:00Z,meter-b-f04,18.57,13591.189
src-meter-0278-008,2026-01-15T12:38:00Z,meter-c-f01,11.47,14056.845
src-meter-0278-009,2026-01-15T12:38:00Z,meter-c-f02,12.87,14562.439
src-meter-0278-010,2026-01-15T12:38:00Z,meter-c-f03,13.93,15068.198
src-meter-0278-011,2026-01-15T12:38:00Z,meter-c-f04,15.82,15573.918
src-meter-0279-000,2026-01-15T12:39:00Z,meter-a-f01,12.32,10066.410
src-meter-0279-001,2026-01-15T12:39:00Z,meter-a-f02,13.47,10572.846
src-meter-0279-002,2026-01-15T12:39:00Z,meter-a-f03,15.48,11079.169
src-meter-0279-003,2026-01-15T12:39:00Z,meter-a-f04,16.26,11585.234
src-meter-0279-004,2026-01-15T12:39:00Z,meter-b-f01,14.46,12074.332
src-meter-0279-005,2026-01-15T12:39:00Z,meter-b-f02,15.60,12580.166
src-meter-0279-006,2026-01-15T12:39:00Z,meter-b-f03,17.37,13085.872
src-meter-0279-007,2026-01-15T12:39:00Z,meter-b-f04,18.36,13591.495
src-meter-0279-008,2026-01-15T12:39:00Z,meter-c-f01,11.15,14057.031
src-meter-0279-009,2026-01-15T12:39:00Z,meter-c-f02,12.75,14562.651
src-meter-0279-010,2026-01-15T12:39:00Z,meter-c-f03,13.92,15068.430
src-meter-0279-011,2026-01-15T12:39:00Z,meter-c-f04,15.67,15574.179
src-meter-0280-000,2026-01-15T12:40:00Z,meter-a-f01,12.64,10066.621
src-meter-0280-001,2026-01-15T12:40:00Z,meter-a-f02,14.04,10573.080
src-meter-0280-002,2026-01-15T12:40:00Z,meter-a-f03,15.02,11079.419
src-meter-0280-003,2026-01-15T12:40:00Z,meter-a-f04,16.56,11585.510
src-meter-0280-004,2026-01-15T12:40:00Z,meter-b-f01,14.63,12074.576
src-meter-0280-005,2026-01-15T12:40:00Z,meter-b-f02,15.85,12580.430
src-meter-0280-006,2026-01-15T12:40:00Z,meter-b-f03,17.22,13086.159
src-meter-0280-007,2026-01-15T12:40:00Z,meter-b-f04,18.51,13591.803
src-meter-0280-008,2026-01-15T12:40:00Z,meter-c-f01,11.52,14057.223
src-meter-0280-009,2026-01-15T12:40:00Z,meter-c-f02,12.83,14562.865
src-meter-0280-010,2026-01-15T12:40:00Z,meter-c-f03,14.09,15068.664
src-meter-0280-011,2026-01-15T12:40:00Z,meter-c-f04,15.42,15574.436
src-meter-0281-000,2026-01-15T12:41:00Z,meter-a-f01,12.58,10066.831
src-meter-0281-001,2026-01-15T12:41:00Z,meter-a-f02,13.86,10573.311
src-meter-0281-002,2026-01-15T12:41:00Z,meter-a-f03,15.32,11079.675
src-meter-0281-003,2026-01-15T12:41:00Z,meter-a-f04,16.62,11585.787
src-meter-0281-004,2026-01-15T12:41:00Z,meter-b-f01,14.44,12074.817
src-meter-0281-005,2026-01-15T12:41:00Z,meter-b-f02,15.70,12580.692
src-meter-0281-006,2026-01-15T12:41:00Z,meter-b-f03,17.23,13086.446
src-meter-0281-007,2026-01-15T12:41:00Z,meter-b-f04,18.64,13592.114
src-meter-0281-008,2026-01-15T12:41:00Z,meter-c-f01,11.17,14057.409
src-meter-0281-009,2026-01-15T12:41:00Z,meter-c-f02,13.09,14563.083
src-meter-0281-010,2026-01-15T12:41:00Z,meter-c-f03,14.44,15068.905
src-meter-0281-011,2026-01-15T12:41:00Z,meter-c-f04,15.81,15574.700
src-meter-0282-000,2026-01-15T12:42:00Z,meter-a-f01,12.21,10067.034
src-meter-0282-001,2026-01-15T12:42:00Z,meter-a-f02,13.64,10573.538
src-meter-0282-002,2026-01-15T12:42:00Z,meter-a-f03,15.31,11079.930
src-meter-0282-003,2026-01-15T12:42:00Z,meter-a-f04,16.67,11586.065
src-meter-0282-004,2026-01-15T12:42:00Z,meter-b-f01,14.71,12075.062
src-meter-0282-005,2026-01-15T12:42:00Z,meter-b-f02,15.89,12580.956
src-meter-0282-006,2026-01-15T12:42:00Z,meter-b-f03,16.97,13086.729
src-meter-0282-007,2026-01-15T12:42:00Z,meter-b-f04,18.55,13592.423
src-meter-0282-008,2026-01-15T12:42:00Z,meter-c-f01,11.05,14057.593
src-meter-0282-009,2026-01-15T12:42:00Z,meter-c-f02,12.60,14563.293
src-meter-0282-010,2026-01-15T12:42:00Z,meter-c-f03,14.42,15069.145
src-meter-0282-011,2026-01-15T12:42:00Z,meter-c-f04,15.91,15574.965
src-meter-0283-000,2026-01-15T12:43:00Z,meter-a-f01,12.63,10067.245
src-meter-0283-001,2026-01-15T12:43:00Z,meter-a-f02,14.10,10573.773
src-meter-0283-002,2026-01-15T12:43:00Z,meter-a-f03,15.23,11080.184
src-meter-0283-003,2026-01-15T12:43:00Z,meter-a-f04,16.29,11586.336
src-meter-0283-004,2026-01-15T12:43:00Z,meter-b-f01,14.31,12075.300
src-meter-0283-005,2026-01-15T12:43:00Z,meter-b-f02,15.64,12581.217
src-meter-0283-006,2026-01-15T12:43:00Z,meter-b-f03,17.00,13087.012
src-meter-0283-007,2026-01-15T12:43:00Z,meter-b-f04,18.51,13592.731
src-meter-0283-008,2026-01-15T12:43:00Z,meter-c-f01,11.47,14057.784
src-meter-0283-009,2026-01-15T12:43:00Z,meter-c-f02,13.04,14563.510
src-meter-0283-010,2026-01-15T12:43:00Z,meter-c-f03,14.12,15069.381
src-meter-0283-011,2026-01-15T12:43:00Z,meter-c-f04,15.45,15575.223
src-meter-0284-000,2026-01-15T12:44:00Z,meter-a-f01,12.61,10067.455
src-meter-0284-001,2026-01-15T12:44:00Z,meter-a-f02,13.50,10573.998
src-meter-0284-002,2026-01-15T12:44:00Z,meter-a-f03,14.95,11080.433
src-meter-0284-003,2026-01-15T12:44:00Z,meter-a-f04,16.38,11586.609
src-meter-0284-004,2026-01-15T12:44:00Z,meter-b-f01,14.73,12075.546
src-meter-0284-005,2026-01-15T12:44:00Z,meter-b-f02,15.78,12581.480
src-meter-0284-006,2026-01-15T12:44:00Z,meter-b-f03,16.99,13087.295
src-meter-0284-007,2026-01-15T12:44:00Z,meter-b-f04,18.86,13593.046
src-meter-0284-008,2026-01-15T12:44:00Z,meter-c-f01,11.49,14057.976
src-meter-0284-009,2026-01-15T12:44:00Z,meter-c-f02,13.04,14563.728
src-meter-0284-010,2026-01-15T12:44:00Z,meter-c-f03,13.88,15069.612
src-meter-0284-011,2026-01-15T12:44:00Z,meter-c-f04,15.50,15575.481
src-meter-0285-000,2026-01-15T12:45:00Z,meter-a-f01,12.16,10067.658
src-meter-0285-001,2026-01-15T12:45:00Z,meter-a-f02,13.63,10574.225
src-meter-0285-002,2026-01-15T12:45:00Z,meter-a-f03,15.45,11080.690
src-meter-0285-003,2026-01-15T12:45:00Z,meter-a-f04,16.35,11586.882
src-meter-0285-004,2026-01-15T12:45:00Z,meter-b-f01,14.75,12075.792
src-meter-0285-005,2026-01-15T12:45:00Z,meter-b-f02,15.46,12581.738
src-meter-0285-006,2026-01-15T12:45:00Z,meter-b-f03,17.50,13087.587
src-meter-0285-007,2026-01-15T12:45:00Z,meter-b-f04,18.91,13593.361
src-meter-0285-008,2026-01-15T12:45:00Z,meter-c-f01,11.36,14058.165
src-meter-0285-009,2026-01-15T12:45:00Z,meter-c-f02,12.93,14563.943
src-meter-0285-010,2026-01-15T12:45:00Z,meter-c-f03,14.19,15069.849
src-meter-0285-011,2026-01-15T12:45:00Z,meter-c-f04,15.79,15575.744
src-meter-0286-000,2026-01-15T12:46:00Z,meter-a-f01,12.69,10067.869
src-meter-0286-001,2026-01-15T12:46:00Z,meter-a-f02,13.74,10574.454
src-meter-0286-002,2026-01-15T12:46:00Z,meter-a-f03,15.42,11080.947
src-meter-0286-003,2026-01-15T12:46:00Z,meter-a-f04,16.33,11587.154
src-meter-0286-004,2026-01-15T12:46:00Z,meter-b-f01,14.53,12076.034
src-meter-0286-005,2026-01-15T12:46:00Z,meter-b-f02,15.48,12581.996
src-meter-0286-006,2026-01-15T12:46:00Z,meter-b-f03,17.49,13087.878
src-meter-0286-007,2026-01-15T12:46:00Z,meter-b-f04,18.75,13593.673
src-meter-0286-008,2026-01-15T12:46:00Z,meter-c-f01,11.57,14058.358
src-meter-0286-009,2026-01-15T12:46:00Z,meter-c-f02,12.67,14564.154
src-meter-0286-010,2026-01-15T12:46:00Z,meter-c-f03,14.40,15070.089
src-meter-0286-011,2026-01-15T12:46:00Z,meter-c-f04,15.68,15576.005
src-meter-0287-000,2026-01-15T12:47:00Z,meter-a-f01,12.73,10068.081
src-meter-0287-001,2026-01-15T12:47:00Z,meter-a-f02,14.08,10574.689
src-meter-0287-002,2026-01-15T12:47:00Z,meter-a-f03,15.20,11081.201
src-meter-0287-003,2026-01-15T12:47:00Z,meter-a-f04,16.75,11587.433
src-meter-0287-004,2026-01-15T12:47:00Z,meter-b-f01,14.47,12076.275
src-meter-0287-005,2026-01-15T12:47:00Z,meter-b-f02,15.52,12582.254
src-meter-0287-006,2026-01-15T12:47:00Z,meter-b-f03,17.38,13088.168
src-meter-0287-007,2026-01-15T12:47:00Z,meter-b-f04,18.46,13593.981
src-meter-0287-008,2026-01-15T12:47:00Z,meter-c-f01,11.64,14058.552
src-meter-0287-009,2026-01-15T12:47:00Z,meter-c-f02,12.51,14564.363
src-meter-0287-010,2026-01-15T12:47:00Z,meter-c-f03,13.99,15070.322
src-meter-0287-011,2026-01-15T12:47:00Z,meter-c-f04,15.77,15576.268
src-meter-0288-000,2026-01-15T12:48:00Z,meter-a-f01,12.30,10068.286
src-meter-0288-001,2026-01-15T12:48:00Z,meter-a-f02,13.84,10574.919
src-meter-0288-002,2026-01-15T12:48:00Z,meter-a-f03,14.89,11081.449
src-meter-0288-003,2026-01-15T12:48:00Z,meter-a-f04,16.66,11587.711
src-meter-0288-004,2026-01-15T12:48:00Z,meter-b-f01,14.50,12076.517
src-meter-0288-005,2026-01-15T12:48:00Z,meter-b-f02,16.03,12582.522
src-meter-0288-006,2026-01-15T12:48:00Z,meter-b-f03,17.43,13088.459
src-meter-0288-007,2026-01-15T12:48:00Z,meter-b-f04,18.59,13594.291
src-meter-0288-008,2026-01-15T12:48:00Z,meter-c-f01,11.63,14058.746
src-meter-0288-009,2026-01-15T12:48:00Z,meter-c-f02,12.89,14564.578
src-meter-0288-010,2026-01-15T12:48:00Z,meter-c-f03,14.51,15070.563
src-meter-0288-011,2026-01-15T12:48:00Z,meter-c-f04,15.94,15576.534
src-meter-0289-000,2026-01-15T12:49:00Z,meter-a-f01,12.20,10068.490
src-meter-0289-001,2026-01-15T12:49:00Z,meter-a-f02,13.47,10575.144
src-meter-0289-002,2026-01-15T12:49:00Z,meter-a-f03,15.28,11081.703
src-meter-0289-003,2026-01-15T12:49:00Z,meter-a-f04,16.62,11587.988
src-meter-0289-004,2026-01-15T12:49:00Z,meter-b-f01,14.30,12076.755
src-meter-0289-005,2026-01-15T12:49:00Z,meter-b-f02,15.55,12582.781
src-meter-0289-006,2026-01-15T12:49:00Z,meter-b-f03,17.28,13088.747
src-meter-0289-007,2026-01-15T12:49:00Z,meter-b-f04,18.37,13594.597
src-meter-0289-008,2026-01-15T12:49:00Z,meter-c-f01,11.48,14058.937
src-meter-0289-009,2026-01-15T12:49:00Z,meter-c-f02,13.12,14564.797
src-meter-0289-010,2026-01-15T12:49:00Z,meter-c-f03,14.19,15070.800
src-meter-0289-011,2026-01-15T12:49:00Z,meter-c-f04,15.31,15576.789
src-meter-0290-000,2026-01-15T12:50:00Z,meter-a-f01,12.43,10068.697
src-meter-0290-001,2026-01-15T12:50:00Z,meter-a-f02,13.88,10575.375
src-meter-0290-002,2026-01-15T12:50:00Z,meter-a-f03,14.88,11081.951
src-meter-0290-003,2026-01-15T12:50:00Z,meter-a-f04,16.89,11588.269
src-meter-0290-004,2026-01-15T12:50:00Z,meter-b-f01,14.72,12077.000
src-meter-0290-005,2026-01-15T12:50:00Z,meter-b-f02,15.71,12583.043
src-meter-0290-006,2026-01-15T12:50:00Z,meter-b-f03,17.11,13089.032
src-meter-0290-007,2026-01-15T12:50:00Z,meter-b-f04,18.63,13594.908
src-meter-0290-008,2026-01-15T12:50:00Z,meter-c-f01,11.24,14059.124
src-meter-0290-009,2026-01-15T12:50:00Z,meter-c-f02,13.12,14565.015
src-meter-0290-010,2026-01-15T12:50:00Z,meter-c-f03,14.33,15071.039
src-meter-0290-011,2026-01-15T12:50:00Z,meter-c-f04,15.50,15577.047
src-meter-0291-000,2026-01-15T12:51:00Z,meter-a-f01,12.37,10068.903
src-meter-0291-001,2026-01-15T12:51:00Z,meter-a-f02,13.53,10575.601
src-meter-0291-002,2026-01-15T12:51:00Z,meter-a-f03,15.45,11082.209
src-meter-0291-003,2026-01-15T12:51:00Z,meter-a-f04,16.93,11588.551
src-meter-0291-004,2026-01-15T12:51:00Z,meter-b-f01,14.20,12077.237
src-meter-0291-005,2026-01-15T12:51:00Z,meter-b-f02,15.77,12583.305
src-meter-0291-006,2026-01-15T12:51:00Z,meter-b-f03,17.09,13089.317
src-meter-0291-007,2026-01-15T12:51:00Z,meter-b-f04,18.89,13595.223
src-meter-0291-008,2026-01-15T12:51:00Z,meter-c-f01,11.36,14059.314
src-meter-0291-009,2026-01-15T12:51:00Z,meter-c-f02,12.76,14565.228
src-meter-0291-010,2026-01-15T12:51:00Z,meter-c-f03,13.93,15071.271
src-meter-0291-011,2026-01-15T12:51:00Z,meter-c-f04,15.68,15577.309
src-meter-0292-000,2026-01-15T12:52:00Z,meter-a-f01,12.30,10069.108
src-meter-0292-001,2026-01-15T12:52:00Z,meter-a-f02,13.70,10575.829
src-meter-0292-002,2026-01-15T12:52:00Z,meter-a-f03,15.04,11082.460
src-meter-0292-003,2026-01-15T12:52:00Z,meter-a-f04,16.95,11588.834
src-meter-0292-004,2026-01-15T12:52:00Z,meter-b-f01,14.46,12077.478
src-meter-0292-005,2026-01-15T12:52:00Z,meter-b-f02,15.83,12583.569
src-meter-0292-006,2026-01-15T12:52:00Z,meter-b-f03,16.97,13089.599
src-meter-0292-007,2026-01-15T12:52:00Z,meter-b-f04,18.30,13595.528
src-meter-0292-008,2026-01-15T12:52:00Z,meter-c-f01,11.64,14059.508
src-meter-0292-009,2026-01-15T12:52:00Z,meter-c-f02,13.01,14565.445
src-meter-0292-010,2026-01-15T12:52:00Z,meter-c-f03,14.13,15071.506
src-meter-0292-011,2026-01-15T12:52:00Z,meter-c-f04,15.55,15577.568
src-meter-0293-000,2026-01-15T12:53:00Z,meter-a-f01,12.51,10069.316
src-meter-0293-001,2026-01-15T12:53:00Z,meter-a-f02,14.00,10576.062
src-meter-0293-002,2026-01-15T12:53:00Z,meter-a-f03,15.32,11082.715
src-meter-0293-003,2026-01-15T12:53:00Z,meter-a-f04,16.45,11589.108
src-meter-0293-004,2026-01-15T12:53:00Z,meter-b-f01,14.45,12077.719
src-meter-0293-005,2026-01-15T12:53:00Z,meter-b-f02,15.46,12583.827
src-meter-0293-006,2026-01-15T12:53:00Z,meter-b-f03,16.86,13089.880
src-meter-0293-007,2026-01-15T12:53:00Z,meter-b-f04,18.29,13595.832
src-meter-0293-008,2026-01-15T12:53:00Z,meter-c-f01,11.57,14059.701
src-meter-0293-009,2026-01-15T12:53:00Z,meter-c-f02,12.72,14565.657
src-meter-0293-010,2026-01-15T12:53:00Z,meter-c-f03,14.06,15071.741
src-meter-0293-011,2026-01-15T12:53:00Z,meter-c-f04,15.92,15577.833
src-meter-0294-000,2026-01-15T12:54:00Z,meter-a-f01,12.62,10069.527
src-meter-0294-001,2026-01-15T12:54:00Z,meter-a-f02,13.65,10576.290
src-meter-0294-002,2026-01-15T12:54:00Z,meter-a-f03,15.22,11082.969
src-meter-0294-003,2026-01-15T12:54:00Z,meter-a-f04,16.49,11589.383
src-meter-0294-004,2026-01-15T12:54:00Z,meter-b-f01,14.47,12077.960
src-meter-0294-005,2026-01-15T12:54:00Z,meter-b-f02,15.60,12584.087
src-meter-0294-006,2026-01-15T12:54:00Z,meter-b-f03,17.49,13090.172
src-meter-0294-007,2026-01-15T12:54:00Z,meter-b-f04,18.41,13596.139
src-meter-0294-008,2026-01-15T12:54:00Z,meter-c-f01,11.57,14059.894
src-meter-0294-009,2026-01-15T12:54:00Z,meter-c-f02,13.07,14565.875
src-meter-0294-010,2026-01-15T12:54:00Z,meter-c-f03,14.07,15071.975
src-meter-0294-011,2026-01-15T12:54:00Z,meter-c-f04,15.67,15578.094
src-meter-0295-000,2026-01-15T12:55:00Z,meter-a-f01,12.48,10069.735
src-meter-0295-001,2026-01-15T12:55:00Z,meter-a-f02,14.15,10576.526
src-meter-0295-002,2026-01-15T12:55:00Z,meter-a-f03,15.45,11083.226
src-meter-0295-003,2026-01-15T12:55:00Z,meter-a-f04,16.88,11589.664
src-meter-0295-004,2026-01-15T12:55:00Z,meter-b-f01,14.45,12078.201
src-meter-0295-005,2026-01-15T12:55:00Z,meter-b-f02,15.87,12584.351
src-meter-0295-006,2026-01-15T12:55:00Z,meter-b-f03,17.21,13090.459
src-meter-0295-007,2026-01-15T12:55:00Z,meter-b-f04,18.74,13596.452
src-meter-0295-008,2026-01-15T12:55:00Z,meter-c-f01,11.07,14060.078
src-meter-0295-009,2026-01-15T12:55:00Z,meter-c-f02,12.48,14566.083
src-meter-0295-010,2026-01-15T12:55:00Z,meter-c-f03,14.02,15072.209
src-meter-0295-011,2026-01-15T12:55:00Z,meter-c-f04,15.90,15578.359
src-meter-0296-000,2026-01-15T12:56:00Z,meter-a-f01,12.32,10069.940
src-meter-0296-001,2026-01-15T12:56:00Z,meter-a-f02,13.54,10576.751
src-meter-0296-002,2026-01-15T12:56:00Z,meter-a-f03,15.23,11083.480
src-meter-0296-003,2026-01-15T12:56:00Z,meter-a-f04,16.80,11589.944
src-meter-0296-004,2026-01-15T12:56:00Z,meter-b-f01,14.29,12078.439
src-meter-0296-005,2026-01-15T12:56:00Z,meter-b-f02,16.11,12584.620
src-meter-0296-006,2026-01-15T12:56:00Z,meter-b-f03,17.07,13090.743
src-meter-0296-007,2026-01-15T12:56:00Z,meter-b-f04,18.49,13596.760
src-meter-0296-008,2026-01-15T12:56:00Z,meter-c-f01,11.43,14060.269
src-meter-0296-009,2026-01-15T12:56:00Z,meter-c-f02,12.46,14566.290
src-meter-0296-010,2026-01-15T12:56:00Z,meter-c-f03,14.18,15072.445
src-meter-0296-011,2026-01-15T12:56:00Z,meter-c-f04,15.42,15578.616
src-meter-0297-000,2026-01-15T12:57:00Z,meter-a-f01,12.36,10070.146
src-meter-0297-001,2026-01-15T12:57:00Z,meter-a-f02,13.78,10576.981
src-meter-0297-002,2026-01-15T12:57:00Z,meter-a-f03,15.25,11083.734
src-meter-0297-003,2026-01-15T12:57:00Z,meter-a-f04,16.65,11590.222
src-meter-0297-004,2026-01-15T12:57:00Z,meter-b-f01,14.38,12078.678
src-meter-0297-005,2026-01-15T12:57:00Z,meter-b-f02,15.89,12584.885
src-meter-0297-006,2026-01-15T12:57:00Z,meter-b-f03,17.00,13091.027
src-meter-0297-007,2026-01-15T12:57:00Z,meter-b-f04,18.85,13597.074
src-meter-0297-008,2026-01-15T12:57:00Z,meter-c-f01,11.63,14060.462
src-meter-0297-009,2026-01-15T12:57:00Z,meter-c-f02,12.68,14566.502
src-meter-0297-010,2026-01-15T12:57:00Z,meter-c-f03,14.52,15072.687
src-meter-0297-011,2026-01-15T12:57:00Z,meter-c-f04,15.79,15578.879
src-meter-0298-000,2026-01-15T12:58:00Z,meter-a-f01,12.62,10070.356
src-meter-0298-001,2026-01-15T12:58:00Z,meter-a-f02,13.57,10577.207
src-meter-0298-002,2026-01-15T12:58:00Z,meter-a-f03,15.26,11083.988
src-meter-0298-003,2026-01-15T12:58:00Z,meter-a-f04,16.34,11590.494
src-meter-0298-004,2026-01-15T12:58:00Z,meter-b-f01,14.08,12078.913
src-meter-0298-005,2026-01-15T12:58:00Z,meter-b-f02,15.59,12585.144
src-meter-0298-006,2026-01-15T12:58:00Z,meter-b-f03,16.86,13091.308
src-meter-0298-007,2026-01-15T12:58:00Z,meter-b-f04,18.71,13597.386
src-meter-0298-008,2026-01-15T12:58:00Z,meter-c-f01,11.44,14060.653
src-meter-0298-009,2026-01-15T12:58:00Z,meter-c-f02,12.72,14566.714
src-meter-0298-010,2026-01-15T12:58:00Z,meter-c-f03,14.40,15072.927
src-meter-0298-011,2026-01-15T12:58:00Z,meter-c-f04,15.84,15579.143
src-meter-0299-000,2026-01-15T12:59:00Z,meter-a-f01,12.36,10070.562
src-meter-0299-001,2026-01-15T12:59:00Z,meter-a-f02,14.02,10577.441
src-meter-0299-002,2026-01-15T12:59:00Z,meter-a-f03,15.26,11084.243
src-meter-0299-003,2026-01-15T12:59:00Z,meter-a-f04,16.33,11590.766
src-meter-0299-004,2026-01-15T12:59:00Z,meter-b-f01,14.10,12079.148
src-meter-0299-005,2026-01-15T12:59:00Z,meter-b-f02,15.47,12585.402
src-meter-0299-006,2026-01-15T12:59:00Z,meter-b-f03,17.13,13091.593
src-meter-0299-007,2026-01-15T12:59:00Z,meter-b-f04,18.78,13597.699
src-meter-0299-008,2026-01-15T12:59:00Z,meter-c-f01,11.10,14060.838
src-meter-0299-009,2026-01-15T12:59:00Z,meter-c-f02,12.62,14566.924
src-meter-0299-010,2026-01-15T12:59:00Z,meter-c-f03,14.30,15073.165
src-meter-0299-011,2026-01-15T12:59:00Z,meter-c-f04,15.92,15579.409
src-meter-0300-000,2026-01-15T13:00:00Z,meter-a-f01,12.14,10070.765
src-meter-0300-001,2026-01-15T13:00:00Z,meter-a-f02,13.49,10577.666
src-meter-0300-002,2026-01-15T13:00:00Z,meter-a-f03,15.41,11084.500
src-meter-0300-003,2026-01-15T13:00:00Z,meter-a-f04,16.78,11591.046
src-meter-0300-004,2026-01-15T13:00:00Z,meter-b-f01,14.34,12079.387
src-meter-0300-005,2026-01-15T13:00:00Z,meter-b-f02,15.47,12585.660
src-meter-0300-006,2026-01-15T13:00:00Z,meter-b-f03,17.16,13091.879
src-meter-0300-007,2026-01-15T13:00:00Z,meter-b-f04,18.48,13598.007
src-meter-0300-008,2026-01-15T13:00:00Z,meter-c-f01,11.56,14061.031
src-meter-0300-009,2026-01-15T13:00:00Z,meter-c-f02,12.55,14567.133
src-meter-0300-010,2026-01-15T13:00:00Z,meter-c-f03,13.93,15073.398
src-meter-0300-011,2026-01-15T13:00:00Z,meter-c-f04,15.44,15579.666
src-meter-0301-000,2026-01-15T13:01:00Z,meter-a-f01,12.34,10070.970
src-meter-0301-001,2026-01-15T13:01:00Z,meter-a-f02,13.60,10577.893
src-meter-0301-002,2026-01-15T13:01:00Z,meter-a-f03,15.43,11084.757
src-meter-0301-003,2026-01-15T13:01:00Z,meter-a-f04,16.70,11591.324
src-meter-0301-004,2026-01-15T13:01:00Z,meter-b-f01,14.32,12079.626
src-meter-0301-005,2026-01-15T13:01:00Z,meter-b-f02,16.11,12585.928
src-meter-0301-006,2026-01-15T13:01:00Z,meter-b-f03,16.85,13092.160
src-meter-0301-007,2026-01-15T13:01:00Z,meter-b-f04,18.78,13598.320
src-meter-0301-008,2026-01-15T13:01:00Z,meter-c-f01,11.48,14061.222
src-meter-0301-009,2026-01-15T13:01:00Z,meter-c-f02,12.71,14567.345
src-meter-0301-010,2026-01-15T13:01:00Z,meter-c-f03,14.17,15073.634
src-meter-0301-011,2026-01-15T13:01:00Z,meter-c-f04,15.29,15579.921
src-meter-0302-000,2026-01-15T13:02:00Z,meter-a-f01,12.43,10071.177
src-meter-0302-001,2026-01-15T13:02:00Z,meter-a-f02,13.75,10578.122
src-meter-0302-002,2026-01-15T13:02:00Z,meter-a-f03,15.12,11085.009
src-meter-0302-003,2026-01-15T13:02:00Z,meter-a-f04,16.38,11591.597
src-meter-0302-004,2026-01-15T13:02:00Z,meter-b-f01,14.40,12079.866
src-meter-0302-005,2026-01-15T13:02:00Z,meter-b-f02,15.82,12586.192
src-meter-0302-006,2026-01-15T13:02:00Z,meter-b-f03,17.14,13092.446
src-meter-0302-007,2026-01-15T13:02:00Z,meter-b-f04,18.44,13598.627
src-meter-0302-008,2026-01-15T13:02:00Z,meter-c-f01,11.41,14061.412
src-meter-0302-009,2026-01-15T13:02:00Z,meter-c-f02,13.07,14567.563
src-meter-0302-010,2026-01-15T13:02:00Z,meter-c-f03,14.31,15073.872
src-meter-0302-011,2026-01-15T13:02:00Z,meter-c-f04,15.56,15580.180
src-meter-0303-000,2026-01-15T13:03:00Z,meter-a-f01,12.18,10071.380
src-meter-0303-001,2026-01-15T13:03:00Z,meter-a-f02,14.03,10578.355
src-meter-0303-002,2026-01-15T13:03:00Z,meter-a-f03,15.52,11085.267
src-meter-0303-003,2026-01-15T13:03:00Z,meter-a-f04,16.41,11591.870
src-meter-0303-004,2026-01-15T13:03:00Z,meter-b-f01,14.15,12080.101
src-meter-0303-005,2026-01-15T13:03:00Z,meter-b-f02,15.56,12586.451
src-meter-0303-006,2026-01-15T13:03:00Z,meter-b-f03,17.22,13092.733
src-meter-0303-007,2026-01-15T13:03:00Z,meter-b-f04,18.83,13598.941
src-meter-0303-008,2026-01-15T13:03:00Z,meter-c-f01,11.44,14061.603
src-meter-0303-009,2026-01-15T13:03:00Z,meter-c-f02,12.96,14567.779
src-meter-0303-010,2026-01-15T13:03:00Z,meter-c-f03,14.14,15074.108
src-meter-0303-011,2026-01-15T13:03:00Z,meter-c-f04,15.77,15580.443
src-meter-0304-000,2026-01-15T13:04:00Z,meter-a-f01,12.39,10071.587
src-meter-0304-001,2026-01-15T13:04:00Z,meter-a-f02,13.60,10578.582
src-meter-0304-002,2026-01-15T13:04:00Z,meter-a-f03,14.86,11085.515
src-meter-0304-003,2026-01-15T13:04:00Z,meter-a-f04,16.94,11592.153
src-meter-0304-004,2026-01-15T13:04:00Z,meter-b-f01,14.49,12080.343
src-meter-0304-005,2026-01-15T13:04:00Z,meter-b-f02,15.73,12586.714
src-meter-0304-006,2026-01-15T13:04:00Z,meter-b-f03,17.26,13093.020
src-meter-0304-007,2026-01-15T13:04:00Z,meter-b-f04,18.57,13599.251
src-meter-0304-008,2026-01-15T13:04:00Z,meter-c-f01,11.45,14061.794
src-meter-0304-009,2026-01-15T13:04:00Z,meter-c-f02,12.55,14567.988
src-meter-0304-010,2026-01-15T13:04:00Z,meter-c-f03,14.29,15074.346
src-meter-0304-011,2026-01-15T13:04:00Z,meter-c-f04,15.70,15580.705
src-meter-0305-000,2026-01-15T13:05:00Z,meter-a-f01,12.43,10071.794
src-meter-0305-001,2026-01-15T13:05:00Z,meter-a-f02,13.66,10578.810
src-meter-0305-002,2026-01-15T13:05:00Z,meter-a-f03,15.19,11085.768
src-meter-0305-003,2026-01-15T13:05:00Z,meter-a-f04,16.89,11592.434
src-meter-0305-004,2026-01-15T13:05:00Z,meter-b-f01,14.32,12080.582
src-meter-0305-005,2026-01-15T13:05:00Z,meter-b-f02,15.52,12586.972
src-meter-0305-006,2026-01-15T13:05:00Z,meter-b-f03,17.21,13093.307
src-meter-0305-007,2026-01-15T13:05:00Z,meter-b-f04,18.52,13599.559
src-meter-0305-008,2026-01-15T13:05:00Z,meter-c-f01,11.56,14061.986
src-meter-0305-009,2026-01-15T13:05:00Z,meter-c-f02,12.50,14568.196
src-meter-0305-010,2026-01-15T13:05:00Z,meter-c-f03,13.85,15074.577
src-meter-0305-011,2026-01-15T13:05:00Z,meter-c-f04,15.53,15580.963
src-meter-0306-000,2026-01-15T13:06:00Z,meter-a-f01,12.48,10072.002
src-meter-0306-001,2026-01-15T13:06:00Z,meter-a-f02,13.53,10579.035
src-meter-0306-002,2026-01-15T13:06:00Z,meter-a-f03,15.33,11086.024
src-meter-0306-003,2026-01-15T13:06:00Z,meter-a-f04,16.37,11592.707
src-meter-0306-004,2026-01-15T13:06:00Z,meter-b-f01,14.46,12080.823
src-meter-0306-005,2026-01-15T13:06:00Z,meter-b-f02,15.89,12587.237
src-meter-0306-006,2026-01-15T13:06:00Z,meter-b-f03,17.53,13093.599
src-meter-0306-007,2026-01-15T13:06:00Z,meter-b-f04,18.85,13599.873
src-meter-0306-008,2026-01-15T13:06:00Z,meter-c-f01,11.43,14062.177
src-meter-0306-009,2026-01-15T13:06:00Z,meter-c-f02,12.64,14568.407
src-meter-0306-010,2026-01-15T13:06:00Z,meter-c-f03,13.85,15074.808
src-meter-0306-011,2026-01-15T13:06:00Z,meter-c-f04,15.32,15581.219
src-meter-0307-000,2026-01-15T13:07:00Z,meter-a-f01,12.18,10072.205
src-meter-0307-001,2026-01-15T13:07:00Z,meter-a-f02,14.09,10579.270
src-meter-0307-002,2026-01-15T13:07:00Z,meter-a-f03,15.11,11086.275
src-meter-0307-003,2026-01-15T13:07:00Z,meter-a-f04,16.82,11592.987
src-meter-0307-004,2026-01-15T13:07:00Z,meter-b-f01,14.31,12081.061
src-meter-0307-005,2026-01-15T13:07:00Z,meter-b-f02,15.69,12587.499
src-meter-0307-006,2026-01-15T13:07:00Z,meter-b-f03,16.96,13093.882
src-meter-0307-007,2026-01-15T13:07:00Z,meter-b-f04,18.52,13600.182
src-meter-0307-008,2026-01-15T13:07:00Z,meter-c-f01,11.41,14062.367
src-meter-0307-009,2026-01-15T13:07:00Z,meter-c-f02,13.11,14568.625
src-meter-0307-010,2026-01-15T13:07:00Z,meter-c-f03,14.46,15075.049
src-meter-0307-011,2026-01-15T13:07:00Z,meter-c-f04,15.31,15581.474
src-meter-0308-000,2026-01-15T13:08:00Z,meter-a-f01,12.30,10072.410
src-meter-0308-001,2026-01-15T13:08:00Z,meter-a-f02,13.88,10579.502
src-meter-0308-002,2026-01-15T13:08:00Z,meter-a-f03,15.44,11086.533
src-meter-0308-003,2026-01-15T13:08:00Z,meter-a-f04,16.51,11593.263
src-meter-0308-004,2026-01-15T13:08:00Z,meter-b-f01,14.60,12081.305
src-meter-0308-005,2026-01-15T13:08:00Z,meter-b-f02,15.89,12587.764
src-meter-0308-006,2026-01-15T13:08:00Z,meter-b-f03,17.29,13094.170
src-meter-0308-007,2026-01-15T13:08:00Z,meter-b-f04,18.55,13600.491
src-meter-0308-008,2026-01-15T13:08:00Z,meter-c-f01,11.29,14062.555
src-meter-0308-009,2026-01-15T13:08:00Z,meter-c-f02,12.70,14568.837
src-meter-0308-010,2026-01-15T13:08:00Z,meter-c-f03,14.27,15075.287
src-meter-0308-011,2026-01-15T13:08:00Z,meter-c-f04,15.91,15581.739
src-meter-0309-000,2026-01-15T13:09:00Z,meter-a-f01,12.15,10072.612
src-meter-0309-001,2026-01-15T13:09:00Z,meter-a-f02,14.08,10579.736
src-meter-0309-002,2026-01-15T13:09:00Z,meter-a-f03,14.89,11086.781
src-meter-0309-003,2026-01-15T13:09:00Z,meter-a-f04,16.28,11593.534
src-meter-0309-004,2026-01-15T13:09:00Z,meter-b-f01,14.63,12081.548
src-meter-0309-005,2026-01-15T13:09:00Z,meter-b-f02,16.14,12588.033
src-meter-0309-006,2026-01-15T13:09:00Z,meter-b-f03,17.17,13094.456
src-meter-0309-007,2026-01-15T13:09:00Z,meter-b-f04,18.46,13600.799
src-meter-0309-008,2026-01-15T13:09:00Z,meter-c-f01,11.16,14062.741
src-meter-0309-009,2026-01-15T13:09:00Z,meter-c-f02,12.81,14569.051
src-meter-0309-010,2026-01-15T13:09:00Z,meter-c-f03,14.49,15075.528
src-meter-0309-011,2026-01-15T13:09:00Z,meter-c-f04,15.93,15582.004
src-meter-0310-000,2026-01-15T13:10:00Z,meter-a-f01,12.57,10072.822
src-meter-0310-001,2026-01-15T13:10:00Z,meter-a-f02,14.14,10579.972
src-meter-0310-002,2026-01-15T13:10:00Z,meter-a-f03,15.31,11087.036
src-meter-0310-003,2026-01-15T13:10:00Z,meter-a-f04,16.75,11593.813
src-meter-0310-004,2026-01-15T13:10:00Z,meter-b-f01,14.71,12081.793
src-meter-0310-005,2026-01-15T13:10:00Z,meter-b-f02,15.68,12588.294
src-meter-0310-006,2026-01-15T13:10:00Z,meter-b-f03,16.96,13094.739
src-meter-0310-007,2026-01-15T13:10:00Z,meter-b-f04,18.80,13601.112
src-meter-0310-008,2026-01-15T13:10:00Z,meter-c-f01,11.08,14062.926
src-meter-0310-009,2026-01-15T13:10:00Z,meter-c-f02,12.74,14569.263
src-meter-0310-010,2026-01-15T13:10:00Z,meter-c-f03,14.33,15075.767
src-meter-0310-011,2026-01-15T13:10:00Z,meter-c-f04,15.57,15582.264
src-meter-0311-000,2026-01-15T13:11:00Z,meter-a-f01,12.69,10073.033
src-meter-0311-001,2026-01-15T13:11:00Z,meter-a-f02,13.48,10580.197
src-meter-0311-002,2026-01-15T13:11:00Z,meter-a-f03,15.36,11087.292
src-meter-0311-003,2026-01-15T13:11:00Z,meter-a-f04,16.72,11594.092
src-meter-0311-004,2026-01-15T13:11:00Z,meter-b-f01,14.71,12082.039
src-meter-0311-005,2026-01-15T13:11:00Z,meter-b-f02,15.58,12588.553
src-meter-0311-006,2026-01-15T13:11:00Z,meter-b-f03,17.41,13095.029
src-meter-0311-007,2026-01-15T13:11:00Z,meter-b-f04,18.52,13601.421
src-meter-0311-008,2026-01-15T13:11:00Z,meter-c-f01,11.49,14063.117
src-meter-0311-009,2026-01-15T13:11:00Z,meter-c-f02,13.01,14569.480
src-meter-0311-010,2026-01-15T13:11:00Z,meter-c-f03,14.42,15076.007
src-meter-0311-011,2026-01-15T13:11:00Z,meter-c-f04,15.67,15582.525
src-meter-0312-000,2026-01-15T13:12:00Z,meter-a-f01,12.42,10073.240
src-meter-0312-001,2026-01-15T13:12:00Z,meter-a-f02,13.74,10580.426
src-meter-0312-002,2026-01-15T13:12:00Z,meter-a-f03,15.45,11087.550
src-meter-0312-003,2026-01-15T13:12:00Z,meter-a-f04,16.68,11594.370
src-meter-0312-004,2026-01-15T13:12:00Z,meter-b-f01,14.36,12082.278
src-meter-0312-005,2026-01-15T13:12:00Z,meter-b-f02,15.51,12588.812
src-meter-0312-006,2026-01-15T13:12:00Z,meter-b-f03,16.97,13095.312
src-meter-0312-007,2026-01-15T13:12:00Z,meter-b-f04,18.74,13601.733
src-meter-0312-008,2026-01-15T13:12:00Z,meter-c-f01,11.06,14063.301
src-meter-0312-009,2026-01-15T13:12:00Z,meter-c-f02,13.05,14569.697
src-meter-0312-010,2026-01-15T13:12:00Z,meter-c-f03,14.24,15076.245
src-meter-0312-011,2026-01-15T13:12:00Z,meter-c-f04,15.73,15582.787
src-meter-0313-000,2026-01-15T13:13:00Z,meter-a-f01,12.13,10073.443
src-meter-0313-001,2026-01-15T13:13:00Z,meter-a-f02,13.94,10580.658
src-meter-0313-002,2026-01-15T13:13:00Z,meter-a-f03,14.86,11087.797
src-meter-0313-003,2026-01-15T13:13:00Z,meter-a-f04,16.85,11594.651
src-meter-0313-004,2026-01-15T13:13:00Z,meter-b-f01,14.13,12082.513
src-meter-0313-005,2026-01-15T13:13:00Z,meter-b-f02,15.96,12589.078
src-meter-0313-006,2026-01-15T13:13:00Z,meter-b-f03,17.09,13095.597
src-meter-0313-007,2026-01-15T13:13:00Z,meter-b-f04,18.81,13602.047
src-meter-0313-008,2026-01-15T13:13:00Z,meter-c-f01,11.49,14063.493
src-meter-0313-009,2026-01-15T13:13:00Z,meter-c-f02,12.83,14569.911
src-meter-0313-010,2026-01-15T13:13:00Z,meter-c-f03,14.43,15076.485
src-meter-0313-011,2026-01-15T13:13:00Z,meter-c-f04,15.43,15583.044
src-meter-0314-000,2026-01-15T13:14:00Z,meter-a-f01,12.47,10073.650
src-meter-0314-001,2026-01-15T13:14:00Z,meter-a-f02,13.68,10580.886
src-meter-0314-002,2026-01-15T13:14:00Z,meter-a-f03,15.15,11088.050
src-meter-0314-003,2026-01-15T13:14:00Z,meter-a-f04,16.32,11594.923
src-meter-0314-004,2026-01-15T13:14:00Z,meter-b-f01,14.24,12082.751
src-meter-0314-005,2026-01-15T13:14:00Z,meter-b-f02,16.06,12589.346
src-meter-0314-006,2026-01-15T13:14:00Z,meter-b-f03,17.48,13095.888
src-meter-0314-007,2026-01-15T13:14:00Z,meter-b-f04,18.30,13602.352
src-meter-0314-008,2026-01-15T13:14:00Z,meter-c-f01,11.69,14063.687
src-meter-0314-009,2026-01-15T13:14:00Z,meter-c-f02,12.84,14570.125
src-meter-0314-010,2026-01-15T13:14:00Z,meter-c-f03,14.46,15076.726
src-meter-0314-011,2026-01-15T13:14:00Z,meter-c-f04,15.32,15583.300
src-meter-0315-000,2026-01-15T13:15:00Z,meter-a-f01,12.66,10073.861
src-meter-0315-001,2026-01-15T13:15:00Z,meter-a-f02,13.78,10581.116
src-meter-0315-002,2026-01-15T13:15:00Z,meter-a-f03,15.28,11088.304
src-meter-0315-003,2026-01-15T13:15:00Z,meter-a-f04,16.69,11595.201
src-meter-0315-004,2026-01-15T13:15:00Z,meter-b-f01,14.31,12082.989
src-meter-0315-005,2026-01-15T13:15:00Z,meter-b-f02,15.70,12589.607
src-meter-0315-006,2026-01-15T13:15:00Z,meter-b-f03,17.38,13096.178
src-meter-0315-007,2026-01-15T13:15:00Z,meter-b-f04,18.82,13602.665
src-meter-0315-008,2026-01-15T13:15:00Z,meter-c-f01,11.61,14063.881
src-meter-0315-009,2026-01-15T13:15:00Z,meter-c-f02,13.14,14570.344
src-meter-0315-010,2026-01-15T13:15:00Z,meter-c-f03,13.86,15076.957
src-meter-0315-011,2026-01-15T13:15:00Z,meter-c-f04,15.48,15583.558
src-meter-0316-000,2026-01-15T13:16:00Z,meter-a-f01,12.40,10074.068
src-meter-0316-001,2026-01-15T13:16:00Z,meter-a-f02,14.13,10581.351
src-meter-0316-002,2026-01-15T13:16:00Z,meter-a-f03,15.28,11088.559
src-meter-0316-003,2026-01-15T13:16:00Z,meter-a-f04,16.31,11595.472
src-meter-0316-004,2026-01-15T13:16:00Z,meter-b-f01,14.18,12083.226
src-meter-0316-005,2026-01-15T13:16:00Z,meter-b-f02,15.75,12589.870
src-meter-0316-006,2026-01-15T13:16:00Z,meter-b-f03,17.16,13096.464
src-meter-0316-007,2026-01-15T13:16:00Z,meter-b-f04,18.84,13602.979
src-meter-0316-008,2026-01-15T13:16:00Z,meter-c-f01,11.72,14064.076
src-meter-0316-009,2026-01-15T13:16:00Z,meter-c-f02,12.75,14570.557
src-meter-0316-010,2026-01-15T13:16:00Z,meter-c-f03,13.99,15077.190
src-meter-0316-011,2026-01-15T13:16:00Z,meter-c-f04,15.68,15583.819
src-meter-0317-000,2026-01-15T13:17:00Z,meter-a-f01,12.11,10074.270
src-meter-0317-001,2026-01-15T13:17:00Z,meter-a-f02,14.14,10581.587
src-meter-0317-002,2026-01-15T13:17:00Z,meter-a-f03,14.89,11088.807
src-meter-0317-003,2026-01-15T13:17:00Z,meter-a-f04,16.59,11595.749
src-meter-0317-004,2026-01-15T13:17:00Z,meter-b-f01,14.44,12083.466
src-meter-0317-005,2026-01-15T13:17:00Z,meter-b-f02,15.47,12590.128
src-meter-0317-006,2026-01-15T13:17:00Z,meter-b-f03,16.95,13096.747
src-meter-0317-007,2026-01-15T13:17:00Z,meter-b-f04,18.56,13603.289
src-meter-0317-008,2026-01-15T13:17:00Z,meter-c-f01,11.51,14064.268
src-meter-0317-009,2026-01-15T13:17:00Z,meter-c-f02,12.75,14570.769
src-meter-0317-010,2026-01-15T13:17:00Z,meter-c-f03,14.45,15077.431
src-meter-0317-011,2026-01-15T13:17:00Z,meter-c-f04,15.87,15584.084
src-meter-0318-000,2026-01-15T13:18:00Z,meter-a-f01,12.63,10074.480
src-meter-0318-001,2026-01-15T13:18:00Z,meter-a-f02,13.68,10581.815
src-meter-0318-002,2026-01-15T13:18:00Z,meter-a-f03,15.39,11089.064
src-meter-0318-003,2026-01-15T13:18:00Z,meter-a-f04,16.94,11596.031
src-meter-0318-004,2026-01-15T13:18:00Z,meter-b-f01,14.56,12083.709
src-meter-0318-005,2026-01-15T13:18:00Z,meter-b-f02,15.74,12590.390
src-meter-0318-006,2026-01-15T13:18:00Z,meter-b-f03,17.07,13097.031
src-meter-0318-007,2026-01-15T13:18:00Z,meter-b-f04,18.46,13603.596
src-meter-0318-008,2026-01-15T13:18:00Z,meter-c-f01,11.52,14064.460
src-meter-0318-009,2026-01-15T13:18:00Z,meter-c-f02,12.87,14570.984
src-meter-0318-010,2026-01-15T13:18:00Z,meter-c-f03,14.10,15077.666
src-meter-0318-011,2026-01-15T13:18:00Z,meter-c-f04,15.91,15584.349
src-meter-0319-000,2026-01-15T13:19:00Z,meter-a-f01,12.60,10074.690
src-meter-0319-001,2026-01-15T13:19:00Z,meter-a-f02,13.52,10582.040
src-meter-0319-002,2026-01-15T13:19:00Z,meter-a-f03,15.21,11089.317
src-meter-0319-003,2026-01-15T13:19:00Z,meter-a-f04,16.57,11596.308
src-meter-0319-004,2026-01-15T13:19:00Z,meter-b-f01,14.63,12083.953
src-meter-0319-005,2026-01-15T13:19:00Z,meter-b-f02,15.56,12590.649
src-meter-0319-006,2026-01-15T13:19:00Z,meter-b-f03,17.33,13097.320
src-meter-0319-007,2026-01-15T13:19:00Z,meter-b-f04,18.49,13603.905
src-meter-0319-008,2026-01-15T13:19:00Z,meter-c-f01,11.41,14064.650
src-meter-0319-009,2026-01-15T13:19:00Z,meter-c-f02,12.67,14571.195
src-meter-0319-010,2026-01-15T13:19:00Z,meter-c-f03,14.31,15077.905
src-meter-0319-011,2026-01-15T13:19:00Z,meter-c-f04,15.49,15584.607
src-meter-0320-000,2026-01-15T13:20:00Z,meter-a-f01,12.33,10074.896
src-meter-0320-001,2026-01-15T13:20:00Z,meter-a-f02,14.00,10582.273
src-meter-0320-002,2026-01-15T13:20:00Z,meter-a-f03,15.31,11089.572
src-meter-0320-003,2026-01-15T13:20:00Z,meter-a-f04,16.84,11596.588
src-meter-0320-004,2026-01-15T13:20:00Z,meter-b-f01,14.47,12084.194
src-meter-0320-005,2026-01-15T13:20:00Z,meter-b-f02,15.54,12590.908
src-meter-0320-006,2026-01-15T13:20:00Z,meter-b-f03,17.55,13097.612
src-meter-0320-007,2026-01-15T13:20:00Z,meter-b-f04,18.25,13604.209
src-meter-0320-008,2026-01-15T13:20:00Z,meter-c-f01,11.24,14064.838
src-meter-0320-009,2026-01-15T13:20:00Z,meter-c-f02,13.01,14571.412
src-meter-0320-010,2026-01-15T13:20:00Z,meter-c-f03,14.27,15078.142
src-meter-0320-011,2026-01-15T13:20:00Z,meter-c-f04,15.88,15584.872
src-meter-0321-000,2026-01-15T13:21:00Z,meter-a-f01,12.71,10075.108
src-meter-0321-001,2026-01-15T13:21:00Z,meter-a-f02,13.55,10582.499
src-meter-0321-002,2026-01-15T13:21:00Z,meter-a-f03,14.91,11089.821
src-meter-0321-003,2026-01-15T13:21:00Z,meter-a-f04,16.55,11596.864
src-meter-0321-004,2026-01-15T13:21:00Z,meter-b-f01,14.22,12084.431
src-meter-0321-005,2026-01-15T13:21:00Z,meter-b-f02,16.14,12591.177
src-meter-0321-006,2026-01-15T13:21:00Z,meter-b-f03,17.37,13097.902
src-meter-0321-007,2026-01-15T13:21:00Z,meter-b-f04,18.59,13604.519
src-meter-0321-008,2026-01-15T13:21:00Z,meter-c-f01,11.56,14065.030
src-meter-0321-009,2026-01-15T13:21:00Z,meter-c-f02,13.03,14571.629
src-meter-0321-010,2026-01-15T13:21:00Z,meter-c-f03,14.21,15078.379
src-meter-0321-011,2026-01-15T13:21:00Z,meter-c-f04,15.39,15585.128
src-meter-0322-000,2026-01-15T13:22:00Z,meter-a-f01,12.24,10075.312
src-meter-0322-001,2026-01-15T13:22:00Z,meter-a-f02,13.72,10582.728
src-meter-0322-002,2026-01-15T13:22:00Z,meter-a-f03,15.51,11090.079
src-meter-0322-003,2026-01-15T13:22:00Z,meter-a-f04,16.30,11597.136
src-meter-0322-004,2026-01-15T13:22:00Z,meter-b-f01,14.12,12084.666
src-meter-0322-005,2026-01-15T13:22:00Z,meter-b-f02,15.82,12591.441
src-meter-0322-006,2026-01-15T13:22:00Z,meter-b-f03,17.32,13098.190
src-meter-0322-007,2026-01-15T13:22:00Z,meter-b-f04,18.76,13604.831
src-meter-0322-008,2026-01-15T13:22:00Z,meter-c-f01,11.53,14065.223
src-meter-0322-009,2026-01-15T13:22:00Z,meter-c-f02,12.49,14571.837
src-meter-0322-010,2026-01-15T13:22:00Z,meter-c-f03,14.20,15078.616
src-meter-0322-011,2026-01-15T13:22:00Z,meter-c-f04,16.10,15585.397
src-meter-0323-000,2026-01-15T13:23:00Z,meter-a-f01,12.35,10075.518
src-meter-0323-001,2026-01-15T13:23:00Z,meter-a-f02,13.94,10582.960
src-meter-0323-002,2026-01-15T13:23:00Z,meter-a-f03,15.22,11090.333
src-meter-0323-003,2026-01-15T13:23:00Z,meter-a-f04,16.73,11597.414
src-meter-0323-004,2026-01-15T13:23:00Z,meter-b-f01,14.41,12084.907
src-meter-0323-005,2026-01-15T13:23:00Z,meter-b-f02,15.62,12591.701
src-meter-0323-006,2026-01-15T13:23:00Z,meter-b-f03,17.49,13098.482
src-meter-0323-007,2026-01-15T13:23:00Z,meter-b-f04,18.86,13605.146
src-meter-0323-008,2026-01-15T13:23:00Z,meter-c-f01,11.31,14065.411
src-meter-0323-009,2026-01-15T13:23:00Z,meter-c-f02,12.98,14572.054
src-meter-0323-010,2026-01-15T13:23:00Z,meter-c-f03,14.15,15078.852
src-meter-0323-011,2026-01-15T13:23:00Z,meter-c-f04,15.74,15585.659
src-meter-0324-000,2026-01-15T13:24:00Z,meter-a-f01,12.63,10075.728
src-meter-0324-001,2026-01-15T13:24:00Z,meter-a-f02,14.04,10583.194
src-meter-0324-002,2026-01-15T13:24:00Z,meter-a-f03,15.06,11090.584
src-meter-0324-003,2026-01-15T13:24:00Z,meter-a-f04,16.51,11597.690
src-meter-0324-004,2026-01-15T13:24:00Z,meter-b-f01,14.38,12085.146
src-meter-0324-005,2026-01-15T13:24:00Z,meter-b-f02,15.97,12591.967
src-meter-0324-006,2026-01-15T13:24:00Z,meter-b-f03,16.86,13098.763
src-meter-0324-007,2026-01-15T13:24:00Z,meter-b-f04,18.42,13605.453
src-meter-0324-008,2026-01-15T13:24:00Z,meter-c-f01,11.47,14065.602
src-meter-0324-009,2026-01-15T13:24:00Z,meter-c-f02,12.57,14572.263
src-meter-0324-010,2026-01-15T13:24:00Z,meter-c-f03,14.18,15079.088
src-meter-0324-011,2026-01-15T13:24:00Z,meter-c-f04,15.87,15585.923
src-meter-0325-000,2026-01-15T13:25:00Z,meter-a-f01,12.57,10075.938
src-meter-0325-001,2026-01-15T13:25:00Z,meter-a-f02,13.88,10583.425
src-meter-0325-002,2026-01-15T13:25:00Z,meter-a-f03,15.17,11090.837
src-meter-0325-003,2026-01-15T13:25:00Z,meter-a-f04,16.32,11597.962
src-meter-0325-004,2026-01-15T13:25:00Z,meter-b-f01,14.07,12085.381
src-meter-0325-005,2026-01-15T13:25:00Z,meter-b-f02,15.76,12592.230
src-meter-0325-006,2026-01-15T13:25:00Z,meter-b-f03,16.99,13099.046
src-meter-0325-007,2026-01-15T13:25:00Z,meter-b-f04,18.48,13605.761
src-meter-0325-008,2026-01-15T13:25:00Z,meter-c-f01,11.19,14065.789
src-meter-0325-009,2026-01-15T13:25:00Z,meter-c-f02,12.93,14572.479
src-meter-0325-010,2026-01-15T13:25:00Z,meter-c-f03,14.18,15079.324
src-meter-0325-011,2026-01-15T13:25:00Z,meter-c-f04,15.91,15586.189
src-meter-0326-000,2026-01-15T13:26:00Z,meter-a-f01,12.12,10076.140
src-meter-0326-001,2026-01-15T13:26:00Z,meter-a-f02,13.93,10583.658
src-meter-0326-002,2026-01-15T13:26:00Z,meter-a-f03,15.30,11091.092
src-meter-0326-003,2026-01-15T13:26:00Z,meter-a-f04,16.68,11598.240
src-meter-0326-004,2026-01-15T13:26:00Z,meter-b-f01,14.32,12085.619
src-meter-0326-005,2026-01-15T13:26:00Z,meter-b-f02,15.71,12592.492
src-meter-0326-006,2026-01-15T13:26:00Z,meter-b-f03,17.19,13099.333
src-meter-0326-007,2026-01-15T13:26:00Z,meter-b-f04,18.47,13606.069
src-meter-0326-008,2026-01-15T13:26:00Z,meter-c-f01,11.25,14065.976
src-meter-0326-009,2026-01-15T13:26:00Z,meter-c-f02,12.77,14572.692
src-meter-0326-010,2026-01-15T13:26:00Z,meter-c-f03,13.85,15079.555
src-meter-0326-011,2026-01-15T13:26:00Z,meter-c-f04,15.59,15586.448
src-meter-0327-000,2026-01-15T13:27:00Z,meter-a-f01,12.41,10076.346
src-meter-0327-001,2026-01-15T13:27:00Z,meter-a-f02,13.76,10583.887
src-meter-0327-002,2026-01-15T13:27:00Z,meter-a-f03,15.17,11091.345
src-meter-0327-003,2026-01-15T13:27:00Z,meter-a-f04,16.89,11598.521
src-meter-0327-004,2026-01-15T13:27:00Z,meter-b-f01,14.08,12085.854
src-meter-0327-005,2026-01-15T13:27:00Z,meter-b-f02,15.74,12592.754
src-meter-0327-006,2026-01-15T13:27:00Z,meter-b-f03,16.98,13099.616
src-meter-0327-007,2026-01-15T13:27:00Z,meter-b-f04,18.39,13606.375
src-meter-0327-008,2026-01-15T13:27:00Z,meter-c-f01,11.72,14066.172
src-meter-0327-009,2026-01-15T13:27:00Z,meter-c-f02,12.59,14572.901
src-meter-0327-010,2026-01-15T13:27:00Z,meter-c-f03,14.04,15079.789
src-meter-0327-011,2026-01-15T13:27:00Z,meter-c-f04,15.92,15586.714
src-meter-0328-000,2026-01-15T13:28:00Z,meter-a-f01,12.53,10076.555
src-meter-0328-001,2026-01-15T13:28:00Z,meter-a-f02,14.02,10584.121
src-meter-0328-002,2026-01-15T13:28:00Z,meter-a-f03,15.47,11091.603
src-meter-0328-003,2026-01-15T13:28:00Z,meter-a-f04,16.71,11598.800
src-meter-0328-004,2026-01-15T13:28:00Z,meter-b-f01,14.44,12086.095
src-meter-0328-005,2026-01-15T13:28:00Z,meter-b-f02,16.07,12593.022
src-meter-0328-006,2026-01-15T13:28:00Z,meter-b-f03,17.13,13099.901
src-meter-0328-007,2026-01-15T13:28:00Z,meter-b-f04,18.25,13606.679
src-meter-0328-008,2026-01-15T13:28:00Z,meter-c-f01,11.05,14066.356
src-meter-0328-009,2026-01-15T13:28:00Z,meter-c-f02,13.04,14573.119
src-meter-0328-010,2026-01-15T13:28:00Z,meter-c-f03,14.11,15080.025
src-meter-0328-011,2026-01-15T13:28:00Z,meter-c-f04,16.26,15586.985
src-meter-0329-000,2026-01-15T13:29:00Z,meter-a-f01,12.14,10076.758
src-meter-0329-001,2026-01-15T13:29:00Z,meter-a-f02,13.83,10584.351
src-meter-0329-002,2026-01-15T13:29:00Z,meter-a-f03,15.04,11091.853
src-meter-0329-003,2026-01-15T13:29:00Z,meter-a-f04,16.53,11599.075
src-meter-0329-004,2026-01-15T13:29:00Z,meter-b-f01,14.35,12086.334
src-meter-0329-005,2026-01-15T13:29:00Z,meter-b-f02,15.53,12593.281
src-meter-0329-006,2026-01-15T13:29:00Z,meter-b-f03,17.51,13100.193
src-meter-0329-007,2026-01-15T13:29:00Z,meter-b-f04,18.44,13606.987
src-meter-0329-008,2026-01-15T13:29:00Z,meter-c-f01,11.55,14066.548
src-meter-0329-009,2026-01-15T13:29:00Z,meter-c-f02,12.68,14573.330
src-meter-0329-010,2026-01-15T13:29:00Z,meter-c-f03,14.38,15080.264
src-meter-0329-011,2026-01-15T13:29:00Z,meter-c-f04,15.74,15587.247
src-meter-0330-000,2026-01-15T13:30:00Z,meter-a-f01,12.38,10076.964
src-meter-0330-001,2026-01-15T13:30:00Z,meter-a-f02,13.63,10584.578
src-meter-0330-002,2026-01-15T13:30:00Z,meter-a-f03,15.16,11092.106
src-meter-0330-003,2026-01-15T13:30:00Z,meter-a-f04,16.27,11599.346
src-meter-0330-004,2026-01-15T13:30:00Z,meter-b-f01,14.61,12086.577
src-meter-0330-005,2026-01-15T13:30:00Z,meter-b-f02,15.81,12593.544
src-meter-0330-006,2026-01-15T13:30:00Z,meter-b-f03,16.93,13100.475
src-meter-0330-007,2026-01-15T13:30:00Z,meter-b-f04,18.60,13607.297
src-meter-0330-008,2026-01-15T13:30:00Z,meter-c-f01,11.56,14066.741
src-meter-0330-009,2026-01-15T13:30:00Z,meter-c-f02,12.79,14573.543
src-meter-0330-010,2026-01-15T13:30:00Z,meter-c-f03,13.93,15080.496
src-meter-0330-011,2026-01-15T13:30:00Z,meter-c-f04,16.04,15587.514
src-meter-0331-000,2026-01-15T13:31:00Z,meter-a-f01,12.40,10077.171
src-meter-0331-001,2026-01-15T13:31:00Z,meter-a-f02,13.57,10584.804
src-meter-0331-002,2026-01-15T13:31:00Z,meter-a-f03,14.99,11092.356
src-meter-0331-003,2026-01-15T13:31:00Z,meter-a-f04,16.60,11599.623
src-meter-0331-004,2026-01-15T13:31:00Z,meter-b-f01,14.66,12086.822
src-meter-0331-005,2026-01-15T13:31:00Z,meter-b-f02,15.96,12593.810
src-meter-0331-006,2026-01-15T13:31:00Z,meter-b-f03,17.32,13100.764
src-meter-0331-007,2026-01-15T13:31:00Z,meter-b-f04,18.87,13607.611
src-meter-0331-008,2026-01-15T13:31:00Z,meter-c-f01,11.34,14066.930
src-meter-0331-009,2026-01-15T13:31:00Z,meter-c-f02,12.81,14573.757
src-meter-0331-010,2026-01-15T13:31:00Z,meter-c-f03,14.39,15080.736
src-meter-0331-011,2026-01-15T13:31:00Z,meter-c-f04,16.41,15587.788
src-meter-0332-000,2026-01-15T13:32:00Z,meter-a-f01,12.63,10077.381
src-meter-0332-001,2026-01-15T13:32:00Z,meter-a-f02,14.13,10585.040
src-meter-0332-002,2026-01-15T13:32:00Z,meter-a-f03,15.11,11092.608
src-meter-0332-003,2026-01-15T13:32:00Z,meter-a-f04,16.59,11599.899
src-meter-0332-004,2026-01-15T13:32:00Z,meter-b-f01,14.12,12087.057
src-meter-0332-005,2026-01-15T13:32:00Z,meter-b-f02,15.47,12594.068
src-meter-0332-006,2026-01-15T13:32:00Z,meter-b-f03,17.01,13101.047
src-meter-0332-007,2026-01-15T13:32:00Z,meter-b-f04,18.77,13607.924
src-meter-0332-008,2026-01-15T13:32:00Z,meter-c-f01,11.14,14067.116
src-meter-0332-009,2026-01-15T13:32:00Z,meter-c-f02,12.97,14573.973
src-meter-0332-010,2026-01-15T13:32:00Z,meter-c-f03,14.10,15080.971
src-meter-0332-011,2026-01-15T13:32:00Z,meter-c-f04,15.92,15588.053
src-meter-0333-000,2026-01-15T13:33:00Z,meter-a-f01,12.21,10077.585
src-meter-0333-001,2026-01-15T13:33:00Z,meter-a-f02,14.09,10585.275
src-meter-0333-002,2026-01-15T13:33:00Z,meter-a-f03,14.95,11092.857
src-meter-0333-003,2026-01-15T13:33:00Z,meter-a-f04,16.35,11600.172
src-meter-0333-004,2026-01-15T13:33:00Z,meter-b-f01,14.71,12087.302
src-meter-0333-005,2026-01-15T13:33:00Z,meter-b-f02,15.98,12594.334
src-meter-0333-006,2026-01-15T13:33:00Z,meter-b-f03,17.04,13101.331
src-meter-0333-007,2026-01-15T13:33:00Z,meter-b-f04,18.82,13608.238
src-meter-0333-008,2026-01-15T13:33:00Z,meter-c-f01,11.41,14067.306
src-meter-0333-009,2026-01-15T13:33:00Z,meter-c-f02,13.02,14574.190
src-meter-0333-010,2026-01-15T13:33:00Z,meter-c-f03,14.38,15081.211
src-meter-0333-011,2026-01-15T13:33:00Z,meter-c-f04,16.23,15588.324
src-meter-0334-000,2026-01-15T13:34:00Z,meter-a-f01,12.66,10077.796
src-meter-0334-001,2026-01-15T13:34:00Z,meter-a-f02,14.08,10585.509
src-meter-0334-002,2026-01-15T13:34:00Z,meter-a-f03,15.52,11093.116
src-meter-0334-003,2026-01-15T13:34:00Z,meter-a-f04,16.78,11600.452
src-meter-0334-004,2026-01-15T13:34:00Z,meter-b-f01,14.26,12087.540
src-meter-0334-005,2026-01-15T13:34:00Z,meter-b-f02,15.77,12594.597
src-meter-0334-006,2026-01-15T13:34:00Z,meter-b-f03,16.96,13101.614
src-meter-0334-007,2026-01-15T13:34:00Z,meter-b-f04,18.63,13608.548
src-meter-0334-008,2026-01-15T13:34:00Z,meter-c-f01,11.68,14067.500
src-meter-0334-009,2026-01-15T13:34:00Z,meter-c-f02,12.76,14574.402
src-meter-0334-010,2026-01-15T13:34:00Z,meter-c-f03,14.28,15081.449
src-meter-0334-011,2026-01-15T13:34:00Z,meter-c-f04,15.95,15588.589
src-meter-0335-000,2026-01-15T13:35:00Z,meter-a-f01,12.74,10078.008
src-meter-0335-001,2026-01-15T13:35:00Z,meter-a-f02,13.61,10585.736
src-meter-0335-002,2026-01-15T13:35:00Z,meter-a-f03,14.91,11093.364
src-meter-0335-003,2026-01-15T13:35:00Z,meter-a-f04,16.88,11600.733
src-meter-0335-004,2026-01-15T13:35:00Z,meter-b-f01,14.25,12087.777
src-meter-0335-005,2026-01-15T13:35:00Z,meter-b-f02,15.85,12594.862
src-meter-0335-006,2026-01-15T13:35:00Z,meter-b-f03,17.06,13101.898
src-meter-0335-007,2026-01-15T13:35:00Z,meter-b-f04,18.46,13608.856
src-meter-0335-008,2026-01-15T13:35:00Z,meter-c-f01,11.57,14067.693
src-meter-0335-009,2026-01-15T13:35:00Z,meter-c-f02,12.68,14574.614
src-meter-0335-010,2026-01-15T13:35:00Z,meter-c-f03,13.93,15081.681
src-meter-0335-011,2026-01-15T13:35:00Z,meter-c-f04,16.46,15588.864
src-meter-0336-000,2026-01-15T13:36:00Z,meter-a-f01,12.67,10078.219
src-meter-0336-001,2026-01-15T13:36:00Z,meter-a-f02,14.06,10585.971
src-meter-0336-002,2026-01-15T13:36:00Z,meter-a-f03,15.53,11093.623
src-meter-0336-003,2026-01-15T13:36:00Z,meter-a-f04,16.49,11601.008
src-meter-0336-004,2026-01-15T13:36:00Z,meter-b-f01,14.49,12088.019
src-meter-0336-005,2026-01-15T13:36:00Z,meter-b-f02,15.80,12595.125
src-meter-0336-006,2026-01-15T13:36:00Z,meter-b-f03,17.04,13102.182
src-meter-0336-007,2026-01-15T13:36:00Z,meter-b-f04,18.79,13609.169
src-meter-0336-008,2026-01-15T13:36:00Z,meter-c-f01,11.53,14067.885
src-meter-0336-009,2026-01-15T13:36:00Z,meter-c-f02,13.04,14574.831
src-meter-0336-010,2026-01-15T13:36:00Z,meter-c-f03,14.02,15081.914
src-meter-0336-011,2026-01-15T13:36:00Z,meter-c-f04,16.18,15589.133
src-meter-0337-000,2026-01-15T13:37:00Z,meter-a-f01,12.70,10078.431
src-meter-0337-001,2026-01-15T13:37:00Z,meter-a-f02,13.85,10586.201
src-meter-0337-002,2026-01-15T13:37:00Z,meter-a-f03,14.98,11093.873
src-meter-0337-003,2026-01-15T13:37:00Z,meter-a-f04,16.57,11601.284
src-meter-0337-004,2026-01-15T13:37:00Z,meter-b-f01,14.52,12088.261
src-meter-0337-005,2026-01-15T13:37:00Z,meter-b-f02,15.82,12595.389
src-meter-0337-006,2026-01-15T13:37:00Z,meter-b-f03,17.37,13102.472
src-meter-0337-007,2026-01-15T13:37:00Z,meter-b-f04,18.33,13609.475
src-meter-0337-008,2026-01-15T13:37:00Z,meter-c-f01,11.07,14068.070
src-meter-0337-009,2026-01-15T13:37:00Z,meter-c-f02,12.80,14575.045
src-meter-0337-010,2026-01-15T13:37:00Z,meter-c-f03,14.47,15082.156
src-meter-0337-011,2026-01-15T13:37:00Z,meter-c-f04,16.07,15589.401
src-meter-0338-000,2026-01-15T13:38:00Z,meter-a-f01,12.57,10078.640
src-meter-0338-001,2026-01-15T13:38:00Z,meter-a-f02,13.53,10586.427
src-meter-0338-002,2026-01-15T13:38:00Z,meter-a-f03,14.93,11094.122
src-meter-0338-003,2026-01-15T13:38:00Z,meter-a-f04,16.54,11601.560
src-meter-0338-004,2026-01-15T13:38:00Z,meter-b-f01,14.29,12088.499
src-meter-0338-005,2026-01-15T13:38:00Z,meter-b-f02,15.93,12595.654
src-meter-0338-006,2026-01-15T13:38:00Z,meter-b-f03,17.18,13102.758
src-meter-0338-007,2026-01-15T13:38:00Z,meter-b-f04,18.29,13609.779
src-meter-0338-008,2026-01-15T13:38:00Z,meter-c-f01,11.60,14068.263
src-meter-0338-009,2026-01-15T13:38:00Z,meter-c-f02,13.12,14575.263
src-meter-0338-010,2026-01-15T13:38:00Z,meter-c-f03,14.09,15082.390
src-meter-0338-011,2026-01-15T13:38:00Z,meter-c-f04,16.68,15589.679
src-meter-0339-000,2026-01-15T13:39:00Z,meter-a-f01,12.31,10078.846
src-meter-0339-001,2026-01-15T13:39:00Z,meter-a-f02,14.13,10586.662
src-meter-0339-002,2026-01-15T13:39:00Z,meter-a-f03,14.96,11094.371
src-meter-0339-003,2026-01-15T13:39:00Z,meter-a-f04,16.40,11601.833
src-meter-0339-004,2026-01-15T13:39:00Z,meter-b-f01,14.52,12088.741
src-meter-0339-005,2026-01-15T13:39:00Z,meter-b-f02,16.09,12595.922
src-meter-0339-006,2026-01-15T13:39:00Z,meter-b-f03,17.19,13103.045
src-meter-0339-007,2026-01-15T13:39:00Z,meter-b-f04,18.38,13610.086
src-meter-0339-008,2026-01-15T13:39:00Z,meter-c-f01,11.37,14068.453
src-meter-0339-009,2026-01-15T13:39:00Z,meter-c-f02,12.54,14575.472
src-meter-0339-010,2026-01-15T13:39:00Z,meter-c-f03,14.53,15082.633
src-meter-0339-011,2026-01-15T13:39:00Z,meter-c-f04,16.18,15589.949
src-meter-0340-000,2026-01-15T13:40:00Z,meter-a-f01,12.66,10079.057
src-meter-0340-001,2026-01-15T13:40:00Z,meter-a-f02,13.59,10586.889
src-meter-0340-002,2026-01-15T13:40:00Z,meter-a-f03,14.94,11094.620
src-meter-0340-003,2026-01-15T13:40:00Z,meter-a-f04,16.69,11602.111
src-meter-0340-004,2026-01-15T13:40:00Z,meter-b-f01,14.24,12088.978
src-meter-0340-005,2026-01-15T13:40:00Z,meter-b-f02,16.09,12596.190
src-meter-0340-006,2026-01-15T13:40:00Z,meter-b-f03,17.20,13103.331
src-meter-0340-007,2026-01-15T13:40:00Z,meter-b-f04,18.54,13610.395
src-meter-0340-008,2026-01-15T13:40:00Z,meter-c-f01,11.11,14068.638
src-meter-0340-009,2026-01-15T13:40:00Z,meter-c-f02,12.54,14575.681
src-meter-0340-010,2026-01-15T13:40:00Z,meter-c-f03,14.40,15082.873
src-meter-0340-011,2026-01-15T13:40:00Z,meter-c-f04,16.40,15590.222
src-meter-0341-000,2026-01-15T13:41:00Z,meter-a-f01,12.16,10079.259
src-meter-0341-001,2026-01-15T13:41:00Z,meter-a-f02,14.15,10587.125
src-meter-0341-002,2026-01-15T13:41:00Z,meter-a-f03,15.05,11094.871
src-meter-0341-003,2026-01-15T13:41:00Z,meter-a-f04,16.53,11602.387
src-meter-0341-004,2026-01-15T13:41:00Z,meter-b-f01,14.51,12089.220
src-meter-0341-005,2026-01-15T13:41:00Z,meter-b-f02,15.75,12596.453
src-meter-0341-006,2026-01-15T13:41:00Z,meter-b-f03,17.36,13103.621
src-meter-0341-007,2026-01-15T13:41:00Z,meter-b-f04,18.25,13610.699
src-meter-0341-008,2026-01-15T13:41:00Z,meter-c-f01,11.28,14068.826
src-meter-0341-009,2026-01-15T13:41:00Z,meter-c-f02,12.76,14575.894
src-meter-0341-010,2026-01-15T13:41:00Z,meter-c-f03,14.24,15083.110
src-meter-0341-011,2026-01-15T13:41:00Z,meter-c-f04,16.30,15590.494
src-meter-0342-000,2026-01-15T13:42:00Z,meter-a-f01,12.71,10079.471
src-meter-0342-001,2026-01-15T13:42:00Z,meter-a-f02,13.96,10587.357
src-meter-0342-002,2026-01-15T13:42:00Z,meter-a-f03,15.38,11095.127
src-meter-0342-003,2026-01-15T13:42:00Z,meter-a-f04,16.45,11602.661
src-meter-0342-004,2026-01-15T13:42:00Z,meter-b-f01,14.57,12089.463
src-meter-0342-005,2026-01-15T13:42:00Z,meter-b-f02,15.76,12596.715
src-meter-0342-006,2026-01-15T13:42:00Z,meter-b-f03,17.03,13103.904
src-meter-0342-007,2026-01-15T13:42:00Z,meter-b-f04,18.67,13611.010
src-meter-0342-008,2026-01-15T13:42:00Z,meter-c-f01,11.20,14069.013
src-meter-0342-009,2026-01-15T13:42:00Z,meter-c-f02,12.78,14576.107
src-meter-0342-010,2026-01-15T13:42:00Z,meter-c-f03,14.82,15083.357
src-meter-0342-011,2026-01-15T13:42:00Z,meter-c-f04,16.68,15590.772
src-meter-0343-000,2026-01-15T13:43:00Z,meter-a-f01,12.28,10079.676
src-meter-0343-001,2026-01-15T13:43:00Z,meter-a-f02,13.58,10587.584
src-meter-0343-002,2026-01-15T13:43:00Z,meter-a-f03,15.10,11095.379
src-meter-0343-003,2026-01-15T13:43:00Z,meter-a-f04,16.39,11602.934
src-meter-0343-004,2026-01-15T13:43:00Z,meter-b-f01,14.06,12089.697
src-meter-0343-005,2026-01-15T13:43:00Z,meter-b-f02,15.94,12596.981
src-meter-0343-006,2026-01-15T13:43:00Z,meter-b-f03,17.43,13104.195
src-meter-0343-007,2026-01-15T13:43:00Z,meter-b-f04,18.62,13611.321
src-meter-0343-008,2026-01-15T13:43:00Z,meter-c-f01,11.56,14069.205
src-meter-0343-009,2026-01-15T13:43:00Z,meter-c-f02,12.46,14576.315
src-meter-0343-010,2026-01-15T13:43:00Z,meter-c-f03,14.41,15083.597
src-meter-0343-011,2026-01-15T13:43:00Z,meter-c-f04,16.61,15591.049
src-meter-0344-000,2026-01-15T13:44:00Z,meter-a-f01,12.29,10079.881
src-meter-0344-001,2026-01-15T13:44:00Z,meter-a-f02,13.48,10587.808
src-meter-0344-002,2026-01-15T13:44:00Z,meter-a-f03,15.37,11095.635
src-meter-0344-003,2026-01-15T13:44:00Z,meter-a-f04,16.46,11603.209
src-meter-0344-004,2026-01-15T13:44:00Z,meter-b-f01,14.57,12089.940
src-meter-0344-005,2026-01-15T13:44:00Z,meter-b-f02,15.72,12597.243
src-meter-0344-006,2026-01-15T13:44:00Z,meter-b-f03,17.51,13104.487
src-meter-0344-007,2026-01-15T13:44:00Z,meter-b-f04,18.46,13611.628
src-meter-0344-008,2026-01-15T13:44:00Z,meter-c-f01,11.51,14069.397
src-meter-0344-009,2026-01-15T13:44:00Z,meter-c-f02,13.06,14576.532
src-meter-0344-010,2026-01-15T13:44:00Z,meter-c-f03,14.35,15083.836
src-meter-0344-011,2026-01-15T13:44:00Z,meter-c-f04,16.54,15591.324
src-meter-0345-000,2026-01-15T13:45:00Z,meter-a-f01,12.46,10080.088
src-meter-0345-001,2026-01-15T13:45:00Z,meter-a-f02,13.68,10588.036
src-meter-0345-002,2026-01-15T13:45:00Z,meter-a-f03,15.48,11095.893
src-meter-0345-003,2026-01-15T13:45:00Z,meter-a-f04,16.95,11603.491
src-meter-0345-004,2026-01-15T13:45:00Z,meter-b-f01,14.59,12090.183
src-meter-0345-005,2026-01-15T13:45:00Z,meter-b-f02,15.68,12597.504
src-meter-0345-006,2026-01-15T13:45:00Z,meter-b-f03,17.15,13104.773
src-meter-0345-007,2026-01-15T13:45:00Z,meter-b-f04,18.49,13611.936
src-meter-0345-008,2026-01-15T13:45:00Z,meter-c-f01,11.26,14069.585
src-meter-0345-009,2026-01-15T13:45:00Z,meter-c-f02,12.69,14576.744
src-meter-0345-010,2026-01-15T13:45:00Z,meter-c-f03,14.29,15084.075
src-meter-0345-011,2026-01-15T13:45:00Z,meter-c-f04,16.82,15591.605
src-meter-0346-000,2026-01-15T13:46:00Z,meter-a-f01,12.58,10080.298
src-meter-0346-001,2026-01-15T13:46:00Z,meter-a-f02,13.50,10588.261
src-meter-0346-002,2026-01-15T13:46:00Z,meter-a-f03,15.13,11096.145
src-meter-0346-003,2026-01-15T13:46:00Z,meter-a-f04,16.72,11603.770
src-meter-0346-004,2026-01-15T13:46:00Z,meter-b-f01,14.13,12090.419
src-meter-0346-005,2026-01-15T13:46:00Z,meter-b-f02,15.65,12597.765
src-meter-0346-006,2026-01-15T13:46:00Z,meter-b-f03,17.01,13105.056
src-meter-0346-007,2026-01-15T13:46:00Z,meter-b-f04,18.27,13612.241
src-meter-0346-008,2026-01-15T13:46:00Z,meter-c-f01,11.47,14069.776
src-meter-0346-009,2026-01-15T13:46:00Z,meter-c-f02,12.74,14576.956
src-meter-0346-010,2026-01-15T13:46:00Z,meter-c-f03,14.59,15084.318
src-meter-0346-011,2026-01-15T13:46:00Z,meter-c-f04,16.64,15591.882
src-meter-0347-000,2026-01-15T13:47:00Z,meter-a-f01,12.41,10080.505
src-meter-0347-001,2026-01-15T13:47:00Z,meter-a-f02,13.55,10588.487
src-meter-0347-002,2026-01-15T13:47:00Z,meter-a-f03,15.23,11096.399
src-meter-0347-003,2026-01-15T13:47:00Z,meter-a-f04,16.93,11604.052
src-meter-0347-004,2026-01-15T13:47:00Z,meter-b-f01,14.69,12090.664
src-meter-0347-005,2026-01-15T13:47:00Z,meter-b-f02,16.06,12598.033
src-meter-0347-006,2026-01-15T13:47:00Z,meter-b-f03,17.39,13105.346
src-meter-0347-007,2026-01-15T13:47:00Z,meter-b-f04,18.54,13612.550
src-meter-0347-008,2026-01-15T13:47:00Z,meter-c-f01,11.22,14069.963
src-meter-0347-009,2026-01-15T13:47:00Z,meter-c-f02,12.99,14577.173
src-meter-0347-010,2026-01-15T13:47:00Z,meter-c-f03,14.36,15084.557
src-meter-0347-011,2026-01-15T13:47:00Z,meter-c-f04,16.47,15592.157
src-meter-0348-000,2026-01-15T13:48:00Z,meter-a-f01,12.60,10080.715
src-meter-0348-001,2026-01-15T13:48:00Z,meter-a-f02,13.62,10588.714
src-meter-0348-002,2026-01-15T13:48:00Z,meter-a-f03,15.35,11096.655
src-meter-0348-003,2026-01-15T13:48:00Z,meter-a-f04,16.65,11604.329
src-meter-0348-004,2026-01-15T13:48:00Z,meter-b-f01,14.32,12090.902
src-meter-0348-005,2026-01-15T13:48:00Z,meter-b-f02,15.46,12598.291
src-meter-0348-006,2026-01-15T13:48:00Z,meter-b-f03,17.38,13105.636
src-meter-0348-007,2026-01-15T13:48:00Z,meter-b-f04,18.87,13612.864
src-meter-0348-008,2026-01-15T13:48:00Z,meter-c-f01,11.21,14070.150
src-meter-0348-009,2026-01-15T13:48:00Z,meter-c-f02,12.55,14577.382
src-meter-0348-010,2026-01-15T13:48:00Z,meter-c-f03,14.83,15084.804
src-meter-0348-011,2026-01-15T13:48:00Z,meter-c-f04,16.43,15592.430
src-meter-0349-000,2026-01-15T13:49:00Z,meter-a-f01,12.15,10080.917
src-meter-0349-001,2026-01-15T13:49:00Z,meter-a-f02,14.01,10588.948
src-meter-0349-002,2026-01-15T13:49:00Z,meter-a-f03,15.08,11096.906
src-meter-0349-003,2026-01-15T13:49:00Z,meter-a-f04,16.85,11604.610
src-meter-0349-004,2026-01-15T13:49:00Z,meter-b-f01,14.39,12091.142
src-meter-0349-005,2026-01-15T13:49:00Z,meter-b-f02,15.80,12598.554
src-meter-0349-006,2026-01-15T13:49:00Z,meter-b-f03,16.89,13105.917
src-meter-0349-007,2026-01-15T13:49:00Z,meter-b-f04,18.53,13613.173
src-meter-0349-008,2026-01-15T13:49:00Z,meter-c-f01,11.68,14070.345
src-meter-0349-009,2026-01-15T13:49:00Z,meter-c-f02,12.94,14577.598
src-meter-0349-010,2026-01-15T13:49:00Z,meter-c-f03,14.74,15085.050
src-meter-0349-011,2026-01-15T13:49:00Z,meter-c-f04,16.55,15592.706
src-meter-0350-000,2026-01-15T13:50:00Z,meter-a-f01,12.16,10081.120
src-meter-0350-001,2026-01-15T13:50:00Z,meter-a-f02,14.12,10589.183
src-meter-0350-002,2026-01-15T13:50:00Z,meter-a-f03,14.89,11097.155
src-meter-0350-003,2026-01-15T13:50:00Z,meter-a-f04,16.61,11604.887
src-meter-0350-004,2026-01-15T13:50:00Z,meter-b-f01,14.32,12091.381
src-meter-0350-005,2026-01-15T13:50:00Z,meter-b-f02,15.98,12598.820
src-meter-0350-006,2026-01-15T13:50:00Z,meter-b-f03,17.18,13106.203
src-meter-0350-007,2026-01-15T13:50:00Z,meter-b-f04,18.49,13613.481
src-meter-0350-008,2026-01-15T13:50:00Z,meter-c-f01,11.75,14070.540
src-meter-0350-009,2026-01-15T13:50:00Z,meter-c-f02,13.11,14577.816
src-meter-0350-010,2026-01-15T13:50:00Z,meter-c-f03,14.55,15085.292
src-meter-0350-011,2026-01-15T13:50:00Z,meter-c-f04,16.55,15592.982
src-meter-0351-000,2026-01-15T13:51:00Z,meter-a-f01,12.29,10081.325
src-meter-0351-001,2026-01-15T13:51:00Z,meter-a-f02,14.05,10589.417
src-meter-0351-002,2026-01-15T13:51:00Z,meter-a-f03,14.90,11097.403
src-meter-0351-003,2026-01-15T13:51:00Z,meter-a-f04,16.34,11605.159
src-meter-0351-004,2026-01-15T13:51:00Z,meter-b-f01,14.19,12091.617
src-meter-0351-005,2026-01-15T13:51:00Z,meter-b-f02,15.47,12599.078
src-meter-0351-006,2026-01-15T13:51:00Z,meter-b-f03,17.24,13106.491
src-meter-0351-007,2026-01-15T13:51:00Z,meter-b-f04,18.31,13613.787
src-meter-0351-008,2026-01-15T13:51:00Z,meter-c-f01,11.52,14070.732
src-meter-0351-009,2026-01-15T13:51:00Z,meter-c-f02,12.67,14578.027
src-meter-0351-010,2026-01-15T13:51:00Z,meter-c-f03,14.91,15085.541
src-meter-0351-011,2026-01-15T13:51:00Z,meter-c-f04,16.84,15593.263
src-meter-0352-000,2026-01-15T13:52:00Z,meter-a-f01,12.64,10081.536
src-meter-0352-001,2026-01-15T13:52:00Z,meter-a-f02,13.74,10589.646
src-meter-0352-002,2026-01-15T13:52:00Z,meter-a-f03,15.40,11097.659
src-meter-0352-003,2026-01-15T13:52:00Z,meter-a-f04,16.75,11605.438
src-meter-0352-004,2026-01-15T13:52:00Z,meter-b-f01,14.44,12091.858
src-meter-0352-005,2026-01-15T13:52:00Z,meter-b-f02,16.07,12599.346
src-meter-0352-006,2026-01-15T13:52:00Z,meter-b-f03,17.23,13106.778
src-meter-0352-007,2026-01-15T13:52:00Z,meter-b-f04,18.90,13614.102
src-meter-0352-008,2026-01-15T13:52:00Z,meter-c-f01,11.32,14070.921
src-meter-0352-009,2026-01-15T13:52:00Z,meter-c-f02,12.51,14578.236
src-meter-0352-010,2026-01-15T13:52:00Z,meter-c-f03,14.80,15085.787
src-meter-0352-011,2026-01-15T13:52:00Z,meter-c-f04,16.59,15593.539
src-meter-0353-000,2026-01-15T13:53:00Z,meter-a-f01,12.38,10081.742
src-meter-0353-001,2026-01-15T13:53:00Z,meter-a-f02,14.08,10589.881
src-meter-0353-002,2026-01-15T13:53:00Z,meter-a-f03,14.91,11097.908
src-meter-0353-003,2026-01-15T13:53:00Z,meter-a-f04,16.39,11605.712
src-meter-0353-004,2026-01-15T13:53:00Z,meter-b-f01,14.74,12092.103
src-meter-0353-005,2026-01-15T13:53:00Z,meter-b-f02,15.65,12599.607
src-meter-0353-006,2026-01-15T13:53:00Z,meter-b-f03,16.91,13107.060
src-meter-0353-007,2026-01-15T13:53:00Z,meter-b-f04,18.74,13614.414
src-meter-0353-008,2026-01-15T13:53:00Z,meter-c-f01,11.09,14071.106
src-meter-0353-009,2026-01-15T13:53:00Z,meter-c-f02,12.57,14578.445
src-meter-0353-010,2026-01-15T13:53:00Z,meter-c-f03,14.89,15086.035
src-meter-0353-011,2026-01-15T13:53:00Z,meter-c-f04,17.18,15593.825
src-meter-0354-000,2026-01-15T13:54:00Z,meter-a-f01,12.72,10081.954
src-meter-0354-001,2026-01-15T13:54:00Z,meter-a-f02,13.83,10590.111
src-meter-0354-002,2026-01-15T13:54:00Z,meter-a-f03,15.16,11098.161
src-meter-0354-003,2026-01-15T13:54:00Z,meter-a-f04,16.37,11605.984
src-meter-0354-004,2026-01-15T13:54:00Z,meter-b-f01,14.59,12092.347
src-meter-0354-005,2026-01-15T13:54:00Z,meter-b-f02,15.71,12599.868
src-meter-0354-006,2026-01-15T13:54:00Z,meter-b-f03,17.34,13107.349
src-meter-0354-007,2026-01-15T13:54:00Z,meter-b-f04,18.41,13614.721
src-meter-0354-008,2026-01-15T13:54:00Z,meter-c-f01,11.26,14071.293
src-meter-0354-009,2026-01-15T13:54:00Z,meter-c-f02,13.23,14578.666
src-meter-0354-010,2026-01-15T13:54:00Z,meter-c-f03,15.01,15086.286
src-meter-0354-011,2026-01-15T13:54:00Z,meter-c-f04,17.02,15594.109
src-meter-0355-000,2026-01-15T13:55:00Z,meter-a-f01,12.25,10082.158
src-meter-0355-001,2026-01-15T13:55:00Z,meter-a-f02,13.97,10590.344
src-meter-0355-002,2026-01-15T13:55:00Z,meter-a-f03,15.25,11098.415
src-meter-0355-003,2026-01-15T13:55:00Z,meter-a-f04,16.38,11606.257
src-meter-0355-004,2026-01-15T13:55:00Z,meter-b-f01,14.28,12092.584
src-meter-0355-005,2026-01-15T13:55:00Z,meter-b-f02,15.64,12600.129
src-meter-0355-006,2026-01-15T13:55:00Z,meter-b-f03,17.11,13107.634
src-meter-0355-007,2026-01-15T13:55:00Z,meter-b-f04,18.52,13615.030
src-meter-0355-008,2026-01-15T13:55:00Z,meter-c-f01,11.25,14071.481
src-meter-0355-009,2026-01-15T13:55:00Z,meter-c-f02,13.00,14578.882
src-meter-0355-010,2026-01-15T13:55:00Z,meter-c-f03,15.05,15086.536
src-meter-0355-011,2026-01-15T13:55:00Z,meter-c-f04,16.75,15594.388
src-meter-0356-000,2026-01-15T13:56:00Z,meter-a-f01,12.59,10082.368
src-meter-0356-001,2026-01-15T13:56:00Z,meter-a-f02,13.83,10590.574
src-meter-0356-002,2026-01-15T13:56:00Z,meter-a-f03,15.53,11098.674
src-meter-0356-003,2026-01-15T13:56:00Z,meter-a-f04,16.55,11606.533
src-meter-0356-004,2026-01-15T13:56:00Z,meter-b-f01,14.73,12092.830
src-meter-0356-005,2026-01-15T13:56:00Z,meter-b-f02,16.02,12600.396
src-meter-0356-006,2026-01-15T13:56:00Z,meter-b-f03,17.09,13107.919
src-meter-0356-007,2026-01-15T13:56:00Z,meter-b-f04,18.92,13615.345
src-meter-0356-008,2026-01-15T13:56:00Z,meter-c-f01,11.24,14071.668
src-meter-0356-009,2026-01-15T13:56:00Z,meter-c-f02,13.03,14579.099
src-meter-0356-010,2026-01-15T13:56:00Z,meter-c-f03,14.70,15086.781
src-meter-0356-011,2026-01-15T13:56:00Z,meter-c-f04,17.05,15594.672
src-meter-0357-000,2026-01-15T13:57:00Z,meter-a-f01,12.42,10082.575
src-meter-0357-001,2026-01-15T13:57:00Z,meter-a-f02,14.11,10590.810
src-meter-0357-002,2026-01-15T13:57:00Z,meter-a-f03,15.32,11098.929
src-meter-0357-003,2026-01-15T13:57:00Z,meter-a-f04,16.58,11606.810
src-meter-0357-004,2026-01-15T13:57:00Z,meter-b-f01,14.47,12093.071
src-meter-0357-005,2026-01-15T13:57:00Z,meter-b-f02,15.75,12600.659
src-meter-0357-006,2026-01-15T13:57:00Z,meter-b-f03,17.10,13108.204
src-meter-0357-007,2026-01-15T13:57:00Z,meter-b-f04,18.61,13615.655
src-meter-0357-008,2026-01-15T13:57:00Z,meter-c-f01,11.56,14071.861
src-meter-0357-009,2026-01-15T13:57:00Z,meter-c-f02,12.90,14579.314
src-meter-0357-010,2026-01-15T13:57:00Z,meter-c-f03,15.00,15087.031
src-meter-0357-011,2026-01-15T13:57:00Z,meter-c-f04,17.22,15594.959
src-meter-0358-000,2026-01-15T13:58:00Z,meter-a-f01,12.09,10082.776
src-meter-0358-001,2026-01-15T13:58:00Z,meter-a-f02,13.81,10591.040
src-meter-0358-002,2026-01-15T13:58:00Z,meter-a-f03,15.10,11099.181
src-meter-0358-003,2026-01-15T13:58:00Z,meter-a-f04,16.87,11607.091
src-meter-0358-004,2026-01-15T13:58:00Z,meter-b-f01,14.74,12093.317
src-meter-0358-005,2026-01-15T13:58:00Z,meter-b-f02,16.02,12600.926
src-meter-0358-006,2026-01-15T13:58:00Z,meter-b-f03,17.03,13108.488
src-meter-0358-007,2026-01-15T13:58:00Z,meter-b-f04,18.82,13615.969
src-meter-0358-008,2026-01-15T13:58:00Z,meter-c-f01,11.35,14072.050
src-meter-0358-009,2026-01-15T13:58:00Z,meter-c-f02,13.29,14579.536
src-meter-0358-010,2026-01-15T13:58:00Z,meter-c-f03,15.42,15087.288
src-meter-0358-011,2026-01-15T13:58:00Z,meter-c-f04,17.42,15595.250
src-meter-0359-000,2026-01-15T13:59:00Z,meter-a-f01,12.36,10082.982
src-meter-0359-001,2026-01-15T13:59:00Z,meter-a-f02,13.73,10591.269
src-meter-0359-002,2026-01-15T13:59:00Z,meter-a-f03,15.01,11099.431
src-meter-0359-003,2026-01-15T13:59:00Z,meter-a-f04,16.80,11607.371
src-meter-0359-004,2026-01-15T13:59:00Z,meter-b-f01,14.36,12093.556
src-meter-0359-005,2026-01-15T13:59:00Z,meter-b-f02,16.13,12601.195
src-meter-0359-006,2026-01-15T13:59:00Z,meter-b-f03,16.95,13108.770
src-meter-0359-007,2026-01-15T13:59:00Z,meter-b-f04,18.51,13616.277
src-meter-0359-008,2026-01-15T13:59:00Z,meter-c-f01,11.45,14072.241
src-meter-0359-009,2026-01-15T13:59:00Z,meter-c-f02,12.84,14579.750
src-meter-0359-010,2026-01-15T13:59:00Z,meter-c-f03,14.90,15087.537
src-meter-0359-011,2026-01-15T13:59:00Z,meter-c-f04,17.26,15595.537
